nama_lpse,instansi,kategori_instansi,provinsi,kabupaten_kota,official_lpse_url,domain,https,aktif,dapat_diakses,menggunakan_spse,versi_spse,portal_induk,tanggal_pengecekan,source_url,source_page,source_page_number,source_filter_provinsi,source_note,province_mentioned_in_name,province_mismatch_suspected,missing_official_url,missing_domain,missing_spse_version,inactive_or_inaccessible,quality_flag_count,quality_flags
LPSE Provinsi Papua Tengah,LPSE Provinsi Papua Tengah,Pemerintah Provinsi,Papua Selatan,,,,,False,,True,,https://eproc.lkpp.go.id,2026-07-05T22:16:06+00:00,https://eproc.lkpp.go.id/lpse/index,http://eproc.lkpp.go.id/lpse/read/1164/lpse-provinsi-papua-tengah,1,,registry card from eProc index; detail_url=http://eproc.lkpp.go.id/lpse/read/1164/lpse-provinsi-papua-tengah,Papua Tengah,True,True,True,True,True,5,"['province_mismatch_suspected', 'missing_official_url', 'missing_domain', 'missing_spse_version', 'inactive_or_inaccessible']"
Prov Papua Tengah,Prov Papua Tengah,,Papua Selatan,,,,,False,,True,,https://eproc.lkpp.go.id,2026-07-05T22:16:06+00:00,https://eproc.lkpp.go.id/lpse/index,http://eproc.lkpp.go.id/lpse/read/1165/prov-papua-tengah,1,,registry card from eProc index; detail_url=http://eproc.lkpp.go.id/lpse/read/1165/prov-papua-tengah,Papua Tengah,True,True,True,True,True,5,"['province_mismatch_suspected', 'missing_official_url', 'missing_domain', 'missing_spse_version', 'inactive_or_inaccessible']"
LPSE Kota Surabaya,LPSE Kota Surabaya,Pemerintah Kota,Jawa Timur,LPSE Kota Surabaya,https://spse.inaproc.id/surabaya,spse.inaproc.id,True,True,True,True,4.5u20240923,https://eproc.lkpp.go.id,2026-07-05T22:16:06+00:00,https://eproc.lkpp.go.id/lpse/index,http://eproc.lkpp.go.id/lpse/read/10/lpse-kota-surabaya,1,,registry card from eProc index; detail_url=http://eproc.lkpp.go.id/lpse/read/10/lpse-kota-surabaya,,False,False,False,False,False,0,[]
LPSE Kementerian Keuangan,LPSE Kementerian Keuangan,Kementerian,DKI Jakarta,,https://spse.inaproc.id/kemenkeu,spse.inaproc.id,True,True,True,True,4.5u20240923,https://eproc.lkpp.go.id,2026-07-05T22:16:06+00:00,https://eproc.lkpp.go.id/lpse/index,http://eproc.lkpp.go.id/lpse/read/11/lpse-kementerian-keuangan,1,,registry card from eProc index; detail_url=http://eproc.lkpp.go.id/lpse/read/11/lpse-kementerian-keuangan,,False,False,False,False,False,0,[]
LPSE Kementerian Koordinator Bidang Pembangunan Manusia dan Kebudayaan,LPSE Kementerian Koordinator Bidang Pembangunan Manusia dan Kebudayaan,Kementerian,DKI Jakarta,,https://lpse.kemenkeu.go.id/eproc4,lpse.kemenkeu.go.id,True,False,False,True,4.5u20240923,https://eproc.lkpp.go.id,2026-07-05T22:16:06+00:00,https://eproc.lkpp.go.id/lpse/index,http://eproc.lkpp.go.id/lpse/read/1118/lpse-kementerian-koordinator-bidang-pembangunan-manusia-dan-kebudayaan,1,,registry card from eProc index; detail_url=http://eproc.lkpp.go.id/lpse/read/1118/lpse-kementerian-koordinator-bidang-pembangunan-manusia-dan-kebudayaan,,False,False,False,False,True,1,['inactive_or_inaccessible']
LPSE Kementerian Badan Usaha Milik Negara,LPSE Kementerian Badan Usaha Milik Negara,Kementerian,DKI Jakarta,,https://lpse.kemenkeu.go.id/eproc4,lpse.kemenkeu.go.id,True,False,False,True,4.5u20240923,https://eproc.lkpp.go.id,2026-07-05T22:16:06+00:00,https://eproc.lkpp.go.id/lpse/index,http://eproc.lkpp.go.id/lpse/read/1119/lpse-kementerian-badan-usaha-milik-negara,1,,registry card from eProc index; detail_url=http://eproc.lkpp.go.id/lpse/read/1119/lpse-kementerian-badan-usaha-milik-negara,,False,False,False,False,True,1,['inactive_or_inaccessible']
Komisi Pemberantasan Korupsi,Komisi Pemberantasan Korupsi,,DKI Jakarta,,https://spse.inaproc.id/kemenkeu,spse.inaproc.id,True,True,True,True,4.5u20240923,https://eproc.lkpp.go.id,2026-07-05T22:16:06+00:00,https://eproc.lkpp.go.id/lpse/index,http://eproc.lkpp.go.id/lpse/read/1123/komisi-pemberantasan-korupsi,1,,registry card from eProc index; detail_url=http://eproc.lkpp.go.id/lpse/read/1123/komisi-pemberantasan-korupsi,,False,False,False,False,False,0,[]
Pusat Pelaporan dan Analisis Transaksi Keuangan,Pusat Pelaporan dan Analisis Transaksi Keuangan,,DKI Jakarta,,https://spse.inaproc.id/kemenkeu,spse.inaproc.id,True,True,True,True,4.5u20240923,https://eproc.lkpp.go.id,2026-07-05T22:16:06+00:00,https://eproc.lkpp.go.id/lpse/index,http://eproc.lkpp.go.id/lpse/read/1125/pusat-pelaporan-dan-analisis-transaksi-keuangan,1,,registry card from eProc index; detail_url=http://eproc.lkpp.go.id/lpse/read/1125/pusat-pelaporan-dan-analisis-transaksi-keuangan,,False,False,False,False,False,0,[]
Lembaga Administrasi Negara,Lembaga Administrasi Negara,Lembaga,DKI Jakarta,,https://spse.inaproc.id/kemenkeu,spse.inaproc.id,True,True,True,True,4.5u20240923,https://eproc.lkpp.go.id,2026-07-05T22:16:06+00:00,https://eproc.lkpp.go.id/lpse/index,http://eproc.lkpp.go.id/lpse/read/1130/lembaga-administrasi-negara,1,,registry card from eProc index; detail_url=http://eproc.lkpp.go.id/lpse/read/1130/lembaga-administrasi-negara,,False,False,False,False,False,0,[]
Kementerian Koordinator Bidang Pembangunan Manusia dan Kebudayaan,Kementerian Koordinator Bidang Pembangunan Manusia dan Kebudayaan,Kementerian,DKI Jakarta,,https://spse.inaproc.id/kemenkeu,spse.inaproc.id,True,True,True,True,4.5u20240923,https://eproc.lkpp.go.id,2026-07-05T22:16:06+00:00,https://eproc.lkpp.go.id/lpse/index,http://eproc.lkpp.go.id/lpse/read/1153/kementerian-koordinator-bidang-pembangunan-manusia-dan-kebudayaan,1,,registry card from eProc index; detail_url=http://eproc.lkpp.go.id/lpse/read/1153/kementerian-koordinator-bidang-pembangunan-manusia-dan-kebudayaan,,False,False,False,False,False,0,[]
LPSE Kota Banda Aceh,LPSE Kota Banda Aceh,Pemerintah Kota,Aceh,LPSE Kota Banda Aceh,https://spse.inaproc.id/bandaacehkota,spse.inaproc.id,True,True,True,True,4.5u20240923,https://eproc.lkpp.go.id,2026-07-05T22:16:07+00:00,https://eproc.lkpp.go.id/lpse/index/1/0/1,http://eproc.lkpp.go.id/lpse/read/20/lpse-kota-banda-aceh,1,Aceh,registry card from eProc index; detail_url=http://eproc.lkpp.go.id/lpse/read/20/lpse-kota-banda-aceh,Aceh,False,False,False,False,False,0,[]
LPSE Provinsi Aceh,LPSE Provinsi Aceh,Pemerintah Provinsi,Aceh,,https://spse.inaproc.id/acehprov,spse.inaproc.id,True,True,True,True,4.5u20240923,https://eproc.lkpp.go.id,2026-07-05T22:16:07+00:00,https://eproc.lkpp.go.id/lpse/index/1/0/1,http://eproc.lkpp.go.id/lpse/read/106/lpse-provinsi-aceh,1,Aceh,registry card from eProc index; detail_url=http://eproc.lkpp.go.id/lpse/read/106/lpse-provinsi-aceh,Aceh,False,False,False,False,False,0,[]
LPSE Kota Sabang,LPSE Kota Sabang,Pemerintah Kota,Aceh,LPSE Kota Sabang,https://spse.inaproc.id/sabangkota,spse.inaproc.id,True,True,True,True,4.5u20240923,https://eproc.lkpp.go.id,2026-07-05T22:16:07+00:00,https://eproc.lkpp.go.id/lpse/index/1/0/1,http://eproc.lkpp.go.id/lpse/read/151/lpse-kota-sabang,1,Aceh,registry card from eProc index; detail_url=http://eproc.lkpp.go.id/lpse/read/151/lpse-kota-sabang,,False,False,False,False,False,0,[]
LPSE Kabupaten Aceh Utara,LPSE Kabupaten Aceh Utara,Pemerintah Kabupaten,Aceh,LPSE Kabupaten Aceh Utara,https://spse.inaproc.id/acehutara,spse.inaproc.id,True,True,True,True,4.5u20240923,https://eproc.lkpp.go.id,2026-07-05T22:16:07+00:00,https://eproc.lkpp.go.id/lpse/index/1/0/1,http://eproc.lkpp.go.id/lpse/read/189/lpse-kabupaten-aceh-utara,1,Aceh,registry card from eProc index; detail_url=http://eproc.lkpp.go.id/lpse/read/189/lpse-kabupaten-aceh-utara,Aceh,False,False,False,False,False,0,[]
LPSE Kota Lhokseumawe,LPSE Kota Lhokseumawe,Pemerintah Kota,Aceh,LPSE Kota Lhokseumawe,https://spse.inaproc.id/lhokseumawekota,spse.inaproc.id,True,True,True,True,4.5u20240923,https://eproc.lkpp.go.id,2026-07-05T22:16:07+00:00,https://eproc.lkpp.go.id/lpse/index/1/0/1,http://eproc.lkpp.go.id/lpse/read/261/lpse-kota-lhokseumawe,1,Aceh,registry card from eProc index; detail_url=http://eproc.lkpp.go.id/lpse/read/261/lpse-kota-lhokseumawe,,False,False,False,False,False,0,[]
LPSE Kabupaten Aceh Tengah,LPSE Kabupaten Aceh Tengah,Pemerintah Kabupaten,Aceh,LPSE Kabupaten Aceh Tengah,https://spse.inaproc.id/acehtengahkab,spse.inaproc.id,True,True,True,True,4.5u20240923,https://eproc.lkpp.go.id,2026-07-05T22:16:07+00:00,https://eproc.lkpp.go.id/lpse/index/1/0/1,http://eproc.lkpp.go.id/lpse/read/296/lpse-kabupaten-aceh-tengah,1,Aceh,registry card from eProc index; detail_url=http://eproc.lkpp.go.id/lpse/read/296/lpse-kabupaten-aceh-tengah,Aceh,False,False,False,False,False,0,[]
LPSE Kabupaten Aceh Tenggara,LPSE Kabupaten Aceh Tenggara,Pemerintah Kabupaten,Aceh,LPSE Kabupaten Aceh Tenggara,https://spse.inaproc.id/acehtenggarakab,spse.inaproc.id,True,True,True,True,4.5u20240923,https://eproc.lkpp.go.id,2026-07-05T22:16:07+00:00,https://eproc.lkpp.go.id/lpse/index/1/0/1,http://eproc.lkpp.go.id/lpse/read/330/lpse-kabupaten-aceh-tenggara,1,Aceh,registry card from eProc index; detail_url=http://eproc.lkpp.go.id/lpse/read/330/lpse-kabupaten-aceh-tenggara,Aceh,False,False,False,False,False,0,[]
LPSE Kota Langsa,LPSE Kota Langsa,Pemerintah Kota,Aceh,LPSE Kota Langsa,http://lpse.langsakota.go.id/eproc4,lpse.langsakota.go.id,False,False,False,True,4.5u20240923,https://eproc.lkpp.go.id,2026-07-05T22:16:07+00:00,https://eproc.lkpp.go.id/lpse/index/1/0/1,http://eproc.lkpp.go.id/lpse/read/370/lpse-kota-langsa,1,Aceh,registry card from eProc index; detail_url=http://eproc.lkpp.go.id/lpse/read/370/lpse-kota-langsa,,False,False,False,False,True,1,['inactive_or_inaccessible']
LPSE Kabupaten Simeulue,LPSE Kabupaten Simeulue,Pemerintah Kabupaten,Aceh,LPSE Kabupaten Simeulue,http://lpse.simeuluekab.go.id/eproc4,lpse.simeuluekab.go.id,False,True,False,True,4.5u20240923,https://eproc.lkpp.go.id,2026-07-05T22:16:07+00:00,https://eproc.lkpp.go.id/lpse/index/1/0/1,http://eproc.lkpp.go.id/lpse/read/383/lpse-kabupaten-simeulue,1,Aceh,registry card from eProc index; detail_url=http://eproc.lkpp.go.id/lpse/read/383/lpse-kabupaten-simeulue,,False,False,False,False,True,1,['inactive_or_inaccessible']
LPSE Kabupaten Aceh Besar,LPSE Kabupaten Aceh Besar,Pemerintah Kabupaten,Aceh,LPSE Kabupaten Aceh Besar,https://lpse.acehbesarkab.go.id/eproc4,lpse.acehbesarkab.go.id,True,False,False,True,4.5u20240923,https://eproc.lkpp.go.id,2026-07-05T22:16:07+00:00,https://eproc.lkpp.go.id/lpse/index/1/0/1,http://eproc.lkpp.go.id/lpse/read/426/lpse-kabupaten-aceh-besar,1,Aceh,registry card from eProc index; detail_url=http://eproc.lkpp.go.id/lpse/read/426/lpse-kabupaten-aceh-besar,Aceh,False,False,False,False,True,1,['inactive_or_inaccessible']
LPSE Kabupaten Aceh Selatan,LPSE Kabupaten Aceh Selatan,Pemerintah Kabupaten,Aceh,LPSE Kabupaten Aceh Selatan,https://lpse.acehselatankab.go.id/eproc4,lpse.acehselatankab.go.id,True,True,False,True,4.5u20240923,https://eproc.lkpp.go.id,2026-07-05T22:16:08+00:00,https://eproc.lkpp.go.id/lpse/index/1/0/2,http://eproc.lkpp.go.id/lpse/read/460/lpse-kabupaten-aceh-selatan,2,Aceh,registry card from eProc index; detail_url=http://eproc.lkpp.go.id/lpse/read/460/lpse-kabupaten-aceh-selatan,Aceh,False,False,False,False,True,1,['inactive_or_inaccessible']
LPSE Kabupaten Gayo Lues,LPSE Kabupaten Gayo Lues,Pemerintah Kabupaten,Aceh,LPSE Kabupaten Gayo Lues,https://lpse.gayolueskab.go.id/eproc4,lpse.gayolueskab.go.id,True,False,False,True,4.5u20240923,https://eproc.lkpp.go.id,2026-07-05T22:16:08+00:00,https://eproc.lkpp.go.id/lpse/index/1/0/2,http://eproc.lkpp.go.id/lpse/read/497/lpse-kabupaten-gayo-lues,2,Aceh,registry card from eProc index; detail_url=http://eproc.lkpp.go.id/lpse/read/497/lpse-kabupaten-gayo-lues,,False,False,False,False,True,1,['inactive_or_inaccessible']
LPSE Kabupaten Aceh Barat,LPSE Kabupaten Aceh Barat,Pemerintah Kabupaten,Aceh,LPSE Kabupaten Aceh Barat,https://lpse.acehbaratkab.go.id/eproc4/,lpse.acehbaratkab.go.id,True,False,False,True,4.5u20240923,https://eproc.lkpp.go.id,2026-07-05T22:16:08+00:00,https://eproc.lkpp.go.id/lpse/index/1/0/2,http://eproc.lkpp.go.id/lpse/read/498/lpse-kabupaten-aceh-barat,2,Aceh,registry card from eProc index; detail_url=http://eproc.lkpp.go.id/lpse/read/498/lpse-kabupaten-aceh-barat,Aceh,False,False,False,False,True,1,['inactive_or_inaccessible']
LPSE Kabupaten Aceh Tamiang,LPSE Kabupaten Aceh Tamiang,Pemerintah Kabupaten,Aceh,LPSE Kabupaten Aceh Tamiang,https://lpse.acehtamiangkab.go.id/eproc4,lpse.acehtamiangkab.go.id,True,True,False,True,4.5u20240923,https://eproc.lkpp.go.id,2026-07-05T22:16:08+00:00,https://eproc.lkpp.go.id/lpse/index/1/0/2,http://eproc.lkpp.go.id/lpse/read/505/lpse-kabupaten-aceh-tamiang,2,Aceh,registry card from eProc index; detail_url=http://eproc.lkpp.go.id/lpse/read/505/lpse-kabupaten-aceh-tamiang,Aceh,False,False,False,False,True,1,['inactive_or_inaccessible']
LPSE Kabupaten Aceh Singkil,LPSE Kabupaten Aceh Singkil,Pemerintah Kabupaten,Aceh,LPSE Kabupaten Aceh Singkil,https://lpse.acehsingkilkab.go.id/eproc4,lpse.acehsingkilkab.go.id,True,False,False,True,4.5u20240923,https://eproc.lkpp.go.id,2026-07-05T22:16:08+00:00,https://eproc.lkpp.go.id/lpse/index/1/0/2,http://eproc.lkpp.go.id/lpse/read/508/lpse-kabupaten-aceh-singkil,2,Aceh,registry card from eProc index; detail_url=http://eproc.lkpp.go.id/lpse/read/508/lpse-kabupaten-aceh-singkil,Aceh,False,False,False,False,True,1,['inactive_or_inaccessible']
LPSE Kabupaten Bireuen,LPSE Kabupaten Bireuen,Pemerintah Kabupaten,Aceh,LPSE Kabupaten Bireuen,http://lpse.bireuenkab.go.id/eproc4,lpse.bireuenkab.go.id,False,True,False,True,4.5u20240923,https://eproc.lkpp.go.id,2026-07-05T22:16:08+00:00,https://eproc.lkpp.go.id/lpse/index/1/0/2,http://eproc.lkpp.go.id/lpse/read/514/lpse-kabupaten-bireuen,2,Aceh,registry card from eProc index; detail_url=http://eproc.lkpp.go.id/lpse/read/514/lpse-kabupaten-bireuen,,False,False,False,False,True,1,['inactive_or_inaccessible']
LPSE Kabupaten Aceh Timur,LPSE Kabupaten Aceh Timur,Pemerintah Kabupaten,Aceh,LPSE Kabupaten Aceh Timur,https://lpse.acehtimurkab.go.id/eproc4,lpse.acehtimurkab.go.id,True,False,False,True,4.5u20240923,https://eproc.lkpp.go.id,2026-07-05T22:16:08+00:00,https://eproc.lkpp.go.id/lpse/index/1/0/2,http://eproc.lkpp.go.id/lpse/read/517/lpse-kabupaten-aceh-timur,2,Aceh,registry card from eProc index; detail_url=http://eproc.lkpp.go.id/lpse/read/517/lpse-kabupaten-aceh-timur,Aceh,False,False,False,False,True,1,['inactive_or_inaccessible']
LPSE Kabupaten Nagan Raya,LPSE Kabupaten Nagan Raya,Pemerintah Kabupaten,Aceh,LPSE Kabupaten Nagan Raya,https://spse.inaproc.id/naganrayakab,spse.inaproc.id,True,True,True,True,4.5u20240923,https://eproc.lkpp.go.id,2026-07-05T22:16:08+00:00,https://eproc.lkpp.go.id/lpse/index/1/0/2,http://eproc.lkpp.go.id/lpse/read/548/lpse-kabupaten-nagan-raya,2,Aceh,registry card from eProc index; detail_url=http://eproc.lkpp.go.id/lpse/read/548/lpse-kabupaten-nagan-raya,,False,False,False,False,False,0,[]
LPSE Kota Subulussalam,LPSE Kota Subulussalam,Pemerintah Kota,Aceh,LPSE Kota Subulussalam,http://lpse.subulussalamkota.go.id/eproc4,lpse.subulussalamkota.go.id,False,False,False,True,4.5u20240923,https://eproc.lkpp.go.id,2026-07-05T22:16:08+00:00,https://eproc.lkpp.go.id/lpse/index/1/0/2,http://eproc.lkpp.go.id/lpse/read/550/lpse-kota-subulussalam,2,Aceh,registry card from eProc index; detail_url=http://eproc.lkpp.go.id/lpse/read/550/lpse-kota-subulussalam,,False,False,False,False,True,1,['inactive_or_inaccessible']
LPSE Kabupaten Pidie,LPSE Kabupaten Pidie,Pemerintah Kabupaten,Aceh,LPSE Kabupaten Pidie,https://lpse.pidiekab.go.id/eproc4,lpse.pidiekab.go.id,True,False,False,True,4.5u20240923,https://eproc.lkpp.go.id,2026-07-05T22:16:08+00:00,https://eproc.lkpp.go.id/lpse/index/1/0/2,http://eproc.lkpp.go.id/lpse/read/565/lpse-kabupaten-pidie,2,Aceh,registry card from eProc index; detail_url=http://eproc.lkpp.go.id/lpse/read/565/lpse-kabupaten-pidie,,False,False,False,False,True,1,['inactive_or_inaccessible']
LPSE Polda Aceh,LPSE Polda Aceh,,Aceh,,http://lpse.aceh.polri.go.id/eproc4,lpse.aceh.polri.go.id,False,False,False,True,4.5u20240814,https://eproc.lkpp.go.id,2026-07-05T22:16:08+00:00,https://eproc.lkpp.go.id/lpse/index/1/0/3,http://eproc.lkpp.go.id/lpse/read/568/lpse-polda-aceh,3,Aceh,registry card from eProc index; detail_url=http://eproc.lkpp.go.id/lpse/read/568/lpse-polda-aceh,Aceh,False,False,False,False,True,1,['inactive_or_inaccessible']
LPSE Kabupaten Bener Meriah,LPSE Kabupaten Bener Meriah,Pemerintah Kabupaten,Aceh,LPSE Kabupaten Bener Meriah,https://lpse.benermeriahkab.go.id/eproc4,lpse.benermeriahkab.go.id,True,False,False,True,4.5u20240923,https://eproc.lkpp.go.id,2026-07-05T22:16:08+00:00,https://eproc.lkpp.go.id/lpse/index/1/0/3,http://eproc.lkpp.go.id/lpse/read/592/lpse-kabupaten-bener-meriah,3,Aceh,registry card from eProc index; detail_url=http://eproc.lkpp.go.id/lpse/read/592/lpse-kabupaten-bener-meriah,,False,False,False,False,True,1,['inactive_or_inaccessible']
LPSE Kabupaten Pidie Jaya,LPSE Kabupaten Pidie Jaya,Pemerintah Kabupaten,Aceh,LPSE Kabupaten Pidie Jaya,https://lpse.pidiejayakab.go.id/eproc4,lpse.pidiejayakab.go.id,True,True,False,True,4.5u20240923,https://eproc.lkpp.go.id,2026-07-05T22:16:08+00:00,https://eproc.lkpp.go.id/lpse/index/1/0/3,http://eproc.lkpp.go.id/lpse/read/595/lpse-kabupaten-pidie-jaya,3,Aceh,registry card from eProc index; detail_url=http://eproc.lkpp.go.id/lpse/read/595/lpse-kabupaten-pidie-jaya,,False,False,False,False,True,1,['inactive_or_inaccessible']
LPSE Kabupaten Aceh Barat Daya,LPSE Kabupaten Aceh Barat Daya,Pemerintah Kabupaten,Aceh,LPSE Kabupaten Aceh Barat Daya,https://lpse.acehbaratdayakab.go.id/eproc4,lpse.acehbaratdayakab.go.id,True,False,False,True,4.5u20240923,https://eproc.lkpp.go.id,2026-07-05T22:16:08+00:00,https://eproc.lkpp.go.id/lpse/index/1/0/3,http://eproc.lkpp.go.id/lpse/read/625/lpse-kabupaten-aceh-barat-daya,3,Aceh,registry card from eProc index; detail_url=http://eproc.lkpp.go.id/lpse/read/625/lpse-kabupaten-aceh-barat-daya,Aceh,False,False,False,False,True,1,['inactive_or_inaccessible']
LPSE Kabupaten Aceh Jaya,LPSE Kabupaten Aceh Jaya,Pemerintah Kabupaten,Aceh,LPSE Kabupaten Aceh Jaya,https://lpse.acehjayakab.go.id/eproc4,lpse.acehjayakab.go.id,True,True,False,True,4.5u20240923,https://eproc.lkpp.go.id,2026-07-05T22:16:08+00:00,https://eproc.lkpp.go.id/lpse/index/1/0/3,http://eproc.lkpp.go.id/lpse/read/628/lpse-kabupaten-aceh-jaya,3,Aceh,registry card from eProc index; detail_url=http://eproc.lkpp.go.id/lpse/read/628/lpse-kabupaten-aceh-jaya,Aceh,False,False,False,False,True,1,['inactive_or_inaccessible']
LPSE Kota Denpasar,LPSE Kota Denpasar,Pemerintah Kota,Bali,LPSE Kota Denpasar,https://spse.inaproc.id/denpasarkota,spse.inaproc.id,True,True,True,True,4.5u20240923,https://eproc.lkpp.go.id,2026-07-05T22:16:09+00:00,https://eproc.lkpp.go.id/lpse/index/17/0/1,http://eproc.lkpp.go.id/lpse/read/17/lpse-kota-denpasar,1,Bali,registry card from eProc index; detail_url=http://eproc.lkpp.go.id/lpse/read/17/lpse-kota-denpasar,,False,False,False,False,False,0,[]
LPSE Provinsi Bali,LPSE Provinsi Bali,Pemerintah Provinsi,Bali,,https://spse.inaproc.id/baliprov,spse.inaproc.id,True,True,True,True,4.5u20240923,https://eproc.lkpp.go.id,2026-07-05T22:16:09+00:00,https://eproc.lkpp.go.id/lpse/index/17/0/1,http://eproc.lkpp.go.id/lpse/read/33/lpse-provinsi-bali,1,Bali,registry card from eProc index; detail_url=http://eproc.lkpp.go.id/lpse/read/33/lpse-provinsi-bali,Bali,False,False,False,False,False,0,[]
LPSE Kabupaten Badung,LPSE Kabupaten Badung,Pemerintah Kabupaten,Bali,LPSE Kabupaten Badung,https://spse.inaproc.id/badungkab,spse.inaproc.id,True,True,True,True,4.5u20240923,https://eproc.lkpp.go.id,2026-07-05T22:16:09+00:00,https://eproc.lkpp.go.id/lpse/index/17/0/1,http://eproc.lkpp.go.id/lpse/read/113/lpse-kabupaten-badung,1,Bali,registry card from eProc index; detail_url=http://eproc.lkpp.go.id/lpse/read/113/lpse-kabupaten-badung,,False,False,False,False,False,0,[]
LPSE Kabupaten Jembrana,LPSE Kabupaten Jembrana,Pemerintah Kabupaten,Bali,LPSE Kabupaten Jembrana,https://spse.inaproc.id/jembranakab,spse.inaproc.id,True,True,True,True,4.5u20240923,https://eproc.lkpp.go.id,2026-07-05T22:16:09+00:00,https://eproc.lkpp.go.id/lpse/index/17/0/1,http://eproc.lkpp.go.id/lpse/read/167/lpse-kabupaten-jembrana,1,Bali,registry card from eProc index; detail_url=http://eproc.lkpp.go.id/lpse/read/167/lpse-kabupaten-jembrana,,False,False,False,False,False,0,[]
LPSE Kabupaten Gianyar,LPSE Kabupaten Gianyar,Pemerintah Kabupaten,Bali,LPSE Kabupaten Gianyar,https://spse.inaproc.id/gianyarkab,spse.inaproc.id,True,True,True,True,4.5u20240923,https://eproc.lkpp.go.id,2026-07-05T22:16:09+00:00,https://eproc.lkpp.go.id/lpse/index/17/0/1,http://eproc.lkpp.go.id/lpse/read/350/lpse-kabupaten-gianyar,1,Bali,registry card from eProc index; detail_url=http://eproc.lkpp.go.id/lpse/read/350/lpse-kabupaten-gianyar,,False,False,False,False,False,0,[]
LPSE Kabupaten Buleleng,LPSE Kabupaten Buleleng,Pemerintah Kabupaten,Bali,LPSE Kabupaten Buleleng,https://eproc.bulelengkab.go.id/eproc4,eproc.bulelengkab.go.id,True,False,False,True,4.5u20240923,https://eproc.lkpp.go.id,2026-07-05T22:16:09+00:00,https://eproc.lkpp.go.id/lpse/index/17/0/1,http://eproc.lkpp.go.id/lpse/read/358/lpse-kabupaten-buleleng,1,Bali,registry card from eProc index; detail_url=http://eproc.lkpp.go.id/lpse/read/358/lpse-kabupaten-buleleng,,False,False,False,False,True,1,['inactive_or_inaccessible']
LPSE Kabupaten Klungkung,LPSE Kabupaten Klungkung,Pemerintah Kabupaten,Bali,LPSE Kabupaten Klungkung,https://spse.inaproc.id/klungkungkab,spse.inaproc.id,True,True,True,True,4.5u20240923,https://eproc.lkpp.go.id,2026-07-05T22:16:09+00:00,https://eproc.lkpp.go.id/lpse/index/17/0/1,http://eproc.lkpp.go.id/lpse/read/433/lpse-kabupaten-klungkung,1,Bali,registry card from eProc index; detail_url=http://eproc.lkpp.go.id/lpse/read/433/lpse-kabupaten-klungkung,,False,False,False,False,False,0,[]
LPSE Kabupaten Tabanan,LPSE Kabupaten Tabanan,Pemerintah Kabupaten,Bali,LPSE Kabupaten Tabanan,https://lpse.tabanankab.go.id/eproc4,lpse.tabanankab.go.id,True,True,False,True,4.5u20240923,https://eproc.lkpp.go.id,2026-07-05T22:16:09+00:00,https://eproc.lkpp.go.id/lpse/index/17/0/1,http://eproc.lkpp.go.id/lpse/read/504/lpse-kabupaten-tabanan,1,Bali,registry card from eProc index; detail_url=http://eproc.lkpp.go.id/lpse/read/504/lpse-kabupaten-tabanan,,False,False,False,False,True,1,['inactive_or_inaccessible']
LPSE Kabupaten Karangasem,LPSE Kabupaten Karangasem,Pemerintah Kabupaten,Bali,LPSE Kabupaten Karangasem,http://lpse.karangasemkab.go.id/eproc4,lpse.karangasemkab.go.id,False,True,False,True,4.5u20240923,https://eproc.lkpp.go.id,2026-07-05T22:16:09+00:00,https://eproc.lkpp.go.id/lpse/index/17/0/1,http://eproc.lkpp.go.id/lpse/read/513/lpse-kabupaten-karangasem,1,Bali,registry card from eProc index; detail_url=http://eproc.lkpp.go.id/lpse/read/513/lpse-kabupaten-karangasem,,False,False,False,False,True,1,['inactive_or_inaccessible']
LPSE Kabupaten Bangli,LPSE Kabupaten Bangli,Pemerintah Kabupaten,Bali,LPSE Kabupaten Bangli,https://lpse.banglikab.go.id/eproc4,lpse.banglikab.go.id,True,True,False,True,4.5u20240923,https://eproc.lkpp.go.id,2026-07-05T22:16:09+00:00,https://eproc.lkpp.go.id/lpse/index/17/0/1,http://eproc.lkpp.go.id/lpse/read/553/lpse-kabupaten-bangli,1,Bali,registry card from eProc index; detail_url=http://eproc.lkpp.go.id/lpse/read/553/lpse-kabupaten-bangli,,False,False,False,False,True,1,['inactive_or_inaccessible']
LPSE Kota Tangerang,LPSE Kota Tangerang,Pemerintah Kota,Banten,LPSE Kota Tangerang,https://spse.inaproc.id/tangerangkota,spse.inaproc.id,True,True,True,True,4.5u20240923,https://eproc.lkpp.go.id,2026-07-05T22:16:10+00:00,https://eproc.lkpp.go.id/lpse/index/16/0/1,http://eproc.lkpp.go.id/lpse/read/66/lpse-kota-tangerang,1,Banten,registry card from eProc index; detail_url=http://eproc.lkpp.go.id/lpse/read/66/lpse-kota-tangerang,,False,False,False,False,False,0,[]
LPSE Kabupaten Lebak,LPSE Kabupaten Lebak,Pemerintah Kabupaten,Banten,LPSE Kabupaten Lebak,https://spse.inaproc.id/lebakkab,spse.inaproc.id,True,True,True,True,4.5u20240923,https://eproc.lkpp.go.id,2026-07-05T22:16:10+00:00,https://eproc.lkpp.go.id/lpse/index/16/0/1,http://eproc.lkpp.go.id/lpse/read/98/lpse-kabupaten-lebak,1,Banten,registry card from eProc index; detail_url=http://eproc.lkpp.go.id/lpse/read/98/lpse-kabupaten-lebak,,False,False,False,False,False,0,[]
LPSE Provinsi Banten,LPSE Provinsi Banten,Pemerintah Provinsi,Banten,,https://spse.inaproc.id/bantenprov,spse.inaproc.id,True,True,True,True,4.5u20240923,https://eproc.lkpp.go.id,2026-07-05T22:16:10+00:00,https://eproc.lkpp.go.id/lpse/index/16/0/1,http://eproc.lkpp.go.id/lpse/read/99/lpse-provinsi-banten,1,Banten,registry card from eProc index; detail_url=http://eproc.lkpp.go.id/lpse/read/99/lpse-provinsi-banten,Banten,False,False,False,False,False,0,[]
LPSE Kota Tangerang Selatan,LPSE Kota Tangerang Selatan,Pemerintah Kota,Banten,LPSE Kota Tangerang Selatan,https://spse.inaproc.id/tangerangselatankota,spse.inaproc.id,True,True,True,True,4.5u20240923,https://eproc.lkpp.go.id,2026-07-05T22:16:10+00:00,https://eproc.lkpp.go.id/lpse/index/16/0/1,http://eproc.lkpp.go.id/lpse/read/225/lpse-kota-tangerang-selatan,1,Banten,registry card from eProc index; detail_url=http://eproc.lkpp.go.id/lpse/read/225/lpse-kota-tangerang-selatan,,False,False,False,False,False,0,[]
LPSE Kabupaten Serang,LPSE Kabupaten Serang,Pemerintah Kabupaten,Banten,LPSE Kabupaten Serang,https://spse.inaproc.id/serangkab,spse.inaproc.id,True,True,True,True,4.5u20240923,https://eproc.lkpp.go.id,2026-07-05T22:16:10+00:00,https://eproc.lkpp.go.id/lpse/index/16/0/1,http://eproc.lkpp.go.id/lpse/read/245/lpse-kabupaten-serang,1,Banten,registry card from eProc index; detail_url=http://eproc.lkpp.go.id/lpse/read/245/lpse-kabupaten-serang,,False,False,False,False,False,0,[]
LPSE Kota Cilegon,LPSE Kota Cilegon,Pemerintah Kota,Banten,LPSE Kota Cilegon,https://spse.inaproc.id/cilegon,spse.inaproc.id,True,True,True,True,4.5u20240923,https://eproc.lkpp.go.id,2026-07-05T22:16:10+00:00,https://eproc.lkpp.go.id/lpse/index/16/0/1,http://eproc.lkpp.go.id/lpse/read/318/lpse-kota-cilegon,1,Banten,registry card from eProc index; detail_url=http://eproc.lkpp.go.id/lpse/read/318/lpse-kota-cilegon,,False,False,False,False,False,0,[]
LPSE Kabupaten Tangerang,LPSE Kabupaten Tangerang,Pemerintah Kabupaten,Banten,LPSE Kabupaten Tangerang,https://spse.inaproc.id/tangerangkab,spse.inaproc.id,True,True,True,True,4.5u20240923,https://eproc.lkpp.go.id,2026-07-05T22:16:10+00:00,https://eproc.lkpp.go.id/lpse/index/16/0/1,http://eproc.lkpp.go.id/lpse/read/333/lpse-kabupaten-tangerang,1,Banten,registry card from eProc index; detail_url=http://eproc.lkpp.go.id/lpse/read/333/lpse-kabupaten-tangerang,,False,False,False,False,False,0,[]
LPSE Kabupaten Pandeglang,LPSE Kabupaten Pandeglang,Pemerintah Kabupaten,Banten,LPSE Kabupaten Pandeglang,http://lpse.pandeglangkab.go.id/eproc4,lpse.pandeglangkab.go.id,False,False,False,True,4.5u20240923,https://eproc.lkpp.go.id,2026-07-05T22:16:10+00:00,https://eproc.lkpp.go.id/lpse/index/16/0/1,http://eproc.lkpp.go.id/lpse/read/470/lpse-kabupaten-pandeglang,1,Banten,registry card from eProc index; detail_url=http://eproc.lkpp.go.id/lpse/read/470/lpse-kabupaten-pandeglang,,False,False,False,False,True,1,['inactive_or_inaccessible']
LPSE Kota Serang,LPSE Kota Serang,Pemerintah Kota,Banten,LPSE Kota Serang,https://lpse.serangkota.go.id/eproc4,lpse.serangkota.go.id,True,False,False,True,4.5u20240923,https://eproc.lkpp.go.id,2026-07-05T22:16:10+00:00,https://eproc.lkpp.go.id/lpse/index/16/0/1,http://eproc.lkpp.go.id/lpse/read/493/lpse-kota-serang,1,Banten,registry card from eProc index; detail_url=http://eproc.lkpp.go.id/lpse/read/493/lpse-kota-serang,,False,False,False,False,True,1,['inactive_or_inaccessible']
LPSE Perum Lembaga Penyelenggara Pelayanan Navigasi Penerbangan Indonesia,LPSE Perum Lembaga Penyelenggara Pelayanan Navigasi Penerbangan Indonesia,Lembaga,Banten,,https://eproc.airnavindonesia.co.id/eproc4,eproc.airnavindonesia.co.id,True,True,False,True,4.5u20220216,https://eproc.lkpp.go.id,2026-07-05T22:16:10+00:00,https://eproc.lkpp.go.id/lpse/index/16/0/1,http://eproc.lkpp.go.id/lpse/read/700/lpse-perum-lembaga-penyelenggara-pelayanan-navigasi-penerbangan-indonesia,1,Banten,registry card from eProc index; detail_url=http://eproc.lkpp.go.id/lpse/read/700/lpse-perum-lembaga-penyelenggara-pelayanan-navigasi-penerbangan-indonesia,,False,False,False,False,True,1,['inactive_or_inaccessible']
LPSE Kabupaten Bengkulu Utara,LPSE Kabupaten Bengkulu Utara,Pemerintah Kabupaten,Bengkulu,LPSE Kabupaten Bengkulu Utara,https://spse.inaproc.id/bengkuluutarakab,spse.inaproc.id,True,True,True,True,4.5u20240923,https://eproc.lkpp.go.id,2026-07-05T22:16:11+00:00,https://eproc.lkpp.go.id/lpse/index/7/0/1,http://eproc.lkpp.go.id/lpse/read/238/lpse-kabupaten-bengkulu-utara,1,Bengkulu,registry card from eProc index; detail_url=http://eproc.lkpp.go.id/lpse/read/238/lpse-kabupaten-bengkulu-utara,Bengkulu,False,False,False,False,False,0,[]
LPSE Kabupaten Lebong,LPSE Kabupaten Lebong,Pemerintah Kabupaten,Bengkulu,LPSE Kabupaten Lebong,https://spse.inaproc.id/lebongkab,spse.inaproc.id,True,True,True,True,4.5u20240923,https://eproc.lkpp.go.id,2026-07-05T22:16:11+00:00,https://eproc.lkpp.go.id/lpse/index/7/0/1,http://eproc.lkpp.go.id/lpse/read/239/lpse-kabupaten-lebong,1,Bengkulu,registry card from eProc index; detail_url=http://eproc.lkpp.go.id/lpse/read/239/lpse-kabupaten-lebong,,False,False,False,False,False,0,[]
LPSE Provinsi Bengkulu,LPSE Provinsi Bengkulu,Pemerintah Provinsi,Bengkulu,,https://spse.inaproc.id/bengkuluprov,spse.inaproc.id,True,True,True,True,4.5u20240923,https://eproc.lkpp.go.id,2026-07-05T22:16:11+00:00,https://eproc.lkpp.go.id/lpse/index/7/0/1,http://eproc.lkpp.go.id/lpse/read/267/lpse-provinsi-bengkulu,1,Bengkulu,registry card from eProc index; detail_url=http://eproc.lkpp.go.id/lpse/read/267/lpse-provinsi-bengkulu,Bengkulu,False,False,False,False,False,0,[]
LPSE Kota Bengkulu,LPSE Kota Bengkulu,Pemerintah Kota,Bengkulu,LPSE Kota Bengkulu,https://spse.inaproc.id/bengkulukota,spse.inaproc.id,True,True,True,True,4.5u20240923,https://eproc.lkpp.go.id,2026-07-05T22:16:11+00:00,https://eproc.lkpp.go.id/lpse/index/7/0/1,http://eproc.lkpp.go.id/lpse/read/278/lpse-kota-bengkulu,1,Bengkulu,registry card from eProc index; detail_url=http://eproc.lkpp.go.id/lpse/read/278/lpse-kota-bengkulu,Bengkulu,False,False,False,False,False,0,[]
LPSE Kabupaten Bengkulu Selatan,LPSE Kabupaten Bengkulu Selatan,Pemerintah Kabupaten,Bengkulu,LPSE Kabupaten Bengkulu Selatan,https://spse.inaproc.id/bengkuluselatankab,spse.inaproc.id,True,True,True,True,4.5u20240923,https://eproc.lkpp.go.id,2026-07-05T22:16:11+00:00,https://eproc.lkpp.go.id/lpse/index/7/0/1,http://eproc.lkpp.go.id/lpse/read/320/lpse-kabupaten-bengkulu-selatan,1,Bengkulu,registry card from eProc index; detail_url=http://eproc.lkpp.go.id/lpse/read/320/lpse-kabupaten-bengkulu-selatan,Bengkulu,False,False,False,False,False,0,[]
LPSE Kabupaten Muko Muko,LPSE Kabupaten Muko Muko,Pemerintah Kabupaten,Bengkulu,LPSE Kabupaten Muko Muko,https://spse.inaproc.id/mukomukokab,spse.inaproc.id,True,True,True,True,4.5u20240923,https://eproc.lkpp.go.id,2026-07-05T22:16:11+00:00,https://eproc.lkpp.go.id/lpse/index/7/0/1,http://eproc.lkpp.go.id/lpse/read/348/lpse-kabupaten-muko-muko,1,Bengkulu,registry card from eProc index; detail_url=http://eproc.lkpp.go.id/lpse/read/348/lpse-kabupaten-muko-muko,,False,False,False,False,False,0,[]
LPSE Kabupaten Kepahiang,LPSE Kabupaten Kepahiang,Pemerintah Kabupaten,Bengkulu,LPSE Kabupaten Kepahiang,http://lpse.kepahiangkab.go.id/eproc4,lpse.kepahiangkab.go.id,False,False,False,True,4.5u20240923,https://eproc.lkpp.go.id,2026-07-05T22:16:11+00:00,https://eproc.lkpp.go.id/lpse/index/7/0/1,http://eproc.lkpp.go.id/lpse/read/377/lpse-kabupaten-kepahiang,1,Bengkulu,registry card from eProc index; detail_url=http://eproc.lkpp.go.id/lpse/read/377/lpse-kabupaten-kepahiang,,False,False,False,False,True,1,['inactive_or_inaccessible']
LPSE Kabupaten Rejang Lebong,LPSE Kabupaten Rejang Lebong,Pemerintah Kabupaten,Bengkulu,LPSE Kabupaten Rejang Lebong,https://lpse.rejanglebongkab.go.id/eproc4,lpse.rejanglebongkab.go.id,True,False,False,True,4.5u20240923,https://eproc.lkpp.go.id,2026-07-05T22:16:11+00:00,https://eproc.lkpp.go.id/lpse/index/7/0/1,http://eproc.lkpp.go.id/lpse/read/390/lpse-kabupaten-rejang-lebong,1,Bengkulu,registry card from eProc index; detail_url=http://eproc.lkpp.go.id/lpse/read/390/lpse-kabupaten-rejang-lebong,,False,False,False,False,True,1,['inactive_or_inaccessible']
LPSE Kabupaten Kaur,LPSE Kabupaten Kaur,Pemerintah Kabupaten,Bengkulu,LPSE Kabupaten Kaur,https://lpse.kaurkab.go.id/eproc4,lpse.kaurkab.go.id,True,False,False,True,4.5u20240923,https://eproc.lkpp.go.id,2026-07-05T22:16:11+00:00,https://eproc.lkpp.go.id/lpse/index/7/0/1,http://eproc.lkpp.go.id/lpse/read/431/lpse-kabupaten-kaur,1,Bengkulu,registry card from eProc index; detail_url=http://eproc.lkpp.go.id/lpse/read/431/lpse-kabupaten-kaur,,False,False,False,False,True,1,['inactive_or_inaccessible']
LPSE Kabupaten Bengkulu Tengah,LPSE Kabupaten Bengkulu Tengah,Pemerintah Kabupaten,Bengkulu,LPSE Kabupaten Bengkulu Tengah,http://lpse.bengkulutengahkab.go.id/eproc4,lpse.bengkulutengahkab.go.id,False,True,False,True,4.5u20240923,https://eproc.lkpp.go.id,2026-07-05T22:16:11+00:00,https://eproc.lkpp.go.id/lpse/index/7/0/1,http://eproc.lkpp.go.id/lpse/read/515/lpse-kabupaten-bengkulu-tengah,1,Bengkulu,registry card from eProc index; detail_url=http://eproc.lkpp.go.id/lpse/read/515/lpse-kabupaten-bengkulu-tengah,Bengkulu,False,False,False,False,True,1,['inactive_or_inaccessible']
LPSE Kabupaten Seluma,LPSE Kabupaten Seluma,Pemerintah Kabupaten,Bengkulu,LPSE Kabupaten Seluma,https://lpse.selumakab.go.id/eproc4,lpse.selumakab.go.id,True,True,False,True,4.5u20240923,https://eproc.lkpp.go.id,2026-07-05T22:16:12+00:00,https://eproc.lkpp.go.id/lpse/index/7/0/2,http://eproc.lkpp.go.id/lpse/read/564/lpse-kabupaten-seluma,2,Bengkulu,registry card from eProc index; detail_url=http://eproc.lkpp.go.id/lpse/read/564/lpse-kabupaten-seluma,,False,False,False,False,True,1,['inactive_or_inaccessible']
LPSE Provinsi Daerah Istimewa Yogyakarta,LPSE Provinsi Daerah Istimewa Yogyakarta,Pemerintah Provinsi,DI Yogyakarta,,https://spse.inaproc.id/jogjaprov,spse.inaproc.id,True,True,True,True,4.5u20240923,https://eproc.lkpp.go.id,2026-07-05T22:16:13+00:00,https://eproc.lkpp.go.id/lpse/index/14/0/1,http://eproc.lkpp.go.id/lpse/read/13/lpse-provinsi-daerah-istimewa-yogyakarta,1,DI Yogyakarta,registry card from eProc index; detail_url=http://eproc.lkpp.go.id/lpse/read/13/lpse-provinsi-daerah-istimewa-yogyakarta,,False,False,False,False,False,0,[]
LPSE Kota Yogyakarta,LPSE Kota Yogyakarta,Pemerintah Kota,DI Yogyakarta,LPSE Kota Yogyakarta,https://spse.inaproc.id/jogjakota,spse.inaproc.id,True,True,True,True,4.5u20240923,https://eproc.lkpp.go.id,2026-07-05T22:16:13+00:00,https://eproc.lkpp.go.id/lpse/index/14/0/1,http://eproc.lkpp.go.id/lpse/read/21/lpse-kota-yogyakarta,1,DI Yogyakarta,registry card from eProc index; detail_url=http://eproc.lkpp.go.id/lpse/read/21/lpse-kota-yogyakarta,,False,False,False,False,False,0,[]
LPSE Kabupaten Sleman,LPSE Kabupaten Sleman,Pemerintah Kabupaten,DI Yogyakarta,LPSE Kabupaten Sleman,https://spse.inaproc.id/slemankab,spse.inaproc.id,True,True,True,True,4.5u20240923,https://eproc.lkpp.go.id,2026-07-05T22:16:13+00:00,https://eproc.lkpp.go.id/lpse/index/14/0/1,http://eproc.lkpp.go.id/lpse/read/54/lpse-kabupaten-sleman,1,DI Yogyakarta,registry card from eProc index; detail_url=http://eproc.lkpp.go.id/lpse/read/54/lpse-kabupaten-sleman,,False,False,False,False,False,0,[]
LPSE Kabupaten Bantul,LPSE Kabupaten Bantul,Pemerintah Kabupaten,DI Yogyakarta,LPSE Kabupaten Bantul,https://spse.inaproc.id/bantulkab,spse.inaproc.id,True,True,True,True,4.5u20240923,https://eproc.lkpp.go.id,2026-07-05T22:16:13+00:00,https://eproc.lkpp.go.id/lpse/index/14/0/1,http://eproc.lkpp.go.id/lpse/read/285/lpse-kabupaten-bantul,1,DI Yogyakarta,registry card from eProc index; detail_url=http://eproc.lkpp.go.id/lpse/read/285/lpse-kabupaten-bantul,,False,False,False,False,False,0,[]
LPSE Kabupaten Kulon Progo,LPSE Kabupaten Kulon Progo,Pemerintah Kabupaten,DI Yogyakarta,LPSE Kabupaten Kulon Progo,http://lpse.kulonprogokab.go.id/eproc4,lpse.kulonprogokab.go.id,False,True,False,True,4.5u20240923,https://eproc.lkpp.go.id,2026-07-05T22:16:13+00:00,https://eproc.lkpp.go.id/lpse/index/14/0/1,http://eproc.lkpp.go.id/lpse/read/367/lpse-kabupaten-kulon-progo,1,DI Yogyakarta,registry card from eProc index; detail_url=http://eproc.lkpp.go.id/lpse/read/367/lpse-kabupaten-kulon-progo,,False,False,False,False,True,1,['inactive_or_inaccessible']
LPSE Polda D.I. Yogyakarta,LPSE Polda D.I. Yogyakarta,,DI Yogyakarta,,https://spse.inaproc.id/polri,spse.inaproc.id,True,True,True,True,4.5u20231030,https://eproc.lkpp.go.id,2026-07-05T22:16:13+00:00,https://eproc.lkpp.go.id/lpse/index/14/0/1,http://eproc.lkpp.go.id/lpse/read/530/lpse-polda-di-yogyakarta,1,DI Yogyakarta,registry card from eProc index; detail_url=http://eproc.lkpp.go.id/lpse/read/530/lpse-polda-di-yogyakarta,,False,False,False,False,False,0,[]
LPSE Kabupaten Gunungkidul,LPSE Kabupaten Gunungkidul,Pemerintah Kabupaten,DI Yogyakarta,LPSE Kabupaten Gunungkidul,https://lpse.gunungkidulkab.go.id/eproc4,lpse.gunungkidulkab.go.id,True,False,False,True,4.5u20240923,https://eproc.lkpp.go.id,2026-07-05T22:16:13+00:00,https://eproc.lkpp.go.id/lpse/index/14/0/1,http://eproc.lkpp.go.id/lpse/read/621/lpse-kabupaten-gunungkidul,1,DI Yogyakarta,registry card from eProc index; detail_url=http://eproc.lkpp.go.id/lpse/read/621/lpse-kabupaten-gunungkidul,,False,False,False,False,True,1,['inactive_or_inaccessible']
LPSE Kementerian Pendidikan dan Kebudayaan,LPSE Kementerian Pendidikan dan Kebudayaan,Kementerian,DKI Jakarta,,https://spse.inaproc.id/kemendikdasmen,spse.inaproc.id,True,True,True,True,4.5u20240923,https://eproc.lkpp.go.id,2026-07-05T22:16:14+00:00,https://eproc.lkpp.go.id/lpse/index/11/0/1,http://eproc.lkpp.go.id/lpse/read/25/lpse-kementerian-pendidikan-dan-kebudayaan,1,DKI Jakarta,registry card from eProc index; detail_url=http://eproc.lkpp.go.id/lpse/read/25/lpse-kementerian-pendidikan-dan-kebudayaan,,False,False,False,False,False,0,[]
LPSE (Archive) Kepolisian Republik Indonesia,LPSE (Archive) Kepolisian Republik Indonesia,,DKI Jakarta,,https://lpse-archive.polri.go.id/eproc4,lpse-archive.polri.go.id,True,False,False,True,4.5u20240722,https://eproc.lkpp.go.id,2026-07-05T22:16:14+00:00,https://eproc.lkpp.go.id/lpse/index/11/0/1,http://eproc.lkpp.go.id/lpse/read/44/lpse-archive-kepolisian-republik-indonesia,1,DKI Jakarta,registry card from eProc index; detail_url=http://eproc.lkpp.go.id/lpse/read/44/lpse-archive-kepolisian-republik-indonesia,,False,False,False,False,True,1,['inactive_or_inaccessible']
LPSE Kementerian Kesehatan Republik Indonesia,LPSE Kementerian Kesehatan Republik Indonesia,Kementerian,DKI Jakarta,,https://spse.inaproc.id/kemkes,spse.inaproc.id,True,True,True,True,4.5u20240923,https://eproc.lkpp.go.id,2026-07-05T22:16:14+00:00,https://eproc.lkpp.go.id/lpse/index/11/0/1,http://eproc.lkpp.go.id/lpse/read/47/lpse-kementerian-kesehatan-republik-indonesia,1,DKI Jakarta,registry card from eProc index; detail_url=http://eproc.lkpp.go.id/lpse/read/47/lpse-kementerian-kesehatan-republik-indonesia,,False,False,False,False,False,0,[]
LPSE Badan Kependudukan dan Keluarga Berencana Nasional,LPSE Badan Kependudukan dan Keluarga Berencana Nasional,,DKI Jakarta,,https://lpse.bkkbn.go.id/eproc4,lpse.bkkbn.go.id,True,False,False,True,,https://eproc.lkpp.go.id,2026-07-05T22:16:14+00:00,https://eproc.lkpp.go.id/lpse/index/11/0/2,http://eproc.lkpp.go.id/lpse/read/1040/lpse-badan-kependudukan-dan-keluarga-berencana-nasional,2,DKI Jakarta,registry card from eProc index; detail_url=http://eproc.lkpp.go.id/lpse/read/1040/lpse-badan-kependudukan-dan-keluarga-berencana-nasional,,False,False,False,True,True,2,"['missing_spse_version', 'inactive_or_inaccessible']"
LPSE Kementerian Koordinator Bidang Politik dan Keamanan,LPSE Kementerian Koordinator Bidang Politik dan Keamanan,Kementerian,DKI Jakarta,,https://spse.inaproc.id/polkam,spse.inaproc.id,True,True,True,True,,https://eproc.lkpp.go.id,2026-07-05T22:16:14+00:00,https://eproc.lkpp.go.id/lpse/index/11/0/2,http://eproc.lkpp.go.id/lpse/read/1149/lpse-kementerian-koordinator-bidang-politik-dan-keamanan,2,DKI Jakarta,registry card from eProc index; detail_url=http://eproc.lkpp.go.id/lpse/read/1149/lpse-kementerian-koordinator-bidang-politik-dan-keamanan,,False,False,False,True,False,1,['missing_spse_version']
"LPSE Kementerian Koordinator Bidang Hukum, Hak Asasi Manusia, Imigrasi, dan Pemasyarakatan","LPSE Kementerian Koordinator Bidang Hukum, Hak Asasi Manusia, Imigrasi, dan Pemasyarakatan",Kementerian,DKI Jakarta,,https://spse.inaproc.id/nasional,spse.inaproc.id,True,True,True,True,,https://eproc.lkpp.go.id,2026-07-05T22:16:14+00:00,https://eproc.lkpp.go.id/lpse/index/11/0/2,http://eproc.lkpp.go.id/lpse/read/1150/lpse-kementerian-koordinator-bidang-hukum-hak-asasi-manusia-imigrasi-dan-pemasyarakatan,2,DKI Jakarta,registry card from eProc index; detail_url=http://eproc.lkpp.go.id/lpse/read/1150/lpse-kementerian-koordinator-bidang-hukum-hak-asasi-manusia-imigrasi-dan-pemasyarakatan,,False,False,False,True,False,1,['missing_spse_version']
LPSE Kementerian Pendidikan Dasar Dan Menengah,LPSE Kementerian Pendidikan Dasar Dan Menengah,Kementerian,DKI Jakarta,,https://spse.inaproc.id/kemendikdasmen,spse.inaproc.id,True,True,True,True,,https://eproc.lkpp.go.id,2026-07-05T22:16:14+00:00,https://eproc.lkpp.go.id/lpse/index/11/0/2,http://eproc.lkpp.go.id/lpse/read/1163/lpse-kementerian-pendidikan-dasar-dan-menengah,2,DKI Jakarta,registry card from eProc index; detail_url=http://eproc.lkpp.go.id/lpse/read/1163/lpse-kementerian-pendidikan-dasar-dan-menengah,,False,False,False,True,False,1,['missing_spse_version']
LPSE Kementerian Pekerjaan Umum dan Perumahan Rakyat,LPSE Kementerian Pekerjaan Umum dan Perumahan Rakyat,Kementerian,DKI Jakarta,,https://spse.inaproc.id/pu,spse.inaproc.id,True,True,True,True,4.5u20240923,https://eproc.lkpp.go.id,2026-07-05T22:16:14+00:00,https://eproc.lkpp.go.id/lpse/index/11/0/2,http://eproc.lkpp.go.id/lpse/read/64/lpse-kementerian-pekerjaan-umum-dan-perumahan-rakyat,2,DKI Jakarta,registry card from eProc index; detail_url=http://eproc.lkpp.go.id/lpse/read/64/lpse-kementerian-pekerjaan-umum-dan-perumahan-rakyat,,False,False,False,False,False,0,[]
LPSE Kementerian Agraria dan Tata Ruang/BPN,LPSE Kementerian Agraria dan Tata Ruang/BPN,Kementerian,DKI Jakarta,,https://spse.inaproc.id/atrbpn,spse.inaproc.id,True,True,True,True,4.5u20240923,https://eproc.lkpp.go.id,2026-07-05T22:16:14+00:00,https://eproc.lkpp.go.id/lpse/index/11/0/2,http://eproc.lkpp.go.id/lpse/read/65/lpse-kementerian-agraria-dan-tata-ruangbpn,2,DKI Jakarta,registry card from eProc index; detail_url=http://eproc.lkpp.go.id/lpse/read/65/lpse-kementerian-agraria-dan-tata-ruangbpn,,False,False,False,False,False,0,[]
"LPSE Kementerian Usaha Mikro, Kecil, dan Menengah","LPSE Kementerian Usaha Mikro, Kecil, dan Menengah",Kementerian,DKI Jakarta,,https://spse.inaproc.id/kemenkopukm,spse.inaproc.id,True,True,True,True,,https://eproc.lkpp.go.id,2026-07-05T22:16:14+00:00,https://eproc.lkpp.go.id/lpse/index/11/0/2,http://eproc.lkpp.go.id/lpse/read/1157/lpse-kementerian-usaha-mikro-kecil-dan-menengah,2,DKI Jakarta,registry card from eProc index; detail_url=http://eproc.lkpp.go.id/lpse/read/1157/lpse-kementerian-usaha-mikro-kecil-dan-menengah,,False,False,False,True,False,1,['missing_spse_version']
LPSE Kementerian Perlindungan Pekerja Migran Indonesia,LPSE Kementerian Perlindungan Pekerja Migran Indonesia,Kementerian,DKI Jakarta,,https://spse.inaproc.id/kp2mi,spse.inaproc.id,True,False,True,True,,https://eproc.lkpp.go.id,2026-07-05T22:16:14+00:00,https://eproc.lkpp.go.id/lpse/index/11/0/2,http://eproc.lkpp.go.id/lpse/read/1158/lpse-kementerian-perlindungan-pekerja-migran-indonesia,2,DKI Jakarta,registry card from eProc index; detail_url=http://eproc.lkpp.go.id/lpse/read/1158/lpse-kementerian-perlindungan-pekerja-migran-indonesia,,False,False,False,True,True,2,"['missing_spse_version', 'inactive_or_inaccessible']"
LPSE Kementerian Pekerjaan Umum,LPSE Kementerian Pekerjaan Umum,Kementerian,DKI Jakarta,,https://spse.inaproc.id/pu,spse.inaproc.id,True,True,True,True,,https://eproc.lkpp.go.id,2026-07-05T22:16:14+00:00,https://eproc.lkpp.go.id/lpse/index/11/0/2,http://eproc.lkpp.go.id/lpse/read/1159/lpse-kementerian-pekerjaan-umum,2,DKI Jakarta,registry card from eProc index; detail_url=http://eproc.lkpp.go.id/lpse/read/1159/lpse-kementerian-pekerjaan-umum,,False,False,False,True,False,1,['missing_spse_version']
LPSE Kementerian Kehutanan,LPSE Kementerian Kehutanan,Kementerian,DKI Jakarta,,https://spse.inaproc.id/kehutanan,spse.inaproc.id,True,True,True,True,,https://eproc.lkpp.go.id,2026-07-05T22:16:14+00:00,https://eproc.lkpp.go.id/lpse/index/11/0/2,http://eproc.lkpp.go.id/lpse/read/1160/lpse-kementerian-kehutanan,2,DKI Jakarta,registry card from eProc index; detail_url=http://eproc.lkpp.go.id/lpse/read/1160/lpse-kementerian-kehutanan,,False,False,False,True,False,1,['missing_spse_version']
LPSE Kementerian Investasi dan Hilirisasi / Badan Koordinasi Penanaman Modal,LPSE Kementerian Investasi dan Hilirisasi / Badan Koordinasi Penanaman Modal,Kementerian,DKI Jakarta,,https://spse.inaproc.id/bkpm,spse.inaproc.id,True,True,True,True,,https://eproc.lkpp.go.id,2026-07-05T22:16:15+00:00,https://eproc.lkpp.go.id/lpse/index/11/0/3,http://eproc.lkpp.go.id/lpse/read/1162/lpse-kementerian-investasi-dan-hilirisasi-badan-koordinasi-penanaman-modal,3,DKI Jakarta,registry card from eProc index; detail_url=http://eproc.lkpp.go.id/lpse/read/1162/lpse-kementerian-investasi-dan-hilirisasi-badan-koordinasi-penanaman-modal,,False,False,False,True,False,1,['missing_spse_version']
LPSE Dewan Perwakilan Rakyat Republik Indonesia,LPSE Dewan Perwakilan Rakyat Republik Indonesia,,DKI Jakarta,,https://spse.inaproc.id/dpr,spse.inaproc.id,True,True,True,True,4.5u20240923,https://eproc.lkpp.go.id,2026-07-05T22:16:15+00:00,https://eproc.lkpp.go.id/lpse/index/11/0/3,http://eproc.lkpp.go.id/lpse/read/87/lpse-dewan-perwakilan-rakyat-republik-indonesia,3,DKI Jakarta,registry card from eProc index; detail_url=http://eproc.lkpp.go.id/lpse/read/87/lpse-dewan-perwakilan-rakyat-republik-indonesia,,False,False,False,False,False,0,[]
LPSE Mahkamah Konstitusi,LPSE Mahkamah Konstitusi,,DKI Jakarta,,https://spse.inaproc.id/mkri,spse.inaproc.id,True,True,True,True,4.5u20240923,https://eproc.lkpp.go.id,2026-07-05T22:16:15+00:00,https://eproc.lkpp.go.id/lpse/index/11/0/3,http://eproc.lkpp.go.id/lpse/read/95/lpse-mahkamah-konstitusi,3,DKI Jakarta,registry card from eProc index; detail_url=http://eproc.lkpp.go.id/lpse/read/95/lpse-mahkamah-konstitusi,,False,False,False,False,False,0,[]
LPSE Kementerian Dalam Negeri,LPSE Kementerian Dalam Negeri,Kementerian,DKI Jakarta,,https://spse.inaproc.id/kemendagri,spse.inaproc.id,True,True,True,True,4.5u20240923,https://eproc.lkpp.go.id,2026-07-05T22:16:15+00:00,https://eproc.lkpp.go.id/lpse/index/11/0/3,http://eproc.lkpp.go.id/lpse/read/105/lpse-kementerian-dalam-negeri,3,DKI Jakarta,registry card from eProc index; detail_url=http://eproc.lkpp.go.id/lpse/read/105/lpse-kementerian-dalam-negeri,,False,False,False,False,False,0,[]
LPSE Kementerian Energi dan Sumber Daya Mineral,LPSE Kementerian Energi dan Sumber Daya Mineral,Kementerian,DKI Jakarta,,https://spse.inaproc.id/esdm,spse.inaproc.id,True,True,True,True,4.5u20240923,https://eproc.lkpp.go.id,2026-07-05T22:16:15+00:00,https://eproc.lkpp.go.id/lpse/index/11/0/3,http://eproc.lkpp.go.id/lpse/read/109/lpse-kementerian-energi-dan-sumber-daya-mineral,3,DKI Jakarta,registry card from eProc index; detail_url=http://eproc.lkpp.go.id/lpse/read/109/lpse-kementerian-energi-dan-sumber-daya-mineral,,False,False,False,False,False,0,[]
LPSE Kementerian Perhubungan,LPSE Kementerian Perhubungan,Kementerian,DKI Jakarta,,https://spse.inaproc.id/dephub,spse.inaproc.id,True,True,True,True,4.5u20240923,https://eproc.lkpp.go.id,2026-07-05T22:16:15+00:00,https://eproc.lkpp.go.id/lpse/index/11/0/3,http://eproc.lkpp.go.id/lpse/read/114/lpse-kementerian-perhubungan,3,DKI Jakarta,registry card from eProc index; detail_url=http://eproc.lkpp.go.id/lpse/read/114/lpse-kementerian-perhubungan,,False,False,False,False,False,0,[]
LPSE Lembaga Kebijakan Pengadaan Barang/Jasa Pemerintah,LPSE Lembaga Kebijakan Pengadaan Barang/Jasa Pemerintah,Lembaga,DKI Jakarta,,https://spse.inaproc.id/lkpp,spse.inaproc.id,True,True,True,True,4.5u20240923,https://eproc.lkpp.go.id,2026-07-05T22:16:15+00:00,https://eproc.lkpp.go.id/lpse/index/11/0/3,http://eproc.lkpp.go.id/lpse/read/119/lpse-lembaga-kebijakan-pengadaan-barangjasa-pemerintah,3,DKI Jakarta,registry card from eProc index; detail_url=http://eproc.lkpp.go.id/lpse/read/119/lpse-lembaga-kebijakan-pengadaan-barangjasa-pemerintah,,False,False,False,False,False,0,[]
LPSE Radio Republik Indonesia,LPSE Radio Republik Indonesia,,DKI Jakarta,,https://lpse.lkpp.go.id/eproc4,lpse.lkpp.go.id,True,False,False,True,4.5u20240923,https://eproc.lkpp.go.id,2026-07-05T22:16:15+00:00,https://eproc.lkpp.go.id/lpse/index/11/0/3,http://eproc.lkpp.go.id/lpse/read/709/lpse-radio-republik-indonesia,3,DKI Jakarta,registry card from eProc index; detail_url=http://eproc.lkpp.go.id/lpse/read/709/lpse-radio-republik-indonesia,,False,False,False,False,True,1,['inactive_or_inaccessible']
LPSE Badan Pengawas Pemilihan Umum,LPSE Badan Pengawas Pemilihan Umum,,DKI Jakarta,,https://lpse.lkpp.go.id/eproc4,lpse.lkpp.go.id,True,False,False,True,4.5u20240923,https://eproc.lkpp.go.id,2026-07-05T22:16:15+00:00,https://eproc.lkpp.go.id/lpse/index/11/0/3,http://eproc.lkpp.go.id/lpse/read/1071/lpse-badan-pengawas-pemilihan-umum,3,DKI Jakarta,registry card from eProc index; detail_url=http://eproc.lkpp.go.id/lpse/read/1071/lpse-badan-pengawas-pemilihan-umum,,False,False,False,False,True,1,['inactive_or_inaccessible']
LPSE Kementerian Koordinator Perekonomian,LPSE Kementerian Koordinator Perekonomian,Kementerian,DKI Jakarta,,https://lpse.lkpp.go.id/eproc4,lpse.lkpp.go.id,True,False,False,True,4.5u20240923,https://eproc.lkpp.go.id,2026-07-05T22:16:15+00:00,https://eproc.lkpp.go.id/lpse/index/11/0/3,http://eproc.lkpp.go.id/lpse/read/1120/lpse-kementerian-koordinator-perekonomian,3,DKI Jakarta,registry card from eProc index; detail_url=http://eproc.lkpp.go.id/lpse/read/1120/lpse-kementerian-koordinator-perekonomian,,False,False,False,False,True,1,['inactive_or_inaccessible']
LPSE Provinsi Gorontalo,LPSE Provinsi Gorontalo,Pemerintah Provinsi,Gorontalo,,https://spse.inaproc.id/gorontaloprov,spse.inaproc.id,True,True,True,True,4.5u20240923,https://eproc.lkpp.go.id,2026-07-05T22:16:16+00:00,https://eproc.lkpp.go.id/lpse/index/28/0/1,http://eproc.lkpp.go.id/lpse/read/18/lpse-provinsi-gorontalo,1,Gorontalo,registry card from eProc index; detail_url=http://eproc.lkpp.go.id/lpse/read/18/lpse-provinsi-gorontalo,Gorontalo,False,False,False,False,False,0,[]
LPSE Kabupaten Pohuwato,LPSE Kabupaten Pohuwato,Pemerintah Kabupaten,Gorontalo,LPSE Kabupaten Pohuwato,https://spse.inaproc.id/pohuwatokab,spse.inaproc.id,True,True,True,True,4.5u20240923,https://eproc.lkpp.go.id,2026-07-05T22:16:16+00:00,https://eproc.lkpp.go.id/lpse/index/28/0/1,http://eproc.lkpp.go.id/lpse/read/325/lpse-kabupaten-pohuwato,1,Gorontalo,registry card from eProc index; detail_url=http://eproc.lkpp.go.id/lpse/read/325/lpse-kabupaten-pohuwato,,False,False,False,False,False,0,[]
LPSE Kabupaten Bone Bolango,LPSE Kabupaten Bone Bolango,Pemerintah Kabupaten,Gorontalo,LPSE Kabupaten Bone Bolango,http://lpse.bonebolangokab.go.id/eproc4,lpse.bonebolangokab.go.id,False,True,False,True,4.5u20240923,https://eproc.lkpp.go.id,2026-07-05T22:16:16+00:00,https://eproc.lkpp.go.id/lpse/index/28/0/1,http://eproc.lkpp.go.id/lpse/read/417/lpse-kabupaten-bone-bolango,1,Gorontalo,registry card from eProc index; detail_url=http://eproc.lkpp.go.id/lpse/read/417/lpse-kabupaten-bone-bolango,,False,False,False,False,True,1,['inactive_or_inaccessible']
LPSE Kabupaten Gorontalo Utara,LPSE Kabupaten Gorontalo Utara,Pemerintah Kabupaten,Gorontalo,LPSE Kabupaten Gorontalo Utara,https://lpse.gorutkab.go.id/eproc4,lpse.gorutkab.go.id,True,False,False,True,4.5u20240923,https://eproc.lkpp.go.id,2026-07-05T22:16:16+00:00,https://eproc.lkpp.go.id/lpse/index/28/0/1,http://eproc.lkpp.go.id/lpse/read/452/lpse-kabupaten-gorontalo-utara,1,Gorontalo,registry card from eProc index; detail_url=http://eproc.lkpp.go.id/lpse/read/452/lpse-kabupaten-gorontalo-utara,Gorontalo,False,False,False,False,True,1,['inactive_or_inaccessible']
LPSE Kabupaten Boalemo,LPSE Kabupaten Boalemo,Pemerintah Kabupaten,Gorontalo,LPSE Kabupaten Boalemo,https://lpse.boalemokab.go.id/eproc4,lpse.boalemokab.go.id,True,True,False,True,4.5u20240923,https://eproc.lkpp.go.id,2026-07-05T22:16:16+00:00,https://eproc.lkpp.go.id/lpse/index/28/0/1,http://eproc.lkpp.go.id/lpse/read/463/lpse-kabupaten-boalemo,1,Gorontalo,registry card from eProc index; detail_url=http://eproc.lkpp.go.id/lpse/read/463/lpse-kabupaten-boalemo,,False,False,False,False,True,1,['inactive_or_inaccessible']
LPSE Polda Gorontalo,LPSE Polda Gorontalo,,Gorontalo,,https://spse.inaproc.id/polri,spse.inaproc.id,True,True,True,True,4.5u20231030,https://eproc.lkpp.go.id,2026-07-05T22:16:16+00:00,https://eproc.lkpp.go.id/lpse/index/28/0/1,http://eproc.lkpp.go.id/lpse/read/531/lpse-polda-gorontalo,1,Gorontalo,registry card from eProc index; detail_url=http://eproc.lkpp.go.id/lpse/read/531/lpse-polda-gorontalo,Gorontalo,False,False,False,False,False,0,[]
LPSE Kabupaten Gorontalo,LPSE Kabupaten Gorontalo,Pemerintah Kabupaten,Gorontalo,LPSE Kabupaten Gorontalo,http://lpse.gorontalokab.go.id/eproc4,lpse.gorontalokab.go.id,False,True,False,True,4.5u20240923,https://eproc.lkpp.go.id,2026-07-05T22:16:16+00:00,https://eproc.lkpp.go.id/lpse/index/28/0/1,http://eproc.lkpp.go.id/lpse/read/606/lpse-kabupaten-gorontalo,1,Gorontalo,registry card from eProc index; detail_url=http://eproc.lkpp.go.id/lpse/read/606/lpse-kabupaten-gorontalo,Gorontalo,False,False,False,False,True,1,['inactive_or_inaccessible']
LPSE Kota Gorontalo,LPSE Kota Gorontalo,Pemerintah Kota,Gorontalo,LPSE Kota Gorontalo,https://lpse.gorontalokota.go.id/eproc4,lpse.gorontalokota.go.id,True,True,False,True,4.5u20240923,https://eproc.lkpp.go.id,2026-07-05T22:16:16+00:00,https://eproc.lkpp.go.id/lpse/index/28/0/1,http://eproc.lkpp.go.id/lpse/read/685/lpse-kota-gorontalo,1,Gorontalo,registry card from eProc index; detail_url=http://eproc.lkpp.go.id/lpse/read/685/lpse-kota-gorontalo,Gorontalo,False,False,False,False,True,1,['inactive_or_inaccessible']
LPSE Provinsi Jambi,LPSE Provinsi Jambi,Pemerintah Provinsi,Jambi,,https://spse.inaproc.id/jambiprov,spse.inaproc.id,True,True,True,True,4.5u20240923,https://eproc.lkpp.go.id,2026-07-05T22:16:17+00:00,https://eproc.lkpp.go.id/lpse/index/5/0/1,http://eproc.lkpp.go.id/lpse/read/70/lpse-provinsi-jambi,1,Jambi,registry card from eProc index; detail_url=http://eproc.lkpp.go.id/lpse/read/70/lpse-provinsi-jambi,Jambi,False,False,False,False,False,0,[]
LPSE Kabupaten Kerinci,LPSE Kabupaten Kerinci,Pemerintah Kabupaten,Jambi,LPSE Kabupaten Kerinci,https://spse.inaproc.id/kerincikab,spse.inaproc.id,True,True,True,True,4.5u20240923,https://eproc.lkpp.go.id,2026-07-05T22:16:17+00:00,https://eproc.lkpp.go.id/lpse/index/5/0/1,http://eproc.lkpp.go.id/lpse/read/155/lpse-kabupaten-kerinci,1,Jambi,registry card from eProc index; detail_url=http://eproc.lkpp.go.id/lpse/read/155/lpse-kabupaten-kerinci,,False,False,False,False,False,0,[]
LPSE Kabupaten Batanghari,LPSE Kabupaten Batanghari,Pemerintah Kabupaten,Jambi,LPSE Kabupaten Batanghari,https://spse.inaproc.id/batangharikab,spse.inaproc.id,True,True,True,True,4.5u20240923,https://eproc.lkpp.go.id,2026-07-05T22:16:17+00:00,https://eproc.lkpp.go.id/lpse/index/5/0/1,http://eproc.lkpp.go.id/lpse/read/226/lpse-kabupaten-batanghari,1,Jambi,registry card from eProc index; detail_url=http://eproc.lkpp.go.id/lpse/read/226/lpse-kabupaten-batanghari,,False,False,False,False,False,0,[]
LPSE Kabupaten Sarolangun,LPSE Kabupaten Sarolangun,Pemerintah Kabupaten,Jambi,LPSE Kabupaten Sarolangun,https://spse.inaproc.id/sarolangunkab,spse.inaproc.id,True,True,True,True,4.5u20240923,https://eproc.lkpp.go.id,2026-07-05T22:16:17+00:00,https://eproc.lkpp.go.id/lpse/index/5/0/1,http://eproc.lkpp.go.id/lpse/read/230/lpse-kabupaten-sarolangun,1,Jambi,registry card from eProc index; detail_url=http://eproc.lkpp.go.id/lpse/read/230/lpse-kabupaten-sarolangun,,False,False,False,False,False,0,[]
LPSE Kota Jambi,LPSE Kota Jambi,Pemerintah Kota,Jambi,LPSE Kota Jambi,https://spse.inaproc.id/jambikota,spse.inaproc.id,True,True,True,True,4.5u20240923,https://eproc.lkpp.go.id,2026-07-05T22:16:17+00:00,https://eproc.lkpp.go.id/lpse/index/5/0/1,http://eproc.lkpp.go.id/lpse/read/259/lpse-kota-jambi,1,Jambi,registry card from eProc index; detail_url=http://eproc.lkpp.go.id/lpse/read/259/lpse-kota-jambi,Jambi,False,False,False,False,False,0,[]
LPSE Kabupaten Muaro Jambi,LPSE Kabupaten Muaro Jambi,Pemerintah Kabupaten,Jambi,LPSE Kabupaten Muaro Jambi,https://spse.inaproc.id/muarojambikab,spse.inaproc.id,True,True,True,True,4.5u20240923,https://eproc.lkpp.go.id,2026-07-05T22:16:17+00:00,https://eproc.lkpp.go.id/lpse/index/5/0/1,http://eproc.lkpp.go.id/lpse/read/269/lpse-kabupaten-muaro-jambi,1,Jambi,registry card from eProc index; detail_url=http://eproc.lkpp.go.id/lpse/read/269/lpse-kabupaten-muaro-jambi,Jambi,False,False,False,False,False,0,[]
LPSE Kabupaten Tanjung Jabung Barat,LPSE Kabupaten Tanjung Jabung Barat,Pemerintah Kabupaten,Jambi,LPSE Kabupaten Tanjung Jabung Barat,https://spse.inaproc.id/tanjabbarkab,spse.inaproc.id,True,True,True,True,4.5u20240923,https://eproc.lkpp.go.id,2026-07-05T22:16:17+00:00,https://eproc.lkpp.go.id/lpse/index/5/0/1,http://eproc.lkpp.go.id/lpse/read/290/lpse-kabupaten-tanjung-jabung-barat,1,Jambi,registry card from eProc index; detail_url=http://eproc.lkpp.go.id/lpse/read/290/lpse-kabupaten-tanjung-jabung-barat,,False,False,False,False,False,0,[]
LPSE Kabupaten Tebo,LPSE Kabupaten Tebo,Pemerintah Kabupaten,Jambi,LPSE Kabupaten Tebo,https://spse.inaproc.id/tebokab,spse.inaproc.id,True,True,True,True,4.5u20240923,https://eproc.lkpp.go.id,2026-07-05T22:16:17+00:00,https://eproc.lkpp.go.id/lpse/index/5/0/1,http://eproc.lkpp.go.id/lpse/read/326/lpse-kabupaten-tebo,1,Jambi,registry card from eProc index; detail_url=http://eproc.lkpp.go.id/lpse/read/326/lpse-kabupaten-tebo,,False,False,False,False,False,0,[]
LPSE Kabupaten Tanjung Jabung Timur,LPSE Kabupaten Tanjung Jabung Timur,Pemerintah Kabupaten,Jambi,LPSE Kabupaten Tanjung Jabung Timur,https://spse.inaproc.id/tanjabtimkab,spse.inaproc.id,True,True,True,True,4.5u20240923,https://eproc.lkpp.go.id,2026-07-05T22:16:17+00:00,https://eproc.lkpp.go.id/lpse/index/5/0/1,http://eproc.lkpp.go.id/lpse/read/331/lpse-kabupaten-tanjung-jabung-timur,1,Jambi,registry card from eProc index; detail_url=http://eproc.lkpp.go.id/lpse/read/331/lpse-kabupaten-tanjung-jabung-timur,,False,False,False,False,False,0,[]
LPSE Kabupaten Bungo,LPSE Kabupaten Bungo,Pemerintah Kabupaten,Jambi,LPSE Kabupaten Bungo,http://lpse.bungokab.go.id/eproc4,lpse.bungokab.go.id,False,True,False,True,4.5u20240923,https://eproc.lkpp.go.id,2026-07-05T22:16:17+00:00,https://eproc.lkpp.go.id/lpse/index/5/0/1,http://eproc.lkpp.go.id/lpse/read/425/lpse-kabupaten-bungo,1,Jambi,registry card from eProc index; detail_url=http://eproc.lkpp.go.id/lpse/read/425/lpse-kabupaten-bungo,,False,False,False,False,True,1,['inactive_or_inaccessible']
LPSE Kota Sungai Penuh,LPSE Kota Sungai Penuh,Pemerintah Kota,Jambi,LPSE Kota Sungai Penuh,https://lpse.sungaipenuhkota.go.id/eproc4,lpse.sungaipenuhkota.go.id,True,True,False,True,4.5u20240923,https://eproc.lkpp.go.id,2026-07-05T22:16:17+00:00,https://eproc.lkpp.go.id/lpse/index/5/0/2,http://eproc.lkpp.go.id/lpse/read/450/lpse-kota-sungai-penuh,2,Jambi,registry card from eProc index; detail_url=http://eproc.lkpp.go.id/lpse/read/450/lpse-kota-sungai-penuh,,False,False,False,False,True,1,['inactive_or_inaccessible']
LPSE Kabupaten Merangin,LPSE Kabupaten Merangin,Pemerintah Kabupaten,Jambi,LPSE Kabupaten Merangin,http://lpse.meranginkab.go.id/eproc4,lpse.meranginkab.go.id,False,True,False,True,4.5u20240923,https://eproc.lkpp.go.id,2026-07-05T22:16:17+00:00,https://eproc.lkpp.go.id/lpse/index/5/0/2,http://eproc.lkpp.go.id/lpse/read/614/lpse-kabupaten-merangin,2,Jambi,registry card from eProc index; detail_url=http://eproc.lkpp.go.id/lpse/read/614/lpse-kabupaten-merangin,,False,False,False,False,True,1,['inactive_or_inaccessible']
LPSE Provinsi Jawa Barat,LPSE Provinsi Jawa Barat,Pemerintah Provinsi,Jawa Barat,,https://spse.inaproc.id/jabarprov,spse.inaproc.id,True,True,True,True,4.5u20240923,https://eproc.lkpp.go.id,2026-07-05T22:16:18+00:00,https://eproc.lkpp.go.id/lpse/index/12/0/1,http://eproc.lkpp.go.id/lpse/read/14/lpse-provinsi-jawa-barat,1,Jawa Barat,registry card from eProc index; detail_url=http://eproc.lkpp.go.id/lpse/read/14/lpse-provinsi-jawa-barat,Jawa Barat,False,False,False,False,False,0,[]
LPSE Kota Cirebon,LPSE Kota Cirebon,Pemerintah Kota,Jawa Barat,LPSE Kota Cirebon,https://lpse.jabarprov.go.id/eproc4,lpse.jabarprov.go.id,True,False,False,True,4.5u20240923,https://eproc.lkpp.go.id,2026-07-05T22:16:18+00:00,https://eproc.lkpp.go.id/lpse/index/12/0/1,http://eproc.lkpp.go.id/lpse/read/503/lpse-kota-cirebon,1,Jawa Barat,registry card from eProc index; detail_url=http://eproc.lkpp.go.id/lpse/read/503/lpse-kota-cirebon,,False,False,False,False,True,1,['inactive_or_inaccessible']
LPSE Kabupaten Garut,LPSE Kabupaten Garut,Pemerintah Kabupaten,Jawa Barat,LPSE Kabupaten Garut,https://lpse.jabarprov.go.id/eproc4,lpse.jabarprov.go.id,True,False,False,True,4.5u20240923,https://eproc.lkpp.go.id,2026-07-05T22:16:18+00:00,https://eproc.lkpp.go.id/lpse/index/12/0/1,http://eproc.lkpp.go.id/lpse/read/1007/lpse-kabupaten-garut,1,Jawa Barat,registry card from eProc index; detail_url=http://eproc.lkpp.go.id/lpse/read/1007/lpse-kabupaten-garut,,False,False,False,False,True,1,['inactive_or_inaccessible']
LPSE Kabupaten Pangandaran,LPSE Kabupaten Pangandaran,Pemerintah Kabupaten,Jawa Barat,LPSE Kabupaten Pangandaran,https://lpse.jabarprov.go.id/eproc4,lpse.jabarprov.go.id,True,False,False,True,4.5u20240923,https://eproc.lkpp.go.id,2026-07-05T22:16:18+00:00,https://eproc.lkpp.go.id/lpse/index/12/0/1,http://eproc.lkpp.go.id/lpse/read/1052/lpse-kabupaten-pangandaran,1,Jawa Barat,registry card from eProc index; detail_url=http://eproc.lkpp.go.id/lpse/read/1052/lpse-kabupaten-pangandaran,,False,False,False,False,True,1,['inactive_or_inaccessible']
LPSE Kota Sukabumi,LPSE Kota Sukabumi,Pemerintah Kota,Jawa Barat,LPSE Kota Sukabumi,https://lpse.jabarprov.go.id/eproc4,lpse.jabarprov.go.id,True,False,False,True,4.5u20240923,https://eproc.lkpp.go.id,2026-07-05T22:16:18+00:00,https://eproc.lkpp.go.id/lpse/index/12/0/1,http://eproc.lkpp.go.id/lpse/read/1053/lpse-kota-sukabumi,1,Jawa Barat,registry card from eProc index; detail_url=http://eproc.lkpp.go.id/lpse/read/1053/lpse-kota-sukabumi,,False,False,False,False,True,1,['inactive_or_inaccessible']
LPSE Kota Depok,LPSE Kota Depok,Pemerintah Kota,Jawa Barat,LPSE Kota Depok,https://spse.inaproc.id/depok,spse.inaproc.id,True,True,True,True,4.5u20240923,https://eproc.lkpp.go.id,2026-07-05T22:16:18+00:00,https://eproc.lkpp.go.id/lpse/index/12/0/1,http://eproc.lkpp.go.id/lpse/read/34/lpse-kota-depok,1,Jawa Barat,registry card from eProc index; detail_url=http://eproc.lkpp.go.id/lpse/read/34/lpse-kota-depok,,False,False,False,False,False,0,[]
LPSE Kabupaten Bandung,LPSE Kabupaten Bandung,Pemerintah Kabupaten,Jawa Barat,LPSE Kabupaten Bandung,https://spse.inaproc.id/bandungkab,spse.inaproc.id,True,True,True,True,4.5u20240923,https://eproc.lkpp.go.id,2026-07-05T22:16:18+00:00,https://eproc.lkpp.go.id/lpse/index/12/0/1,http://eproc.lkpp.go.id/lpse/read/93/lpse-kabupaten-bandung,1,Jawa Barat,registry card from eProc index; detail_url=http://eproc.lkpp.go.id/lpse/read/93/lpse-kabupaten-bandung,,False,False,False,False,False,0,[]
LPSE Kota Bogor,LPSE Kota Bogor,Pemerintah Kota,Jawa Barat,LPSE Kota Bogor,https://spse.inaproc.id/kotabogor,spse.inaproc.id,True,True,True,True,4.5u20240923,https://eproc.lkpp.go.id,2026-07-05T22:16:18+00:00,https://eproc.lkpp.go.id/lpse/index/12/0/1,http://eproc.lkpp.go.id/lpse/read/163/lpse-kota-bogor,1,Jawa Barat,registry card from eProc index; detail_url=http://eproc.lkpp.go.id/lpse/read/163/lpse-kota-bogor,,False,False,False,False,False,0,[]
LPSE Universitas Indonesia,LPSE Universitas Indonesia,Perguruan Tinggi,Jawa Barat,,https://lpse.ui.ac.id/eproc4,lpse.ui.ac.id,True,False,False,True,4.5u20240522,https://eproc.lkpp.go.id,2026-07-05T22:16:18+00:00,https://eproc.lkpp.go.id/lpse/index/12/0/1,http://eproc.lkpp.go.id/lpse/read/190/lpse-universitas-indonesia,1,Jawa Barat,registry card from eProc index; detail_url=http://eproc.lkpp.go.id/lpse/read/190/lpse-universitas-indonesia,,False,False,False,False,True,1,['inactive_or_inaccessible']
LPSE Kabupaten Majalengka,LPSE Kabupaten Majalengka,Pemerintah Kabupaten,Jawa Barat,LPSE Kabupaten Majalengka,https://spse.inaproc.id/majalengkakab,spse.inaproc.id,True,True,True,True,4.5u20240923,https://eproc.lkpp.go.id,2026-07-05T22:16:18+00:00,https://eproc.lkpp.go.id/lpse/index/12/0/1,http://eproc.lkpp.go.id/lpse/read/253/lpse-kabupaten-majalengka,1,Jawa Barat,registry card from eProc index; detail_url=http://eproc.lkpp.go.id/lpse/read/253/lpse-kabupaten-majalengka,,False,False,False,False,False,0,[]
LPSE Kota Bandung,LPSE Kota Bandung,Pemerintah Kota,Jawa Barat,LPSE Kota Bandung,https://spse.inaproc.id/bandung,spse.inaproc.id,True,True,True,True,4.5u20240923,https://eproc.lkpp.go.id,2026-07-05T22:16:19+00:00,https://eproc.lkpp.go.id/lpse/index/12/0/2,http://eproc.lkpp.go.id/lpse/read/260/lpse-kota-bandung,2,Jawa Barat,registry card from eProc index; detail_url=http://eproc.lkpp.go.id/lpse/read/260/lpse-kota-bandung,,False,False,False,False,False,0,[]
LPSE Kota Cimahi,LPSE Kota Cimahi,Pemerintah Kota,Jawa Barat,LPSE Kota Cimahi,https://spse.inaproc.id/cimahikota,spse.inaproc.id,True,True,True,True,4.5u20240923,https://eproc.lkpp.go.id,2026-07-05T22:16:19+00:00,https://eproc.lkpp.go.id/lpse/index/12/0/2,http://eproc.lkpp.go.id/lpse/read/299/lpse-kota-cimahi,2,Jawa Barat,registry card from eProc index; detail_url=http://eproc.lkpp.go.id/lpse/read/299/lpse-kota-cimahi,,False,False,False,False,False,0,[]
LPSE Kabupaten Tasikmalaya,LPSE Kabupaten Tasikmalaya,Pemerintah Kabupaten,Jawa Barat,LPSE Kabupaten Tasikmalaya,https://spse.inaproc.id/tasikmalayakab,spse.inaproc.id,True,True,True,True,4.5u20240923,https://eproc.lkpp.go.id,2026-07-05T22:16:19+00:00,https://eproc.lkpp.go.id/lpse/index/12/0/2,http://eproc.lkpp.go.id/lpse/read/332/lpse-kabupaten-tasikmalaya,2,Jawa Barat,registry card from eProc index; detail_url=http://eproc.lkpp.go.id/lpse/read/332/lpse-kabupaten-tasikmalaya,,False,False,False,False,False,0,[]
LPSE Kabupaten Kuningan,LPSE Kabupaten Kuningan,Pemerintah Kabupaten,Jawa Barat,LPSE Kabupaten Kuningan,https://spse.inaproc.id/kuningankab,spse.inaproc.id,True,True,True,True,4.5u20240923,https://eproc.lkpp.go.id,2026-07-05T22:16:19+00:00,https://eproc.lkpp.go.id/lpse/index/12/0/2,http://eproc.lkpp.go.id/lpse/read/339/lpse-kabupaten-kuningan,2,Jawa Barat,registry card from eProc index; detail_url=http://eproc.lkpp.go.id/lpse/read/339/lpse-kabupaten-kuningan,,False,False,False,False,False,0,[]
LPSE Kabupaten Bekasi,LPSE Kabupaten Bekasi,Pemerintah Kabupaten,Jawa Barat,LPSE Kabupaten Bekasi,https://spse.inaproc.id/bekasikab,spse.inaproc.id,True,True,True,True,4.5u20240923,https://eproc.lkpp.go.id,2026-07-05T22:16:19+00:00,https://eproc.lkpp.go.id/lpse/index/12/0/2,http://eproc.lkpp.go.id/lpse/read/352/lpse-kabupaten-bekasi,2,Jawa Barat,registry card from eProc index; detail_url=http://eproc.lkpp.go.id/lpse/read/352/lpse-kabupaten-bekasi,,False,False,False,False,False,0,[]
LPSE Kota Bekasi,LPSE Kota Bekasi,Pemerintah Kota,Jawa Barat,LPSE Kota Bekasi,http://lpse.bekasikota.go.id/eproc4,lpse.bekasikota.go.id,False,True,False,True,4.5u20240923,https://eproc.lkpp.go.id,2026-07-05T22:16:19+00:00,https://eproc.lkpp.go.id/lpse/index/12/0/2,http://eproc.lkpp.go.id/lpse/read/359/lpse-kota-bekasi,2,Jawa Barat,registry card from eProc index; detail_url=http://eproc.lkpp.go.id/lpse/read/359/lpse-kota-bekasi,,False,False,False,False,True,1,['inactive_or_inaccessible']
LPSE Kabupaten Cirebon,LPSE Kabupaten Cirebon,Pemerintah Kabupaten,Jawa Barat,LPSE Kabupaten Cirebon,http://lpse.cirebonkab.go.id/eproc4,lpse.cirebonkab.go.id,False,True,False,True,4.5u20240923,https://eproc.lkpp.go.id,2026-07-05T22:16:19+00:00,https://eproc.lkpp.go.id/lpse/index/12/0/2,http://eproc.lkpp.go.id/lpse/read/398/lpse-kabupaten-cirebon,2,Jawa Barat,registry card from eProc index; detail_url=http://eproc.lkpp.go.id/lpse/read/398/lpse-kabupaten-cirebon,,False,False,False,False,True,1,['inactive_or_inaccessible']
LPSE Badan Informasi Geospasial,LPSE Badan Informasi Geospasial,,Jawa Barat,,https://lpse.big.go.id/eproc4,lpse.big.go.id,True,False,False,True,4.5u20240923,https://eproc.lkpp.go.id,2026-07-05T22:16:19+00:00,https://eproc.lkpp.go.id/lpse/index/12/0/2,http://eproc.lkpp.go.id/lpse/read/399/lpse-badan-informasi-geospasial,2,Jawa Barat,registry card from eProc index; detail_url=http://eproc.lkpp.go.id/lpse/read/399/lpse-badan-informasi-geospasial,,False,False,False,False,True,1,['inactive_or_inaccessible']
LPSE Kabupaten Cianjur,LPSE Kabupaten Cianjur,Pemerintah Kabupaten,Jawa Barat,LPSE Kabupaten Cianjur,http://lpse.cianjurkab.go.id/eproc4,lpse.cianjurkab.go.id,False,True,False,True,4.5u20240923,https://eproc.lkpp.go.id,2026-07-05T22:16:19+00:00,https://eproc.lkpp.go.id/lpse/index/12/0/2,http://eproc.lkpp.go.id/lpse/read/418/lpse-kabupaten-cianjur,2,Jawa Barat,registry card from eProc index; detail_url=http://eproc.lkpp.go.id/lpse/read/418/lpse-kabupaten-cianjur,,False,False,False,False,True,1,['inactive_or_inaccessible']
LPSE Kota Banjar,LPSE Kota Banjar,Pemerintah Kota,Jawa Barat,LPSE Kota Banjar,http://lpse.banjarkota.go.id/eproc4,lpse.banjarkota.go.id,False,True,False,True,4.5u20240923,https://eproc.lkpp.go.id,2026-07-05T22:16:19+00:00,https://eproc.lkpp.go.id/lpse/index/12/0/2,http://eproc.lkpp.go.id/lpse/read/428/lpse-kota-banjar,2,Jawa Barat,registry card from eProc index; detail_url=http://eproc.lkpp.go.id/lpse/read/428/lpse-kota-banjar,,False,False,False,False,True,1,['inactive_or_inaccessible']
LPSE Kabupaten Sumedang,LPSE Kabupaten Sumedang,Pemerintah Kabupaten,Jawa Barat,LPSE Kabupaten Sumedang,http://lpse.sumedangkab.go.id/eproc4,lpse.sumedangkab.go.id,False,True,False,True,4.5u20240923,https://eproc.lkpp.go.id,2026-07-05T22:16:20+00:00,https://eproc.lkpp.go.id/lpse/index/12/0/3,http://eproc.lkpp.go.id/lpse/read/432/lpse-kabupaten-sumedang,3,Jawa Barat,registry card from eProc index; detail_url=http://eproc.lkpp.go.id/lpse/read/432/lpse-kabupaten-sumedang,,False,False,False,False,True,1,['inactive_or_inaccessible']
LPSE Kota Tasikmalaya,LPSE Kota Tasikmalaya,Pemerintah Kota,Jawa Barat,LPSE Kota Tasikmalaya,http://lpse.tasikmalayakota.go.id/eproc4,lpse.tasikmalayakota.go.id,False,True,False,True,4.5u20240814,https://eproc.lkpp.go.id,2026-07-05T22:16:20+00:00,https://eproc.lkpp.go.id/lpse/index/12/0/3,http://eproc.lkpp.go.id/lpse/read/440/lpse-kota-tasikmalaya,3,Jawa Barat,registry card from eProc index; detail_url=http://eproc.lkpp.go.id/lpse/read/440/lpse-kota-tasikmalaya,,False,False,False,False,True,1,['inactive_or_inaccessible']
LPSE Badan Siber dan Sandi Negara,LPSE Badan Siber dan Sandi Negara,,Jawa Barat,,https://lpse.bssn.go.id/eproc4,lpse.bssn.go.id,True,True,False,True,4.5u20240923,https://eproc.lkpp.go.id,2026-07-05T22:16:20+00:00,https://eproc.lkpp.go.id/lpse/index/12/0/3,http://eproc.lkpp.go.id/lpse/read/491/lpse-badan-siber-dan-sandi-negara,3,Jawa Barat,registry card from eProc index; detail_url=http://eproc.lkpp.go.id/lpse/read/491/lpse-badan-siber-dan-sandi-negara,,False,False,False,False,True,1,['inactive_or_inaccessible']
LPSE Kabupaten Indramayu,LPSE Kabupaten Indramayu,Pemerintah Kabupaten,Jawa Barat,LPSE Kabupaten Indramayu,https://lpse.indramayukab.go.id/eproc4,lpse.indramayukab.go.id,True,True,False,True,4.5u20240923,https://eproc.lkpp.go.id,2026-07-05T22:16:20+00:00,https://eproc.lkpp.go.id/lpse/index/12/0/3,http://eproc.lkpp.go.id/lpse/read/589/lpse-kabupaten-indramayu,3,Jawa Barat,registry card from eProc index; detail_url=http://eproc.lkpp.go.id/lpse/read/589/lpse-kabupaten-indramayu,,False,False,False,False,True,1,['inactive_or_inaccessible']
LPSE Kabupaten Bogor,LPSE Kabupaten Bogor,Pemerintah Kabupaten,Jawa Barat,LPSE Kabupaten Bogor,https://lpse.bogorkab.go.id/eproc4,lpse.bogorkab.go.id,True,False,False,True,4.5u20240923,https://eproc.lkpp.go.id,2026-07-05T22:16:20+00:00,https://eproc.lkpp.go.id/lpse/index/12/0/3,http://eproc.lkpp.go.id/lpse/read/601/lpse-kabupaten-bogor,3,Jawa Barat,registry card from eProc index; detail_url=http://eproc.lkpp.go.id/lpse/read/601/lpse-kabupaten-bogor,,False,False,False,False,True,1,['inactive_or_inaccessible']
LPSE Kabupaten Sukabumi,LPSE Kabupaten Sukabumi,Pemerintah Kabupaten,Jawa Barat,LPSE Kabupaten Sukabumi,http://lpse.sukabumikab.go.id/eproc4,lpse.sukabumikab.go.id,False,True,False,True,4.5u20240923,https://eproc.lkpp.go.id,2026-07-05T22:16:20+00:00,https://eproc.lkpp.go.id/lpse/index/12/0/3,http://eproc.lkpp.go.id/lpse/read/609/lpse-kabupaten-sukabumi,3,Jawa Barat,registry card from eProc index; detail_url=http://eproc.lkpp.go.id/lpse/read/609/lpse-kabupaten-sukabumi,,False,False,False,False,True,1,['inactive_or_inaccessible']
LPSE Kabupaten Purwakarta,LPSE Kabupaten Purwakarta,Pemerintah Kabupaten,Jawa Barat,LPSE Kabupaten Purwakarta,https://lpse.purwakartakab.go.id/eproc4,lpse.purwakartakab.go.id,True,False,False,True,4.5u20240923,https://eproc.lkpp.go.id,2026-07-05T22:16:20+00:00,https://eproc.lkpp.go.id/lpse/index/12/0/3,http://eproc.lkpp.go.id/lpse/read/667/lpse-kabupaten-purwakarta,3,Jawa Barat,registry card from eProc index; detail_url=http://eproc.lkpp.go.id/lpse/read/667/lpse-kabupaten-purwakarta,,False,False,False,False,True,1,['inactive_or_inaccessible']
LPSE Kabupaten Ciamis,LPSE Kabupaten Ciamis,Pemerintah Kabupaten,Jawa Barat,LPSE Kabupaten Ciamis,https://lpse.ciamiskab.go.id/eproc4,lpse.ciamiskab.go.id,True,False,False,True,4.5u20240923,https://eproc.lkpp.go.id,2026-07-05T22:16:20+00:00,https://eproc.lkpp.go.id/lpse/index/12/0/3,http://eproc.lkpp.go.id/lpse/read/672/lpse-kabupaten-ciamis,3,Jawa Barat,registry card from eProc index; detail_url=http://eproc.lkpp.go.id/lpse/read/672/lpse-kabupaten-ciamis,,False,False,False,False,True,1,['inactive_or_inaccessible']
LPSE Kabupaten Bandung Barat,LPSE Kabupaten Bandung Barat,Pemerintah Kabupaten,Jawa Barat,LPSE Kabupaten Bandung Barat,https://lpse.bandungbaratkab.go.id/eproc4,lpse.bandungbaratkab.go.id,True,True,False,True,4.5u20240923,https://eproc.lkpp.go.id,2026-07-05T22:16:20+00:00,https://eproc.lkpp.go.id/lpse/index/12/0/3,http://eproc.lkpp.go.id/lpse/read/703/lpse-kabupaten-bandung-barat,3,Jawa Barat,registry card from eProc index; detail_url=http://eproc.lkpp.go.id/lpse/read/703/lpse-kabupaten-bandung-barat,,False,False,False,False,True,1,['inactive_or_inaccessible']
LPSE Kabupaten Subang,LPSE Kabupaten Subang,Pemerintah Kabupaten,Jawa Barat,LPSE Kabupaten Subang,https://lpse.subang.go.id/eproc4,lpse.subang.go.id,True,False,False,True,4.5u20240923,https://eproc.lkpp.go.id,2026-07-05T22:16:20+00:00,https://eproc.lkpp.go.id/lpse/index/12/0/3,http://eproc.lkpp.go.id/lpse/read/710/lpse-kabupaten-subang,3,Jawa Barat,registry card from eProc index; detail_url=http://eproc.lkpp.go.id/lpse/read/710/lpse-kabupaten-subang,,False,False,False,False,True,1,['inactive_or_inaccessible']
LPSE Universitas Diponegoro,LPSE Universitas Diponegoro,Perguruan Tinggi,Jawa Tengah,,https://spse.inaproc.id/undip,spse.inaproc.id,True,True,True,True,4.5u20240614,https://eproc.lkpp.go.id,2026-07-05T22:16:21+00:00,https://eproc.lkpp.go.id/lpse/index/13/0/1,http://eproc.lkpp.go.id/lpse/read/29/lpse-universitas-diponegoro,1,Jawa Tengah,registry card from eProc index; detail_url=http://eproc.lkpp.go.id/lpse/read/29/lpse-universitas-diponegoro,,False,False,False,False,False,0,[]
LPSE Kabupaten Semarang,LPSE Kabupaten Semarang,Pemerintah Kabupaten,Jawa Tengah,LPSE Kabupaten Semarang,https://spse.inaproc.id/semarangkab,spse.inaproc.id,True,True,True,True,4.5u20240923,https://eproc.lkpp.go.id,2026-07-05T22:16:21+00:00,https://eproc.lkpp.go.id/lpse/index/13/0/1,http://eproc.lkpp.go.id/lpse/read/32/lpse-kabupaten-semarang,1,Jawa Tengah,registry card from eProc index; detail_url=http://eproc.lkpp.go.id/lpse/read/32/lpse-kabupaten-semarang,,False,False,False,False,False,0,[]
LPSE Provinsi Jawa Tengah,LPSE Provinsi Jawa Tengah,Pemerintah Provinsi,Jawa Tengah,,https://spse.inaproc.id/jatengprov,spse.inaproc.id,True,True,True,True,4.5u20240923,https://eproc.lkpp.go.id,2026-07-05T22:16:21+00:00,https://eproc.lkpp.go.id/lpse/index/13/0/1,http://eproc.lkpp.go.id/lpse/read/42/lpse-provinsi-jawa-tengah,1,Jawa Tengah,registry card from eProc index; detail_url=http://eproc.lkpp.go.id/lpse/read/42/lpse-provinsi-jawa-tengah,Jawa Tengah,False,False,False,False,False,0,[]
LPSE Kota Tegal,LPSE Kota Tegal,Pemerintah Kota,Jawa Tengah,LPSE Kota Tegal,https://spse.inaproc.id/tegalkota,spse.inaproc.id,True,True,True,True,4.5u20240923,https://eproc.lkpp.go.id,2026-07-05T22:16:21+00:00,https://eproc.lkpp.go.id/lpse/index/13/0/1,http://eproc.lkpp.go.id/lpse/read/48/lpse-kota-tegal,1,Jawa Tengah,registry card from eProc index; detail_url=http://eproc.lkpp.go.id/lpse/read/48/lpse-kota-tegal,,False,False,False,False,False,0,[]
LPSE Kabupaten Klaten,LPSE Kabupaten Klaten,Pemerintah Kabupaten,Jawa Tengah,LPSE Kabupaten Klaten,https://spse.inaproc.id/klaten,spse.inaproc.id,True,True,True,True,4.5u20240923,https://eproc.lkpp.go.id,2026-07-05T22:16:21+00:00,https://eproc.lkpp.go.id/lpse/index/13/0/1,http://eproc.lkpp.go.id/lpse/read/51/lpse-kabupaten-klaten,1,Jawa Tengah,registry card from eProc index; detail_url=http://eproc.lkpp.go.id/lpse/read/51/lpse-kabupaten-klaten,,False,False,False,False,False,0,[]
LPSE Kabupaten Kebumen,LPSE Kabupaten Kebumen,Pemerintah Kabupaten,Jawa Tengah,LPSE Kabupaten Kebumen,https://spse.inaproc.id/kebumenkab,spse.inaproc.id,True,True,True,True,4.5u20240923,https://eproc.lkpp.go.id,2026-07-05T22:16:21+00:00,https://eproc.lkpp.go.id/lpse/index/13/0/1,http://eproc.lkpp.go.id/lpse/read/53/lpse-kabupaten-kebumen,1,Jawa Tengah,registry card from eProc index; detail_url=http://eproc.lkpp.go.id/lpse/read/53/lpse-kabupaten-kebumen,,False,False,False,False,False,0,[]
LPSE Kabupaten Banyumas,LPSE Kabupaten Banyumas,Pemerintah Kabupaten,Jawa Tengah,LPSE Kabupaten Banyumas,https://spse.inaproc.id/banyumaskab,spse.inaproc.id,True,True,True,True,4.5u20240923,https://eproc.lkpp.go.id,2026-07-05T22:16:21+00:00,https://eproc.lkpp.go.id/lpse/index/13/0/1,http://eproc.lkpp.go.id/lpse/read/60/lpse-kabupaten-banyumas,1,Jawa Tengah,registry card from eProc index; detail_url=http://eproc.lkpp.go.id/lpse/read/60/lpse-kabupaten-banyumas,,False,False,False,False,False,0,[]
LPSE Kota Salatiga,LPSE Kota Salatiga,Pemerintah Kota,Jawa Tengah,LPSE Kota Salatiga,https://spse.inaproc.id/salatiga,spse.inaproc.id,True,True,True,True,4.5u20240923,https://eproc.lkpp.go.id,2026-07-05T22:16:21+00:00,https://eproc.lkpp.go.id/lpse/index/13/0/1,http://eproc.lkpp.go.id/lpse/read/88/lpse-kota-salatiga,1,Jawa Tengah,registry card from eProc index; detail_url=http://eproc.lkpp.go.id/lpse/read/88/lpse-kota-salatiga,,False,False,False,False,False,0,[]
LPSE Kabupaten Pemalang,LPSE Kabupaten Pemalang,Pemerintah Kabupaten,Jawa Tengah,LPSE Kabupaten Pemalang,https://spse.inaproc.id/pemalangkab,spse.inaproc.id,True,True,True,True,4.5u20240923,https://eproc.lkpp.go.id,2026-07-05T22:16:21+00:00,https://eproc.lkpp.go.id/lpse/index/13/0/1,http://eproc.lkpp.go.id/lpse/read/90/lpse-kabupaten-pemalang,1,Jawa Tengah,registry card from eProc index; detail_url=http://eproc.lkpp.go.id/lpse/read/90/lpse-kabupaten-pemalang,,False,False,False,False,False,0,[]
LPSE Kota Pekalongan,LPSE Kota Pekalongan,Pemerintah Kota,Jawa Tengah,LPSE Kota Pekalongan,https://spse.inaproc.id/pekalongankota,spse.inaproc.id,True,True,True,True,4.5u20240923,https://eproc.lkpp.go.id,2026-07-05T22:16:21+00:00,https://eproc.lkpp.go.id/lpse/index/13/0/1,http://eproc.lkpp.go.id/lpse/read/91/lpse-kota-pekalongan,1,Jawa Tengah,registry card from eProc index; detail_url=http://eproc.lkpp.go.id/lpse/read/91/lpse-kota-pekalongan,,False,False,False,False,False,0,[]
LPSE Kabupaten Kudus,LPSE Kabupaten Kudus,Pemerintah Kabupaten,Jawa Tengah,LPSE Kabupaten Kudus,https://spse.inaproc.id/kuduskab,spse.inaproc.id,True,True,True,True,4.5u20240923,https://eproc.lkpp.go.id,2026-07-05T22:16:22+00:00,https://eproc.lkpp.go.id/lpse/index/13/0/2,http://eproc.lkpp.go.id/lpse/read/94/lpse-kabupaten-kudus,2,Jawa Tengah,registry card from eProc index; detail_url=http://eproc.lkpp.go.id/lpse/read/94/lpse-kabupaten-kudus,,False,False,False,False,False,0,[]
LPSE Kota Surakarta,LPSE Kota Surakarta,Pemerintah Kota,Jawa Tengah,LPSE Kota Surakarta,https://spse.inaproc.id/surakarta,spse.inaproc.id,True,True,True,True,4.5u20240923,https://eproc.lkpp.go.id,2026-07-05T22:16:22+00:00,https://eproc.lkpp.go.id/lpse/index/13/0/2,http://eproc.lkpp.go.id/lpse/read/104/lpse-kota-surakarta,2,Jawa Tengah,registry card from eProc index; detail_url=http://eproc.lkpp.go.id/lpse/read/104/lpse-kota-surakarta,,False,False,False,False,False,0,[]
LPSE Kota Semarang,LPSE Kota Semarang,Pemerintah Kota,Jawa Tengah,LPSE Kota Semarang,https://spse.inaproc.id/semarangkota,spse.inaproc.id,True,True,True,True,4.5u20240923,https://eproc.lkpp.go.id,2026-07-05T22:16:22+00:00,https://eproc.lkpp.go.id/lpse/index/13/0/2,http://eproc.lkpp.go.id/lpse/read/108/lpse-kota-semarang,2,Jawa Tengah,registry card from eProc index; detail_url=http://eproc.lkpp.go.id/lpse/read/108/lpse-kota-semarang,,False,False,False,False,False,0,[]
LPSE Kabupaten Magelang,LPSE Kabupaten Magelang,Pemerintah Kabupaten,Jawa Tengah,LPSE Kabupaten Magelang,https://spse.inaproc.id/magelangkab,spse.inaproc.id,True,True,True,True,4.5u20240923,https://eproc.lkpp.go.id,2026-07-05T22:16:22+00:00,https://eproc.lkpp.go.id/lpse/index/13/0/2,http://eproc.lkpp.go.id/lpse/read/115/lpse-kabupaten-magelang,2,Jawa Tengah,registry card from eProc index; detail_url=http://eproc.lkpp.go.id/lpse/read/115/lpse-kabupaten-magelang,,False,False,False,False,False,0,[]
LPSE Kabupaten Banjarnegara,LPSE Kabupaten Banjarnegara,Pemerintah Kabupaten,Jawa Tengah,LPSE Kabupaten Banjarnegara,https://spse.inaproc.id/banjarnegarakab,spse.inaproc.id,True,True,True,True,4.5u20240923,https://eproc.lkpp.go.id,2026-07-05T22:16:22+00:00,https://eproc.lkpp.go.id/lpse/index/13/0/2,http://eproc.lkpp.go.id/lpse/read/129/lpse-kabupaten-banjarnegara,2,Jawa Tengah,registry card from eProc index; detail_url=http://eproc.lkpp.go.id/lpse/read/129/lpse-kabupaten-banjarnegara,,False,False,False,False,False,0,[]
LPSE Kabupaten Temanggung,LPSE Kabupaten Temanggung,Pemerintah Kabupaten,Jawa Tengah,LPSE Kabupaten Temanggung,https://spse.inaproc.id/temanggungkab,spse.inaproc.id,True,True,True,True,4.5u20240923,https://eproc.lkpp.go.id,2026-07-05T22:16:22+00:00,https://eproc.lkpp.go.id/lpse/index/13/0/2,http://eproc.lkpp.go.id/lpse/read/138/lpse-kabupaten-temanggung,2,Jawa Tengah,registry card from eProc index; detail_url=http://eproc.lkpp.go.id/lpse/read/138/lpse-kabupaten-temanggung,,False,False,False,False,False,0,[]
LPSE Kabupaten Purbalingga,LPSE Kabupaten Purbalingga,Pemerintah Kabupaten,Jawa Tengah,LPSE Kabupaten Purbalingga,https://spse.inaproc.id/purbalinggakab,spse.inaproc.id,True,True,True,True,4.5u20240923,https://eproc.lkpp.go.id,2026-07-05T22:16:22+00:00,https://eproc.lkpp.go.id/lpse/index/13/0/2,http://eproc.lkpp.go.id/lpse/read/140/lpse-kabupaten-purbalingga,2,Jawa Tengah,registry card from eProc index; detail_url=http://eproc.lkpp.go.id/lpse/read/140/lpse-kabupaten-purbalingga,Bali,True,False,False,False,False,1,['province_mismatch_suspected']
LPSE Kabupaten Karanganyar,LPSE Kabupaten Karanganyar,Pemerintah Kabupaten,Jawa Tengah,LPSE Kabupaten Karanganyar,https://spse.inaproc.id/karanganyarkab,spse.inaproc.id,True,True,True,True,4.5u20240923,https://eproc.lkpp.go.id,2026-07-05T22:16:22+00:00,https://eproc.lkpp.go.id/lpse/index/13/0/2,http://eproc.lkpp.go.id/lpse/read/141/lpse-kabupaten-karanganyar,2,Jawa Tengah,registry card from eProc index; detail_url=http://eproc.lkpp.go.id/lpse/read/141/lpse-kabupaten-karanganyar,,False,False,False,False,False,0,[]
LPSE Kabupaten Purworejo,LPSE Kabupaten Purworejo,Pemerintah Kabupaten,Jawa Tengah,LPSE Kabupaten Purworejo,https://spse.inaproc.id/purworejokab,spse.inaproc.id,True,True,True,True,4.5u20240923,https://eproc.lkpp.go.id,2026-07-05T22:16:22+00:00,https://eproc.lkpp.go.id/lpse/index/13/0/2,http://eproc.lkpp.go.id/lpse/read/146/lpse-kabupaten-purworejo,2,Jawa Tengah,registry card from eProc index; detail_url=http://eproc.lkpp.go.id/lpse/read/146/lpse-kabupaten-purworejo,,False,False,False,False,False,0,[]
LPSE Kabupaten Brebes,LPSE Kabupaten Brebes,Pemerintah Kabupaten,Jawa Tengah,LPSE Kabupaten Brebes,https://spse.inaproc.id/brebeskab,spse.inaproc.id,True,True,True,True,4.5u20240923,https://eproc.lkpp.go.id,2026-07-05T22:16:22+00:00,https://eproc.lkpp.go.id/lpse/index/13/0/2,http://eproc.lkpp.go.id/lpse/read/148/lpse-kabupaten-brebes,2,Jawa Tengah,registry card from eProc index; detail_url=http://eproc.lkpp.go.id/lpse/read/148/lpse-kabupaten-brebes,,False,False,False,False,False,0,[]
LPSE Kabupaten Sukoharjo,LPSE Kabupaten Sukoharjo,Pemerintah Kabupaten,Jawa Tengah,LPSE Kabupaten Sukoharjo,https://spse.inaproc.id/sukoharjokab,spse.inaproc.id,True,True,True,True,4.5u20240923,https://eproc.lkpp.go.id,2026-07-05T22:16:23+00:00,https://eproc.lkpp.go.id/lpse/index/13/0/3,http://eproc.lkpp.go.id/lpse/read/160/lpse-kabupaten-sukoharjo,3,Jawa Tengah,registry card from eProc index; detail_url=http://eproc.lkpp.go.id/lpse/read/160/lpse-kabupaten-sukoharjo,,False,False,False,False,False,0,[]
LPSE Kabupaten Jepara,LPSE Kabupaten Jepara,Pemerintah Kabupaten,Jawa Tengah,LPSE Kabupaten Jepara,https://spse.inaproc.id/jepara,spse.inaproc.id,True,True,True,True,4.5u20240923,https://eproc.lkpp.go.id,2026-07-05T22:16:23+00:00,https://eproc.lkpp.go.id/lpse/index/13/0/3,http://eproc.lkpp.go.id/lpse/read/182/lpse-kabupaten-jepara,3,Jawa Tengah,registry card from eProc index; detail_url=http://eproc.lkpp.go.id/lpse/read/182/lpse-kabupaten-jepara,,False,False,False,False,False,0,[]
LPSE Kabupaten Pekalongan,LPSE Kabupaten Pekalongan,Pemerintah Kabupaten,Jawa Tengah,LPSE Kabupaten Pekalongan,https://spse.inaproc.id/pekalongankab,spse.inaproc.id,True,True,True,True,4.5u20240923,https://eproc.lkpp.go.id,2026-07-05T22:16:23+00:00,https://eproc.lkpp.go.id/lpse/index/13/0/3,http://eproc.lkpp.go.id/lpse/read/202/lpse-kabupaten-pekalongan,3,Jawa Tengah,registry card from eProc index; detail_url=http://eproc.lkpp.go.id/lpse/read/202/lpse-kabupaten-pekalongan,,False,False,False,False,False,0,[]
LPSE Kabupaten Batang,LPSE Kabupaten Batang,Pemerintah Kabupaten,Jawa Tengah,LPSE Kabupaten Batang,https://spse.inaproc.id/batangkab,spse.inaproc.id,True,True,True,True,4.5u20240923,https://eproc.lkpp.go.id,2026-07-05T22:16:23+00:00,https://eproc.lkpp.go.id/lpse/index/13/0/3,http://eproc.lkpp.go.id/lpse/read/209/lpse-kabupaten-batang,3,Jawa Tengah,registry card from eProc index; detail_url=http://eproc.lkpp.go.id/lpse/read/209/lpse-kabupaten-batang,,False,False,False,False,False,0,[]
LPSE Kabupaten Grobogan,LPSE Kabupaten Grobogan,Pemerintah Kabupaten,Jawa Tengah,LPSE Kabupaten Grobogan,https://spse.inaproc.id/grobogan,spse.inaproc.id,True,True,True,True,4.5u20240923,https://eproc.lkpp.go.id,2026-07-05T22:16:23+00:00,https://eproc.lkpp.go.id/lpse/index/13/0/3,http://eproc.lkpp.go.id/lpse/read/211/lpse-kabupaten-grobogan,3,Jawa Tengah,registry card from eProc index; detail_url=http://eproc.lkpp.go.id/lpse/read/211/lpse-kabupaten-grobogan,,False,False,False,False,False,0,[]
LPSE Kabupaten Wonosobo,LPSE Kabupaten Wonosobo,Pemerintah Kabupaten,Jawa Tengah,LPSE Kabupaten Wonosobo,https://spse.inaproc.id/wonosobokab,spse.inaproc.id,True,True,True,True,4.5u20240923,https://eproc.lkpp.go.id,2026-07-05T22:16:23+00:00,https://eproc.lkpp.go.id/lpse/index/13/0/3,http://eproc.lkpp.go.id/lpse/read/220/lpse-kabupaten-wonosobo,3,Jawa Tengah,registry card from eProc index; detail_url=http://eproc.lkpp.go.id/lpse/read/220/lpse-kabupaten-wonosobo,,False,False,False,False,False,0,[]
LPSE Kabupaten Sragen,LPSE Kabupaten Sragen,Pemerintah Kabupaten,Jawa Tengah,LPSE Kabupaten Sragen,https://spse.inaproc.id/sragenkab,spse.inaproc.id,True,True,True,True,4.5u20240923,https://eproc.lkpp.go.id,2026-07-05T22:16:23+00:00,https://eproc.lkpp.go.id/lpse/index/13/0/3,http://eproc.lkpp.go.id/lpse/read/228/lpse-kabupaten-sragen,3,Jawa Tengah,registry card from eProc index; detail_url=http://eproc.lkpp.go.id/lpse/read/228/lpse-kabupaten-sragen,,False,False,False,False,False,0,[]
LPSE Kabupaten Blora,LPSE Kabupaten Blora,Pemerintah Kabupaten,Jawa Tengah,LPSE Kabupaten Blora,https://spse.inaproc.id/blorakab,spse.inaproc.id,True,True,True,True,4.5u20240923,https://eproc.lkpp.go.id,2026-07-05T22:16:23+00:00,https://eproc.lkpp.go.id/lpse/index/13/0/3,http://eproc.lkpp.go.id/lpse/read/257/lpse-kabupaten-blora,3,Jawa Tengah,registry card from eProc index; detail_url=http://eproc.lkpp.go.id/lpse/read/257/lpse-kabupaten-blora,,False,False,False,False,False,0,[]
LPSE Kota Magelang,LPSE Kota Magelang,Pemerintah Kota,Jawa Tengah,LPSE Kota Magelang,https://spse.inaproc.id/magelangkota,spse.inaproc.id,True,True,True,True,4.5u20240923,https://eproc.lkpp.go.id,2026-07-05T22:16:23+00:00,https://eproc.lkpp.go.id/lpse/index/13/0/3,http://eproc.lkpp.go.id/lpse/read/279/lpse-kota-magelang,3,Jawa Tengah,registry card from eProc index; detail_url=http://eproc.lkpp.go.id/lpse/read/279/lpse-kota-magelang,,False,False,False,False,False,0,[]
LPSE Kabupaten Boyolali,LPSE Kabupaten Boyolali,Pemerintah Kabupaten,Jawa Tengah,LPSE Kabupaten Boyolali,https://spse.inaproc.id/boyolali,spse.inaproc.id,True,True,True,True,4.5u20240923,https://eproc.lkpp.go.id,2026-07-05T22:16:23+00:00,https://eproc.lkpp.go.id/lpse/index/13/0/3,http://eproc.lkpp.go.id/lpse/read/280/lpse-kabupaten-boyolali,3,Jawa Tengah,registry card from eProc index; detail_url=http://eproc.lkpp.go.id/lpse/read/280/lpse-kabupaten-boyolali,,False,False,False,False,False,0,[]
LPSE Provinsi Jawa Timur,LPSE Provinsi Jawa Timur,Pemerintah Provinsi,Jawa Timur,,https://spse.inaproc.id/jatimprov,spse.inaproc.id,True,True,True,True,4.5u20240923,https://eproc.lkpp.go.id,2026-07-05T22:16:24+00:00,https://eproc.lkpp.go.id/lpse/index/15/0/1,http://eproc.lkpp.go.id/lpse/read/15/lpse-provinsi-jawa-timur,1,Jawa Timur,registry card from eProc index; detail_url=http://eproc.lkpp.go.id/lpse/read/15/lpse-provinsi-jawa-timur,Jawa Timur,False,False,False,False,False,0,[]
LPSE Kabupaten Lamongan,LPSE Kabupaten Lamongan,Pemerintah Kabupaten,Jawa Timur,LPSE Kabupaten Lamongan,https://spse.inaproc.id/lamongankab,spse.inaproc.id,True,True,True,True,4.5u20240923,https://eproc.lkpp.go.id,2026-07-05T22:16:24+00:00,https://eproc.lkpp.go.id/lpse/index/15/0/1,http://eproc.lkpp.go.id/lpse/read/57/lpse-kabupaten-lamongan,1,Jawa Timur,registry card from eProc index; detail_url=http://eproc.lkpp.go.id/lpse/read/57/lpse-kabupaten-lamongan,,False,False,False,False,False,0,[]
LPSE Kabupaten Pacitan,LPSE Kabupaten Pacitan,Pemerintah Kabupaten,Jawa Timur,LPSE Kabupaten Pacitan,https://spse.inaproc.id/pacitankab,spse.inaproc.id,True,True,True,True,4.5u20240923,https://eproc.lkpp.go.id,2026-07-05T22:16:24+00:00,https://eproc.lkpp.go.id/lpse/index/15/0/1,http://eproc.lkpp.go.id/lpse/read/58/lpse-kabupaten-pacitan,1,Jawa Timur,registry card from eProc index; detail_url=http://eproc.lkpp.go.id/lpse/read/58/lpse-kabupaten-pacitan,,False,False,False,False,False,0,[]
LPSE Institut Teknologi Sepuluh Nopember,LPSE Institut Teknologi Sepuluh Nopember,,Jawa Timur,,https://lpse.its.ac.id/eproc4,lpse.its.ac.id,True,False,False,True,4.5u20240614,https://eproc.lkpp.go.id,2026-07-05T22:16:24+00:00,https://eproc.lkpp.go.id/lpse/index/15/0/1,http://eproc.lkpp.go.id/lpse/read/68/lpse-institut-teknologi-sepuluh-nopember,1,Jawa Timur,registry card from eProc index; detail_url=http://eproc.lkpp.go.id/lpse/read/68/lpse-institut-teknologi-sepuluh-nopember,,False,False,False,False,True,1,['inactive_or_inaccessible']
LPSE Kabupaten Banyuwangi,LPSE Kabupaten Banyuwangi,Pemerintah Kabupaten,Jawa Timur,LPSE Kabupaten Banyuwangi,https://spse.inaproc.id/banyuwangikab,spse.inaproc.id,True,True,True,True,4.5u20240923,https://eproc.lkpp.go.id,2026-07-05T22:16:24+00:00,https://eproc.lkpp.go.id/lpse/index/15/0/1,http://eproc.lkpp.go.id/lpse/read/72/lpse-kabupaten-banyuwangi,1,Jawa Timur,registry card from eProc index; detail_url=http://eproc.lkpp.go.id/lpse/read/72/lpse-kabupaten-banyuwangi,,False,False,False,False,False,0,[]
LPSE Kabupaten Ngawi,LPSE Kabupaten Ngawi,Pemerintah Kabupaten,Jawa Timur,LPSE Kabupaten Ngawi,https://spse.inaproc.id/ngawikab,spse.inaproc.id,True,True,True,True,4.5u20240923,https://eproc.lkpp.go.id,2026-07-05T22:16:24+00:00,https://eproc.lkpp.go.id/lpse/index/15/0/1,http://eproc.lkpp.go.id/lpse/read/78/lpse-kabupaten-ngawi,1,Jawa Timur,registry card from eProc index; detail_url=http://eproc.lkpp.go.id/lpse/read/78/lpse-kabupaten-ngawi,,False,False,False,False,False,0,[]
LPSE Kabupaten Sidoarjo,LPSE Kabupaten Sidoarjo,Pemerintah Kabupaten,Jawa Timur,LPSE Kabupaten Sidoarjo,https://spse.inaproc.id/sidoarjokab,spse.inaproc.id,True,True,True,True,4.5u20240923,https://eproc.lkpp.go.id,2026-07-05T22:16:24+00:00,https://eproc.lkpp.go.id/lpse/index/15/0/1,http://eproc.lkpp.go.id/lpse/read/111/lpse-kabupaten-sidoarjo,1,Jawa Timur,registry card from eProc index; detail_url=http://eproc.lkpp.go.id/lpse/read/111/lpse-kabupaten-sidoarjo,,False,False,False,False,False,0,[]
LPSE Kabupaten Jombang,LPSE Kabupaten Jombang,Pemerintah Kabupaten,Jawa Timur,LPSE Kabupaten Jombang,https://spse.inaproc.id/jombangkab,spse.inaproc.id,True,True,True,True,4.5u20240923,https://eproc.lkpp.go.id,2026-07-05T22:16:24+00:00,https://eproc.lkpp.go.id/lpse/index/15/0/1,http://eproc.lkpp.go.id/lpse/read/116/lpse-kabupaten-jombang,1,Jawa Timur,registry card from eProc index; detail_url=http://eproc.lkpp.go.id/lpse/read/116/lpse-kabupaten-jombang,,False,False,False,False,False,0,[]
LPSE Kabupaten Gresik,LPSE Kabupaten Gresik,Pemerintah Kabupaten,Jawa Timur,LPSE Kabupaten Gresik,https://spse.inaproc.id/gresikkab,spse.inaproc.id,True,True,True,True,4.5u20240923,https://eproc.lkpp.go.id,2026-07-05T22:16:24+00:00,https://eproc.lkpp.go.id/lpse/index/15/0/1,http://eproc.lkpp.go.id/lpse/read/122/lpse-kabupaten-gresik,1,Jawa Timur,registry card from eProc index; detail_url=http://eproc.lkpp.go.id/lpse/read/122/lpse-kabupaten-gresik,,False,False,False,False,False,0,[]
LPSE Kabupaten Nganjuk,LPSE Kabupaten Nganjuk,Pemerintah Kabupaten,Jawa Timur,LPSE Kabupaten Nganjuk,https://spse.inaproc.id/nganjukkab,spse.inaproc.id,True,True,True,True,4.5u20240923,https://eproc.lkpp.go.id,2026-07-05T22:16:25+00:00,https://eproc.lkpp.go.id/lpse/index/15/0/2,http://eproc.lkpp.go.id/lpse/read/152/lpse-kabupaten-nganjuk,2,Jawa Timur,registry card from eProc index; detail_url=http://eproc.lkpp.go.id/lpse/read/152/lpse-kabupaten-nganjuk,,False,False,False,False,False,0,[]
LPSE Kota Madiun,LPSE Kota Madiun,Pemerintah Kota,Jawa Timur,LPSE Kota Madiun,https://spse.inaproc.id/madiunkota,spse.inaproc.id,True,True,True,True,4.5u20240923,https://eproc.lkpp.go.id,2026-07-05T22:16:25+00:00,https://eproc.lkpp.go.id/lpse/index/15/0/2,http://eproc.lkpp.go.id/lpse/read/164/lpse-kota-madiun,2,Jawa Timur,registry card from eProc index; detail_url=http://eproc.lkpp.go.id/lpse/read/164/lpse-kota-madiun,,False,False,False,False,False,0,[]
LPSE Kota Malang,LPSE Kota Malang,Pemerintah Kota,Jawa Timur,LPSE Kota Malang,https://spse.inaproc.id/malangkota,spse.inaproc.id,True,True,True,True,4.5u20240923,https://eproc.lkpp.go.id,2026-07-05T22:16:25+00:00,https://eproc.lkpp.go.id/lpse/index/15/0/2,http://eproc.lkpp.go.id/lpse/read/192/lpse-kota-malang,2,Jawa Timur,registry card from eProc index; detail_url=http://eproc.lkpp.go.id/lpse/read/192/lpse-kota-malang,,False,False,False,False,False,0,[]
LPSE Kabupaten Jember,LPSE Kabupaten Jember,Pemerintah Kabupaten,Jawa Timur,LPSE Kabupaten Jember,https://spse.inaproc.id/jemberkab,spse.inaproc.id,True,True,True,True,4.5u20240923,https://eproc.lkpp.go.id,2026-07-05T22:16:25+00:00,https://eproc.lkpp.go.id/lpse/index/15/0/2,http://eproc.lkpp.go.id/lpse/read/200/lpse-kabupaten-jember,2,Jawa Timur,registry card from eProc index; detail_url=http://eproc.lkpp.go.id/lpse/read/200/lpse-kabupaten-jember,,False,False,False,False,False,0,[]
LPSE Kota Batu,LPSE Kota Batu,Pemerintah Kota,Jawa Timur,LPSE Kota Batu,https://spse.inaproc.id/batukota,spse.inaproc.id,True,True,True,True,4.5u20240923,https://eproc.lkpp.go.id,2026-07-05T22:16:25+00:00,https://eproc.lkpp.go.id/lpse/index/15/0/2,http://eproc.lkpp.go.id/lpse/read/201/lpse-kota-batu,2,Jawa Timur,registry card from eProc index; detail_url=http://eproc.lkpp.go.id/lpse/read/201/lpse-kota-batu,,False,False,False,False,False,0,[]
LPSE Kabupaten Blitar,LPSE Kabupaten Blitar,Pemerintah Kabupaten,Jawa Timur,LPSE Kabupaten Blitar,https://spse.inaproc.id/blitarkab,spse.inaproc.id,True,True,True,True,4.5u20240923,https://eproc.lkpp.go.id,2026-07-05T22:16:25+00:00,https://eproc.lkpp.go.id/lpse/index/15/0/2,http://eproc.lkpp.go.id/lpse/read/203/lpse-kabupaten-blitar,2,Jawa Timur,registry card from eProc index; detail_url=http://eproc.lkpp.go.id/lpse/read/203/lpse-kabupaten-blitar,,False,False,False,False,False,0,[]
LPSE Kabupaten Madiun,LPSE Kabupaten Madiun,Pemerintah Kabupaten,Jawa Timur,LPSE Kabupaten Madiun,https://spse.inaproc.id/madiunkab,spse.inaproc.id,True,True,True,True,4.5u20240923,https://eproc.lkpp.go.id,2026-07-05T22:16:25+00:00,https://eproc.lkpp.go.id/lpse/index/15/0/2,http://eproc.lkpp.go.id/lpse/read/204/lpse-kabupaten-madiun,2,Jawa Timur,registry card from eProc index; detail_url=http://eproc.lkpp.go.id/lpse/read/204/lpse-kabupaten-madiun,,False,False,False,False,False,0,[]
LPSE Kota Blitar,LPSE Kota Blitar,Pemerintah Kota,Jawa Timur,LPSE Kota Blitar,https://spse.inaproc.id/blitarkota,spse.inaproc.id,True,True,True,True,4.5u20240923,https://eproc.lkpp.go.id,2026-07-05T22:16:25+00:00,https://eproc.lkpp.go.id/lpse/index/15/0/2,http://eproc.lkpp.go.id/lpse/read/205/lpse-kota-blitar,2,Jawa Timur,registry card from eProc index; detail_url=http://eproc.lkpp.go.id/lpse/read/205/lpse-kota-blitar,,False,False,False,False,False,0,[]
LPSE Kabupaten Kediri,LPSE Kabupaten Kediri,Pemerintah Kabupaten,Jawa Timur,LPSE Kabupaten Kediri,https://spse.inaproc.id/kedirikab,spse.inaproc.id,True,True,True,True,4.5u20240923,https://eproc.lkpp.go.id,2026-07-05T22:16:25+00:00,https://eproc.lkpp.go.id/lpse/index/15/0/2,http://eproc.lkpp.go.id/lpse/read/207/lpse-kabupaten-kediri,2,Jawa Timur,registry card from eProc index; detail_url=http://eproc.lkpp.go.id/lpse/read/207/lpse-kabupaten-kediri,,False,False,False,False,False,0,[]
LPSE Kabupaten Bojonegoro,LPSE Kabupaten Bojonegoro,Pemerintah Kabupaten,Jawa Timur,LPSE Kabupaten Bojonegoro,https://spse.inaproc.id/bojonegorokab,spse.inaproc.id,True,True,True,True,4.5u20240923,https://eproc.lkpp.go.id,2026-07-05T22:16:25+00:00,https://eproc.lkpp.go.id/lpse/index/15/0/2,http://eproc.lkpp.go.id/lpse/read/244/lpse-kabupaten-bojonegoro,2,Jawa Timur,registry card from eProc index; detail_url=http://eproc.lkpp.go.id/lpse/read/244/lpse-kabupaten-bojonegoro,,False,False,False,False,False,0,[]
LPSE Kabupaten Situbondo,LPSE Kabupaten Situbondo,Pemerintah Kabupaten,Jawa Timur,LPSE Kabupaten Situbondo,https://spse.inaproc.id/situbondokab,spse.inaproc.id,True,True,True,True,4.5u20240923,https://eproc.lkpp.go.id,2026-07-05T22:16:26+00:00,https://eproc.lkpp.go.id/lpse/index/15/0/3,http://eproc.lkpp.go.id/lpse/read/246/lpse-kabupaten-situbondo,3,Jawa Timur,registry card from eProc index; detail_url=http://eproc.lkpp.go.id/lpse/read/246/lpse-kabupaten-situbondo,,False,False,False,False,False,0,[]
LPSE Kabupaten Malang,LPSE Kabupaten Malang,Pemerintah Kabupaten,Jawa Timur,LPSE Kabupaten Malang,https://spse.inaproc.id/malangkab,spse.inaproc.id,True,True,True,True,4.5u20240923,https://eproc.lkpp.go.id,2026-07-05T22:16:26+00:00,https://eproc.lkpp.go.id/lpse/index/15/0/3,http://eproc.lkpp.go.id/lpse/read/247/lpse-kabupaten-malang,3,Jawa Timur,registry card from eProc index; detail_url=http://eproc.lkpp.go.id/lpse/read/247/lpse-kabupaten-malang,,False,False,False,False,False,0,[]
LPSE Kabupaten Sumenep,LPSE Kabupaten Sumenep,Pemerintah Kabupaten,Jawa Timur,LPSE Kabupaten Sumenep,https://spse.inaproc.id/sumenepkab,spse.inaproc.id,True,True,True,True,4.5u20240923,https://eproc.lkpp.go.id,2026-07-05T22:16:26+00:00,https://eproc.lkpp.go.id/lpse/index/15/0/3,http://eproc.lkpp.go.id/lpse/read/248/lpse-kabupaten-sumenep,3,Jawa Timur,registry card from eProc index; detail_url=http://eproc.lkpp.go.id/lpse/read/248/lpse-kabupaten-sumenep,,False,False,False,False,False,0,[]
LPSE Kabupaten Magetan,LPSE Kabupaten Magetan,Pemerintah Kabupaten,Jawa Timur,LPSE Kabupaten Magetan,https://spse.inaproc.id/magetan,spse.inaproc.id,True,True,True,True,4.5u20240923,https://eproc.lkpp.go.id,2026-07-05T22:16:26+00:00,https://eproc.lkpp.go.id/lpse/index/15/0/3,http://eproc.lkpp.go.id/lpse/read/255/lpse-kabupaten-magetan,3,Jawa Timur,registry card from eProc index; detail_url=http://eproc.lkpp.go.id/lpse/read/255/lpse-kabupaten-magetan,,False,False,False,False,False,0,[]
LPSE Kabupaten Lumajang,LPSE Kabupaten Lumajang,Pemerintah Kabupaten,Jawa Timur,LPSE Kabupaten Lumajang,https://spse.inaproc.id/lumajangkab,spse.inaproc.id,True,True,True,True,4.5u20240923,https://eproc.lkpp.go.id,2026-07-05T22:16:26+00:00,https://eproc.lkpp.go.id/lpse/index/15/0/3,http://eproc.lkpp.go.id/lpse/read/256/lpse-kabupaten-lumajang,3,Jawa Timur,registry card from eProc index; detail_url=http://eproc.lkpp.go.id/lpse/read/256/lpse-kabupaten-lumajang,,False,False,False,False,False,0,[]
LPSE Universitas Airlangga,LPSE Universitas Airlangga,Perguruan Tinggi,Jawa Timur,,https://spse.inaproc.id/nasional,spse.inaproc.id,True,True,True,True,4.5u20240923,https://eproc.lkpp.go.id,2026-07-05T22:16:26+00:00,https://eproc.lkpp.go.id/lpse/index/15/0/3,http://eproc.lkpp.go.id/lpse/read/262/lpse-universitas-airlangga,3,Jawa Timur,registry card from eProc index; detail_url=http://eproc.lkpp.go.id/lpse/read/262/lpse-universitas-airlangga,,False,False,False,False,False,0,[]
LPSE Kabupaten Mojokerto,LPSE Kabupaten Mojokerto,Pemerintah Kabupaten,Jawa Timur,LPSE Kabupaten Mojokerto,https://spse.inaproc.id/mojokertokab,spse.inaproc.id,True,True,True,True,4.5u20240923,https://eproc.lkpp.go.id,2026-07-05T22:16:26+00:00,https://eproc.lkpp.go.id/lpse/index/15/0/3,http://eproc.lkpp.go.id/lpse/read/300/lpse-kabupaten-mojokerto,3,Jawa Timur,registry card from eProc index; detail_url=http://eproc.lkpp.go.id/lpse/read/300/lpse-kabupaten-mojokerto,,False,False,False,False,False,0,[]
LPSE Kabupaten Probolinggo,LPSE Kabupaten Probolinggo,Pemerintah Kabupaten,Jawa Timur,LPSE Kabupaten Probolinggo,https://spse.inaproc.id/probolinggokab,spse.inaproc.id,True,True,True,True,4.5u20240923,https://eproc.lkpp.go.id,2026-07-05T22:16:26+00:00,https://eproc.lkpp.go.id/lpse/index/15/0/3,http://eproc.lkpp.go.id/lpse/read/319/lpse-kabupaten-probolinggo,3,Jawa Timur,registry card from eProc index; detail_url=http://eproc.lkpp.go.id/lpse/read/319/lpse-kabupaten-probolinggo,,False,False,False,False,False,0,[]
LPSE Kota Mojokerto,LPSE Kota Mojokerto,Pemerintah Kota,Jawa Timur,LPSE Kota Mojokerto,https://spse.inaproc.id/mojokertokota,spse.inaproc.id,True,True,True,True,4.5u20240923,https://eproc.lkpp.go.id,2026-07-05T22:16:26+00:00,https://eproc.lkpp.go.id/lpse/index/15/0/3,http://eproc.lkpp.go.id/lpse/read/324/lpse-kota-mojokerto,3,Jawa Timur,registry card from eProc index; detail_url=http://eproc.lkpp.go.id/lpse/read/324/lpse-kota-mojokerto,,False,False,False,False,False,0,[]
LPSE Kabupaten Ponorogo,LPSE Kabupaten Ponorogo,Pemerintah Kabupaten,Jawa Timur,LPSE Kabupaten Ponorogo,https://lpse.ponorogo.go.id/eproc4,lpse.ponorogo.go.id,True,True,False,True,4.5u20240923,https://eproc.lkpp.go.id,2026-07-05T22:16:26+00:00,https://eproc.lkpp.go.id/lpse/index/15/0/3,http://eproc.lkpp.go.id/lpse/read/360/lpse-kabupaten-ponorogo,3,Jawa Timur,registry card from eProc index; detail_url=http://eproc.lkpp.go.id/lpse/read/360/lpse-kabupaten-ponorogo,,False,False,False,False,True,1,['inactive_or_inaccessible']
LPSE Kota Pontianak,LPSE Kota Pontianak,Pemerintah Kota,Kalimantan Barat,LPSE Kota Pontianak,https://spse.inaproc.id/pontianak,spse.inaproc.id,True,True,True,True,4.5u20240923,https://eproc.lkpp.go.id,2026-07-05T22:16:27+00:00,https://eproc.lkpp.go.id/lpse/index/20/0/1,http://eproc.lkpp.go.id/lpse/read/62/lpse-kota-pontianak,1,Kalimantan Barat,registry card from eProc index; detail_url=http://eproc.lkpp.go.id/lpse/read/62/lpse-kota-pontianak,,False,False,False,False,False,0,[]
LPSE Provinsi Kalimantan Barat,LPSE Provinsi Kalimantan Barat,Pemerintah Provinsi,Kalimantan Barat,,https://spse.inaproc.id/kalbarprov,spse.inaproc.id,True,True,True,True,4.5u20240923,https://eproc.lkpp.go.id,2026-07-05T22:16:27+00:00,https://eproc.lkpp.go.id/lpse/index/20/0/1,http://eproc.lkpp.go.id/lpse/read/97/lpse-provinsi-kalimantan-barat,1,Kalimantan Barat,registry card from eProc index; detail_url=http://eproc.lkpp.go.id/lpse/read/97/lpse-provinsi-kalimantan-barat,Kalimantan Barat,False,False,False,False,False,0,[]
LPSE Kabupaten Ketapang,LPSE Kabupaten Ketapang,Pemerintah Kabupaten,Kalimantan Barat,LPSE Kabupaten Ketapang,https://spse.inaproc.id/ketapangkab,spse.inaproc.id,True,True,True,True,4.5u20240212,https://eproc.lkpp.go.id,2026-07-05T22:16:27+00:00,https://eproc.lkpp.go.id/lpse/index/20/0/1,http://eproc.lkpp.go.id/lpse/read/110/lpse-kabupaten-ketapang,1,Kalimantan Barat,registry card from eProc index; detail_url=http://eproc.lkpp.go.id/lpse/read/110/lpse-kabupaten-ketapang,,False,False,False,False,False,0,[]
LPSE Kabupaten Mempawah,LPSE Kabupaten Mempawah,Pemerintah Kabupaten,Kalimantan Barat,LPSE Kabupaten Mempawah,https://spse.inaproc.id/mempawahkab,spse.inaproc.id,True,True,True,True,4.5u20240923,https://eproc.lkpp.go.id,2026-07-05T22:16:27+00:00,https://eproc.lkpp.go.id/lpse/index/20/0/1,http://eproc.lkpp.go.id/lpse/read/118/lpse-kabupaten-mempawah,1,Kalimantan Barat,registry card from eProc index; detail_url=http://eproc.lkpp.go.id/lpse/read/118/lpse-kabupaten-mempawah,,False,False,False,False,False,0,[]
LPSE Kota Singkawang,LPSE Kota Singkawang,Pemerintah Kota,Kalimantan Barat,LPSE Kota Singkawang,https://spse.inaproc.id/singkawangkota,spse.inaproc.id,True,True,True,True,4.5u20240923,https://eproc.lkpp.go.id,2026-07-05T22:16:27+00:00,https://eproc.lkpp.go.id/lpse/index/20/0/1,http://eproc.lkpp.go.id/lpse/read/132/lpse-kota-singkawang,1,Kalimantan Barat,registry card from eProc index; detail_url=http://eproc.lkpp.go.id/lpse/read/132/lpse-kota-singkawang,,False,False,False,False,False,0,[]
LPSE Kabupaten Sekadau,LPSE Kabupaten Sekadau,Pemerintah Kabupaten,Kalimantan Barat,LPSE Kabupaten Sekadau,https://spse.inaproc.id/sekadaukab,spse.inaproc.id,True,True,True,True,4.5u20240923,https://eproc.lkpp.go.id,2026-07-05T22:16:27+00:00,https://eproc.lkpp.go.id/lpse/index/20/0/1,http://eproc.lkpp.go.id/lpse/read/175/lpse-kabupaten-sekadau,1,Kalimantan Barat,registry card from eProc index; detail_url=http://eproc.lkpp.go.id/lpse/read/175/lpse-kabupaten-sekadau,,False,False,False,False,False,0,[]
LPSE Kabupaten Kuburaya,LPSE Kabupaten Kuburaya,Pemerintah Kabupaten,Kalimantan Barat,LPSE Kabupaten Kuburaya,https://spse.inaproc.id/kuburayakab,spse.inaproc.id,True,True,True,True,4.5u20240923,https://eproc.lkpp.go.id,2026-07-05T22:16:27+00:00,https://eproc.lkpp.go.id/lpse/index/20/0/1,http://eproc.lkpp.go.id/lpse/read/188/lpse-kabupaten-kuburaya,1,Kalimantan Barat,registry card from eProc index; detail_url=http://eproc.lkpp.go.id/lpse/read/188/lpse-kabupaten-kuburaya,,False,False,False,False,False,0,[]
LPSE Kabupaten Sanggau,LPSE Kabupaten Sanggau,Pemerintah Kabupaten,Kalimantan Barat,LPSE Kabupaten Sanggau,https://spse.inaproc.id/sanggau,spse.inaproc.id,True,True,True,True,4.5u20240923,https://eproc.lkpp.go.id,2026-07-05T22:16:27+00:00,https://eproc.lkpp.go.id/lpse/index/20/0/1,http://eproc.lkpp.go.id/lpse/read/298/lpse-kabupaten-sanggau,1,Kalimantan Barat,registry card from eProc index; detail_url=http://eproc.lkpp.go.id/lpse/read/298/lpse-kabupaten-sanggau,,False,False,False,False,False,0,[]
LPSE Kabupaten Sintang,LPSE Kabupaten Sintang,Pemerintah Kabupaten,Kalimantan Barat,LPSE Kabupaten Sintang,https://spse.inaproc.id/sintang,spse.inaproc.id,True,True,True,True,4.5u20240923,https://eproc.lkpp.go.id,2026-07-05T22:16:27+00:00,https://eproc.lkpp.go.id/lpse/index/20/0/1,http://eproc.lkpp.go.id/lpse/read/345/lpse-kabupaten-sintang,1,Kalimantan Barat,registry card from eProc index; detail_url=http://eproc.lkpp.go.id/lpse/read/345/lpse-kabupaten-sintang,,False,False,False,False,False,0,[]
LPSE Kabupaten Sambas,LPSE Kabupaten Sambas,Pemerintah Kabupaten,Kalimantan Barat,LPSE Kabupaten Sambas,https://spse.inaproc.id/sambas,spse.inaproc.id,True,True,True,True,4.5u20240923,https://eproc.lkpp.go.id,2026-07-05T22:16:27+00:00,https://eproc.lkpp.go.id/lpse/index/20/0/1,http://eproc.lkpp.go.id/lpse/read/354/lpse-kabupaten-sambas,1,Kalimantan Barat,registry card from eProc index; detail_url=http://eproc.lkpp.go.id/lpse/read/354/lpse-kabupaten-sambas,,False,False,False,False,False,0,[]
LPSE Kabupaten Kayong Utara,LPSE Kabupaten Kayong Utara,Pemerintah Kabupaten,Kalimantan Barat,LPSE Kabupaten Kayong Utara,http://lpse.kayongutarakab.go.id/eproc4,lpse.kayongutarakab.go.id,False,True,False,True,4.5u20240923,https://eproc.lkpp.go.id,2026-07-05T22:16:27+00:00,https://eproc.lkpp.go.id/lpse/index/20/0/2,http://eproc.lkpp.go.id/lpse/read/393/lpse-kabupaten-kayong-utara,2,Kalimantan Barat,registry card from eProc index; detail_url=http://eproc.lkpp.go.id/lpse/read/393/lpse-kabupaten-kayong-utara,,False,False,False,False,True,1,['inactive_or_inaccessible']
LPSE Kabupaten Bengkayang,LPSE Kabupaten Bengkayang,Pemerintah Kabupaten,Kalimantan Barat,LPSE Kabupaten Bengkayang,https://lpse.bengkayangkab.go.id/eproc4,lpse.bengkayangkab.go.id,True,False,False,True,4.5u20240923,https://eproc.lkpp.go.id,2026-07-05T22:16:27+00:00,https://eproc.lkpp.go.id/lpse/index/20/0/2,http://eproc.lkpp.go.id/lpse/read/444/lpse-kabupaten-bengkayang,2,Kalimantan Barat,registry card from eProc index; detail_url=http://eproc.lkpp.go.id/lpse/read/444/lpse-kabupaten-bengkayang,,False,False,False,False,True,1,['inactive_or_inaccessible']
LPSE Kabupaten Kapuas Hulu,LPSE Kabupaten Kapuas Hulu,Pemerintah Kabupaten,Kalimantan Barat,LPSE Kabupaten Kapuas Hulu,https://lpse.kapuashulukab.go.id/eproc4,lpse.kapuashulukab.go.id,True,False,False,True,4.5u20240923,https://eproc.lkpp.go.id,2026-07-05T22:16:27+00:00,https://eproc.lkpp.go.id/lpse/index/20/0/2,http://eproc.lkpp.go.id/lpse/read/488/lpse-kabupaten-kapuas-hulu,2,Kalimantan Barat,registry card from eProc index; detail_url=http://eproc.lkpp.go.id/lpse/read/488/lpse-kabupaten-kapuas-hulu,,False,False,False,False,True,1,['inactive_or_inaccessible']
LPSE Kabupaten Landak,LPSE Kabupaten Landak,Pemerintah Kabupaten,Kalimantan Barat,LPSE Kabupaten Landak,http://lpse.landakkab.go.id/eproc4,lpse.landakkab.go.id,False,True,False,True,4.5u20240923,https://eproc.lkpp.go.id,2026-07-05T22:16:27+00:00,https://eproc.lkpp.go.id/lpse/index/20/0/2,http://eproc.lkpp.go.id/lpse/read/496/lpse-kabupaten-landak,2,Kalimantan Barat,registry card from eProc index; detail_url=http://eproc.lkpp.go.id/lpse/read/496/lpse-kabupaten-landak,,False,False,False,False,True,1,['inactive_or_inaccessible']
LPSE Kabupaten Melawi,LPSE Kabupaten Melawi,Pemerintah Kabupaten,Kalimantan Barat,LPSE Kabupaten Melawi,https://spse.inaproc.id/melawikab,spse.inaproc.id,True,True,True,True,4.5u20240923,https://eproc.lkpp.go.id,2026-07-05T22:16:27+00:00,https://eproc.lkpp.go.id/lpse/index/20/0/2,http://eproc.lkpp.go.id/lpse/read/540/lpse-kabupaten-melawi,2,Kalimantan Barat,registry card from eProc index; detail_url=http://eproc.lkpp.go.id/lpse/read/540/lpse-kabupaten-melawi,,False,False,False,False,False,0,[]
LPSE Kota Banjarbaru,LPSE Kota Banjarbaru,Pemerintah Kota,Kalimantan Selatan,LPSE Kota Banjarbaru,https://spse.inaproc.id/banjarbarukota,spse.inaproc.id,True,True,True,True,4.5u20240923,https://eproc.lkpp.go.id,2026-07-05T22:16:28+00:00,https://eproc.lkpp.go.id/lpse/index/22/0/1,http://eproc.lkpp.go.id/lpse/read/23/lpse-kota-banjarbaru,1,Kalimantan Selatan,registry card from eProc index; detail_url=http://eproc.lkpp.go.id/lpse/read/23/lpse-kota-banjarbaru,,False,False,False,False,False,0,[]
LPSE Kota Banjarmasin,LPSE Kota Banjarmasin,Pemerintah Kota,Kalimantan Selatan,LPSE Kota Banjarmasin,https://spse.inaproc.id/banjarmasinkota,spse.inaproc.id,True,True,True,True,4.5u20240923,https://eproc.lkpp.go.id,2026-07-05T22:16:28+00:00,https://eproc.lkpp.go.id/lpse/index/22/0/1,http://eproc.lkpp.go.id/lpse/read/24/lpse-kota-banjarmasin,1,Kalimantan Selatan,registry card from eProc index; detail_url=http://eproc.lkpp.go.id/lpse/read/24/lpse-kota-banjarmasin,,False,False,False,False,False,0,[]
LPSE Kabupaten Balangan,LPSE Kabupaten Balangan,Pemerintah Kabupaten,Kalimantan Selatan,LPSE Kabupaten Balangan,https://spse.inaproc.id/balangankab,spse.inaproc.id,True,True,True,True,4.5u20240923,https://eproc.lkpp.go.id,2026-07-05T22:16:28+00:00,https://eproc.lkpp.go.id/lpse/index/22/0/1,http://eproc.lkpp.go.id/lpse/read/56/lpse-kabupaten-balangan,1,Kalimantan Selatan,registry card from eProc index; detail_url=http://eproc.lkpp.go.id/lpse/read/56/lpse-kabupaten-balangan,,False,False,False,False,False,0,[]
LPSE Kabupaten Tabalong,LPSE Kabupaten Tabalong,Pemerintah Kabupaten,Kalimantan Selatan,LPSE Kabupaten Tabalong,https://spse.inaproc.id/tabalongkab,spse.inaproc.id,True,True,True,True,4.5u20240923,https://eproc.lkpp.go.id,2026-07-05T22:16:28+00:00,https://eproc.lkpp.go.id/lpse/index/22/0/1,http://eproc.lkpp.go.id/lpse/read/59/lpse-kabupaten-tabalong,1,Kalimantan Selatan,registry card from eProc index; detail_url=http://eproc.lkpp.go.id/lpse/read/59/lpse-kabupaten-tabalong,,False,False,False,False,False,0,[]
LPSE Kabupaten Hulu Sungai Utara,LPSE Kabupaten Hulu Sungai Utara,Pemerintah Kabupaten,Kalimantan Selatan,LPSE Kabupaten Hulu Sungai Utara,https://spse.inaproc.id/hsu,spse.inaproc.id,True,True,True,True,4.5u20240923,https://eproc.lkpp.go.id,2026-07-05T22:16:28+00:00,https://eproc.lkpp.go.id/lpse/index/22/0/1,http://eproc.lkpp.go.id/lpse/read/85/lpse-kabupaten-hulu-sungai-utara,1,Kalimantan Selatan,registry card from eProc index; detail_url=http://eproc.lkpp.go.id/lpse/read/85/lpse-kabupaten-hulu-sungai-utara,,False,False,False,False,False,0,[]
LPSE Kabupaten Tanah Laut,LPSE Kabupaten Tanah Laut,Pemerintah Kabupaten,Kalimantan Selatan,LPSE Kabupaten Tanah Laut,https://spse.inaproc.id/tanahlautkab,spse.inaproc.id,True,True,True,True,4.5u20240923,https://eproc.lkpp.go.id,2026-07-05T22:16:28+00:00,https://eproc.lkpp.go.id/lpse/index/22/0/1,http://eproc.lkpp.go.id/lpse/read/172/lpse-kabupaten-tanah-laut,1,Kalimantan Selatan,registry card from eProc index; detail_url=http://eproc.lkpp.go.id/lpse/read/172/lpse-kabupaten-tanah-laut,,False,False,False,False,False,0,[]
LPSE Kabupaten Tapin,LPSE Kabupaten Tapin,Pemerintah Kabupaten,Kalimantan Selatan,LPSE Kabupaten Tapin,https://spse.inaproc.id/tapinkab,spse.inaproc.id,True,True,True,True,4.5u20240923,https://eproc.lkpp.go.id,2026-07-05T22:16:28+00:00,https://eproc.lkpp.go.id/lpse/index/22/0/1,http://eproc.lkpp.go.id/lpse/read/177/lpse-kabupaten-tapin,1,Kalimantan Selatan,registry card from eProc index; detail_url=http://eproc.lkpp.go.id/lpse/read/177/lpse-kabupaten-tapin,,False,False,False,False,False,0,[]
LPSE Provinsi Kalimantan Selatan,LPSE Provinsi Kalimantan Selatan,Pemerintah Provinsi,Kalimantan Selatan,,https://spse.inaproc.id/kalselprov,spse.inaproc.id,True,True,True,True,4.5u20240923,https://eproc.lkpp.go.id,2026-07-05T22:16:28+00:00,https://eproc.lkpp.go.id/lpse/index/22/0/1,http://eproc.lkpp.go.id/lpse/read/181/lpse-provinsi-kalimantan-selatan,1,Kalimantan Selatan,registry card from eProc index; detail_url=http://eproc.lkpp.go.id/lpse/read/181/lpse-provinsi-kalimantan-selatan,Kalimantan Selatan,False,False,False,False,False,0,[]
LPSE Kabupaten Banjar,LPSE Kabupaten Banjar,Pemerintah Kabupaten,Kalimantan Selatan,LPSE Kabupaten Banjar,https://spse.inaproc.id/banjarkab,spse.inaproc.id,True,True,True,True,4.5u20240923,https://eproc.lkpp.go.id,2026-07-05T22:16:28+00:00,https://eproc.lkpp.go.id/lpse/index/22/0/1,http://eproc.lkpp.go.id/lpse/read/197/lpse-kabupaten-banjar,1,Kalimantan Selatan,registry card from eProc index; detail_url=http://eproc.lkpp.go.id/lpse/read/197/lpse-kabupaten-banjar,,False,False,False,False,False,0,[]
LPSE Kabupaten Barito Kuala,LPSE Kabupaten Barito Kuala,Pemerintah Kabupaten,Kalimantan Selatan,LPSE Kabupaten Barito Kuala,https://spse.inaproc.id/baritokualakab,spse.inaproc.id,True,True,True,True,4.5u20240923,https://eproc.lkpp.go.id,2026-07-05T22:16:28+00:00,https://eproc.lkpp.go.id/lpse/index/22/0/1,http://eproc.lkpp.go.id/lpse/read/270/lpse-kabupaten-barito-kuala,1,Kalimantan Selatan,registry card from eProc index; detail_url=http://eproc.lkpp.go.id/lpse/read/270/lpse-kabupaten-barito-kuala,,False,False,False,False,False,0,[]
LPSE Kabupaten Hulu Sungai Selatan,LPSE Kabupaten Hulu Sungai Selatan,Pemerintah Kabupaten,Kalimantan Selatan,LPSE Kabupaten Hulu Sungai Selatan,https://spse.inaproc.id/hulusungaiselatankab,spse.inaproc.id,True,True,True,True,4.5u20240923,https://eproc.lkpp.go.id,2026-07-05T22:16:29+00:00,https://eproc.lkpp.go.id/lpse/index/22/0/2,http://eproc.lkpp.go.id/lpse/read/282/lpse-kabupaten-hulu-sungai-selatan,2,Kalimantan Selatan,registry card from eProc index; detail_url=http://eproc.lkpp.go.id/lpse/read/282/lpse-kabupaten-hulu-sungai-selatan,,False,False,False,False,False,0,[]
LPSE Kabupaten Hulu Sungai Tengah,LPSE Kabupaten Hulu Sungai Tengah,Pemerintah Kabupaten,Kalimantan Selatan,LPSE Kabupaten Hulu Sungai Tengah,https://spse.inaproc.id/hstkab,spse.inaproc.id,True,True,True,True,4.5u20240923,https://eproc.lkpp.go.id,2026-07-05T22:16:29+00:00,https://eproc.lkpp.go.id/lpse/index/22/0/2,http://eproc.lkpp.go.id/lpse/read/315/lpse-kabupaten-hulu-sungai-tengah,2,Kalimantan Selatan,registry card from eProc index; detail_url=http://eproc.lkpp.go.id/lpse/read/315/lpse-kabupaten-hulu-sungai-tengah,,False,False,False,False,False,0,[]
LPSE Kabupaten Tanah Bumbu,LPSE Kabupaten Tanah Bumbu,Pemerintah Kabupaten,Kalimantan Selatan,LPSE Kabupaten Tanah Bumbu,https://spse.inaproc.id/tanahbumbukab,spse.inaproc.id,True,True,True,True,4.5u20240923,https://eproc.lkpp.go.id,2026-07-05T22:16:29+00:00,https://eproc.lkpp.go.id/lpse/index/22/0/2,http://eproc.lkpp.go.id/lpse/read/317/lpse-kabupaten-tanah-bumbu,2,Kalimantan Selatan,registry card from eProc index; detail_url=http://eproc.lkpp.go.id/lpse/read/317/lpse-kabupaten-tanah-bumbu,,False,False,False,False,False,0,[]
LPSE Kabupaten Kotabaru,LPSE Kabupaten Kotabaru,Pemerintah Kabupaten,Kalimantan Selatan,LPSE Kabupaten Kotabaru,https://lpse.kotabarukab.go.id/eproc4,lpse.kotabarukab.go.id,True,True,True,True,4.5u20240923,https://eproc.lkpp.go.id,2026-07-05T22:16:29+00:00,https://eproc.lkpp.go.id/lpse/index/22/0/2,http://eproc.lkpp.go.id/lpse/read/427/lpse-kabupaten-kotabaru,2,Kalimantan Selatan,registry card from eProc index; detail_url=http://eproc.lkpp.go.id/lpse/read/427/lpse-kabupaten-kotabaru,,False,False,False,False,False,0,[]
LPSE Provinsi Kalimantan Tengah,LPSE Provinsi Kalimantan Tengah,Pemerintah Provinsi,Kalimantan Tengah,,https://spse.inaproc.id/kalteng,spse.inaproc.id,True,True,True,True,4.5u20240923,https://eproc.lkpp.go.id,2026-07-05T22:16:30+00:00,https://eproc.lkpp.go.id/lpse/index/21/0/1,http://eproc.lkpp.go.id/lpse/read/12/lpse-provinsi-kalimantan-tengah,1,Kalimantan Tengah,registry card from eProc index; detail_url=http://eproc.lkpp.go.id/lpse/read/12/lpse-provinsi-kalimantan-tengah,Kalimantan Tengah,False,False,False,False,False,0,[]
LPSE Kabupaten Kotawaringin Barat,LPSE Kabupaten Kotawaringin Barat,Pemerintah Kabupaten,Kalimantan Tengah,LPSE Kabupaten Kotawaringin Barat,https://spse.inaproc.id/kotawaringinbaratkab,spse.inaproc.id,True,True,True,True,4.5u20240923,https://eproc.lkpp.go.id,2026-07-05T22:16:30+00:00,https://eproc.lkpp.go.id/lpse/index/21/0/1,http://eproc.lkpp.go.id/lpse/read/176/lpse-kabupaten-kotawaringin-barat,1,Kalimantan Tengah,registry card from eProc index; detail_url=http://eproc.lkpp.go.id/lpse/read/176/lpse-kabupaten-kotawaringin-barat,,False,False,False,False,False,0,[]
LPSE Kabupaten Kotawaringin Timur,LPSE Kabupaten Kotawaringin Timur,Pemerintah Kabupaten,Kalimantan Tengah,LPSE Kabupaten Kotawaringin Timur,https://spse.inaproc.id/kotimkab,spse.inaproc.id,True,True,True,True,4.5u20240923,https://eproc.lkpp.go.id,2026-07-05T22:16:30+00:00,https://eproc.lkpp.go.id/lpse/index/21/0/1,http://eproc.lkpp.go.id/lpse/read/183/lpse-kabupaten-kotawaringin-timur,1,Kalimantan Tengah,registry card from eProc index; detail_url=http://eproc.lkpp.go.id/lpse/read/183/lpse-kabupaten-kotawaringin-timur,,False,False,False,False,False,0,[]
LPSE Kabupaten Lamandau,LPSE Kabupaten Lamandau,Pemerintah Kabupaten,Kalimantan Tengah,LPSE Kabupaten Lamandau,https://spse.inaproc.id/lamandaukab,spse.inaproc.id,True,True,True,True,4.5u20240923,https://eproc.lkpp.go.id,2026-07-05T22:16:30+00:00,https://eproc.lkpp.go.id/lpse/index/21/0/1,http://eproc.lkpp.go.id/lpse/read/306/lpse-kabupaten-lamandau,1,Kalimantan Tengah,registry card from eProc index; detail_url=http://eproc.lkpp.go.id/lpse/read/306/lpse-kabupaten-lamandau,,False,False,False,False,False,0,[]
LPSE Kabupaten Kapuas,LPSE Kabupaten Kapuas,Pemerintah Kabupaten,Kalimantan Tengah,LPSE Kabupaten Kapuas,https://spse.inaproc.id/kapuaskab,spse.inaproc.id,True,True,True,True,4.5u20240923,https://eproc.lkpp.go.id,2026-07-05T22:16:30+00:00,https://eproc.lkpp.go.id/lpse/index/21/0/1,http://eproc.lkpp.go.id/lpse/read/322/lpse-kabupaten-kapuas,1,Kalimantan Tengah,registry card from eProc index; detail_url=http://eproc.lkpp.go.id/lpse/read/322/lpse-kabupaten-kapuas,,False,False,False,False,False,0,[]
LPSE Kabupaten Seruyan,LPSE Kabupaten Seruyan,Pemerintah Kabupaten,Kalimantan Tengah,LPSE Kabupaten Seruyan,https://spse.inaproc.id/seruyankab,spse.inaproc.id,True,True,True,True,4.5u20230712,https://eproc.lkpp.go.id,2026-07-05T22:16:30+00:00,https://eproc.lkpp.go.id/lpse/index/21/0/1,http://eproc.lkpp.go.id/lpse/read/336/lpse-kabupaten-seruyan,1,Kalimantan Tengah,registry card from eProc index; detail_url=http://eproc.lkpp.go.id/lpse/read/336/lpse-kabupaten-seruyan,,False,False,False,False,False,0,[]
LPSE Kabupaten Barito Selatan,LPSE Kabupaten Barito Selatan,Pemerintah Kabupaten,Kalimantan Tengah,LPSE Kabupaten Barito Selatan,https://spse.inaproc.id/baritoselatankab,spse.inaproc.id,True,True,True,True,4.5u20240923,https://eproc.lkpp.go.id,2026-07-05T22:16:30+00:00,https://eproc.lkpp.go.id/lpse/index/21/0/1,http://eproc.lkpp.go.id/lpse/read/353/lpse-kabupaten-barito-selatan,1,Kalimantan Tengah,registry card from eProc index; detail_url=http://eproc.lkpp.go.id/lpse/read/353/lpse-kabupaten-barito-selatan,,False,False,False,False,False,0,[]
LPSE Kota Palangkaraya,LPSE Kota Palangkaraya,Pemerintah Kota,Kalimantan Tengah,LPSE Kota Palangkaraya,https://lpse.palangkaraya.go.id/eproc4,lpse.palangkaraya.go.id,True,False,False,True,4.5u20240923,https://eproc.lkpp.go.id,2026-07-05T22:16:30+00:00,https://eproc.lkpp.go.id/lpse/index/21/0/1,http://eproc.lkpp.go.id/lpse/read/372/lpse-kota-palangkaraya,1,Kalimantan Tengah,registry card from eProc index; detail_url=http://eproc.lkpp.go.id/lpse/read/372/lpse-kota-palangkaraya,,False,False,False,False,True,1,['inactive_or_inaccessible']
LPSE Kabupaten Gunung Mas,LPSE Kabupaten Gunung Mas,Pemerintah Kabupaten,Kalimantan Tengah,LPSE Kabupaten Gunung Mas,https://lpse.gunungmaskab.go.id/eproc4,lpse.gunungmaskab.go.id,True,False,False,True,4.5u20240923,https://eproc.lkpp.go.id,2026-07-05T22:16:30+00:00,https://eproc.lkpp.go.id/lpse/index/21/0/1,http://eproc.lkpp.go.id/lpse/read/379/lpse-kabupaten-gunung-mas,1,Kalimantan Tengah,registry card from eProc index; detail_url=http://eproc.lkpp.go.id/lpse/read/379/lpse-kabupaten-gunung-mas,,False,False,False,False,True,1,['inactive_or_inaccessible']
LPSE Kabupaten Barito Timur,LPSE Kabupaten Barito Timur,Pemerintah Kabupaten,Kalimantan Tengah,LPSE Kabupaten Barito Timur,https://lpse.baritotimurkab.go.id/eproc4,lpse.baritotimurkab.go.id,True,False,False,True,4.5u20240923,https://eproc.lkpp.go.id,2026-07-05T22:16:30+00:00,https://eproc.lkpp.go.id/lpse/index/21/0/1,http://eproc.lkpp.go.id/lpse/read/392/lpse-kabupaten-barito-timur,1,Kalimantan Tengah,registry card from eProc index; detail_url=http://eproc.lkpp.go.id/lpse/read/392/lpse-kabupaten-barito-timur,,False,False,False,False,True,1,['inactive_or_inaccessible']
LPSE Kabupaten Sukamara,LPSE Kabupaten Sukamara,Pemerintah Kabupaten,Kalimantan Tengah,LPSE Kabupaten Sukamara,https://lpse.sukamarakab.go.id/eproc4,lpse.sukamarakab.go.id,True,False,False,True,4.5u20240923,https://eproc.lkpp.go.id,2026-07-05T22:16:30+00:00,https://eproc.lkpp.go.id/lpse/index/21/0/2,http://eproc.lkpp.go.id/lpse/read/414/lpse-kabupaten-sukamara,2,Kalimantan Tengah,registry card from eProc index; detail_url=http://eproc.lkpp.go.id/lpse/read/414/lpse-kabupaten-sukamara,,False,False,False,False,True,1,['inactive_or_inaccessible']
LPSE Kabupaten Katingan,LPSE Kabupaten Katingan,Pemerintah Kabupaten,Kalimantan Tengah,LPSE Kabupaten Katingan,http://lpse.katingankab.go.id/eproc4,lpse.katingankab.go.id,False,True,False,True,4.5u20240923,https://eproc.lkpp.go.id,2026-07-05T22:16:30+00:00,https://eproc.lkpp.go.id/lpse/index/21/0/2,http://eproc.lkpp.go.id/lpse/read/438/lpse-kabupaten-katingan,2,Kalimantan Tengah,registry card from eProc index; detail_url=http://eproc.lkpp.go.id/lpse/read/438/lpse-kabupaten-katingan,,False,False,False,False,True,1,['inactive_or_inaccessible']
LPSE Kabupaten Barito Utara,LPSE Kabupaten Barito Utara,Pemerintah Kabupaten,Kalimantan Tengah,LPSE Kabupaten Barito Utara,https://lpse.baritoutarakab.go.id/eproc4,lpse.baritoutarakab.go.id,True,False,False,True,4.5u20240923,https://eproc.lkpp.go.id,2026-07-05T22:16:30+00:00,https://eproc.lkpp.go.id/lpse/index/21/0/2,http://eproc.lkpp.go.id/lpse/read/458/lpse-kabupaten-barito-utara,2,Kalimantan Tengah,registry card from eProc index; detail_url=http://eproc.lkpp.go.id/lpse/read/458/lpse-kabupaten-barito-utara,,False,False,False,False,True,1,['inactive_or_inaccessible']
LPSE Kabupaten Pulang Pisau,LPSE Kabupaten Pulang Pisau,Pemerintah Kabupaten,Kalimantan Tengah,LPSE Kabupaten Pulang Pisau,https://lpse.pulangpisaukab.go.id/eproc4,lpse.pulangpisaukab.go.id,True,True,False,True,4.5u20240923,https://eproc.lkpp.go.id,2026-07-05T22:16:30+00:00,https://eproc.lkpp.go.id/lpse/index/21/0/2,http://eproc.lkpp.go.id/lpse/read/483/lpse-kabupaten-pulang-pisau,2,Kalimantan Tengah,registry card from eProc index; detail_url=http://eproc.lkpp.go.id/lpse/read/483/lpse-kabupaten-pulang-pisau,,False,False,False,False,True,1,['inactive_or_inaccessible']
LPSE Kabupaten Murung Raya,LPSE Kabupaten Murung Raya,Pemerintah Kabupaten,Kalimantan Tengah,LPSE Kabupaten Murung Raya,http://lpse.murungrayakab.go.id/eproc4,lpse.murungrayakab.go.id,False,True,False,True,4.5u20240923,https://eproc.lkpp.go.id,2026-07-05T22:16:30+00:00,https://eproc.lkpp.go.id/lpse/index/21/0/2,http://eproc.lkpp.go.id/lpse/read/510/lpse-kabupaten-murung-raya,2,Kalimantan Tengah,registry card from eProc index; detail_url=http://eproc.lkpp.go.id/lpse/read/510/lpse-kabupaten-murung-raya,,False,False,False,False,True,1,['inactive_or_inaccessible']
LPSE Polda Kalimantan Tengah,LPSE Polda Kalimantan Tengah,,Kalimantan Tengah,,https://spse.inaproc.id/polri,spse.inaproc.id,True,True,True,True,4.5u20230706,https://eproc.lkpp.go.id,2026-07-05T22:16:30+00:00,https://eproc.lkpp.go.id/lpse/index/21/0/2,http://eproc.lkpp.go.id/lpse/read/534/lpse-polda-kalimantan-tengah,2,Kalimantan Tengah,registry card from eProc index; detail_url=http://eproc.lkpp.go.id/lpse/read/534/lpse-polda-kalimantan-tengah,Kalimantan Tengah,False,False,False,False,False,0,[]
LPSE Provinsi Kalimantan Timur,LPSE Provinsi Kalimantan Timur,Pemerintah Provinsi,Kalimantan Timur,,https://spse.inaproc.id/kaltimprov,spse.inaproc.id,True,True,True,True,4.5u20240923,https://eproc.lkpp.go.id,2026-07-05T22:16:31+00:00,https://eproc.lkpp.go.id/lpse/index/23/0/1,http://eproc.lkpp.go.id/lpse/read/35/lpse-provinsi-kalimantan-timur,1,Kalimantan Timur,registry card from eProc index; detail_url=http://eproc.lkpp.go.id/lpse/read/35/lpse-provinsi-kalimantan-timur,Kalimantan Timur,False,False,False,False,False,0,[]
LPSE Kabupaten Berau,LPSE Kabupaten Berau,Pemerintah Kabupaten,Kalimantan Timur,LPSE Kabupaten Berau,https://spse.beraukab.go.id/eproc4,spse.beraukab.go.id,True,False,False,True,4.5u20240923,https://eproc.lkpp.go.id,2026-07-05T22:16:31+00:00,https://eproc.lkpp.go.id/lpse/index/23/0/1,http://eproc.lkpp.go.id/lpse/read/43/lpse-kabupaten-berau,1,Kalimantan Timur,registry card from eProc index; detail_url=http://eproc.lkpp.go.id/lpse/read/43/lpse-kabupaten-berau,,False,False,False,False,True,1,['inactive_or_inaccessible']
LPSE Kabupaten Paser,LPSE Kabupaten Paser,Pemerintah Kabupaten,Kalimantan Timur,LPSE Kabupaten Paser,https://spse.inaproc.id/paserkab,spse.inaproc.id,True,True,True,True,4.5u20240923,https://eproc.lkpp.go.id,2026-07-05T22:16:32+00:00,https://eproc.lkpp.go.id/lpse/index/23/0/1,http://eproc.lkpp.go.id/lpse/read/52/lpse-kabupaten-paser,1,Kalimantan Timur,registry card from eProc index; detail_url=http://eproc.lkpp.go.id/lpse/read/52/lpse-kabupaten-paser,,False,False,False,False,False,0,[]
LPSE Kabupaten Kutai Kartanegara,LPSE Kabupaten Kutai Kartanegara,Pemerintah Kabupaten,Kalimantan Timur,LPSE Kabupaten Kutai Kartanegara,https://spse.inaproc.id/kukarkab,spse.inaproc.id,True,True,True,True,4.5u20240923,https://eproc.lkpp.go.id,2026-07-05T22:16:32+00:00,https://eproc.lkpp.go.id/lpse/index/23/0/1,http://eproc.lkpp.go.id/lpse/read/198/lpse-kabupaten-kutai-kartanegara,1,Kalimantan Timur,registry card from eProc index; detail_url=http://eproc.lkpp.go.id/lpse/read/198/lpse-kabupaten-kutai-kartanegara,,False,False,False,False,False,0,[]
LPSE Kabupaten Kutai Barat,LPSE Kabupaten Kutai Barat,Pemerintah Kabupaten,Kalimantan Timur,LPSE Kabupaten Kutai Barat,https://spse.inaproc.id/kutaibaratkab,spse.inaproc.id,True,True,True,True,4.5u20240923,https://eproc.lkpp.go.id,2026-07-05T22:16:32+00:00,https://eproc.lkpp.go.id/lpse/index/23/0/1,http://eproc.lkpp.go.id/lpse/read/249/lpse-kabupaten-kutai-barat,1,Kalimantan Timur,registry card from eProc index; detail_url=http://eproc.lkpp.go.id/lpse/read/249/lpse-kabupaten-kutai-barat,,False,False,False,False,False,0,[]
LPSE Kabupaten Penajam Paser Utara,LPSE Kabupaten Penajam Paser Utara,Pemerintah Kabupaten,Kalimantan Timur,LPSE Kabupaten Penajam Paser Utara,https://spse.inaproc.id/penajamkab,spse.inaproc.id,True,True,True,True,4.5u20240923,https://eproc.lkpp.go.id,2026-07-05T22:16:32+00:00,https://eproc.lkpp.go.id/lpse/index/23/0/1,http://eproc.lkpp.go.id/lpse/read/264/lpse-kabupaten-penajam-paser-utara,1,Kalimantan Timur,registry card from eProc index; detail_url=http://eproc.lkpp.go.id/lpse/read/264/lpse-kabupaten-penajam-paser-utara,,False,False,False,False,False,0,[]
LPSE Kota Bontang,LPSE Kota Bontang,Pemerintah Kota,Kalimantan Timur,LPSE Kota Bontang,https://spse.inaproc.id/bontangkota,spse.inaproc.id,True,True,True,True,4.5u20240923,https://eproc.lkpp.go.id,2026-07-05T22:16:32+00:00,https://eproc.lkpp.go.id/lpse/index/23/0/1,http://eproc.lkpp.go.id/lpse/read/312/lpse-kota-bontang,1,Kalimantan Timur,registry card from eProc index; detail_url=http://eproc.lkpp.go.id/lpse/read/312/lpse-kota-bontang,,False,False,False,False,False,0,[]
LPSE Kota Balikpapan,LPSE Kota Balikpapan,Pemerintah Kota,Kalimantan Timur,LPSE Kota Balikpapan,https://spse.inaproc.id/balikpapan,spse.inaproc.id,True,True,True,True,4.5u20240923,https://eproc.lkpp.go.id,2026-07-05T22:16:32+00:00,https://eproc.lkpp.go.id/lpse/index/23/0/1,http://eproc.lkpp.go.id/lpse/read/316/lpse-kota-balikpapan,1,Kalimantan Timur,registry card from eProc index; detail_url=http://eproc.lkpp.go.id/lpse/read/316/lpse-kota-balikpapan,Bali,True,False,False,False,False,1,['province_mismatch_suspected']
LPSE Kabupaten Kutai Timur,LPSE Kabupaten Kutai Timur,Pemerintah Kabupaten,Kalimantan Timur,LPSE Kabupaten Kutai Timur,https://lpse.kutaitimurkab.go.id/eproc4,lpse.kutaitimurkab.go.id,True,False,False,True,4.5u20240923,https://eproc.lkpp.go.id,2026-07-05T22:16:32+00:00,https://eproc.lkpp.go.id/lpse/index/23/0/1,http://eproc.lkpp.go.id/lpse/read/364/lpse-kabupaten-kutai-timur,1,Kalimantan Timur,registry card from eProc index; detail_url=http://eproc.lkpp.go.id/lpse/read/364/lpse-kabupaten-kutai-timur,,False,False,False,False,True,1,['inactive_or_inaccessible']
LPSE Kota Samarinda,LPSE Kota Samarinda,Pemerintah Kota,Kalimantan Timur,LPSE Kota Samarinda,http://lpse.samarindakota.go.id/eproc4,lpse.samarindakota.go.id,False,True,False,True,4.5u20240923,https://eproc.lkpp.go.id,2026-07-05T22:16:32+00:00,https://eproc.lkpp.go.id/lpse/index/23/0/1,http://eproc.lkpp.go.id/lpse/read/596/lpse-kota-samarinda,1,Kalimantan Timur,registry card from eProc index; detail_url=http://eproc.lkpp.go.id/lpse/read/596/lpse-kota-samarinda,,False,False,False,False,True,1,['inactive_or_inaccessible']
LPSE Kabupaten Mahakam Ulu,LPSE Kabupaten Mahakam Ulu,Pemerintah Kabupaten,Kalimantan Timur,LPSE Kabupaten Mahakam Ulu,http://lpse.mahakamulukab.go.id/eproc4,lpse.mahakamulukab.go.id,False,True,False,True,4.5u20240923,https://eproc.lkpp.go.id,2026-07-05T22:16:32+00:00,https://eproc.lkpp.go.id/lpse/index/23/0/2,http://eproc.lkpp.go.id/lpse/read/711/lpse-kabupaten-mahakam-ulu,2,Kalimantan Timur,registry card from eProc index; detail_url=http://eproc.lkpp.go.id/lpse/read/711/lpse-kabupaten-mahakam-ulu,,False,False,False,False,True,1,['inactive_or_inaccessible']
LPSE Kota Tarakan,LPSE Kota Tarakan,Pemerintah Kota,Kalimantan Utara,LPSE Kota Tarakan,https://spse.inaproc.id/tarakankota,spse.inaproc.id,True,True,True,True,4.5u20240923,https://eproc.lkpp.go.id,2026-07-05T22:16:33+00:00,https://eproc.lkpp.go.id/lpse/index/34/0/1,http://eproc.lkpp.go.id/lpse/read/184/lpse-kota-tarakan,1,Kalimantan Utara,registry card from eProc index; detail_url=http://eproc.lkpp.go.id/lpse/read/184/lpse-kota-tarakan,,False,False,False,False,False,0,[]
LPSE Kabupaten Bulungan,LPSE Kabupaten Bulungan,Pemerintah Kabupaten,Kalimantan Utara,LPSE Kabupaten Bulungan,https://spse.inaproc.id/bulungan,spse.inaproc.id,True,True,True,True,4.5u20240923,https://eproc.lkpp.go.id,2026-07-05T22:16:33+00:00,https://eproc.lkpp.go.id/lpse/index/34/0/1,http://eproc.lkpp.go.id/lpse/read/268/lpse-kabupaten-bulungan,1,Kalimantan Utara,registry card from eProc index; detail_url=http://eproc.lkpp.go.id/lpse/read/268/lpse-kabupaten-bulungan,,False,False,False,False,False,0,[]
LPSE Kabupaten Malinau,LPSE Kabupaten Malinau,Pemerintah Kabupaten,Kalimantan Utara,LPSE Kabupaten Malinau,https://spse.inaproc.id/malinau,spse.inaproc.id,True,True,True,True,4.5u20240923,https://eproc.lkpp.go.id,2026-07-05T22:16:33+00:00,https://eproc.lkpp.go.id/lpse/index/34/0/1,http://eproc.lkpp.go.id/lpse/read/321/lpse-kabupaten-malinau,1,Kalimantan Utara,registry card from eProc index; detail_url=http://eproc.lkpp.go.id/lpse/read/321/lpse-kabupaten-malinau,,False,False,False,False,False,0,[]
LPSE Kabupaten Nunukan,LPSE Kabupaten Nunukan,Pemerintah Kabupaten,Kalimantan Utara,LPSE Kabupaten Nunukan,https://spse.inaproc.id/nunukankab,spse.inaproc.id,True,True,True,True,4.5u20240923,https://eproc.lkpp.go.id,2026-07-05T22:16:33+00:00,https://eproc.lkpp.go.id/lpse/index/34/0/1,http://eproc.lkpp.go.id/lpse/read/338/lpse-kabupaten-nunukan,1,Kalimantan Utara,registry card from eProc index; detail_url=http://eproc.lkpp.go.id/lpse/read/338/lpse-kabupaten-nunukan,,False,False,False,False,False,0,[]
LPSE Kabupaten Tana Tidung,LPSE Kabupaten Tana Tidung,Pemerintah Kabupaten,Kalimantan Utara,LPSE Kabupaten Tana Tidung,http://lpse.tanatidungkab.go.id/eproc4,lpse.tanatidungkab.go.id,False,True,False,True,4.5u20240923,https://eproc.lkpp.go.id,2026-07-05T22:16:33+00:00,https://eproc.lkpp.go.id/lpse/index/34/0/1,http://eproc.lkpp.go.id/lpse/read/594/lpse-kabupaten-tana-tidung,1,Kalimantan Utara,registry card from eProc index; detail_url=http://eproc.lkpp.go.id/lpse/read/594/lpse-kabupaten-tana-tidung,,False,False,False,False,True,1,['inactive_or_inaccessible']
LPSE Provinsi Kalimantan Utara,LPSE Provinsi Kalimantan Utara,Pemerintah Provinsi,Kalimantan Utara,,https://lpse.kaltaraprov.go.id/eproc4,lpse.kaltaraprov.go.id,True,True,False,True,4.5u20240923,https://eproc.lkpp.go.id,2026-07-05T22:16:33+00:00,https://eproc.lkpp.go.id/lpse/index/34/0/1,http://eproc.lkpp.go.id/lpse/read/716/lpse-provinsi-kalimantan-utara,1,Kalimantan Utara,registry card from eProc index; detail_url=http://eproc.lkpp.go.id/lpse/read/716/lpse-provinsi-kalimantan-utara,Kalimantan Utara,False,False,False,False,True,1,['inactive_or_inaccessible']
LPSE Kabupaten Bangka,LPSE Kabupaten Bangka,Pemerintah Kabupaten,Kep. Bangka Belitung,LPSE Kabupaten Bangka,https://spse.inaproc.id/bangka,spse.inaproc.id,True,True,True,True,4.5u20240923,https://eproc.lkpp.go.id,2026-07-05T22:16:33+00:00,https://eproc.lkpp.go.id/lpse/index/9/0/1,http://eproc.lkpp.go.id/lpse/read/31/lpse-kabupaten-bangka,1,Kep. Bangka Belitung,registry card from eProc index; detail_url=http://eproc.lkpp.go.id/lpse/read/31/lpse-kabupaten-bangka,,False,False,False,False,False,0,[]
LPSE Provinsi Kepulauan Bangka Belitung,LPSE Provinsi Kepulauan Bangka Belitung,Pemerintah Provinsi,Kep. Bangka Belitung,,https://spse.inaproc.id/babelprov,spse.inaproc.id,True,True,True,True,4.5u20240923,https://eproc.lkpp.go.id,2026-07-05T22:16:33+00:00,https://eproc.lkpp.go.id/lpse/index/9/0/1,http://eproc.lkpp.go.id/lpse/read/86/lpse-provinsi-kepulauan-bangka-belitung,1,Kep. Bangka Belitung,registry card from eProc index; detail_url=http://eproc.lkpp.go.id/lpse/read/86/lpse-provinsi-kepulauan-bangka-belitung,,False,False,False,False,False,0,[]
LPSE Kota Pangkal Pinang,LPSE Kota Pangkal Pinang,Pemerintah Kota,Kep. Bangka Belitung,LPSE Kota Pangkal Pinang,https://spse.inaproc.id/pangkalpinangkota,spse.inaproc.id,True,True,True,True,4.5u20240923,https://eproc.lkpp.go.id,2026-07-05T22:16:33+00:00,https://eproc.lkpp.go.id/lpse/index/9/0/1,http://eproc.lkpp.go.id/lpse/read/96/lpse-kota-pangkal-pinang,1,Kep. Bangka Belitung,registry card from eProc index; detail_url=http://eproc.lkpp.go.id/lpse/read/96/lpse-kota-pangkal-pinang,,False,False,False,False,False,0,[]
LPSE Kabupaten Bangka Tengah,LPSE Kabupaten Bangka Tengah,Pemerintah Kabupaten,Kep. Bangka Belitung,LPSE Kabupaten Bangka Tengah,https://spse.inaproc.id/bangkatengahkab,spse.inaproc.id,True,True,True,True,4.5u20240923,https://eproc.lkpp.go.id,2026-07-05T22:16:33+00:00,https://eproc.lkpp.go.id/lpse/index/9/0/1,http://eproc.lkpp.go.id/lpse/read/139/lpse-kabupaten-bangka-tengah,1,Kep. Bangka Belitung,registry card from eProc index; detail_url=http://eproc.lkpp.go.id/lpse/read/139/lpse-kabupaten-bangka-tengah,,False,False,False,False,False,0,[]
LPSE Kabupaten Belitung Timur,LPSE Kabupaten Belitung Timur,Pemerintah Kabupaten,Kep. Bangka Belitung,LPSE Kabupaten Belitung Timur,https://spse.inaproc.id/beltim,spse.inaproc.id,True,True,True,True,4.5u20240923,https://eproc.lkpp.go.id,2026-07-05T22:16:33+00:00,https://eproc.lkpp.go.id/lpse/index/9/0/1,http://eproc.lkpp.go.id/lpse/read/179/lpse-kabupaten-belitung-timur,1,Kep. Bangka Belitung,registry card from eProc index; detail_url=http://eproc.lkpp.go.id/lpse/read/179/lpse-kabupaten-belitung-timur,,False,False,False,False,False,0,[]
LPSE Kabupaten Belitung,LPSE Kabupaten Belitung,Pemerintah Kabupaten,Kep. Bangka Belitung,LPSE Kabupaten Belitung,https://spse.inaproc.id/belitung,spse.inaproc.id,True,True,True,True,4.5u20240923,https://eproc.lkpp.go.id,2026-07-05T22:16:33+00:00,https://eproc.lkpp.go.id/lpse/index/9/0/1,http://eproc.lkpp.go.id/lpse/read/258/lpse-kabupaten-belitung,1,Kep. Bangka Belitung,registry card from eProc index; detail_url=http://eproc.lkpp.go.id/lpse/read/258/lpse-kabupaten-belitung,,False,False,False,False,False,0,[]
LPSE Kabupaten Bangka Barat,LPSE Kabupaten Bangka Barat,Pemerintah Kabupaten,Kep. Bangka Belitung,LPSE Kabupaten Bangka Barat,https://spse.inaproc.id/bangkabaratkab,spse.inaproc.id,True,True,True,True,4.5u20240923,https://eproc.lkpp.go.id,2026-07-05T22:16:33+00:00,https://eproc.lkpp.go.id/lpse/index/9/0/1,http://eproc.lkpp.go.id/lpse/read/340/lpse-kabupaten-bangka-barat,1,Kep. Bangka Belitung,registry card from eProc index; detail_url=http://eproc.lkpp.go.id/lpse/read/340/lpse-kabupaten-bangka-barat,,False,False,False,False,False,0,[]
LPSE Kabupaten Bangka Selatan,LPSE Kabupaten Bangka Selatan,Pemerintah Kabupaten,Kep. Bangka Belitung,LPSE Kabupaten Bangka Selatan,https://lpse.bangkaselatankab.go.id/eproc4,lpse.bangkaselatankab.go.id,True,True,False,True,4.5u20240923,https://eproc.lkpp.go.id,2026-07-05T22:16:33+00:00,https://eproc.lkpp.go.id/lpse/index/9/0/1,http://eproc.lkpp.go.id/lpse/read/369/lpse-kabupaten-bangka-selatan,1,Kep. Bangka Belitung,registry card from eProc index; detail_url=http://eproc.lkpp.go.id/lpse/read/369/lpse-kabupaten-bangka-selatan,,False,False,False,False,True,1,['inactive_or_inaccessible']
LPSE Polda Kep. Bangka Belitung,LPSE Polda Kep. Bangka Belitung,,Kep. Bangka Belitung,,https://spse.inaproc.id/polri,spse.inaproc.id,True,True,True,True,4.5u20220216,https://eproc.lkpp.go.id,2026-07-05T22:16:33+00:00,https://eproc.lkpp.go.id/lpse/index/9/0/1,http://eproc.lkpp.go.id/lpse/read/545/lpse-polda-kep-bangka-belitung,1,Kep. Bangka Belitung,registry card from eProc index; detail_url=http://eproc.lkpp.go.id/lpse/read/545/lpse-polda-kep-bangka-belitung,Kep. Bangka Belitung,False,False,False,False,False,0,[]
LPSE Provinsi Kepulauan Riau,LPSE Provinsi Kepulauan Riau,Pemerintah Provinsi,Kepulauan Riau,,https://spse.inaproc.id/kepriprov,spse.inaproc.id,True,True,True,True,4.5u20240923,https://eproc.lkpp.go.id,2026-07-05T22:16:34+00:00,https://eproc.lkpp.go.id/lpse/index/10/0/1,http://eproc.lkpp.go.id/lpse/read/22/lpse-provinsi-kepulauan-riau,1,Kepulauan Riau,registry card from eProc index; detail_url=http://eproc.lkpp.go.id/lpse/read/22/lpse-provinsi-kepulauan-riau,Kepulauan Riau,False,False,False,False,False,0,[]
LPSE Kota Batam,LPSE Kota Batam,Pemerintah Kota,Kepulauan Riau,LPSE Kota Batam,https://spse.inaproc.id/batam,spse.inaproc.id,True,True,True,True,4.5u20240923,https://eproc.lkpp.go.id,2026-07-05T22:16:34+00:00,https://eproc.lkpp.go.id/lpse/index/10/0/1,http://eproc.lkpp.go.id/lpse/read/26/lpse-kota-batam,1,Kepulauan Riau,registry card from eProc index; detail_url=http://eproc.lkpp.go.id/lpse/read/26/lpse-kota-batam,,False,False,False,False,False,0,[]
LPSE Kabupaten Karimun,LPSE Kabupaten Karimun,Pemerintah Kabupaten,Kepulauan Riau,LPSE Kabupaten Karimun,https://spse.inaproc.id/karimunkab,spse.inaproc.id,True,True,True,True,4.5u20240923,https://eproc.lkpp.go.id,2026-07-05T22:16:34+00:00,https://eproc.lkpp.go.id/lpse/index/10/0/1,http://eproc.lkpp.go.id/lpse/read/147/lpse-kabupaten-karimun,1,Kepulauan Riau,registry card from eProc index; detail_url=http://eproc.lkpp.go.id/lpse/read/147/lpse-kabupaten-karimun,,False,False,False,False,False,0,[]
LPSE Kabupaten Natuna,LPSE Kabupaten Natuna,Pemerintah Kabupaten,Kepulauan Riau,LPSE Kabupaten Natuna,https://spse.inaproc.id/natunakab,spse.inaproc.id,True,True,True,True,4.5u20240923,https://eproc.lkpp.go.id,2026-07-05T22:16:34+00:00,https://eproc.lkpp.go.id/lpse/index/10/0/1,http://eproc.lkpp.go.id/lpse/read/355/lpse-kabupaten-natuna,1,Kepulauan Riau,registry card from eProc index; detail_url=http://eproc.lkpp.go.id/lpse/read/355/lpse-kabupaten-natuna,,False,False,False,False,False,0,[]
LPSE Kabupaten Kepulauan Anambas,LPSE Kabupaten Kepulauan Anambas,Pemerintah Kabupaten,Kepulauan Riau,LPSE Kabupaten Kepulauan Anambas,https://lpse.anambaskab.go.id/eproc4,lpse.anambaskab.go.id,True,False,False,True,4.5u20240923,https://eproc.lkpp.go.id,2026-07-05T22:16:34+00:00,https://eproc.lkpp.go.id/lpse/index/10/0/1,http://eproc.lkpp.go.id/lpse/read/365/lpse-kabupaten-kepulauan-anambas,1,Kepulauan Riau,registry card from eProc index; detail_url=http://eproc.lkpp.go.id/lpse/read/365/lpse-kabupaten-kepulauan-anambas,,False,False,False,False,True,1,['inactive_or_inaccessible']
LPSE Kabupaten Bintan,LPSE Kabupaten Bintan,Pemerintah Kabupaten,Kepulauan Riau,LPSE Kabupaten Bintan,https://lpse.bintankab.go.id/eproc4,lpse.bintankab.go.id,True,True,False,True,4.5u20240923,https://eproc.lkpp.go.id,2026-07-05T22:16:34+00:00,https://eproc.lkpp.go.id/lpse/index/10/0/1,http://eproc.lkpp.go.id/lpse/read/495/lpse-kabupaten-bintan,1,Kepulauan Riau,registry card from eProc index; detail_url=http://eproc.lkpp.go.id/lpse/read/495/lpse-kabupaten-bintan,,False,False,False,False,True,1,['inactive_or_inaccessible']
LPSE Badan Pengusaha Batam,LPSE Badan Pengusaha Batam,,Kepulauan Riau,,https://spse.inaproc.id/bpbatam,spse.inaproc.id,True,True,True,True,4.5u20240923,https://eproc.lkpp.go.id,2026-07-05T22:16:34+00:00,https://eproc.lkpp.go.id/lpse/index/10/0/1,http://eproc.lkpp.go.id/lpse/read/538/lpse-badan-pengusaha-batam,1,Kepulauan Riau,registry card from eProc index; detail_url=http://eproc.lkpp.go.id/lpse/read/538/lpse-badan-pengusaha-batam,,False,False,False,False,False,0,[]
LPSE Kota Tanjung Pinang,LPSE Kota Tanjung Pinang,Pemerintah Kota,Kepulauan Riau,LPSE Kota Tanjung Pinang,http://lpse.tanjungpinangkota.go.id/eproc4,lpse.tanjungpinangkota.go.id,False,True,False,True,4.5u20240923,https://eproc.lkpp.go.id,2026-07-05T22:16:34+00:00,https://eproc.lkpp.go.id/lpse/index/10/0/1,http://eproc.lkpp.go.id/lpse/read/673/lpse-kota-tanjung-pinang,1,Kepulauan Riau,registry card from eProc index; detail_url=http://eproc.lkpp.go.id/lpse/read/673/lpse-kota-tanjung-pinang,,False,False,False,False,True,1,['inactive_or_inaccessible']
LPSE Kabupaten Lingga,LPSE Kabupaten Lingga,Pemerintah Kabupaten,Kepulauan Riau,LPSE Kabupaten Lingga,https://lpse.linggakab.go.id/eproc4,lpse.linggakab.go.id,True,False,False,True,4.5u20240923,https://eproc.lkpp.go.id,2026-07-05T22:16:34+00:00,https://eproc.lkpp.go.id/lpse/index/10/0/1,http://eproc.lkpp.go.id/lpse/read/735/lpse-kabupaten-lingga,1,Kepulauan Riau,registry card from eProc index; detail_url=http://eproc.lkpp.go.id/lpse/read/735/lpse-kabupaten-lingga,,False,False,False,False,True,1,['inactive_or_inaccessible']
LPSE Provinsi Lampung,LPSE Provinsi Lampung,Pemerintah Provinsi,Lampung,,https://spse.inaproc.id/lampungprov,spse.inaproc.id,True,True,True,True,4.5u20240923,https://eproc.lkpp.go.id,2026-07-05T22:16:35+00:00,https://eproc.lkpp.go.id/lpse/index/8/0/1,http://eproc.lkpp.go.id/lpse/read/121/lpse-provinsi-lampung,1,Lampung,registry card from eProc index; detail_url=http://eproc.lkpp.go.id/lpse/read/121/lpse-provinsi-lampung,Lampung,False,False,False,False,False,0,[]
LPSE Kota Metro,LPSE Kota Metro,Pemerintah Kota,Lampung,LPSE Kota Metro,https://spse.inaproc.id/metrokota,spse.inaproc.id,True,True,True,True,4.5u20240923,https://eproc.lkpp.go.id,2026-07-05T22:16:35+00:00,https://eproc.lkpp.go.id/lpse/index/8/0/1,http://eproc.lkpp.go.id/lpse/read/150/lpse-kota-metro,1,Lampung,registry card from eProc index; detail_url=http://eproc.lkpp.go.id/lpse/read/150/lpse-kota-metro,,False,False,False,False,False,0,[]
LPSE Kota Bandar Lampung,LPSE Kota Bandar Lampung,Pemerintah Kota,Lampung,LPSE Kota Bandar Lampung,https://spse.inaproc.id/bandarlampungkota,spse.inaproc.id,True,True,True,True,4.5u20240923,https://eproc.lkpp.go.id,2026-07-05T22:16:35+00:00,https://eproc.lkpp.go.id/lpse/index/8/0/1,http://eproc.lkpp.go.id/lpse/read/193/lpse-kota-bandar-lampung,1,Lampung,registry card from eProc index; detail_url=http://eproc.lkpp.go.id/lpse/read/193/lpse-kota-bandar-lampung,Lampung,False,False,False,False,False,0,[]
LPSE Kabupaten Lampung Tengah,LPSE Kabupaten Lampung Tengah,Pemerintah Kabupaten,Lampung,LPSE Kabupaten Lampung Tengah,https://spse.inaproc.id/lampungtengahkab,spse.inaproc.id,True,True,True,True,4.5u20221115,https://eproc.lkpp.go.id,2026-07-05T22:16:35+00:00,https://eproc.lkpp.go.id/lpse/index/8/0/1,http://eproc.lkpp.go.id/lpse/read/237/lpse-kabupaten-lampung-tengah,1,Lampung,registry card from eProc index; detail_url=http://eproc.lkpp.go.id/lpse/read/237/lpse-kabupaten-lampung-tengah,Lampung,False,False,False,False,False,0,[]
LPSE Kabupaten Pesawaran,LPSE Kabupaten Pesawaran,Pemerintah Kabupaten,Lampung,LPSE Kabupaten Pesawaran,https://spse.inaproc.id/pesawarankab,spse.inaproc.id,True,True,True,True,4.5u20240923,https://eproc.lkpp.go.id,2026-07-05T22:16:35+00:00,https://eproc.lkpp.go.id/lpse/index/8/0/1,http://eproc.lkpp.go.id/lpse/read/274/lpse-kabupaten-pesawaran,1,Lampung,registry card from eProc index; detail_url=http://eproc.lkpp.go.id/lpse/read/274/lpse-kabupaten-pesawaran,,False,False,False,False,False,0,[]
LPSE Kabupaten Lampung Barat,LPSE Kabupaten Lampung Barat,Pemerintah Kabupaten,Lampung,LPSE Kabupaten Lampung Barat,https://spse.inaproc.id/lampungbaratkab,spse.inaproc.id,True,True,True,True,4.5u20240923,https://eproc.lkpp.go.id,2026-07-05T22:16:35+00:00,https://eproc.lkpp.go.id/lpse/index/8/0/1,http://eproc.lkpp.go.id/lpse/read/305/lpse-kabupaten-lampung-barat,1,Lampung,registry card from eProc index; detail_url=http://eproc.lkpp.go.id/lpse/read/305/lpse-kabupaten-lampung-barat,Lampung,False,False,False,False,False,0,[]
LPSE Kabupaten Lampung Utara,LPSE Kabupaten Lampung Utara,Pemerintah Kabupaten,Lampung,LPSE Kabupaten Lampung Utara,https://spse.inaproc.id/lampungutarakab,spse.inaproc.id,True,True,True,True,4.5u20240923,https://eproc.lkpp.go.id,2026-07-05T22:16:35+00:00,https://eproc.lkpp.go.id/lpse/index/8/0/1,http://eproc.lkpp.go.id/lpse/read/328/lpse-kabupaten-lampung-utara,1,Lampung,registry card from eProc index; detail_url=http://eproc.lkpp.go.id/lpse/read/328/lpse-kabupaten-lampung-utara,Lampung,False,False,False,False,False,0,[]
LPSE Kabupaten Pringsewu,LPSE Kabupaten Pringsewu,Pemerintah Kabupaten,Lampung,LPSE Kabupaten Pringsewu,https://spse.inaproc.id/pringsewukab,spse.inaproc.id,True,True,True,True,4.5u20240923,https://eproc.lkpp.go.id,2026-07-05T22:16:35+00:00,https://eproc.lkpp.go.id/lpse/index/8/0/1,http://eproc.lkpp.go.id/lpse/read/337/lpse-kabupaten-pringsewu,1,Lampung,registry card from eProc index; detail_url=http://eproc.lkpp.go.id/lpse/read/337/lpse-kabupaten-pringsewu,,False,False,False,False,False,0,[]
LPSE Kabupaten Tanggamus,LPSE Kabupaten Tanggamus,Pemerintah Kabupaten,Lampung,LPSE Kabupaten Tanggamus,http://lpse.tanggamus.go.id/eproc4,lpse.tanggamus.go.id,False,True,False,True,4.5u20240923,https://eproc.lkpp.go.id,2026-07-05T22:16:35+00:00,https://eproc.lkpp.go.id/lpse/index/8/0/1,http://eproc.lkpp.go.id/lpse/read/476/lpse-kabupaten-tanggamus,1,Lampung,registry card from eProc index; detail_url=http://eproc.lkpp.go.id/lpse/read/476/lpse-kabupaten-tanggamus,,False,False,False,False,True,1,['inactive_or_inaccessible']
LPSE Kabupaten Tulang Bawang Barat,LPSE Kabupaten Tulang Bawang Barat,Pemerintah Kabupaten,Lampung,LPSE Kabupaten Tulang Bawang Barat,https://lpse.tubaba.go.id/eproc4,lpse.tubaba.go.id,True,False,False,True,4.5u20240923,https://eproc.lkpp.go.id,2026-07-05T22:16:35+00:00,https://eproc.lkpp.go.id/lpse/index/8/0/1,http://eproc.lkpp.go.id/lpse/read/486/lpse-kabupaten-tulang-bawang-barat,1,Lampung,registry card from eProc index; detail_url=http://eproc.lkpp.go.id/lpse/read/486/lpse-kabupaten-tulang-bawang-barat,,False,False,False,False,True,1,['inactive_or_inaccessible']
LPSE Polda Lampung,LPSE Polda Lampung,,Lampung,,http://36.93.1.34/eproc4,36.93.1.34,False,True,False,True,4.5u20240202,https://eproc.lkpp.go.id,2026-07-05T22:16:36+00:00,https://eproc.lkpp.go.id/lpse/index/8/0/2,http://eproc.lkpp.go.id/lpse/read/591/lpse-polda-lampung,2,Lampung,registry card from eProc index; detail_url=http://eproc.lkpp.go.id/lpse/read/591/lpse-polda-lampung,Lampung,False,False,False,False,True,1,['inactive_or_inaccessible']
LPSE Kabupaten Way Kanan,LPSE Kabupaten Way Kanan,Pemerintah Kabupaten,Lampung,LPSE Kabupaten Way Kanan,https://lpse.waykanankab.go.id/eproc4,lpse.waykanankab.go.id,True,True,False,True,4.5u20240923,https://eproc.lkpp.go.id,2026-07-05T22:16:36+00:00,https://eproc.lkpp.go.id/lpse/index/8/0/2,http://eproc.lkpp.go.id/lpse/read/629/lpse-kabupaten-way-kanan,2,Lampung,registry card from eProc index; detail_url=http://eproc.lkpp.go.id/lpse/read/629/lpse-kabupaten-way-kanan,,False,False,False,False,True,1,['inactive_or_inaccessible']
LPSE Kabupaten Mesuji,LPSE Kabupaten Mesuji,Pemerintah Kabupaten,Lampung,LPSE Kabupaten Mesuji,https://lpse.mesujikab.go.id/eproc4,lpse.mesujikab.go.id,True,False,False,True,4.5u20240923,https://eproc.lkpp.go.id,2026-07-05T22:16:36+00:00,https://eproc.lkpp.go.id/lpse/index/8/0/2,http://eproc.lkpp.go.id/lpse/read/682/lpse-kabupaten-mesuji,2,Lampung,registry card from eProc index; detail_url=http://eproc.lkpp.go.id/lpse/read/682/lpse-kabupaten-mesuji,,False,False,False,False,True,1,['inactive_or_inaccessible']
LPSE Kabupaten Pesisir Barat,LPSE Kabupaten Pesisir Barat,Pemerintah Kabupaten,Lampung,LPSE Kabupaten Pesisir Barat,https://lpse.pesisirbaratkab.go.id/eproc4,lpse.pesisirbaratkab.go.id,True,True,False,True,4.5u20240923,https://eproc.lkpp.go.id,2026-07-05T22:16:36+00:00,https://eproc.lkpp.go.id/lpse/index/8/0/2,http://eproc.lkpp.go.id/lpse/read/723/lpse-kabupaten-pesisir-barat,2,Lampung,registry card from eProc index; detail_url=http://eproc.lkpp.go.id/lpse/read/723/lpse-kabupaten-pesisir-barat,,False,False,False,False,True,1,['inactive_or_inaccessible']
LPSE Kabupaten Lampung Timur,LPSE Kabupaten Lampung Timur,Pemerintah Kabupaten,Lampung,LPSE Kabupaten Lampung Timur,https://spse.inaproc.id/nasional,spse.inaproc.id,True,True,True,True,4.5u20230830,https://eproc.lkpp.go.id,2026-07-05T22:16:36+00:00,https://eproc.lkpp.go.id/lpse/index/8/0/2,http://eproc.lkpp.go.id/lpse/read/166/lpse-kabupaten-lampung-timur,2,Lampung,registry card from eProc index; detail_url=http://eproc.lkpp.go.id/lpse/read/166/lpse-kabupaten-lampung-timur,Lampung,False,False,False,False,False,0,[]
LPSE Kabupaten Lampung Selatan,LPSE Kabupaten Lampung Selatan,Pemerintah Kabupaten,Lampung,LPSE Kabupaten Lampung Selatan,https://spse.inaproc.id/nasional,spse.inaproc.id,True,True,True,True,4.5u20230912,https://eproc.lkpp.go.id,2026-07-05T22:16:36+00:00,https://eproc.lkpp.go.id/lpse/index/8/0/2,http://eproc.lkpp.go.id/lpse/read/217/lpse-kabupaten-lampung-selatan,2,Lampung,registry card from eProc index; detail_url=http://eproc.lkpp.go.id/lpse/read/217/lpse-kabupaten-lampung-selatan,Lampung,False,False,False,False,False,0,[]
LPSE Kabupaten Tulang Bawang,LPSE Kabupaten Tulang Bawang,Pemerintah Kabupaten,Lampung,LPSE Kabupaten Tulang Bawang,https://spse.lkpp.go.id/eproc4,spse.lkpp.go.id,True,False,False,True,4.5u20230912,https://eproc.lkpp.go.id,2026-07-05T22:16:36+00:00,https://eproc.lkpp.go.id/lpse/index/8/0/2,http://eproc.lkpp.go.id/lpse/read/394/lpse-kabupaten-tulang-bawang,2,Lampung,registry card from eProc index; detail_url=http://eproc.lkpp.go.id/lpse/read/394/lpse-kabupaten-tulang-bawang,,False,False,False,False,True,1,['inactive_or_inaccessible']
LPSE Provinsi Maluku,LPSE Provinsi Maluku,Pemerintah Provinsi,Maluku,,https://spse.inaproc.id/malukuprov,spse.inaproc.id,True,True,True,True,4.5u20240923,https://eproc.lkpp.go.id,2026-07-05T22:16:37+00:00,https://eproc.lkpp.go.id/lpse/index/30/0/1,http://eproc.lkpp.go.id/lpse/read/288/lpse-provinsi-maluku,1,Maluku,registry card from eProc index; detail_url=http://eproc.lkpp.go.id/lpse/read/288/lpse-provinsi-maluku,Maluku,False,False,False,False,False,0,[]
LPSE Kabupaten Maluku Tenggara,LPSE Kabupaten Maluku Tenggara,Pemerintah Kabupaten,Maluku,LPSE Kabupaten Maluku Tenggara,http://lpse.malukutenggarakab.go.id/eproc4,lpse.malukutenggarakab.go.id,False,True,False,True,4.5u20240923,https://eproc.lkpp.go.id,2026-07-05T22:16:37+00:00,https://eproc.lkpp.go.id/lpse/index/30/0/1,http://eproc.lkpp.go.id/lpse/read/618/lpse-kabupaten-maluku-tenggara,1,Maluku,registry card from eProc index; detail_url=http://eproc.lkpp.go.id/lpse/read/618/lpse-kabupaten-maluku-tenggara,Maluku,False,False,False,False,True,1,['inactive_or_inaccessible']
LPSE Kota Ambon,LPSE Kota Ambon,Pemerintah Kota,Maluku,LPSE Kota Ambon,http://lpse.ambon.go.id/eproc4,lpse.ambon.go.id,False,True,False,True,4.5u20240923,https://eproc.lkpp.go.id,2026-07-05T22:16:37+00:00,https://eproc.lkpp.go.id/lpse/index/30/0/1,http://eproc.lkpp.go.id/lpse/read/654/lpse-kota-ambon,1,Maluku,registry card from eProc index; detail_url=http://eproc.lkpp.go.id/lpse/read/654/lpse-kota-ambon,,False,False,False,False,True,1,['inactive_or_inaccessible']
LPSE Polda Maluku,LPSE Polda Maluku,,Maluku,,http://lpse.maluku.polri.go.id/eproc4,lpse.maluku.polri.go.id,False,False,False,True,4.5u20230512,https://eproc.lkpp.go.id,2026-07-05T22:16:37+00:00,https://eproc.lkpp.go.id/lpse/index/30/0/1,http://eproc.lkpp.go.id/lpse/read/655/lpse-polda-maluku,1,Maluku,registry card from eProc index; detail_url=http://eproc.lkpp.go.id/lpse/read/655/lpse-polda-maluku,Maluku,False,False,False,False,True,1,['inactive_or_inaccessible']
LPSE Kabupaten Kepulauan Aru,LPSE Kabupaten Kepulauan Aru,Pemerintah Kabupaten,Maluku,LPSE Kabupaten Kepulauan Aru,http://lpse.kepulauanarukab.go.id/eproc4,lpse.kepulauanarukab.go.id,False,True,False,True,4.5u20240814,https://eproc.lkpp.go.id,2026-07-05T22:16:37+00:00,https://eproc.lkpp.go.id/lpse/index/30/0/1,http://eproc.lkpp.go.id/lpse/read/674/lpse-kabupaten-kepulauan-aru,1,Maluku,registry card from eProc index; detail_url=http://eproc.lkpp.go.id/lpse/read/674/lpse-kabupaten-kepulauan-aru,,False,False,False,False,True,1,['inactive_or_inaccessible']
LPSE Kabupaten Maluku Barat Daya,LPSE Kabupaten Maluku Barat Daya,Pemerintah Kabupaten,Maluku,LPSE Kabupaten Maluku Barat Daya,http://lpse.malukubaratdayakab.go.id/eproc4,lpse.malukubaratdayakab.go.id,False,True,False,True,4.5u20240814,https://eproc.lkpp.go.id,2026-07-05T22:16:37+00:00,https://eproc.lkpp.go.id/lpse/index/30/0/1,http://eproc.lkpp.go.id/lpse/read/687/lpse-kabupaten-maluku-barat-daya,1,Maluku,registry card from eProc index; detail_url=http://eproc.lkpp.go.id/lpse/read/687/lpse-kabupaten-maluku-barat-daya,Maluku,False,False,False,False,True,1,['inactive_or_inaccessible']
LPSE Kabupaten Kepulauan Tanimbar,LPSE Kabupaten Kepulauan Tanimbar,Pemerintah Kabupaten,Maluku,LPSE Kabupaten Kepulauan Tanimbar,http://lpse.tanimbar.go.id/eproc4,lpse.tanimbar.go.id,False,True,False,True,4.5u20240923,https://eproc.lkpp.go.id,2026-07-05T22:16:37+00:00,https://eproc.lkpp.go.id/lpse/index/30/0/1,http://eproc.lkpp.go.id/lpse/read/688/lpse-kabupaten-kepulauan-tanimbar,1,Maluku,registry card from eProc index; detail_url=http://eproc.lkpp.go.id/lpse/read/688/lpse-kabupaten-kepulauan-tanimbar,,False,False,False,False,True,1,['inactive_or_inaccessible']
LPSE Kabupaten Seram Bagian Timur,LPSE Kabupaten Seram Bagian Timur,Pemerintah Kabupaten,Maluku,LPSE Kabupaten Seram Bagian Timur,http://lpse.serambagiantimurkab.go.id/eproc4,lpse.serambagiantimurkab.go.id,False,True,False,True,4.5u20240923,https://eproc.lkpp.go.id,2026-07-05T22:16:37+00:00,https://eproc.lkpp.go.id/lpse/index/30/0/1,http://eproc.lkpp.go.id/lpse/read/694/lpse-kabupaten-seram-bagian-timur,1,Maluku,registry card from eProc index; detail_url=http://eproc.lkpp.go.id/lpse/read/694/lpse-kabupaten-seram-bagian-timur,,False,False,False,False,True,1,['inactive_or_inaccessible']
LPSE Kabupaten Buru,LPSE Kabupaten Buru,Pemerintah Kabupaten,Maluku,LPSE Kabupaten Buru,https://lpse.burukab.go.id/eproc4,lpse.burukab.go.id,True,False,False,True,4.5u20240722,https://eproc.lkpp.go.id,2026-07-05T22:16:37+00:00,https://eproc.lkpp.go.id/lpse/index/30/0/1,http://eproc.lkpp.go.id/lpse/read/697/lpse-kabupaten-buru,1,Maluku,registry card from eProc index; detail_url=http://eproc.lkpp.go.id/lpse/read/697/lpse-kabupaten-buru,,False,False,False,False,True,1,['inactive_or_inaccessible']
LPSE Kota Tual,LPSE Kota Tual,Pemerintah Kota,Maluku,LPSE Kota Tual,http://lpse.tualkota.go.id/eproc4,lpse.tualkota.go.id,False,True,False,True,4.5u20240923,https://eproc.lkpp.go.id,2026-07-05T22:16:37+00:00,https://eproc.lkpp.go.id/lpse/index/30/0/1,http://eproc.lkpp.go.id/lpse/read/699/lpse-kota-tual,1,Maluku,registry card from eProc index; detail_url=http://eproc.lkpp.go.id/lpse/read/699/lpse-kota-tual,,False,False,False,False,True,1,['inactive_or_inaccessible']
LPSE Kabupaten Seram Bagian Barat,LPSE Kabupaten Seram Bagian Barat,Pemerintah Kabupaten,Maluku,LPSE Kabupaten Seram Bagian Barat,https://lpse.sbbkab.go.id/eproc4,lpse.sbbkab.go.id,True,False,False,True,4.5u20240923,https://eproc.lkpp.go.id,2026-07-05T22:16:37+00:00,https://eproc.lkpp.go.id/lpse/index/30/0/2,http://eproc.lkpp.go.id/lpse/read/706/lpse-kabupaten-seram-bagian-barat,2,Maluku,registry card from eProc index; detail_url=http://eproc.lkpp.go.id/lpse/read/706/lpse-kabupaten-seram-bagian-barat,,False,False,False,False,True,1,['inactive_or_inaccessible']
LPSE Kabupaten Buru Selatan,LPSE Kabupaten Buru Selatan,Pemerintah Kabupaten,Maluku,LPSE Kabupaten Buru Selatan,https://lpse.burselkab.go.id/eproc4,lpse.burselkab.go.id,True,True,True,True,4.5u20240814,https://eproc.lkpp.go.id,2026-07-05T22:16:37+00:00,https://eproc.lkpp.go.id/lpse/index/30/0/2,http://eproc.lkpp.go.id/lpse/read/720/lpse-kabupaten-buru-selatan,2,Maluku,registry card from eProc index; detail_url=http://eproc.lkpp.go.id/lpse/read/720/lpse-kabupaten-buru-selatan,,False,False,False,False,False,0,[]
LPSE Kabupaten Maluku Tengah,LPSE Kabupaten Maluku Tengah,Pemerintah Kabupaten,Maluku,LPSE Kabupaten Maluku Tengah,http://lpse.maltengkab.go.id/eproc4,lpse.maltengkab.go.id,False,True,False,True,4.5u20240923,https://eproc.lkpp.go.id,2026-07-05T22:16:37+00:00,https://eproc.lkpp.go.id/lpse/index/30/0/2,http://eproc.lkpp.go.id/lpse/read/721/lpse-kabupaten-maluku-tengah,2,Maluku,registry card from eProc index; detail_url=http://eproc.lkpp.go.id/lpse/read/721/lpse-kabupaten-maluku-tengah,Maluku,False,False,False,False,True,1,['inactive_or_inaccessible']
LPSE Kabupaten Halmahera Utara,LPSE Kabupaten Halmahera Utara,Pemerintah Kabupaten,Maluku Utara,LPSE Kabupaten Halmahera Utara,https://spse.inaproc.id/halmaherautarakab,spse.inaproc.id,True,True,True,True,4.5u20240923,https://eproc.lkpp.go.id,2026-07-05T22:16:38+00:00,https://eproc.lkpp.go.id/lpse/index/31/0/1,http://eproc.lkpp.go.id/lpse/read/233/lpse-kabupaten-halmahera-utara,1,Maluku Utara,registry card from eProc index; detail_url=http://eproc.lkpp.go.id/lpse/read/233/lpse-kabupaten-halmahera-utara,,False,False,False,False,False,0,[]
LPSE Kota Ternate,LPSE Kota Ternate,Pemerintah Kota,Maluku Utara,LPSE Kota Ternate,https://spse.inaproc.id/ternatekota,spse.inaproc.id,True,True,True,True,4.5u20240923,https://eproc.lkpp.go.id,2026-07-05T22:16:38+00:00,https://eproc.lkpp.go.id/lpse/index/31/0/1,http://eproc.lkpp.go.id/lpse/read/341/lpse-kota-ternate,1,Maluku Utara,registry card from eProc index; detail_url=http://eproc.lkpp.go.id/lpse/read/341/lpse-kota-ternate,,False,False,False,False,False,0,[]
LPSE Provinsi Maluku Utara,LPSE Provinsi Maluku Utara,Pemerintah Provinsi,Maluku Utara,,https://lpse.malutprov.go.id/eproc4,lpse.malutprov.go.id,True,False,False,True,4.5u20240923,https://eproc.lkpp.go.id,2026-07-05T22:16:38+00:00,https://eproc.lkpp.go.id/lpse/index/31/0/1,http://eproc.lkpp.go.id/lpse/read/361/lpse-provinsi-maluku-utara,1,Maluku Utara,registry card from eProc index; detail_url=http://eproc.lkpp.go.id/lpse/read/361/lpse-provinsi-maluku-utara,Maluku Utara,False,False,False,False,True,1,['inactive_or_inaccessible']
LPSE Kabupaten Halmahera Selatan,LPSE Kabupaten Halmahera Selatan,Pemerintah Kabupaten,Maluku Utara,LPSE Kabupaten Halmahera Selatan,https://spse.inaproc.id/halmaheraselatankab,spse.inaproc.id,True,True,True,True,4.5u20240923,https://eproc.lkpp.go.id,2026-07-05T22:16:38+00:00,https://eproc.lkpp.go.id/lpse/index/31/0/1,http://eproc.lkpp.go.id/lpse/read/421/lpse-kabupaten-halmahera-selatan,1,Maluku Utara,registry card from eProc index; detail_url=http://eproc.lkpp.go.id/lpse/read/421/lpse-kabupaten-halmahera-selatan,,False,False,False,False,False,0,[]
LPSE Kabupaten Pulau Morotai,LPSE Kabupaten Pulau Morotai,Pemerintah Kabupaten,Maluku Utara,LPSE Kabupaten Pulau Morotai,http://lpse.pulaumorotaikab.go.id/eproc4,lpse.pulaumorotaikab.go.id,False,True,False,True,4.5u20240923,https://eproc.lkpp.go.id,2026-07-05T22:16:38+00:00,https://eproc.lkpp.go.id/lpse/index/31/0/1,http://eproc.lkpp.go.id/lpse/read/477/lpse-kabupaten-pulau-morotai,1,Maluku Utara,registry card from eProc index; detail_url=http://eproc.lkpp.go.id/lpse/read/477/lpse-kabupaten-pulau-morotai,,False,False,False,False,True,1,['inactive_or_inaccessible']
LPSE Kota Tidore Kepulauan,LPSE Kota Tidore Kepulauan,Pemerintah Kota,Maluku Utara,LPSE Kota Tidore Kepulauan,http://lpse.tidorekota.go.id/eproc4,lpse.tidorekota.go.id,False,False,False,True,4.5u20240814,https://eproc.lkpp.go.id,2026-07-05T22:16:38+00:00,https://eproc.lkpp.go.id/lpse/index/31/0/1,http://eproc.lkpp.go.id/lpse/read/518/lpse-kota-tidore-kepulauan,1,Maluku Utara,registry card from eProc index; detail_url=http://eproc.lkpp.go.id/lpse/read/518/lpse-kota-tidore-kepulauan,,False,False,False,False,True,1,['inactive_or_inaccessible']
LPSE Polda Maluku Utara,LPSE Polda Maluku Utara,,Maluku Utara,,http://lpse.malut.polri.go.id/eproc4,lpse.malut.polri.go.id,False,False,False,True,4.5u20231016,https://eproc.lkpp.go.id,2026-07-05T22:16:38+00:00,https://eproc.lkpp.go.id/lpse/index/31/0/1,http://eproc.lkpp.go.id/lpse/read/574/lpse-polda-maluku-utara,1,Maluku Utara,registry card from eProc index; detail_url=http://eproc.lkpp.go.id/lpse/read/574/lpse-polda-maluku-utara,Maluku Utara,False,False,False,False,True,1,['inactive_or_inaccessible']
LPSE Kabupaten Halmahera Barat,LPSE Kabupaten Halmahera Barat,Pemerintah Kabupaten,Maluku Utara,LPSE Kabupaten Halmahera Barat,https://spse.inaproc.id/halbarkab,spse.inaproc.id,True,True,True,True,4.5u20240418,https://eproc.lkpp.go.id,2026-07-05T22:16:38+00:00,https://eproc.lkpp.go.id/lpse/index/31/0/1,http://eproc.lkpp.go.id/lpse/read/698/lpse-kabupaten-halmahera-barat,1,Maluku Utara,registry card from eProc index; detail_url=http://eproc.lkpp.go.id/lpse/read/698/lpse-kabupaten-halmahera-barat,,False,False,False,False,False,0,[]
LPSE Kabupaten Sula,LPSE Kabupaten Sula,Pemerintah Kabupaten,Maluku Utara,LPSE Kabupaten Sula,http://lpse.kepulauansulakab.go.id/eproc4,lpse.kepulauansulakab.go.id,False,True,False,True,4.5u20240923,https://eproc.lkpp.go.id,2026-07-05T22:16:38+00:00,https://eproc.lkpp.go.id/lpse/index/31/0/1,http://eproc.lkpp.go.id/lpse/read/715/lpse-kabupaten-sula,1,Maluku Utara,registry card from eProc index; detail_url=http://eproc.lkpp.go.id/lpse/read/715/lpse-kabupaten-sula,,False,False,False,False,True,1,['inactive_or_inaccessible']
LPSE Kabupaten Halmahera Timur,LPSE Kabupaten Halmahera Timur,Pemerintah Kabupaten,Maluku Utara,LPSE Kabupaten Halmahera Timur,https://spse.inaproc.id/haltimkab,spse.inaproc.id,True,True,True,True,4.5u20240923,https://eproc.lkpp.go.id,2026-07-05T22:16:38+00:00,https://eproc.lkpp.go.id/lpse/index/31/0/1,http://eproc.lkpp.go.id/lpse/read/722/lpse-kabupaten-halmahera-timur,1,Maluku Utara,registry card from eProc index; detail_url=http://eproc.lkpp.go.id/lpse/read/722/lpse-kabupaten-halmahera-timur,,False,False,False,False,False,0,[]
LPSE Kabupaten Pulau Taliabu,LPSE Kabupaten Pulau Taliabu,Pemerintah Kabupaten,Maluku Utara,LPSE Kabupaten Pulau Taliabu,https://lpse.taliabukab.go.id/eproc4,lpse.taliabukab.go.id,True,False,False,True,4.5u20240923,https://eproc.lkpp.go.id,2026-07-05T22:16:39+00:00,https://eproc.lkpp.go.id/lpse/index/31/0/2,http://eproc.lkpp.go.id/lpse/read/726/lpse-kabupaten-pulau-taliabu,2,Maluku Utara,registry card from eProc index; detail_url=http://eproc.lkpp.go.id/lpse/read/726/lpse-kabupaten-pulau-taliabu,,False,False,False,False,True,1,['inactive_or_inaccessible']
LPSE Kabupaten Halmahera Tengah,LPSE Kabupaten Halmahera Tengah,Pemerintah Kabupaten,Maluku Utara,LPSE Kabupaten Halmahera Tengah,https://spse.inaproc.id/haltengkab,spse.inaproc.id,True,True,True,True,4.5u20230623,https://eproc.lkpp.go.id,2026-07-05T22:16:39+00:00,https://eproc.lkpp.go.id/lpse/index/31/0/2,http://eproc.lkpp.go.id/lpse/read/729/lpse-kabupaten-halmahera-tengah,2,Maluku Utara,registry card from eProc index; detail_url=http://eproc.lkpp.go.id/lpse/read/729/lpse-kabupaten-halmahera-tengah,,False,False,False,False,False,0,[]
LPSE Provinsi Nusa Tenggara Barat,LPSE Provinsi Nusa Tenggara Barat,Pemerintah Provinsi,Nusa Tenggara Barat,,https://spse.inaproc.id/ntbprov,spse.inaproc.id,True,True,True,True,4.5u20240923,https://eproc.lkpp.go.id,2026-07-05T22:16:40+00:00,https://eproc.lkpp.go.id/lpse/index/18/0/1,http://eproc.lkpp.go.id/lpse/read/37/lpse-provinsi-nusa-tenggara-barat,1,Nusa Tenggara Barat,registry card from eProc index; detail_url=http://eproc.lkpp.go.id/lpse/read/37/lpse-provinsi-nusa-tenggara-barat,Nusa Tenggara Barat,False,False,False,False,False,0,[]
LPSE Kabupaten Lombok Tengah,LPSE Kabupaten Lombok Tengah,Pemerintah Kabupaten,Nusa Tenggara Barat,LPSE Kabupaten Lombok Tengah,https://spse.inaproc.id/lomboktengahkab,spse.inaproc.id,True,True,True,True,4.5u20240923,https://eproc.lkpp.go.id,2026-07-05T22:16:40+00:00,https://eproc.lkpp.go.id/lpse/index/18/0/1,http://eproc.lkpp.go.id/lpse/read/120/lpse-kabupaten-lombok-tengah,1,Nusa Tenggara Barat,registry card from eProc index; detail_url=http://eproc.lkpp.go.id/lpse/read/120/lpse-kabupaten-lombok-tengah,,False,False,False,False,False,0,[]
LPSE Kabupaten Sumbawa Barat,LPSE Kabupaten Sumbawa Barat,Pemerintah Kabupaten,Nusa Tenggara Barat,LPSE Kabupaten Sumbawa Barat,https://spse.inaproc.id/sumbawabaratkab,spse.inaproc.id,True,True,True,True,4.5u20240923,https://eproc.lkpp.go.id,2026-07-05T22:16:40+00:00,https://eproc.lkpp.go.id/lpse/index/18/0/1,http://eproc.lkpp.go.id/lpse/read/133/lpse-kabupaten-sumbawa-barat,1,Nusa Tenggara Barat,registry card from eProc index; detail_url=http://eproc.lkpp.go.id/lpse/read/133/lpse-kabupaten-sumbawa-barat,,False,False,False,False,False,0,[]
LPSE Kabupaten Sumbawa,LPSE Kabupaten Sumbawa,Pemerintah Kabupaten,Nusa Tenggara Barat,LPSE Kabupaten Sumbawa,https://spse.inaproc.id/sumbawakab,spse.inaproc.id,True,True,True,True,4.5u20240923,https://eproc.lkpp.go.id,2026-07-05T22:16:40+00:00,https://eproc.lkpp.go.id/lpse/index/18/0/1,http://eproc.lkpp.go.id/lpse/read/222/lpse-kabupaten-sumbawa,1,Nusa Tenggara Barat,registry card from eProc index; detail_url=http://eproc.lkpp.go.id/lpse/read/222/lpse-kabupaten-sumbawa,,False,False,False,False,False,0,[]
LPSE Kabupaten Lombok Barat,LPSE Kabupaten Lombok Barat,Pemerintah Kabupaten,Nusa Tenggara Barat,LPSE Kabupaten Lombok Barat,http://lpse.lombokbaratkab.go.id/eproc4,lpse.lombokbaratkab.go.id,False,False,False,True,4.5u20240923,https://eproc.lkpp.go.id,2026-07-05T22:16:40+00:00,https://eproc.lkpp.go.id/lpse/index/18/0/1,http://eproc.lkpp.go.id/lpse/read/381/lpse-kabupaten-lombok-barat,1,Nusa Tenggara Barat,registry card from eProc index; detail_url=http://eproc.lkpp.go.id/lpse/read/381/lpse-kabupaten-lombok-barat,,False,False,False,False,True,1,['inactive_or_inaccessible']
LPSE Kabupaten Lombok Timur,LPSE Kabupaten Lombok Timur,Pemerintah Kabupaten,Nusa Tenggara Barat,LPSE Kabupaten Lombok Timur,https://lpse.lomboktimurkab.go.id/eproc4,lpse.lomboktimurkab.go.id,True,True,False,True,4.5u20240923,https://eproc.lkpp.go.id,2026-07-05T22:16:40+00:00,https://eproc.lkpp.go.id/lpse/index/18/0/1,http://eproc.lkpp.go.id/lpse/read/395/lpse-kabupaten-lombok-timur,1,Nusa Tenggara Barat,registry card from eProc index; detail_url=http://eproc.lkpp.go.id/lpse/read/395/lpse-kabupaten-lombok-timur,,False,False,False,False,True,1,['inactive_or_inaccessible']
LPSE Kota Mataram,LPSE Kota Mataram,Pemerintah Kota,Nusa Tenggara Barat,LPSE Kota Mataram,https://lpse.mataramkota.go.id/eproc4,lpse.mataramkota.go.id,True,True,False,True,4.5u20240923,https://eproc.lkpp.go.id,2026-07-05T22:16:40+00:00,https://eproc.lkpp.go.id/lpse/index/18/0/1,http://eproc.lkpp.go.id/lpse/read/396/lpse-kota-mataram,1,Nusa Tenggara Barat,registry card from eProc index; detail_url=http://eproc.lkpp.go.id/lpse/read/396/lpse-kota-mataram,,False,False,False,False,True,1,['inactive_or_inaccessible']
LPSE Kota Bima,LPSE Kota Bima,Pemerintah Kota,Nusa Tenggara Barat,LPSE Kota Bima,https://lpse.bimakota.go.id/eproc4,lpse.bimakota.go.id,True,True,False,True,4.5u20240923,https://eproc.lkpp.go.id,2026-07-05T22:16:40+00:00,https://eproc.lkpp.go.id/lpse/index/18/0/1,http://eproc.lkpp.go.id/lpse/read/464/lpse-kota-bima,1,Nusa Tenggara Barat,registry card from eProc index; detail_url=http://eproc.lkpp.go.id/lpse/read/464/lpse-kota-bima,,False,False,False,False,True,1,['inactive_or_inaccessible']
LPSE Kabupaten Dompu,LPSE Kabupaten Dompu,Pemerintah Kabupaten,Nusa Tenggara Barat,LPSE Kabupaten Dompu,https://lpse.dompukab.go.id/eproc4,lpse.dompukab.go.id,True,True,False,True,4.5u20240923,https://eproc.lkpp.go.id,2026-07-05T22:16:40+00:00,https://eproc.lkpp.go.id/lpse/index/18/0/1,http://eproc.lkpp.go.id/lpse/read/479/lpse-kabupaten-dompu,1,Nusa Tenggara Barat,registry card from eProc index; detail_url=http://eproc.lkpp.go.id/lpse/read/479/lpse-kabupaten-dompu,,False,False,False,False,True,1,['inactive_or_inaccessible']
LPSE Kabupaten Lombok Utara,LPSE Kabupaten Lombok Utara,Pemerintah Kabupaten,Nusa Tenggara Barat,LPSE Kabupaten Lombok Utara,https://lpse.lombokutarakab.go.id/eproc4,lpse.lombokutarakab.go.id,True,False,False,True,4.5u20240923,https://eproc.lkpp.go.id,2026-07-05T22:16:40+00:00,https://eproc.lkpp.go.id/lpse/index/18/0/1,http://eproc.lkpp.go.id/lpse/read/487/lpse-kabupaten-lombok-utara,1,Nusa Tenggara Barat,registry card from eProc index; detail_url=http://eproc.lkpp.go.id/lpse/read/487/lpse-kabupaten-lombok-utara,,False,False,False,False,True,1,['inactive_or_inaccessible']
LPSE Kabupaten Bima,LPSE Kabupaten Bima,Pemerintah Kabupaten,Nusa Tenggara Barat,LPSE Kabupaten Bima,https://spse.inaproc.id/bimakab,spse.inaproc.id,True,True,True,True,4.5u20240923,https://eproc.lkpp.go.id,2026-07-05T22:16:40+00:00,https://eproc.lkpp.go.id/lpse/index/18/0/2,http://eproc.lkpp.go.id/lpse/read/539/lpse-kabupaten-bima,2,Nusa Tenggara Barat,registry card from eProc index; detail_url=http://eproc.lkpp.go.id/lpse/read/539/lpse-kabupaten-bima,,False,False,False,False,False,0,[]
LPSE Provinsi Nusa Tenggara Timur,LPSE Provinsi Nusa Tenggara Timur,Pemerintah Provinsi,Nusa Tenggara Timur,,https://spse.inaproc.id/nttprov,spse.inaproc.id,True,True,True,True,4.5u20240923,https://eproc.lkpp.go.id,2026-07-05T22:16:41+00:00,https://eproc.lkpp.go.id/lpse/index/19/0/1,http://eproc.lkpp.go.id/lpse/read/131/lpse-provinsi-nusa-tenggara-timur,1,Nusa Tenggara Timur,registry card from eProc index; detail_url=http://eproc.lkpp.go.id/lpse/read/131/lpse-provinsi-nusa-tenggara-timur,Nusa Tenggara Timur,False,False,False,False,False,0,[]
LPSE Kabupaten Ende,LPSE Kabupaten Ende,Pemerintah Kabupaten,Nusa Tenggara Timur,LPSE Kabupaten Ende,https://spse.inaproc.id/endekab,spse.inaproc.id,True,True,True,True,4.5u20240923,https://eproc.lkpp.go.id,2026-07-05T22:16:41+00:00,https://eproc.lkpp.go.id/lpse/index/19/0/1,http://eproc.lkpp.go.id/lpse/read/135/lpse-kabupaten-ende,1,Nusa Tenggara Timur,registry card from eProc index; detail_url=http://eproc.lkpp.go.id/lpse/read/135/lpse-kabupaten-ende,,False,False,False,False,False,0,[]
LPSE Kabupaten Ngada,LPSE Kabupaten Ngada,Pemerintah Kabupaten,Nusa Tenggara Timur,LPSE Kabupaten Ngada,https://spse.inaproc.id/ngadakab,spse.inaproc.id,True,True,True,True,4.5u20240923,https://eproc.lkpp.go.id,2026-07-05T22:16:41+00:00,https://eproc.lkpp.go.id/lpse/index/19/0/1,http://eproc.lkpp.go.id/lpse/read/310/lpse-kabupaten-ngada,1,Nusa Tenggara Timur,registry card from eProc index; detail_url=http://eproc.lkpp.go.id/lpse/read/310/lpse-kabupaten-ngada,,False,False,False,False,False,0,[]
LPSE Kabupaten Belu,LPSE Kabupaten Belu,Pemerintah Kabupaten,Nusa Tenggara Timur,LPSE Kabupaten Belu,https://lpse.belukab.go.id/eproc4,lpse.belukab.go.id,True,False,False,True,4.5u20240614,https://eproc.lkpp.go.id,2026-07-05T22:16:41+00:00,https://eproc.lkpp.go.id/lpse/index/19/0/1,http://eproc.lkpp.go.id/lpse/read/374/lpse-kabupaten-belu,1,Nusa Tenggara Timur,registry card from eProc index; detail_url=http://eproc.lkpp.go.id/lpse/read/374/lpse-kabupaten-belu,,False,False,False,False,True,1,['inactive_or_inaccessible']
LPSE Kabupaten Manggarai Barat,LPSE Kabupaten Manggarai Barat,Pemerintah Kabupaten,Nusa Tenggara Timur,LPSE Kabupaten Manggarai Barat,https://lpse.manggaraibaratkab.go.id/eproc4,lpse.manggaraibaratkab.go.id,True,True,False,True,4.5u20240923,https://eproc.lkpp.go.id,2026-07-05T22:16:41+00:00,https://eproc.lkpp.go.id/lpse/index/19/0/1,http://eproc.lkpp.go.id/lpse/read/409/lpse-kabupaten-manggarai-barat,1,Nusa Tenggara Timur,registry card from eProc index; detail_url=http://eproc.lkpp.go.id/lpse/read/409/lpse-kabupaten-manggarai-barat,,False,False,False,False,True,1,['inactive_or_inaccessible']
LPSE Kota Kupang,LPSE Kota Kupang,Pemerintah Kota,Nusa Tenggara Timur,LPSE Kota Kupang,http://lpse.kupangkota.go.id/eproc4,lpse.kupangkota.go.id,False,True,False,True,4.5u20240923,https://eproc.lkpp.go.id,2026-07-05T22:16:41+00:00,https://eproc.lkpp.go.id/lpse/index/19/0/1,http://eproc.lkpp.go.id/lpse/read/439/lpse-kota-kupang,1,Nusa Tenggara Timur,registry card from eProc index; detail_url=http://eproc.lkpp.go.id/lpse/read/439/lpse-kota-kupang,,False,False,False,False,True,1,['inactive_or_inaccessible']
LPSE Kabupaten Sumba Barat,LPSE Kabupaten Sumba Barat,Pemerintah Kabupaten,Nusa Tenggara Timur,LPSE Kabupaten Sumba Barat,http://lpse.sumbabaratkab.go.id/eproc4,lpse.sumbabaratkab.go.id,False,True,False,True,4.5u20240923,https://eproc.lkpp.go.id,2026-07-05T22:16:41+00:00,https://eproc.lkpp.go.id/lpse/index/19/0/1,http://eproc.lkpp.go.id/lpse/read/457/lpse-kabupaten-sumba-barat,1,Nusa Tenggara Timur,registry card from eProc index; detail_url=http://eproc.lkpp.go.id/lpse/read/457/lpse-kabupaten-sumba-barat,,False,False,False,False,True,1,['inactive_or_inaccessible']
LPSE Kabupaten Manggarai Timur,LPSE Kabupaten Manggarai Timur,Pemerintah Kabupaten,Nusa Tenggara Timur,LPSE Kabupaten Manggarai Timur,http://lpse.manggaraitimurkab.go.id/eproc4,lpse.manggaraitimurkab.go.id,False,True,False,True,4.5u20240923,https://eproc.lkpp.go.id,2026-07-05T22:16:41+00:00,https://eproc.lkpp.go.id/lpse/index/19/0/1,http://eproc.lkpp.go.id/lpse/read/461/lpse-kabupaten-manggarai-timur,1,Nusa Tenggara Timur,registry card from eProc index; detail_url=http://eproc.lkpp.go.id/lpse/read/461/lpse-kabupaten-manggarai-timur,,False,False,False,False,True,1,['inactive_or_inaccessible']
LPSE Kabupaten Rote Ndao,LPSE Kabupaten Rote Ndao,Pemerintah Kabupaten,Nusa Tenggara Timur,LPSE Kabupaten Rote Ndao,https://lpse.rotendaokab.go.id/eproc4,lpse.rotendaokab.go.id,True,False,False,True,4.5u20240923,https://eproc.lkpp.go.id,2026-07-05T22:16:41+00:00,https://eproc.lkpp.go.id/lpse/index/19/0/1,http://eproc.lkpp.go.id/lpse/read/473/lpse-kabupaten-rote-ndao,1,Nusa Tenggara Timur,registry card from eProc index; detail_url=http://eproc.lkpp.go.id/lpse/read/473/lpse-kabupaten-rote-ndao,,False,False,False,False,True,1,['inactive_or_inaccessible']
LPSE Kabupaten Timor Tengah Selatan,LPSE Kabupaten Timor Tengah Selatan,Pemerintah Kabupaten,Nusa Tenggara Timur,LPSE Kabupaten Timor Tengah Selatan,http://lpse.ttskab.go.id/eproc4,lpse.ttskab.go.id,False,True,False,True,4.5u20240923,https://eproc.lkpp.go.id,2026-07-05T22:16:41+00:00,https://eproc.lkpp.go.id/lpse/index/19/0/1,http://eproc.lkpp.go.id/lpse/read/507/lpse-kabupaten-timor-tengah-selatan,1,Nusa Tenggara Timur,registry card from eProc index; detail_url=http://eproc.lkpp.go.id/lpse/read/507/lpse-kabupaten-timor-tengah-selatan,,False,False,False,False,True,1,['inactive_or_inaccessible']
LPSE Kabupaten Kupang,LPSE Kabupaten Kupang,Pemerintah Kabupaten,Nusa Tenggara Timur,LPSE Kabupaten Kupang,http://lpse.kupangkab.go.id/eproc4,lpse.kupangkab.go.id,False,True,False,True,4.5u20240923,https://eproc.lkpp.go.id,2026-07-05T22:16:42+00:00,https://eproc.lkpp.go.id/lpse/index/19/0/2,http://eproc.lkpp.go.id/lpse/read/551/lpse-kabupaten-kupang,2,Nusa Tenggara Timur,registry card from eProc index; detail_url=http://eproc.lkpp.go.id/lpse/read/551/lpse-kabupaten-kupang,,False,False,False,False,True,1,['inactive_or_inaccessible']
LPSE Kabupaten Sumba Barat Daya,LPSE Kabupaten Sumba Barat Daya,Pemerintah Kabupaten,Nusa Tenggara Timur,LPSE Kabupaten Sumba Barat Daya,http://lpse.sbdkab.go.id/eproc4,lpse.sbdkab.go.id,False,True,False,True,4.5u20240923,https://eproc.lkpp.go.id,2026-07-05T22:16:42+00:00,https://eproc.lkpp.go.id/lpse/index/19/0/2,http://eproc.lkpp.go.id/lpse/read/561/lpse-kabupaten-sumba-barat-daya,2,Nusa Tenggara Timur,registry card from eProc index; detail_url=http://eproc.lkpp.go.id/lpse/read/561/lpse-kabupaten-sumba-barat-daya,,False,False,False,False,True,1,['inactive_or_inaccessible']
LPSE Kabupaten Sumba Tengah,LPSE Kabupaten Sumba Tengah,Pemerintah Kabupaten,Nusa Tenggara Timur,LPSE Kabupaten Sumba Tengah,http://lpse.sumbatengahkab.go.id/eproc4,lpse.sumbatengahkab.go.id,False,True,False,True,4.5u20240923,https://eproc.lkpp.go.id,2026-07-05T22:16:42+00:00,https://eproc.lkpp.go.id/lpse/index/19/0/2,http://eproc.lkpp.go.id/lpse/read/562/lpse-kabupaten-sumba-tengah,2,Nusa Tenggara Timur,registry card from eProc index; detail_url=http://eproc.lkpp.go.id/lpse/read/562/lpse-kabupaten-sumba-tengah,,False,False,False,False,True,1,['inactive_or_inaccessible']
LPSE Kabupaten Sikka,LPSE Kabupaten Sikka,Pemerintah Kabupaten,Nusa Tenggara Timur,LPSE Kabupaten Sikka,http://lpse.sikkakab.go.id/eproc4,lpse.sikkakab.go.id,False,False,False,True,4.5u20240923,https://eproc.lkpp.go.id,2026-07-05T22:16:42+00:00,https://eproc.lkpp.go.id/lpse/index/19/0/2,http://eproc.lkpp.go.id/lpse/read/611/lpse-kabupaten-sikka,2,Nusa Tenggara Timur,registry card from eProc index; detail_url=http://eproc.lkpp.go.id/lpse/read/611/lpse-kabupaten-sikka,,False,False,False,False,True,1,['inactive_or_inaccessible']
LPSE Kabupaten Sumba Timur,LPSE Kabupaten Sumba Timur,Pemerintah Kabupaten,Nusa Tenggara Timur,LPSE Kabupaten Sumba Timur,http://lpse.sumbatimurkab.go.id/eproc4,lpse.sumbatimurkab.go.id,False,True,False,True,4.5u20240923,https://eproc.lkpp.go.id,2026-07-05T22:16:42+00:00,https://eproc.lkpp.go.id/lpse/index/19/0/2,http://eproc.lkpp.go.id/lpse/read/612/lpse-kabupaten-sumba-timur,2,Nusa Tenggara Timur,registry card from eProc index; detail_url=http://eproc.lkpp.go.id/lpse/read/612/lpse-kabupaten-sumba-timur,,False,False,False,False,True,1,['inactive_or_inaccessible']
LPSE Kabupaten Sabu Raijua,LPSE Kabupaten Sabu Raijua,Pemerintah Kabupaten,Nusa Tenggara Timur,LPSE Kabupaten Sabu Raijua,http://lpse.saburaijuakab.go.id/eproc4,lpse.saburaijuakab.go.id,False,True,False,True,4.5u20240923,https://eproc.lkpp.go.id,2026-07-05T22:16:42+00:00,https://eproc.lkpp.go.id/lpse/index/19/0/2,http://eproc.lkpp.go.id/lpse/read/617/lpse-kabupaten-sabu-raijua,2,Nusa Tenggara Timur,registry card from eProc index; detail_url=http://eproc.lkpp.go.id/lpse/read/617/lpse-kabupaten-sabu-raijua,,False,False,False,False,True,1,['inactive_or_inaccessible']
LPSE Kabupaten Flores Timur,LPSE Kabupaten Flores Timur,Pemerintah Kabupaten,Nusa Tenggara Timur,LPSE Kabupaten Flores Timur,https://lpse.florestimurkab.go.id/eproc4,lpse.florestimurkab.go.id,True,True,False,True,4.5u20240814,https://eproc.lkpp.go.id,2026-07-05T22:16:42+00:00,https://eproc.lkpp.go.id/lpse/index/19/0/2,http://eproc.lkpp.go.id/lpse/read/631/lpse-kabupaten-flores-timur,2,Nusa Tenggara Timur,registry card from eProc index; detail_url=http://eproc.lkpp.go.id/lpse/read/631/lpse-kabupaten-flores-timur,,False,False,False,False,True,1,['inactive_or_inaccessible']
LPSE Kabupaten Manggarai,LPSE Kabupaten Manggarai,Pemerintah Kabupaten,Nusa Tenggara Timur,LPSE Kabupaten Manggarai,https://lpse.manggaraikab.go.id/eproc4,lpse.manggaraikab.go.id,True,False,False,True,4.5u20240923,https://eproc.lkpp.go.id,2026-07-05T22:16:42+00:00,https://eproc.lkpp.go.id/lpse/index/19/0/2,http://eproc.lkpp.go.id/lpse/read/633/lpse-kabupaten-manggarai,2,Nusa Tenggara Timur,registry card from eProc index; detail_url=http://eproc.lkpp.go.id/lpse/read/633/lpse-kabupaten-manggarai,,False,False,False,False,True,1,['inactive_or_inaccessible']
LPSE Kabupaten Nagekeo,LPSE Kabupaten Nagekeo,Pemerintah Kabupaten,Nusa Tenggara Timur,LPSE Kabupaten Nagekeo,https://lpse.nagekeokab.go.id/eproc4,lpse.nagekeokab.go.id,True,True,False,True,4.5u20230320,https://eproc.lkpp.go.id,2026-07-05T22:16:42+00:00,https://eproc.lkpp.go.id/lpse/index/19/0/2,http://eproc.lkpp.go.id/lpse/read/666/lpse-kabupaten-nagekeo,2,Nusa Tenggara Timur,registry card from eProc index; detail_url=http://eproc.lkpp.go.id/lpse/read/666/lpse-kabupaten-nagekeo,,False,False,False,False,True,1,['inactive_or_inaccessible']
LPSE Kabupaten Lembata,LPSE Kabupaten Lembata,Pemerintah Kabupaten,Nusa Tenggara Timur,LPSE Kabupaten Lembata,http://lpse.lembatakab.go.id/eproc4,lpse.lembatakab.go.id,False,True,False,True,4.5u20240923,https://eproc.lkpp.go.id,2026-07-05T22:16:42+00:00,https://eproc.lkpp.go.id/lpse/index/19/0/2,http://eproc.lkpp.go.id/lpse/read/680/lpse-kabupaten-lembata,2,Nusa Tenggara Timur,registry card from eProc index; detail_url=http://eproc.lkpp.go.id/lpse/read/680/lpse-kabupaten-lembata,,False,False,False,False,True,1,['inactive_or_inaccessible']
LPSE Kabupaten Timor Tengah Utara,LPSE Kabupaten Timor Tengah Utara,Pemerintah Kabupaten,Nusa Tenggara Timur,LPSE Kabupaten Timor Tengah Utara,http://lpse.ttukab.go.id/eproc4,lpse.ttukab.go.id,False,True,False,True,4.5u20240522,https://eproc.lkpp.go.id,2026-07-05T22:16:42+00:00,https://eproc.lkpp.go.id/lpse/index/19/0/3,http://eproc.lkpp.go.id/lpse/read/681/lpse-kabupaten-timor-tengah-utara,3,Nusa Tenggara Timur,registry card from eProc index; detail_url=http://eproc.lkpp.go.id/lpse/read/681/lpse-kabupaten-timor-tengah-utara,,False,False,False,False,True,1,['inactive_or_inaccessible']
LPSE Kabupaten Malaka,LPSE Kabupaten Malaka,Pemerintah Kabupaten,Nusa Tenggara Timur,LPSE Kabupaten Malaka,https://lpse.malakakab.go.id/eproc4,lpse.malakakab.go.id,True,False,False,True,4.5u20240923,https://eproc.lkpp.go.id,2026-07-05T22:16:42+00:00,https://eproc.lkpp.go.id/lpse/index/19/0/3,http://eproc.lkpp.go.id/lpse/read/684/lpse-kabupaten-malaka,3,Nusa Tenggara Timur,registry card from eProc index; detail_url=http://eproc.lkpp.go.id/lpse/read/684/lpse-kabupaten-malaka,,False,False,False,False,True,1,['inactive_or_inaccessible']
LPSE Kabupaten Alor,LPSE Kabupaten Alor,Pemerintah Kabupaten,Nusa Tenggara Timur,LPSE Kabupaten Alor,https://lpse.alorkab.go.id/eproc4,lpse.alorkab.go.id,True,False,False,True,4.5u20240923,https://eproc.lkpp.go.id,2026-07-05T22:16:42+00:00,https://eproc.lkpp.go.id/lpse/index/19/0/3,http://eproc.lkpp.go.id/lpse/read/702/lpse-kabupaten-alor,3,Nusa Tenggara Timur,registry card from eProc index; detail_url=http://eproc.lkpp.go.id/lpse/read/702/lpse-kabupaten-alor,,False,False,False,False,True,1,['inactive_or_inaccessible']
LPSE Provinsi Papua,LPSE Provinsi Papua,Pemerintah Provinsi,Papua,,https://spse.inaproc.id/papua,spse.inaproc.id,True,True,True,True,4.5u20240923,https://eproc.lkpp.go.id,2026-07-05T22:16:44+00:00,https://eproc.lkpp.go.id/lpse/index/32/0/1,http://eproc.lkpp.go.id/lpse/read/41/lpse-provinsi-papua,1,Papua,registry card from eProc index; detail_url=http://eproc.lkpp.go.id/lpse/read/41/lpse-provinsi-papua,Papua,False,False,False,False,False,0,[]
LPSE Kabupaten Merauke,LPSE Kabupaten Merauke,Pemerintah Kabupaten,Papua,LPSE Kabupaten Merauke,https://spse.inaproc.id/merauke,spse.inaproc.id,True,True,True,True,4.5u20240923,https://eproc.lkpp.go.id,2026-07-05T22:16:44+00:00,https://eproc.lkpp.go.id/lpse/index/32/0/1,http://eproc.lkpp.go.id/lpse/read/271/lpse-kabupaten-merauke,1,Papua,registry card from eProc index; detail_url=http://eproc.lkpp.go.id/lpse/read/271/lpse-kabupaten-merauke,,False,False,False,False,False,0,[]
LPSE Kabupaten Jayawijaya,LPSE Kabupaten Jayawijaya,Pemerintah Kabupaten,Papua,LPSE Kabupaten Jayawijaya,https://spse.inaproc.id/jayawijayakab,spse.inaproc.id,True,True,True,True,4.5u20240522,https://eproc.lkpp.go.id,2026-07-05T22:16:44+00:00,https://eproc.lkpp.go.id/lpse/index/32/0/1,http://eproc.lkpp.go.id/lpse/read/307/lpse-kabupaten-jayawijaya,1,Papua,registry card from eProc index; detail_url=http://eproc.lkpp.go.id/lpse/read/307/lpse-kabupaten-jayawijaya,,False,False,False,False,False,0,[]
LPSE Kota Jayapura,LPSE Kota Jayapura,Pemerintah Kota,Papua,LPSE Kota Jayapura,https://www.lpse.jayapurakota.go.id/eproc4,www.lpse.jayapurakota.go.id,True,False,False,True,4.5u20240923,https://eproc.lkpp.go.id,2026-07-05T22:16:44+00:00,https://eproc.lkpp.go.id/lpse/index/32/0/1,http://eproc.lkpp.go.id/lpse/read/613/lpse-kota-jayapura,1,Papua,registry card from eProc index; detail_url=http://eproc.lkpp.go.id/lpse/read/613/lpse-kota-jayapura,,False,False,False,False,True,1,['inactive_or_inaccessible']
LPSE Polda Papua,LPSE Polda Papua,,Papua,,http://lpse.papua.polri.go.id/eproc4,lpse.papua.polri.go.id,False,False,False,True,4.5u20231030,https://eproc.lkpp.go.id,2026-07-05T22:16:44+00:00,https://eproc.lkpp.go.id/lpse/index/32/0/1,http://eproc.lkpp.go.id/lpse/read/636/lpse-polda-papua,1,Papua,registry card from eProc index; detail_url=http://eproc.lkpp.go.id/lpse/read/636/lpse-polda-papua,Papua,False,False,False,False,True,1,['inactive_or_inaccessible']
LPSE Kabupaten Mimika,LPSE Kabupaten Mimika,Pemerintah Kabupaten,Papua,LPSE Kabupaten Mimika,https://lpse.mimikakab.go.id/eproc4,lpse.mimikakab.go.id,True,False,False,True,4.5u20240923,https://eproc.lkpp.go.id,2026-07-05T22:16:44+00:00,https://eproc.lkpp.go.id/lpse/index/32/0/1,http://eproc.lkpp.go.id/lpse/read/639/lpse-kabupaten-mimika,1,Papua,registry card from eProc index; detail_url=http://eproc.lkpp.go.id/lpse/read/639/lpse-kabupaten-mimika,,False,False,False,False,True,1,['inactive_or_inaccessible']
LPSE Kabupaten Jayapura,LPSE Kabupaten Jayapura,Pemerintah Kabupaten,Papua,LPSE Kabupaten Jayapura,https://lpse.jayapurakab.go.id/eproc4,lpse.jayapurakab.go.id,True,True,False,True,4.5u20240923,https://eproc.lkpp.go.id,2026-07-05T22:16:44+00:00,https://eproc.lkpp.go.id/lpse/index/32/0/1,http://eproc.lkpp.go.id/lpse/read/647/lpse-kabupaten-jayapura,1,Papua,registry card from eProc index; detail_url=http://eproc.lkpp.go.id/lpse/read/647/lpse-kabupaten-jayapura,,False,False,False,False,True,1,['inactive_or_inaccessible']
LPSE Kabupaten Keerom,LPSE Kabupaten Keerom,Pemerintah Kabupaten,Papua,LPSE Kabupaten Keerom,http://lpse.keeromkab.go.id/eproc4,lpse.keeromkab.go.id,False,True,False,True,4.5u20240522,https://eproc.lkpp.go.id,2026-07-05T22:16:44+00:00,https://eproc.lkpp.go.id/lpse/index/32/0/1,http://eproc.lkpp.go.id/lpse/read/648/lpse-kabupaten-keerom,1,Papua,registry card from eProc index; detail_url=http://eproc.lkpp.go.id/lpse/read/648/lpse-kabupaten-keerom,,False,False,False,False,True,1,['inactive_or_inaccessible']
LPSE Kabupaten Asmat,LPSE Kabupaten Asmat,Pemerintah Kabupaten,Papua,LPSE Kabupaten Asmat,https://lpse.asmatkab.go.id/eproc4,lpse.asmatkab.go.id,True,False,False,True,4.5u20240923,https://eproc.lkpp.go.id,2026-07-05T22:16:44+00:00,https://eproc.lkpp.go.id/lpse/index/32/0/1,http://eproc.lkpp.go.id/lpse/read/679/lpse-kabupaten-asmat,1,Papua,registry card from eProc index; detail_url=http://eproc.lkpp.go.id/lpse/read/679/lpse-kabupaten-asmat,,False,False,False,False,True,1,['inactive_or_inaccessible']
LPSE Kabupaten Puncak Jaya,LPSE Kabupaten Puncak Jaya,Pemerintah Kabupaten,Papua,LPSE Kabupaten Puncak Jaya,https://lpse.puncakjayakab.go.id/eproc4,lpse.puncakjayakab.go.id,True,False,False,True,4.5u20240923,https://eproc.lkpp.go.id,2026-07-05T22:16:44+00:00,https://eproc.lkpp.go.id/lpse/index/32/0/1,http://eproc.lkpp.go.id/lpse/read/695/lpse-kabupaten-puncak-jaya,1,Papua,registry card from eProc index; detail_url=http://eproc.lkpp.go.id/lpse/read/695/lpse-kabupaten-puncak-jaya,,False,False,False,False,True,1,['inactive_or_inaccessible']
LPSE Kabupaten Yalimo,LPSE Kabupaten Yalimo,Pemerintah Kabupaten,Papua,LPSE Kabupaten Yalimo,https://lpse.yahukimokab.go.id/eproc4/,lpse.yahukimokab.go.id,True,False,False,True,4.5u20230512,https://eproc.lkpp.go.id,2026-07-05T22:16:44+00:00,https://eproc.lkpp.go.id/lpse/index/32/0/2,http://eproc.lkpp.go.id/lpse/read/696/lpse-kabupaten-yalimo,2,Papua,registry card from eProc index; detail_url=http://eproc.lkpp.go.id/lpse/read/696/lpse-kabupaten-yalimo,,False,False,False,False,True,1,['inactive_or_inaccessible']
LPSE Kabupaten Biak Numfor,LPSE Kabupaten Biak Numfor,Pemerintah Kabupaten,Papua,LPSE Kabupaten Biak Numfor,https://lpse.biakkab.go.id/eproc4,lpse.biakkab.go.id,True,True,False,True,4.5u20240923,https://eproc.lkpp.go.id,2026-07-05T22:16:44+00:00,https://eproc.lkpp.go.id/lpse/index/32/0/2,http://eproc.lkpp.go.id/lpse/read/707/lpse-kabupaten-biak-numfor,2,Papua,registry card from eProc index; detail_url=http://eproc.lkpp.go.id/lpse/read/707/lpse-kabupaten-biak-numfor,,False,False,False,False,True,1,['inactive_or_inaccessible']
LPSE Kabupaten Mamberamo Tengah,LPSE Kabupaten Mamberamo Tengah,Pemerintah Kabupaten,Papua,LPSE Kabupaten Mamberamo Tengah,https://lpse.mamberamotengahkab.go.id/eproc4,lpse.mamberamotengahkab.go.id,True,True,False,True,,https://eproc.lkpp.go.id,2026-07-05T22:16:44+00:00,https://eproc.lkpp.go.id/lpse/index/32/0/2,http://eproc.lkpp.go.id/lpse/read/1034/lpse-kabupaten-mamberamo-tengah,2,Papua,registry card from eProc index; detail_url=http://eproc.lkpp.go.id/lpse/read/1034/lpse-kabupaten-mamberamo-tengah,,False,False,False,True,True,2,"['missing_spse_version', 'inactive_or_inaccessible']"
LPSE Kabupaten Nabire,LPSE Kabupaten Nabire,Pemerintah Kabupaten,Papua,LPSE Kabupaten Nabire,http://lpse.nabirekab.go.id/eproc4,lpse.nabirekab.go.id,False,True,False,True,4.5u20240923,https://eproc.lkpp.go.id,2026-07-05T22:16:44+00:00,https://eproc.lkpp.go.id/lpse/index/32/0/2,http://eproc.lkpp.go.id/lpse/read/725/lpse-kabupaten-nabire,2,Papua,registry card from eProc index; detail_url=http://eproc.lkpp.go.id/lpse/read/725/lpse-kabupaten-nabire,,False,False,False,False,True,1,['inactive_or_inaccessible']
LPSE Kabupaten Mamberamo Raya,LPSE Kabupaten Mamberamo Raya,Pemerintah Kabupaten,Papua,LPSE Kabupaten Mamberamo Raya,https://lpse.mamberamorayakab.go.id/eproc4,lpse.mamberamorayakab.go.id,True,False,False,True,,https://eproc.lkpp.go.id,2026-07-05T22:16:44+00:00,https://eproc.lkpp.go.id/lpse/index/32/0/2,http://eproc.lkpp.go.id/lpse/read/1037/lpse-kabupaten-mamberamo-raya,2,Papua,registry card from eProc index; detail_url=http://eproc.lkpp.go.id/lpse/read/1037/lpse-kabupaten-mamberamo-raya,,False,False,False,True,True,2,"['missing_spse_version', 'inactive_or_inaccessible']"
LPSE Kabupaten Kepulauan Yapen,LPSE Kabupaten Kepulauan Yapen,Pemerintah Kabupaten,Papua,LPSE Kabupaten Kepulauan Yapen,https://lpse.kepyapenkab.go.id/eproc4,lpse.kepyapenkab.go.id,True,False,False,True,4.5u20230320,https://eproc.lkpp.go.id,2026-07-05T22:16:44+00:00,https://eproc.lkpp.go.id/lpse/index/32/0/2,http://eproc.lkpp.go.id/lpse/read/737/lpse-kabupaten-kepulauan-yapen,2,Papua,registry card from eProc index; detail_url=http://eproc.lkpp.go.id/lpse/read/737/lpse-kabupaten-kepulauan-yapen,,False,False,False,False,True,1,['inactive_or_inaccessible']
LPSE Kabupaten Lanny Jaya,LPSE Kabupaten Lanny Jaya,Pemerintah Kabupaten,Papua,LPSE Kabupaten Lanny Jaya,https://lpse-lannyjayakab.id/eproc4,lpse-lannyjayakab.id,True,False,False,True,4.5u20240923,https://eproc.lkpp.go.id,2026-07-05T22:16:44+00:00,https://eproc.lkpp.go.id/lpse/index/32/0/2,http://eproc.lkpp.go.id/lpse/read/741/lpse-kabupaten-lanny-jaya,2,Papua,registry card from eProc index; detail_url=http://eproc.lkpp.go.id/lpse/read/741/lpse-kabupaten-lanny-jaya,,False,False,False,False,True,1,['inactive_or_inaccessible']
LPSE Kabupaten Intan Jaya,LPSE Kabupaten Intan Jaya,Pemerintah Kabupaten,Papua,LPSE Kabupaten Intan Jaya,http://lpse.intanjayakab.go.id/eproc4,lpse.intanjayakab.go.id,False,True,False,True,4.5u20240923,https://eproc.lkpp.go.id,2026-07-05T22:16:44+00:00,https://eproc.lkpp.go.id/lpse/index/32/0/2,http://eproc.lkpp.go.id/lpse/read/742/lpse-kabupaten-intan-jaya,2,Papua,registry card from eProc index; detail_url=http://eproc.lkpp.go.id/lpse/read/742/lpse-kabupaten-intan-jaya,,False,False,False,False,True,1,['inactive_or_inaccessible']
LPSE Kabupaten Deiyai,LPSE Kabupaten Deiyai,Pemerintah Kabupaten,Papua,LPSE Kabupaten Deiyai,https://lpse.deiyaikab.go.id/eproc4,lpse.deiyaikab.go.id,True,True,False,True,4.5u20230815,https://eproc.lkpp.go.id,2026-07-05T22:16:44+00:00,https://eproc.lkpp.go.id/lpse/index/32/0/2,http://eproc.lkpp.go.id/lpse/read/745/lpse-kabupaten-deiyai,2,Papua,registry card from eProc index; detail_url=http://eproc.lkpp.go.id/lpse/read/745/lpse-kabupaten-deiyai,,False,False,False,False,True,1,['inactive_or_inaccessible']
LPSE Kabupaten Sarmi,LPSE Kabupaten Sarmi,Pemerintah Kabupaten,Papua,LPSE Kabupaten Sarmi,http://lpse.sarmikab.go.id/eproc4,lpse.sarmikab.go.id,False,True,False,True,4.5u20240522,https://eproc.lkpp.go.id,2026-07-05T22:16:44+00:00,https://eproc.lkpp.go.id/lpse/index/32/0/2,http://eproc.lkpp.go.id/lpse/read/749/lpse-kabupaten-sarmi,2,Papua,registry card from eProc index; detail_url=http://eproc.lkpp.go.id/lpse/read/749/lpse-kabupaten-sarmi,,False,False,False,False,True,1,['inactive_or_inaccessible']
LPSE Kabupaten Dogiyai,LPSE Kabupaten Dogiyai,Pemerintah Kabupaten,Papua,LPSE Kabupaten Dogiyai,https://lpse.dogiyaikab.go.id/eproc4,lpse.dogiyaikab.go.id,True,False,False,True,4.5u20230617,https://eproc.lkpp.go.id,2026-07-05T22:16:45+00:00,https://eproc.lkpp.go.id/lpse/index/32/0/3,http://eproc.lkpp.go.id/lpse/read/751/lpse-kabupaten-dogiyai,3,Papua,registry card from eProc index; detail_url=http://eproc.lkpp.go.id/lpse/read/751/lpse-kabupaten-dogiyai,,False,False,False,False,True,1,['inactive_or_inaccessible']
LPSE Kabupaten Supiori,LPSE Kabupaten Supiori,Pemerintah Kabupaten,Papua,LPSE Kabupaten Supiori,https://lpse.supiorikab.go.id/eproc4,lpse.supiorikab.go.id,True,False,False,True,4.5u20240923,https://eproc.lkpp.go.id,2026-07-05T22:16:45+00:00,https://eproc.lkpp.go.id/lpse/index/32/0/3,http://eproc.lkpp.go.id/lpse/read/752/lpse-kabupaten-supiori,3,Papua,registry card from eProc index; detail_url=http://eproc.lkpp.go.id/lpse/read/752/lpse-kabupaten-supiori,,False,False,False,False,True,1,['inactive_or_inaccessible']
LPSE Kabupaten Pegunungan Bintang,LPSE Kabupaten Pegunungan Bintang,Pemerintah Kabupaten,Papua,LPSE Kabupaten Pegunungan Bintang,https://lpse.pegbintangkab.go.id/eproc4,lpse.pegbintangkab.go.id,True,False,False,True,4.5u20230731,https://eproc.lkpp.go.id,2026-07-05T22:16:45+00:00,https://eproc.lkpp.go.id/lpse/index/32/0/3,http://eproc.lkpp.go.id/lpse/read/1044/lpse-kabupaten-pegunungan-bintang,3,Papua,registry card from eProc index; detail_url=http://eproc.lkpp.go.id/lpse/read/1044/lpse-kabupaten-pegunungan-bintang,,False,False,False,False,True,1,['inactive_or_inaccessible']
LPSE Kabupaten Puncak,LPSE Kabupaten Puncak,Pemerintah Kabupaten,Papua,LPSE Kabupaten Puncak,https://lpse.puncakkab.go.id/eproc4,lpse.puncakkab.go.id,True,False,False,True,,https://eproc.lkpp.go.id,2026-07-05T22:16:45+00:00,https://eproc.lkpp.go.id/lpse/index/32/0/3,http://eproc.lkpp.go.id/lpse/read/1042/lpse-kabupaten-puncak,3,Papua,registry card from eProc index; detail_url=http://eproc.lkpp.go.id/lpse/read/1042/lpse-kabupaten-puncak,,False,False,False,True,True,2,"['missing_spse_version', 'inactive_or_inaccessible']"
LPSE Kabupaten Tolikara,LPSE Kabupaten Tolikara,Pemerintah Kabupaten,Papua,LPSE Kabupaten Tolikara,https://lpse.tolikarakab.go.id/eproc4,lpse.tolikarakab.go.id,True,False,False,True,,https://eproc.lkpp.go.id,2026-07-05T22:16:45+00:00,https://eproc.lkpp.go.id/lpse/index/32/0/3,http://eproc.lkpp.go.id/lpse/read/1047/lpse-kabupaten-tolikara,3,Papua,registry card from eProc index; detail_url=http://eproc.lkpp.go.id/lpse/read/1047/lpse-kabupaten-tolikara,,False,False,False,True,True,2,"['missing_spse_version', 'inactive_or_inaccessible']"
LPSE Kabupaten Mappi,LPSE Kabupaten Mappi,Pemerintah Kabupaten,Papua,LPSE Kabupaten Mappi,https://lpse.mappikab.go.id/eproc4,lpse.mappikab.go.id,True,False,False,True,4.5u20250321,https://eproc.lkpp.go.id,2026-07-05T22:16:45+00:00,https://eproc.lkpp.go.id/lpse/index/32/0/3,http://eproc.lkpp.go.id/lpse/read/1048/lpse-kabupaten-mappi,3,Papua,registry card from eProc index; detail_url=http://eproc.lkpp.go.id/lpse/read/1048/lpse-kabupaten-mappi,,False,False,False,False,True,1,['inactive_or_inaccessible']
LPSE Kabupaten Boven Digoel,LPSE Kabupaten Boven Digoel,Pemerintah Kabupaten,Papua,LPSE Kabupaten Boven Digoel,https://lpse.bovendigoelkab.go.id/eproc4,lpse.bovendigoelkab.go.id,True,False,False,True,4.5u20240923,https://eproc.lkpp.go.id,2026-07-05T22:16:45+00:00,https://eproc.lkpp.go.id/lpse/index/32/0/3,http://eproc.lkpp.go.id/lpse/read/782/lpse-kabupaten-boven-digoel,3,Papua,registry card from eProc index; detail_url=http://eproc.lkpp.go.id/lpse/read/782/lpse-kabupaten-boven-digoel,,False,False,False,False,True,1,['inactive_or_inaccessible']
LPSE Kabupaten NDuga,LPSE Kabupaten NDuga,Pemerintah Kabupaten,Papua,LPSE Kabupaten NDuga,https://lpse.ndugakab.go.id/eproc4,lpse.ndugakab.go.id,True,False,False,True,,https://eproc.lkpp.go.id,2026-07-05T22:16:45+00:00,https://eproc.lkpp.go.id/lpse/index/32/0/3,http://eproc.lkpp.go.id/lpse/read/1055/lpse-kabupaten-nduga,3,Papua,registry card from eProc index; detail_url=http://eproc.lkpp.go.id/lpse/read/1055/lpse-kabupaten-nduga,,False,False,False,True,True,2,"['missing_spse_version', 'inactive_or_inaccessible']"
LPSE Kabupaten Paniai,LPSE Kabupaten Paniai,Pemerintah Kabupaten,Papua,LPSE Kabupaten Paniai,http://lpse.paniaikab.go.id/eproc4/,lpse.paniaikab.go.id,False,True,False,True,,https://eproc.lkpp.go.id,2026-07-05T22:16:45+00:00,https://eproc.lkpp.go.id/lpse/index/32/0/3,http://eproc.lkpp.go.id/lpse/read/1078/lpse-kabupaten-paniai,3,Papua,registry card from eProc index; detail_url=http://eproc.lkpp.go.id/lpse/read/1078/lpse-kabupaten-paniai,,False,False,False,True,True,2,"['missing_spse_version', 'inactive_or_inaccessible']"
LPSE Kabupaten Yahukimo,LPSE Kabupaten Yahukimo,Pemerintah Kabupaten,Papua,LPSE Kabupaten Yahukimo,https://lpse.yahukimokab.go.id/eproc4/,lpse.yahukimokab.go.id,True,False,False,True,4.5u20240923,https://eproc.lkpp.go.id,2026-07-05T22:16:45+00:00,https://eproc.lkpp.go.id/lpse/index/32/0/3,http://eproc.lkpp.go.id/lpse/read/1085/lpse-kabupaten-yahukimo,3,Papua,registry card from eProc index; detail_url=http://eproc.lkpp.go.id/lpse/read/1085/lpse-kabupaten-yahukimo,,False,False,False,False,True,1,['inactive_or_inaccessible']
LPSE Kabupaten Manokwari,LPSE Kabupaten Manokwari,Pemerintah Kabupaten,Papua Barat,LPSE Kabupaten Manokwari,http://lpse.manokwarikab.go.id/eproc4,lpse.manokwarikab.go.id,False,True,False,True,4.5u20240923,https://eproc.lkpp.go.id,2026-07-05T22:16:46+00:00,https://eproc.lkpp.go.id/lpse/index/33/0/1,http://eproc.lkpp.go.id/lpse/read/435/lpse-kabupaten-manokwari,1,Papua Barat,registry card from eProc index; detail_url=http://eproc.lkpp.go.id/lpse/read/435/lpse-kabupaten-manokwari,,False,False,False,False,True,1,['inactive_or_inaccessible']
LPSE Kabupaten Fakfak,LPSE Kabupaten Fakfak,Pemerintah Kabupaten,Papua Barat,LPSE Kabupaten Fakfak,https://lpse.fakfakkab.go.id/eproc4,lpse.fakfakkab.go.id,True,True,False,True,4.5u20240614,https://eproc.lkpp.go.id,2026-07-05T22:16:46+00:00,https://eproc.lkpp.go.id/lpse/index/33/0/1,http://eproc.lkpp.go.id/lpse/read/559/lpse-kabupaten-fakfak,1,Papua Barat,registry card from eProc index; detail_url=http://eproc.lkpp.go.id/lpse/read/559/lpse-kabupaten-fakfak,,False,False,False,False,True,1,['inactive_or_inaccessible']
LPSE Kabupaten Tambrauw,LPSE Kabupaten Tambrauw,Pemerintah Kabupaten,Papua Barat,LPSE Kabupaten Tambrauw,http://lpse.tambrauwkab.go.id/eproc4,lpse.tambrauwkab.go.id,False,True,False,True,4.5u20240923,https://eproc.lkpp.go.id,2026-07-05T22:16:46+00:00,https://eproc.lkpp.go.id/lpse/index/33/0/1,http://eproc.lkpp.go.id/lpse/read/1043/lpse-kabupaten-tambrauw,1,Papua Barat,registry card from eProc index; detail_url=http://eproc.lkpp.go.id/lpse/read/1043/lpse-kabupaten-tambrauw,,False,False,False,False,True,1,['inactive_or_inaccessible']
LPSE Kabupaten Raja Ampat,LPSE Kabupaten Raja Ampat,Pemerintah Kabupaten,Papua Barat,LPSE Kabupaten Raja Ampat,https://lpse.rajaampatkab.go.id/eproc4,lpse.rajaampatkab.go.id,True,False,False,True,4.5u20240923,https://eproc.lkpp.go.id,2026-07-05T22:16:46+00:00,https://eproc.lkpp.go.id/lpse/index/33/0/1,http://eproc.lkpp.go.id/lpse/read/607/lpse-kabupaten-raja-ampat,1,Papua Barat,registry card from eProc index; detail_url=http://eproc.lkpp.go.id/lpse/read/607/lpse-kabupaten-raja-ampat,,False,False,False,False,True,1,['inactive_or_inaccessible']
LPSE Provinsi Papua Barat,LPSE Provinsi Papua Barat,Pemerintah Provinsi,Papua Barat,,https://tender.papuabaratprov.go.id/eproc4,tender.papuabaratprov.go.id,True,False,False,True,4.5u20240923,https://eproc.lkpp.go.id,2026-07-05T22:16:46+00:00,https://eproc.lkpp.go.id/lpse/index/33/0/1,http://eproc.lkpp.go.id/lpse/read/641/lpse-provinsi-papua-barat,1,Papua Barat,registry card from eProc index; detail_url=http://eproc.lkpp.go.id/lpse/read/641/lpse-provinsi-papua-barat,Papua Barat,False,False,False,False,True,1,['inactive_or_inaccessible']
LPSE Kabupaten Sorong Selatan,LPSE Kabupaten Sorong Selatan,Pemerintah Kabupaten,Papua Barat,LPSE Kabupaten Sorong Selatan,https://lpse.sorongselatankab.go.id/eproc4,lpse.sorongselatankab.go.id,True,True,False,True,4.5u20240923,https://eproc.lkpp.go.id,2026-07-05T22:16:46+00:00,https://eproc.lkpp.go.id/lpse/index/33/0/1,http://eproc.lkpp.go.id/lpse/read/693/lpse-kabupaten-sorong-selatan,1,Papua Barat,registry card from eProc index; detail_url=http://eproc.lkpp.go.id/lpse/read/693/lpse-kabupaten-sorong-selatan,,False,False,False,False,True,1,['inactive_or_inaccessible']
LPSE Kota Sorong,LPSE Kota Sorong,Pemerintah Kota,Papua Barat,LPSE Kota Sorong,https://lpse.sorongkota.go.id/eproc4/,lpse.sorongkota.go.id,True,True,False,True,4.5u20230512,https://eproc.lkpp.go.id,2026-07-05T22:16:46+00:00,https://eproc.lkpp.go.id/lpse/index/33/0/1,http://eproc.lkpp.go.id/lpse/read/730/lpse-kota-sorong,1,Papua Barat,registry card from eProc index; detail_url=http://eproc.lkpp.go.id/lpse/read/730/lpse-kota-sorong,,False,False,False,False,True,1,['inactive_or_inaccessible']
LPSE Kabupaten Teluk Bintuni,LPSE Kabupaten Teluk Bintuni,Pemerintah Kabupaten,Papua Barat,LPSE Kabupaten Teluk Bintuni,http://lpse.telukbintunikab.go.id/eproc4,lpse.telukbintunikab.go.id,False,True,False,True,4.5u20240814,https://eproc.lkpp.go.id,2026-07-05T22:16:46+00:00,https://eproc.lkpp.go.id/lpse/index/33/0/1,http://eproc.lkpp.go.id/lpse/read/731/lpse-kabupaten-teluk-bintuni,1,Papua Barat,registry card from eProc index; detail_url=http://eproc.lkpp.go.id/lpse/read/731/lpse-kabupaten-teluk-bintuni,,False,False,False,False,True,1,['inactive_or_inaccessible']
LPSE Kabupaten Kaimana,LPSE Kabupaten Kaimana,Pemerintah Kabupaten,Papua Barat,LPSE Kabupaten Kaimana,http://lpse.kaimanakab.go.id/eproc4,lpse.kaimanakab.go.id,False,False,False,True,4.5u20240923,https://eproc.lkpp.go.id,2026-07-05T22:16:46+00:00,https://eproc.lkpp.go.id/lpse/index/33/0/1,http://eproc.lkpp.go.id/lpse/read/736/lpse-kabupaten-kaimana,1,Papua Barat,registry card from eProc index; detail_url=http://eproc.lkpp.go.id/lpse/read/736/lpse-kabupaten-kaimana,,False,False,False,False,True,1,['inactive_or_inaccessible']
LPSE Kabupaten Teluk Wondama,LPSE Kabupaten Teluk Wondama,Pemerintah Kabupaten,Papua Barat,LPSE Kabupaten Teluk Wondama,https://lpse.wondamakab.go.id/eproc4,lpse.wondamakab.go.id,True,False,False,True,4.5u20240923,https://eproc.lkpp.go.id,2026-07-05T22:16:46+00:00,https://eproc.lkpp.go.id/lpse/index/33/0/1,http://eproc.lkpp.go.id/lpse/read/739/lpse-kabupaten-teluk-wondama,1,Papua Barat,registry card from eProc index; detail_url=http://eproc.lkpp.go.id/lpse/read/739/lpse-kabupaten-teluk-wondama,,False,False,False,False,True,1,['inactive_or_inaccessible']
LPSE Kabupaten Sorong,LPSE Kabupaten Sorong,Pemerintah Kabupaten,Papua Barat,LPSE Kabupaten Sorong,http://lpse.sorongkab.go.id/eproc4/,lpse.sorongkab.go.id,False,True,True,True,,https://eproc.lkpp.go.id,2026-07-05T22:16:47+00:00,https://eproc.lkpp.go.id/lpse/index/33/0/2,http://eproc.lkpp.go.id/lpse/read/1041/lpse-kabupaten-sorong,2,Papua Barat,registry card from eProc index; detail_url=http://eproc.lkpp.go.id/lpse/read/1041/lpse-kabupaten-sorong,,False,False,False,True,False,1,['missing_spse_version']
LPSE Kabupaten Maybrat,LPSE Kabupaten Maybrat,Pemerintah Kabupaten,Papua Barat,LPSE Kabupaten Maybrat,http://lpse.maybratkab.go.id/eproc4,lpse.maybratkab.go.id,False,True,False,True,,https://eproc.lkpp.go.id,2026-07-05T22:16:47+00:00,https://eproc.lkpp.go.id/lpse/index/33/0/2,http://eproc.lkpp.go.id/lpse/read/1045/lpse-kabupaten-maybrat,2,Papua Barat,registry card from eProc index; detail_url=http://eproc.lkpp.go.id/lpse/read/1045/lpse-kabupaten-maybrat,,False,False,False,True,True,2,"['missing_spse_version', 'inactive_or_inaccessible']"
LPSE Kabupaten Manokwari Selatan,LPSE Kabupaten Manokwari Selatan,Pemerintah Kabupaten,Papua Barat,LPSE Kabupaten Manokwari Selatan,http://lpse.manselkab.go.id/eproc4,lpse.manselkab.go.id,False,False,False,True,,https://eproc.lkpp.go.id,2026-07-05T22:16:47+00:00,https://eproc.lkpp.go.id/lpse/index/33/0/2,http://eproc.lkpp.go.id/lpse/read/1056/lpse-kabupaten-manokwari-selatan,2,Papua Barat,registry card from eProc index; detail_url=http://eproc.lkpp.go.id/lpse/read/1056/lpse-kabupaten-manokwari-selatan,,False,False,False,True,True,2,"['missing_spse_version', 'inactive_or_inaccessible']"
LPSE Kabupaten Pegunungan Arfak,LPSE Kabupaten Pegunungan Arfak,Pemerintah Kabupaten,Papua Barat,LPSE Kabupaten Pegunungan Arfak,https://lpse.pegafkab.go.id/eproc4,lpse.pegafkab.go.id,True,False,False,True,4.5u20230706,https://eproc.lkpp.go.id,2026-07-05T22:16:47+00:00,https://eproc.lkpp.go.id/lpse/index/33/0/2,http://eproc.lkpp.go.id/lpse/read/1122/lpse-kabupaten-pegunungan-arfak,2,Papua Barat,registry card from eProc index; detail_url=http://eproc.lkpp.go.id/lpse/read/1122/lpse-kabupaten-pegunungan-arfak,,False,False,False,False,True,1,['inactive_or_inaccessible']
LPSE Provinsi Papua Tengah,LPSE Provinsi Papua Tengah,Pemerintah Provinsi,Papua Tengah,,https://spse.inaproc.id/nasional,spse.inaproc.id,True,True,True,True,,https://eproc.lkpp.go.id,2026-07-05T22:16:48+00:00,https://eproc.lkpp.go.id/lpse/index/36/0/1,http://eproc.lkpp.go.id/lpse/read/1147/lpse-provinsi-papua-tengah,1,Papua Tengah,registry card from eProc index; detail_url=http://eproc.lkpp.go.id/lpse/read/1147/lpse-provinsi-papua-tengah,Papua Tengah,False,False,False,True,False,1,['missing_spse_version']
LPSE Kota Pekanbaru,LPSE Kota Pekanbaru,Pemerintah Kota,Riau,LPSE Kota Pekanbaru,https://spse.inaproc.id/pekanbaru,spse.inaproc.id,True,True,True,True,4.5u20240923,https://eproc.lkpp.go.id,2026-07-05T22:16:49+00:00,https://eproc.lkpp.go.id/lpse/index/4/0/1,http://eproc.lkpp.go.id/lpse/read/19/lpse-kota-pekanbaru,1,Riau,registry card from eProc index; detail_url=http://eproc.lkpp.go.id/lpse/read/19/lpse-kota-pekanbaru,,False,False,False,False,False,0,[]
LPSE Provinsi Riau,LPSE Provinsi Riau,Pemerintah Provinsi,Riau,,https://spse.inaproc.id/riau,spse.inaproc.id,True,True,True,True,4.5u20240923,https://eproc.lkpp.go.id,2026-07-05T22:16:49+00:00,https://eproc.lkpp.go.id/lpse/index/4/0/1,http://eproc.lkpp.go.id/lpse/read/39/lpse-provinsi-riau,1,Riau,registry card from eProc index; detail_url=http://eproc.lkpp.go.id/lpse/read/39/lpse-provinsi-riau,Riau,False,False,False,False,False,0,[]
LPSE Kabupaten Bengkalis,LPSE Kabupaten Bengkalis,Pemerintah Kabupaten,Riau,LPSE Kabupaten Bengkalis,https://spse.inaproc.id/bengkaliskab,spse.inaproc.id,True,True,True,True,4.5u20240923,https://eproc.lkpp.go.id,2026-07-05T22:16:49+00:00,https://eproc.lkpp.go.id/lpse/index/4/0/1,http://eproc.lkpp.go.id/lpse/read/161/lpse-kabupaten-bengkalis,1,Riau,registry card from eProc index; detail_url=http://eproc.lkpp.go.id/lpse/read/161/lpse-kabupaten-bengkalis,,False,False,False,False,False,0,[]
LPSE Kabupaten Indragiri Hilir,LPSE Kabupaten Indragiri Hilir,Pemerintah Kabupaten,Riau,LPSE Kabupaten Indragiri Hilir,https://spse.inaproc.id/inhilkab,spse.inaproc.id,True,True,True,True,4.5u20240923,https://eproc.lkpp.go.id,2026-07-05T22:16:49+00:00,https://eproc.lkpp.go.id/lpse/index/4/0/1,http://eproc.lkpp.go.id/lpse/read/165/lpse-kabupaten-indragiri-hilir,1,Riau,registry card from eProc index; detail_url=http://eproc.lkpp.go.id/lpse/read/165/lpse-kabupaten-indragiri-hilir,,False,False,False,False,False,0,[]
LPSE Kabupaten Kuantan Singingi,LPSE Kabupaten Kuantan Singingi,Pemerintah Kabupaten,Riau,LPSE Kabupaten Kuantan Singingi,https://spse.inaproc.id/kuansing,spse.inaproc.id,True,True,True,True,4.5u20240923,https://eproc.lkpp.go.id,2026-07-05T22:16:49+00:00,https://eproc.lkpp.go.id/lpse/index/4/0/1,http://eproc.lkpp.go.id/lpse/read/186/lpse-kabupaten-kuantan-singingi,1,Riau,registry card from eProc index; detail_url=http://eproc.lkpp.go.id/lpse/read/186/lpse-kabupaten-kuantan-singingi,,False,False,False,False,False,0,[]
LPSE Kabupaten Kampar,LPSE Kabupaten Kampar,Pemerintah Kabupaten,Riau,LPSE Kabupaten Kampar,https://spse.inaproc.id/kamparkab,spse.inaproc.id,True,True,True,True,4.5u20240923,https://eproc.lkpp.go.id,2026-07-05T22:16:49+00:00,https://eproc.lkpp.go.id/lpse/index/4/0/1,http://eproc.lkpp.go.id/lpse/read/232/lpse-kabupaten-kampar,1,Riau,registry card from eProc index; detail_url=http://eproc.lkpp.go.id/lpse/read/232/lpse-kabupaten-kampar,,False,False,False,False,False,0,[]
LPSE Kabupaten Pelalawan,LPSE Kabupaten Pelalawan,Pemerintah Kabupaten,Riau,LPSE Kabupaten Pelalawan,https://spse.inaproc.id/pelalawankab,spse.inaproc.id,True,True,True,True,4.5u20240923,https://eproc.lkpp.go.id,2026-07-05T22:16:49+00:00,https://eproc.lkpp.go.id/lpse/index/4/0/1,http://eproc.lkpp.go.id/lpse/read/254/lpse-kabupaten-pelalawan,1,Riau,registry card from eProc index; detail_url=http://eproc.lkpp.go.id/lpse/read/254/lpse-kabupaten-pelalawan,,False,False,False,False,False,0,[]
LPSE Kabupaten Rokan Hulu,LPSE Kabupaten Rokan Hulu,Pemerintah Kabupaten,Riau,LPSE Kabupaten Rokan Hulu,https://spse.inaproc.id/rokanhulukab,spse.inaproc.id,True,True,True,True,4.5u20240923,https://eproc.lkpp.go.id,2026-07-05T22:16:49+00:00,https://eproc.lkpp.go.id/lpse/index/4/0/1,http://eproc.lkpp.go.id/lpse/read/283/lpse-kabupaten-rokan-hulu,1,Riau,registry card from eProc index; detail_url=http://eproc.lkpp.go.id/lpse/read/283/lpse-kabupaten-rokan-hulu,,False,False,False,False,False,0,[]
LPSE Kabupaten Siak,LPSE Kabupaten Siak,Pemerintah Kabupaten,Riau,LPSE Kabupaten Siak,https://spse.inaproc.id/siakkab,spse.inaproc.id,True,True,True,True,4.5u20240923,https://eproc.lkpp.go.id,2026-07-05T22:16:49+00:00,https://eproc.lkpp.go.id/lpse/index/4/0/1,http://eproc.lkpp.go.id/lpse/read/309/lpse-kabupaten-siak,1,Riau,registry card from eProc index; detail_url=http://eproc.lkpp.go.id/lpse/read/309/lpse-kabupaten-siak,,False,False,False,False,False,0,[]
LPSE Kota Dumai,LPSE Kota Dumai,Pemerintah Kota,Riau,LPSE Kota Dumai,https://spse.inaproc.id/dumaikota,spse.inaproc.id,True,True,True,True,4.5u20240923,https://eproc.lkpp.go.id,2026-07-05T22:16:49+00:00,https://eproc.lkpp.go.id/lpse/index/4/0/1,http://eproc.lkpp.go.id/lpse/read/313/lpse-kota-dumai,1,Riau,registry card from eProc index; detail_url=http://eproc.lkpp.go.id/lpse/read/313/lpse-kota-dumai,,False,False,False,False,False,0,[]
LPSE Kabupaten Indragiri Hulu,LPSE Kabupaten Indragiri Hulu,Pemerintah Kabupaten,Riau,LPSE Kabupaten Indragiri Hulu,https://lpse.inhukab.go.id/eproc4,lpse.inhukab.go.id,True,False,False,True,4.5u20240923,https://eproc.lkpp.go.id,2026-07-05T22:16:50+00:00,https://eproc.lkpp.go.id/lpse/index/4/0/2,http://eproc.lkpp.go.id/lpse/read/376/lpse-kabupaten-indragiri-hulu,2,Riau,registry card from eProc index; detail_url=http://eproc.lkpp.go.id/lpse/read/376/lpse-kabupaten-indragiri-hulu,,False,False,False,False,True,1,['inactive_or_inaccessible']
LPSE Kabupaten Meranti,LPSE Kabupaten Meranti,Pemerintah Kabupaten,Riau,LPSE Kabupaten Meranti,https://lpse.merantikab.go.id/eproc4,lpse.merantikab.go.id,True,True,False,True,4.5u20240923,https://eproc.lkpp.go.id,2026-07-05T22:16:50+00:00,https://eproc.lkpp.go.id/lpse/index/4/0/2,http://eproc.lkpp.go.id/lpse/read/459/lpse-kabupaten-meranti,2,Riau,registry card from eProc index; detail_url=http://eproc.lkpp.go.id/lpse/read/459/lpse-kabupaten-meranti,,False,False,False,False,True,1,['inactive_or_inaccessible']
LPSE Kabupaten Rokan Hilir,LPSE Kabupaten Rokan Hilir,Pemerintah Kabupaten,Riau,LPSE Kabupaten Rokan Hilir,https://lpse.rohilkab.go.id/eproc4,lpse.rohilkab.go.id,True,True,False,True,4.5u20240923,https://eproc.lkpp.go.id,2026-07-05T22:16:50+00:00,https://eproc.lkpp.go.id/lpse/index/4/0/2,http://eproc.lkpp.go.id/lpse/read/484/lpse-kabupaten-rokan-hilir,2,Riau,registry card from eProc index; detail_url=http://eproc.lkpp.go.id/lpse/read/484/lpse-kabupaten-rokan-hilir,,False,False,False,False,True,1,['inactive_or_inaccessible']
LPSE Provinsi Sulawesi Barat,LPSE Provinsi Sulawesi Barat,Pemerintah Provinsi,Sulawesi Barat,,https://spse.inaproc.id/sulbarprov,spse.inaproc.id,True,True,True,True,4.5u20240923,https://eproc.lkpp.go.id,2026-07-05T22:16:51+00:00,https://eproc.lkpp.go.id/lpse/index/29/0/1,http://eproc.lkpp.go.id/lpse/read/263/lpse-provinsi-sulawesi-barat,1,Sulawesi Barat,registry card from eProc index; detail_url=http://eproc.lkpp.go.id/lpse/read/263/lpse-provinsi-sulawesi-barat,Sulawesi Barat,False,False,False,False,False,0,[]
LPSE Kabupaten Polewali Mandar,LPSE Kabupaten Polewali Mandar,Pemerintah Kabupaten,Sulawesi Barat,LPSE Kabupaten Polewali Mandar,https://spse.inaproc.id/polmankab,spse.inaproc.id,True,True,True,True,4.5u20240923,https://eproc.lkpp.go.id,2026-07-05T22:16:51+00:00,https://eproc.lkpp.go.id/lpse/index/29/0/1,http://eproc.lkpp.go.id/lpse/read/281/lpse-kabupaten-polewali-mandar,1,Sulawesi Barat,registry card from eProc index; detail_url=http://eproc.lkpp.go.id/lpse/read/281/lpse-kabupaten-polewali-mandar,,False,False,False,False,False,0,[]
LPSE Kabupaten Mamuju,LPSE Kabupaten Mamuju,Pemerintah Kabupaten,Sulawesi Barat,LPSE Kabupaten Mamuju,https://spse.inaproc.id/mamujukab,spse.inaproc.id,True,True,True,True,4.5u20240923,https://eproc.lkpp.go.id,2026-07-05T22:16:51+00:00,https://eproc.lkpp.go.id/lpse/index/29/0/1,http://eproc.lkpp.go.id/lpse/read/289/lpse-kabupaten-mamuju,1,Sulawesi Barat,registry card from eProc index; detail_url=http://eproc.lkpp.go.id/lpse/read/289/lpse-kabupaten-mamuju,,False,False,False,False,False,0,[]
LPSE Kabupaten Majene,LPSE Kabupaten Majene,Pemerintah Kabupaten,Sulawesi Barat,LPSE Kabupaten Majene,https://lpse.majenekab.go.id/eproc4,lpse.majenekab.go.id,True,False,False,True,4.5u20240923,https://eproc.lkpp.go.id,2026-07-05T22:16:51+00:00,https://eproc.lkpp.go.id/lpse/index/29/0/1,http://eproc.lkpp.go.id/lpse/read/400/lpse-kabupaten-majene,1,Sulawesi Barat,registry card from eProc index; detail_url=http://eproc.lkpp.go.id/lpse/read/400/lpse-kabupaten-majene,,False,False,False,False,True,1,['inactive_or_inaccessible']
LPSE Kabupaten Pasangkayu,LPSE Kabupaten Pasangkayu,Pemerintah Kabupaten,Sulawesi Barat,LPSE Kabupaten Pasangkayu,http://lpse.pasangkayukab.go.id/eproc4,lpse.pasangkayukab.go.id,False,True,False,True,4.5u20240923,https://eproc.lkpp.go.id,2026-07-05T22:16:51+00:00,https://eproc.lkpp.go.id/lpse/index/29/0/1,http://eproc.lkpp.go.id/lpse/read/660/lpse-kabupaten-pasangkayu,1,Sulawesi Barat,registry card from eProc index; detail_url=http://eproc.lkpp.go.id/lpse/read/660/lpse-kabupaten-pasangkayu,,False,False,False,False,True,1,['inactive_or_inaccessible']
LPSE Kabupaten Mamasa,LPSE Kabupaten Mamasa,Pemerintah Kabupaten,Sulawesi Barat,LPSE Kabupaten Mamasa,https://lpse.mamasakab.go.id/eproc4,lpse.mamasakab.go.id,True,True,False,True,4.5u20240923,https://eproc.lkpp.go.id,2026-07-05T22:16:51+00:00,https://eproc.lkpp.go.id/lpse/index/29/0/1,http://eproc.lkpp.go.id/lpse/read/664/lpse-kabupaten-mamasa,1,Sulawesi Barat,registry card from eProc index; detail_url=http://eproc.lkpp.go.id/lpse/read/664/lpse-kabupaten-mamasa,,False,False,False,False,True,1,['inactive_or_inaccessible']
LPSE Kabupaten Mamuju Tengah,LPSE Kabupaten Mamuju Tengah,Pemerintah Kabupaten,Sulawesi Barat,LPSE Kabupaten Mamuju Tengah,http://lpse.mamujutengahkab.go.id/eproc4,lpse.mamujutengahkab.go.id,False,True,False,True,4.5u20240923,https://eproc.lkpp.go.id,2026-07-05T22:16:51+00:00,https://eproc.lkpp.go.id/lpse/index/29/0/1,http://eproc.lkpp.go.id/lpse/read/732/lpse-kabupaten-mamuju-tengah,1,Sulawesi Barat,registry card from eProc index; detail_url=http://eproc.lkpp.go.id/lpse/read/732/lpse-kabupaten-mamuju-tengah,,False,False,False,False,True,1,['inactive_or_inaccessible']
LPSE Universitas Negeri Makassar,LPSE Universitas Negeri Makassar,Perguruan Tinggi,Sulawesi Selatan,,http://lpse.unm.ac.id/eproc4,lpse.unm.ac.id,False,False,False,True,4.5u20220113,https://eproc.lkpp.go.id,2026-07-05T22:16:52+00:00,https://eproc.lkpp.go.id/lpse/index/26/0/1,http://eproc.lkpp.go.id/lpse/read/30/lpse-universitas-negeri-makassar,1,Sulawesi Selatan,registry card from eProc index; detail_url=http://eproc.lkpp.go.id/lpse/read/30/lpse-universitas-negeri-makassar,,False,False,False,False,True,1,['inactive_or_inaccessible']
LPSE Provinsi Sulawesi Selatan,LPSE Provinsi Sulawesi Selatan,Pemerintah Provinsi,Sulawesi Selatan,,https://spse.inaproc.id/sulselprov,spse.inaproc.id,True,True,True,True,4.5u20240923,https://eproc.lkpp.go.id,2026-07-05T22:16:52+00:00,https://eproc.lkpp.go.id/lpse/index/26/0/1,http://eproc.lkpp.go.id/lpse/read/36/lpse-provinsi-sulawesi-selatan,1,Sulawesi Selatan,registry card from eProc index; detail_url=http://eproc.lkpp.go.id/lpse/read/36/lpse-provinsi-sulawesi-selatan,Sulawesi Selatan,False,False,False,False,False,0,[]
LPSE Kabupaten Luwu Utara,LPSE Kabupaten Luwu Utara,Pemerintah Kabupaten,Sulawesi Selatan,LPSE Kabupaten Luwu Utara,https://spse.inaproc.id/luwuutarakab,spse.inaproc.id,True,True,True,True,4.5u20240923,https://eproc.lkpp.go.id,2026-07-05T22:16:52+00:00,https://eproc.lkpp.go.id/lpse/index/26/0/1,http://eproc.lkpp.go.id/lpse/read/45/lpse-kabupaten-luwu-utara,1,Sulawesi Selatan,registry card from eProc index; detail_url=http://eproc.lkpp.go.id/lpse/read/45/lpse-kabupaten-luwu-utara,,False,False,False,False,False,0,[]
LPSE Universitas Hasanudin,LPSE Universitas Hasanudin,Perguruan Tinggi,Sulawesi Selatan,,https://lpse.unhas.ac.id/eproc4,lpse.unhas.ac.id,True,False,False,True,4.5u20240226,https://eproc.lkpp.go.id,2026-07-05T22:16:52+00:00,https://eproc.lkpp.go.id/lpse/index/26/0/1,http://eproc.lkpp.go.id/lpse/read/174/lpse-universitas-hasanudin,1,Sulawesi Selatan,registry card from eProc index; detail_url=http://eproc.lkpp.go.id/lpse/read/174/lpse-universitas-hasanudin,,False,False,False,False,True,1,['inactive_or_inaccessible']
LPSE Kabupaten Pinrang,LPSE Kabupaten Pinrang,Pemerintah Kabupaten,Sulawesi Selatan,LPSE Kabupaten Pinrang,https://spse.inaproc.id/pinrangkab,spse.inaproc.id,True,True,True,True,4.5u20240923,https://eproc.lkpp.go.id,2026-07-05T22:16:52+00:00,https://eproc.lkpp.go.id/lpse/index/26/0/1,http://eproc.lkpp.go.id/lpse/read/206/lpse-kabupaten-pinrang,1,Sulawesi Selatan,registry card from eProc index; detail_url=http://eproc.lkpp.go.id/lpse/read/206/lpse-kabupaten-pinrang,,False,False,False,False,False,0,[]
LPSE Kabupaten Enrekang,LPSE Kabupaten Enrekang,Pemerintah Kabupaten,Sulawesi Selatan,LPSE Kabupaten Enrekang,https://spse.inaproc.id/enrekangkab,spse.inaproc.id,True,True,True,True,4.5u20240923,https://eproc.lkpp.go.id,2026-07-05T22:16:52+00:00,https://eproc.lkpp.go.id/lpse/index/26/0/1,http://eproc.lkpp.go.id/lpse/read/231/lpse-kabupaten-enrekang,1,Sulawesi Selatan,registry card from eProc index; detail_url=http://eproc.lkpp.go.id/lpse/read/231/lpse-kabupaten-enrekang,,False,False,False,False,False,0,[]
LPSE Kota Makassar,LPSE Kota Makassar,Pemerintah Kota,Sulawesi Selatan,LPSE Kota Makassar,https://spse.inaproc.id/makassar,spse.inaproc.id,True,True,True,True,4.5u20240923,https://eproc.lkpp.go.id,2026-07-05T22:16:52+00:00,https://eproc.lkpp.go.id/lpse/index/26/0/1,http://eproc.lkpp.go.id/lpse/read/234/lpse-kota-makassar,1,Sulawesi Selatan,registry card from eProc index; detail_url=http://eproc.lkpp.go.id/lpse/read/234/lpse-kota-makassar,,False,False,False,False,False,0,[]
LPSE Kota Parepare,LPSE Kota Parepare,Pemerintah Kota,Sulawesi Selatan,LPSE Kota Parepare,https://spse.inaproc.id/pareparekota,spse.inaproc.id,True,True,True,True,4.5u20240923,https://eproc.lkpp.go.id,2026-07-05T22:16:52+00:00,https://eproc.lkpp.go.id/lpse/index/26/0/1,http://eproc.lkpp.go.id/lpse/read/235/lpse-kota-parepare,1,Sulawesi Selatan,registry card from eProc index; detail_url=http://eproc.lkpp.go.id/lpse/read/235/lpse-kota-parepare,,False,False,False,False,False,0,[]
LPSE Kabupaten Maros,LPSE Kabupaten Maros,Pemerintah Kabupaten,Sulawesi Selatan,LPSE Kabupaten Maros,https://spse.inaproc.id/maroskab,spse.inaproc.id,True,True,True,True,4.5u20240923,https://eproc.lkpp.go.id,2026-07-05T22:16:52+00:00,https://eproc.lkpp.go.id/lpse/index/26/0/1,http://eproc.lkpp.go.id/lpse/read/250/lpse-kabupaten-maros,1,Sulawesi Selatan,registry card from eProc index; detail_url=http://eproc.lkpp.go.id/lpse/read/250/lpse-kabupaten-maros,,False,False,False,False,False,0,[]
LPSE Kabupaten Sinjai,LPSE Kabupaten Sinjai,Pemerintah Kabupaten,Sulawesi Selatan,LPSE Kabupaten Sinjai,https://spse.inaproc.id/sinjaikab,spse.inaproc.id,True,True,True,True,4.5u20240923,https://eproc.lkpp.go.id,2026-07-05T22:16:52+00:00,https://eproc.lkpp.go.id/lpse/index/26/0/1,http://eproc.lkpp.go.id/lpse/read/265/lpse-kabupaten-sinjai,1,Sulawesi Selatan,registry card from eProc index; detail_url=http://eproc.lkpp.go.id/lpse/read/265/lpse-kabupaten-sinjai,,False,False,False,False,False,0,[]
LPSE Kabupaten Bulukumba,LPSE Kabupaten Bulukumba,Pemerintah Kabupaten,Sulawesi Selatan,LPSE Kabupaten Bulukumba,https://spse.inaproc.id/bulukumbakab,spse.inaproc.id,True,True,True,True,4.5u20240923,https://eproc.lkpp.go.id,2026-07-05T22:16:53+00:00,https://eproc.lkpp.go.id/lpse/index/26/0/2,http://eproc.lkpp.go.id/lpse/read/292/lpse-kabupaten-bulukumba,2,Sulawesi Selatan,registry card from eProc index; detail_url=http://eproc.lkpp.go.id/lpse/read/292/lpse-kabupaten-bulukumba,,False,False,False,False,False,0,[]
LPSE Kabupaten Wajo,LPSE Kabupaten Wajo,Pemerintah Kabupaten,Sulawesi Selatan,LPSE Kabupaten Wajo,https://spse.inaproc.id/wajokab,spse.inaproc.id,True,True,True,True,4.5u20240923,https://eproc.lkpp.go.id,2026-07-05T22:16:53+00:00,https://eproc.lkpp.go.id/lpse/index/26/0/2,http://eproc.lkpp.go.id/lpse/read/335/lpse-kabupaten-wajo,2,Sulawesi Selatan,registry card from eProc index; detail_url=http://eproc.lkpp.go.id/lpse/read/335/lpse-kabupaten-wajo,,False,False,False,False,False,0,[]
LPSE Kota Palopo,LPSE Kota Palopo,Pemerintah Kota,Sulawesi Selatan,LPSE Kota Palopo,https://spse.inaproc.id/palopokota,spse.inaproc.id,True,True,True,True,4.5u20240923,https://eproc.lkpp.go.id,2026-07-05T22:16:53+00:00,https://eproc.lkpp.go.id/lpse/index/26/0/2,http://eproc.lkpp.go.id/lpse/read/347/lpse-kota-palopo,2,Sulawesi Selatan,registry card from eProc index; detail_url=http://eproc.lkpp.go.id/lpse/read/347/lpse-kota-palopo,,False,False,False,False,False,0,[]
LPSE Kabupaten Sidenreng Rappang,LPSE Kabupaten Sidenreng Rappang,Pemerintah Kabupaten,Sulawesi Selatan,LPSE Kabupaten Sidenreng Rappang,http://lpse.sidrapkab.go.id/eproc4,lpse.sidrapkab.go.id,False,True,False,True,4.5u20240923,https://eproc.lkpp.go.id,2026-07-05T22:16:53+00:00,https://eproc.lkpp.go.id/lpse/index/26/0/2,http://eproc.lkpp.go.id/lpse/read/404/lpse-kabupaten-sidenreng-rappang,2,Sulawesi Selatan,registry card from eProc index; detail_url=http://eproc.lkpp.go.id/lpse/read/404/lpse-kabupaten-sidenreng-rappang,,False,False,False,False,True,1,['inactive_or_inaccessible']
LPSE Kabupaten Luwu Timur,LPSE Kabupaten Luwu Timur,Pemerintah Kabupaten,Sulawesi Selatan,LPSE Kabupaten Luwu Timur,https://lpse.luwutimurkab.go.id/eproc4,lpse.luwutimurkab.go.id,True,False,False,True,4.5u20240923,https://eproc.lkpp.go.id,2026-07-05T22:16:53+00:00,https://eproc.lkpp.go.id/lpse/index/26/0/2,http://eproc.lkpp.go.id/lpse/read/422/lpse-kabupaten-luwu-timur,2,Sulawesi Selatan,registry card from eProc index; detail_url=http://eproc.lkpp.go.id/lpse/read/422/lpse-kabupaten-luwu-timur,,False,False,False,False,True,1,['inactive_or_inaccessible']
LPSE Kabupaten Jeneponto,LPSE Kabupaten Jeneponto,Pemerintah Kabupaten,Sulawesi Selatan,LPSE Kabupaten Jeneponto,http://lpse.jenepontokab.go.id/eproc4,lpse.jenepontokab.go.id,False,True,False,True,4.5u20240923,https://eproc.lkpp.go.id,2026-07-05T22:16:53+00:00,https://eproc.lkpp.go.id/lpse/index/26/0/2,http://eproc.lkpp.go.id/lpse/read/466/lpse-kabupaten-jeneponto,2,Sulawesi Selatan,registry card from eProc index; detail_url=http://eproc.lkpp.go.id/lpse/read/466/lpse-kabupaten-jeneponto,,False,False,False,False,True,1,['inactive_or_inaccessible']
LPSE Kabupaten Luwu,LPSE Kabupaten Luwu,Pemerintah Kabupaten,Sulawesi Selatan,LPSE Kabupaten Luwu,http://lpse.luwukab.go.id/eproc4,lpse.luwukab.go.id,False,True,False,True,4.5u20240923,https://eproc.lkpp.go.id,2026-07-05T22:16:53+00:00,https://eproc.lkpp.go.id/lpse/index/26/0/2,http://eproc.lkpp.go.id/lpse/read/502/lpse-kabupaten-luwu,2,Sulawesi Selatan,registry card from eProc index; detail_url=http://eproc.lkpp.go.id/lpse/read/502/lpse-kabupaten-luwu,,False,False,False,False,True,1,['inactive_or_inaccessible']
LPSE Kabupaten Pangkajene dan Kepulauan,LPSE Kabupaten Pangkajene dan Kepulauan,Pemerintah Kabupaten,Sulawesi Selatan,LPSE Kabupaten Pangkajene dan Kepulauan,http://lpse.pangkepkab.go.id/eproc4,lpse.pangkepkab.go.id,False,True,False,True,4.5u20240923,https://eproc.lkpp.go.id,2026-07-05T22:16:53+00:00,https://eproc.lkpp.go.id/lpse/index/26/0/2,http://eproc.lkpp.go.id/lpse/read/509/lpse-kabupaten-pangkajene-dan-kepulauan,2,Sulawesi Selatan,registry card from eProc index; detail_url=http://eproc.lkpp.go.id/lpse/read/509/lpse-kabupaten-pangkajene-dan-kepulauan,,False,False,False,False,True,1,['inactive_or_inaccessible']
LPSE Kabupaten Soppeng,LPSE Kabupaten Soppeng,Pemerintah Kabupaten,Sulawesi Selatan,LPSE Kabupaten Soppeng,http://lpse.soppeng.go.id/eproc4,lpse.soppeng.go.id,False,True,False,True,4.5u20240923,https://eproc.lkpp.go.id,2026-07-05T22:16:53+00:00,https://eproc.lkpp.go.id/lpse/index/26/0/2,http://eproc.lkpp.go.id/lpse/read/521/lpse-kabupaten-soppeng,2,Sulawesi Selatan,registry card from eProc index; detail_url=http://eproc.lkpp.go.id/lpse/read/521/lpse-kabupaten-soppeng,,False,False,False,False,True,1,['inactive_or_inaccessible']
LPSE Kabupaten Bone,LPSE Kabupaten Bone,Pemerintah Kabupaten,Sulawesi Selatan,LPSE Kabupaten Bone,http://lpse.bone.go.id/eproc4,lpse.bone.go.id,False,True,False,True,4.5u20240923,https://eproc.lkpp.go.id,2026-07-05T22:16:53+00:00,https://eproc.lkpp.go.id/lpse/index/26/0/2,http://eproc.lkpp.go.id/lpse/read/566/lpse-kabupaten-bone,2,Sulawesi Selatan,registry card from eProc index; detail_url=http://eproc.lkpp.go.id/lpse/read/566/lpse-kabupaten-bone,,False,False,False,False,True,1,['inactive_or_inaccessible']
LPSE Kabupaten Kepulauan Selayar,LPSE Kabupaten Kepulauan Selayar,Pemerintah Kabupaten,Sulawesi Selatan,LPSE Kabupaten Kepulauan Selayar,http://lpse.kepulauanselayarkab.go.id/eproc4,lpse.kepulauanselayarkab.go.id,False,True,False,True,4.5u20240923,https://eproc.lkpp.go.id,2026-07-05T22:16:53+00:00,https://eproc.lkpp.go.id/lpse/index/26/0/3,http://eproc.lkpp.go.id/lpse/read/570/lpse-kabupaten-kepulauan-selayar,3,Sulawesi Selatan,registry card from eProc index; detail_url=http://eproc.lkpp.go.id/lpse/read/570/lpse-kabupaten-kepulauan-selayar,,False,False,False,False,True,1,['inactive_or_inaccessible']
LPSE Kabupaten Barru,LPSE Kabupaten Barru,Pemerintah Kabupaten,Sulawesi Selatan,LPSE Kabupaten Barru,https://lpse.barrukab.go.id/eproc4,lpse.barrukab.go.id,True,True,False,True,4.5u20240923,https://eproc.lkpp.go.id,2026-07-05T22:16:53+00:00,https://eproc.lkpp.go.id/lpse/index/26/0/3,http://eproc.lkpp.go.id/lpse/read/619/lpse-kabupaten-barru,3,Sulawesi Selatan,registry card from eProc index; detail_url=http://eproc.lkpp.go.id/lpse/read/619/lpse-kabupaten-barru,,False,False,False,False,True,1,['inactive_or_inaccessible']
LPSE Kabupaten Tana Toraja,LPSE Kabupaten Tana Toraja,Pemerintah Kabupaten,Sulawesi Selatan,LPSE Kabupaten Tana Toraja,http://lpse.tanatorajakab.go.id/eproc4,lpse.tanatorajakab.go.id,False,False,False,True,4.5u20240923,https://eproc.lkpp.go.id,2026-07-05T22:16:53+00:00,https://eproc.lkpp.go.id/lpse/index/26/0/3,http://eproc.lkpp.go.id/lpse/read/622/lpse-kabupaten-tana-toraja,3,Sulawesi Selatan,registry card from eProc index; detail_url=http://eproc.lkpp.go.id/lpse/read/622/lpse-kabupaten-tana-toraja,,False,False,False,False,True,1,['inactive_or_inaccessible']
LPSE Kabupaten Bantaeng,LPSE Kabupaten Bantaeng,Pemerintah Kabupaten,Sulawesi Selatan,LPSE Kabupaten Bantaeng,https://lpse.bantaengkab.go.id/eproc4,lpse.bantaengkab.go.id,True,True,False,True,4.5u20240923,https://eproc.lkpp.go.id,2026-07-05T22:16:53+00:00,https://eproc.lkpp.go.id/lpse/index/26/0/3,http://eproc.lkpp.go.id/lpse/read/630/lpse-kabupaten-bantaeng,3,Sulawesi Selatan,registry card from eProc index; detail_url=http://eproc.lkpp.go.id/lpse/read/630/lpse-kabupaten-bantaeng,,False,False,False,False,True,1,['inactive_or_inaccessible']
LPSE Kabupaten Toraja Utara,LPSE Kabupaten Toraja Utara,Pemerintah Kabupaten,Sulawesi Selatan,LPSE Kabupaten Toraja Utara,http://lpse.torajautarakab.go.id/eproc4,lpse.torajautarakab.go.id,False,True,False,True,4.5u20240923,https://eproc.lkpp.go.id,2026-07-05T22:16:53+00:00,https://eproc.lkpp.go.id/lpse/index/26/0/3,http://eproc.lkpp.go.id/lpse/read/640/lpse-kabupaten-toraja-utara,3,Sulawesi Selatan,registry card from eProc index; detail_url=http://eproc.lkpp.go.id/lpse/read/640/lpse-kabupaten-toraja-utara,,False,False,False,False,True,1,['inactive_or_inaccessible']
LPSE Kabupaten Takalar,LPSE Kabupaten Takalar,Pemerintah Kabupaten,Sulawesi Selatan,LPSE Kabupaten Takalar,http://lpse.takalarkab.go.id/eproc4,lpse.takalarkab.go.id,False,True,False,True,4.5u20240923,https://eproc.lkpp.go.id,2026-07-05T22:16:53+00:00,https://eproc.lkpp.go.id/lpse/index/26/0/3,http://eproc.lkpp.go.id/lpse/read/643/lpse-kabupaten-takalar,3,Sulawesi Selatan,registry card from eProc index; detail_url=http://eproc.lkpp.go.id/lpse/read/643/lpse-kabupaten-takalar,,False,False,False,False,True,1,['inactive_or_inaccessible']
LPSE Kabupaten Gowa,LPSE Kabupaten Gowa,Pemerintah Kabupaten,Sulawesi Selatan,LPSE Kabupaten Gowa,http://lpse.gowakab.go.id/eproc4,lpse.gowakab.go.id,False,True,False,True,4.5u20240923,https://eproc.lkpp.go.id,2026-07-05T22:16:53+00:00,https://eproc.lkpp.go.id/lpse/index/26/0/3,http://eproc.lkpp.go.id/lpse/read/644/lpse-kabupaten-gowa,3,Sulawesi Selatan,registry card from eProc index; detail_url=http://eproc.lkpp.go.id/lpse/read/644/lpse-kabupaten-gowa,,False,False,False,False,True,1,['inactive_or_inaccessible']
LPSE Kabupaten Parigi Moutong,LPSE Kabupaten Parigi Moutong,Pemerintah Kabupaten,Sulawesi Tengah,LPSE Kabupaten Parigi Moutong,https://spse.inaproc.id/parigimoutongkab,spse.inaproc.id,True,True,True,True,4.5u20240923,https://eproc.lkpp.go.id,2026-07-05T22:16:54+00:00,https://eproc.lkpp.go.id/lpse/index/25/0/1,http://eproc.lkpp.go.id/lpse/read/149/lpse-kabupaten-parigi-moutong,1,Sulawesi Tengah,registry card from eProc index; detail_url=http://eproc.lkpp.go.id/lpse/read/149/lpse-kabupaten-parigi-moutong,,False,False,False,False,False,0,[]
LPSE Provinsi Sulawesi Tengah,LPSE Provinsi Sulawesi Tengah,Pemerintah Provinsi,Sulawesi Tengah,,https://spse.inaproc.id/sultengprov,spse.inaproc.id,True,True,True,True,4.5u20240923,https://eproc.lkpp.go.id,2026-07-05T22:16:54+00:00,https://eproc.lkpp.go.id/lpse/index/25/0/1,http://eproc.lkpp.go.id/lpse/read/154/lpse-provinsi-sulawesi-tengah,1,Sulawesi Tengah,registry card from eProc index; detail_url=http://eproc.lkpp.go.id/lpse/read/154/lpse-provinsi-sulawesi-tengah,Sulawesi Tengah,False,False,False,False,False,0,[]
LPSE Kabupaten Tojo una-una,LPSE Kabupaten Tojo una-una,Pemerintah Kabupaten,Sulawesi Tengah,LPSE Kabupaten Tojo una-una,https://spse.inaproc.id/tojounauna,spse.inaproc.id,True,True,True,True,4.5u20240923,https://eproc.lkpp.go.id,2026-07-05T22:16:54+00:00,https://eproc.lkpp.go.id/lpse/index/25/0/1,http://eproc.lkpp.go.id/lpse/read/187/lpse-kabupaten-tojo-una-una,1,Sulawesi Tengah,registry card from eProc index; detail_url=http://eproc.lkpp.go.id/lpse/read/187/lpse-kabupaten-tojo-una-una,,False,False,False,False,False,0,[]
LPSE Universitas Tadulako,LPSE Universitas Tadulako,Perguruan Tinggi,Sulawesi Tengah,,https://lpse.untad.ac.id/eproc4,lpse.untad.ac.id,True,False,False,True,4.5u20240212,https://eproc.lkpp.go.id,2026-07-05T22:16:54+00:00,https://eproc.lkpp.go.id/lpse/index/25/0/1,http://eproc.lkpp.go.id/lpse/read/213/lpse-universitas-tadulako,1,Sulawesi Tengah,registry card from eProc index; detail_url=http://eproc.lkpp.go.id/lpse/read/213/lpse-universitas-tadulako,,False,False,False,False,True,1,['inactive_or_inaccessible']
LPSE Kota Palu,LPSE Kota Palu,Pemerintah Kota,Sulawesi Tengah,LPSE Kota Palu,https://spse.inaproc.id/palukota,spse.inaproc.id,True,True,True,True,4.5u20240923,https://eproc.lkpp.go.id,2026-07-05T22:16:54+00:00,https://eproc.lkpp.go.id/lpse/index/25/0/1,http://eproc.lkpp.go.id/lpse/read/214/lpse-kota-palu,1,Sulawesi Tengah,registry card from eProc index; detail_url=http://eproc.lkpp.go.id/lpse/read/214/lpse-kota-palu,,False,False,False,False,False,0,[]
LPSE Kabupaten Donggala,LPSE Kabupaten Donggala,Pemerintah Kabupaten,Sulawesi Tengah,LPSE Kabupaten Donggala,https://spse.inaproc.id/donggala,spse.inaproc.id,True,True,True,True,4.5u20240923,https://eproc.lkpp.go.id,2026-07-05T22:16:54+00:00,https://eproc.lkpp.go.id/lpse/index/25/0/1,http://eproc.lkpp.go.id/lpse/read/242/lpse-kabupaten-donggala,1,Sulawesi Tengah,registry card from eProc index; detail_url=http://eproc.lkpp.go.id/lpse/read/242/lpse-kabupaten-donggala,,False,False,False,False,False,0,[]
LPSE Kabupaten Morowali,LPSE Kabupaten Morowali,Pemerintah Kabupaten,Sulawesi Tengah,LPSE Kabupaten Morowali,https://spse.inaproc.id/morowalikab,spse.inaproc.id,True,True,True,True,4.5u20240923,https://eproc.lkpp.go.id,2026-07-05T22:16:54+00:00,https://eproc.lkpp.go.id/lpse/index/25/0/1,http://eproc.lkpp.go.id/lpse/read/295/lpse-kabupaten-morowali,1,Sulawesi Tengah,registry card from eProc index; detail_url=http://eproc.lkpp.go.id/lpse/read/295/lpse-kabupaten-morowali,,False,False,False,False,False,0,[]
LPSE Kabupaten Sigi,LPSE Kabupaten Sigi,Pemerintah Kabupaten,Sulawesi Tengah,LPSE Kabupaten Sigi,http://lpse.sigikab.go.id/eproc4,lpse.sigikab.go.id,False,True,False,True,4.5u20240923,https://eproc.lkpp.go.id,2026-07-05T22:16:54+00:00,https://eproc.lkpp.go.id/lpse/index/25/0/1,http://eproc.lkpp.go.id/lpse/read/437/lpse-kabupaten-sigi,1,Sulawesi Tengah,registry card from eProc index; detail_url=http://eproc.lkpp.go.id/lpse/read/437/lpse-kabupaten-sigi,,False,False,False,False,True,1,['inactive_or_inaccessible']
LPSE Kabupaten Banggai,LPSE Kabupaten Banggai,Pemerintah Kabupaten,Sulawesi Tengah,LPSE Kabupaten Banggai,https://lpse.banggaikab.go.id/eproc4,lpse.banggaikab.go.id,True,False,False,True,4.5u20240923,https://eproc.lkpp.go.id,2026-07-05T22:16:54+00:00,https://eproc.lkpp.go.id/lpse/index/25/0/1,http://eproc.lkpp.go.id/lpse/read/456/lpse-kabupaten-banggai,1,Sulawesi Tengah,registry card from eProc index; detail_url=http://eproc.lkpp.go.id/lpse/read/456/lpse-kabupaten-banggai,,False,False,False,False,True,1,['inactive_or_inaccessible']
LPSE Kabupaten Tolitoli,LPSE Kabupaten Tolitoli,Pemerintah Kabupaten,Sulawesi Tengah,LPSE Kabupaten Tolitoli,https://lpse.tolitolikab.go.id/eproc4,lpse.tolitolikab.go.id,True,False,False,True,4.5u20240923,https://eproc.lkpp.go.id,2026-07-05T22:16:54+00:00,https://eproc.lkpp.go.id/lpse/index/25/0/1,http://eproc.lkpp.go.id/lpse/read/511/lpse-kabupaten-tolitoli,1,Sulawesi Tengah,registry card from eProc index; detail_url=http://eproc.lkpp.go.id/lpse/read/511/lpse-kabupaten-tolitoli,,False,False,False,False,True,1,['inactive_or_inaccessible']
LPSE Kabupaten Poso,LPSE Kabupaten Poso,Pemerintah Kabupaten,Sulawesi Tengah,LPSE Kabupaten Poso,https://lpse.posokab.go.id/eproc4,lpse.posokab.go.id,True,False,False,True,4.5u20240923,https://eproc.lkpp.go.id,2026-07-05T22:16:55+00:00,https://eproc.lkpp.go.id/lpse/index/25/0/2,http://eproc.lkpp.go.id/lpse/read/586/lpse-kabupaten-poso,2,Sulawesi Tengah,registry card from eProc index; detail_url=http://eproc.lkpp.go.id/lpse/read/586/lpse-kabupaten-poso,,False,False,False,False,True,1,['inactive_or_inaccessible']
LPSE Kabupaten Banggai Kepulauan,LPSE Kabupaten Banggai Kepulauan,Pemerintah Kabupaten,Sulawesi Tengah,LPSE Kabupaten Banggai Kepulauan,https://lpse.banggaikep.go.id/eproc4,lpse.banggaikep.go.id,True,False,False,True,4.5u20240923,https://eproc.lkpp.go.id,2026-07-05T22:16:55+00:00,https://eproc.lkpp.go.id/lpse/index/25/0/2,http://eproc.lkpp.go.id/lpse/read/626/lpse-kabupaten-banggai-kepulauan,2,Sulawesi Tengah,registry card from eProc index; detail_url=http://eproc.lkpp.go.id/lpse/read/626/lpse-kabupaten-banggai-kepulauan,,False,False,False,False,True,1,['inactive_or_inaccessible']
LPSE Kabupaten Buol,LPSE Kabupaten Buol,Pemerintah Kabupaten,Sulawesi Tengah,LPSE Kabupaten Buol,http://lpsebuolkab.org/eproc4,lpsebuolkab.org,False,True,True,True,4.5u20240923,https://eproc.lkpp.go.id,2026-07-05T22:16:55+00:00,https://eproc.lkpp.go.id/lpse/index/25/0/2,http://eproc.lkpp.go.id/lpse/read/677/lpse-kabupaten-buol,2,Sulawesi Tengah,registry card from eProc index; detail_url=http://eproc.lkpp.go.id/lpse/read/677/lpse-kabupaten-buol,,False,False,False,False,False,0,[]
LPSE Kabupaten Morowali Utara,LPSE Kabupaten Morowali Utara,Pemerintah Kabupaten,Sulawesi Tengah,LPSE Kabupaten Morowali Utara,https://lpse.morowaliutarakab.go.id/eproc4,lpse.morowaliutarakab.go.id,True,False,False,True,4.5u20240923,https://eproc.lkpp.go.id,2026-07-05T22:16:55+00:00,https://eproc.lkpp.go.id/lpse/index/25/0/2,http://eproc.lkpp.go.id/lpse/read/678/lpse-kabupaten-morowali-utara,2,Sulawesi Tengah,registry card from eProc index; detail_url=http://eproc.lkpp.go.id/lpse/read/678/lpse-kabupaten-morowali-utara,,False,False,False,False,True,1,['inactive_or_inaccessible']
LPSE Kabupaten Banggai Laut,LPSE Kabupaten Banggai Laut,Pemerintah Kabupaten,Sulawesi Tengah,LPSE Kabupaten Banggai Laut,https://lpse.banggailautkab.go.id/eproc4,lpse.banggailautkab.go.id,True,True,False,True,4.5u20240923,https://eproc.lkpp.go.id,2026-07-05T22:16:55+00:00,https://eproc.lkpp.go.id/lpse/index/25/0/2,http://eproc.lkpp.go.id/lpse/read/738/lpse-kabupaten-banggai-laut,2,Sulawesi Tengah,registry card from eProc index; detail_url=http://eproc.lkpp.go.id/lpse/read/738/lpse-kabupaten-banggai-laut,,False,False,False,False,True,1,['inactive_or_inaccessible']
LPSE Provinsi Sulawesi Tenggara,LPSE Provinsi Sulawesi Tenggara,Pemerintah Provinsi,Sulawesi Tenggara,,https://spse.inaproc.id/sultraprov,spse.inaproc.id,True,True,True,True,4.5u20240923,https://eproc.lkpp.go.id,2026-07-05T22:16:56+00:00,https://eproc.lkpp.go.id/lpse/index/27/0/1,http://eproc.lkpp.go.id/lpse/read/81/lpse-provinsi-sulawesi-tenggara,1,Sulawesi Tenggara,registry card from eProc index; detail_url=http://eproc.lkpp.go.id/lpse/read/81/lpse-provinsi-sulawesi-tenggara,Sulawesi Tenggara,False,False,False,False,False,0,[]
LPSE Kota Baubau,LPSE Kota Baubau,Pemerintah Kota,Sulawesi Tenggara,LPSE Kota Baubau,http://lpse.baubaukota.go.id/eproc4,lpse.baubaukota.go.id,False,False,False,True,4.5u20240923,https://eproc.lkpp.go.id,2026-07-05T22:16:56+00:00,https://eproc.lkpp.go.id/lpse/index/27/0/1,http://eproc.lkpp.go.id/lpse/read/405/lpse-kota-baubau,1,Sulawesi Tenggara,registry card from eProc index; detail_url=http://eproc.lkpp.go.id/lpse/read/405/lpse-kota-baubau,,False,False,False,False,True,1,['inactive_or_inaccessible']
LPSE Kabupaten Konawe Selatan,LPSE Kabupaten Konawe Selatan,Pemerintah Kabupaten,Sulawesi Tenggara,LPSE Kabupaten Konawe Selatan,http://lpse.konaweselatankab.go.id/eproc4,lpse.konaweselatankab.go.id,False,True,False,True,4.5u20240923,https://eproc.lkpp.go.id,2026-07-05T22:16:56+00:00,https://eproc.lkpp.go.id/lpse/index/27/0/1,http://eproc.lkpp.go.id/lpse/read/430/lpse-kabupaten-konawe-selatan,1,Sulawesi Tenggara,registry card from eProc index; detail_url=http://eproc.lkpp.go.id/lpse/read/430/lpse-kabupaten-konawe-selatan,,False,False,False,False,True,1,['inactive_or_inaccessible']
LPSE Kabupaten Muna,LPSE Kabupaten Muna,Pemerintah Kabupaten,Sulawesi Tenggara,LPSE Kabupaten Muna,http://lpse.munakab.go.id/eproc4,lpse.munakab.go.id,False,True,False,True,4.5u20240923,https://eproc.lkpp.go.id,2026-07-05T22:16:56+00:00,https://eproc.lkpp.go.id/lpse/index/27/0/1,http://eproc.lkpp.go.id/lpse/read/441/lpse-kabupaten-muna,1,Sulawesi Tenggara,registry card from eProc index; detail_url=http://eproc.lkpp.go.id/lpse/read/441/lpse-kabupaten-muna,,False,False,False,False,True,1,['inactive_or_inaccessible']
LPSE Kabupaten Wakatobi,LPSE Kabupaten Wakatobi,Pemerintah Kabupaten,Sulawesi Tenggara,LPSE Kabupaten Wakatobi,https://lpse.wakatobikab.go.id/eproc4,lpse.wakatobikab.go.id,True,False,False,True,4.5u20240923,https://eproc.lkpp.go.id,2026-07-05T22:16:56+00:00,https://eproc.lkpp.go.id/lpse/index/27/0/1,http://eproc.lkpp.go.id/lpse/read/448/lpse-kabupaten-wakatobi,1,Sulawesi Tenggara,registry card from eProc index; detail_url=http://eproc.lkpp.go.id/lpse/read/448/lpse-kabupaten-wakatobi,,False,False,False,False,True,1,['inactive_or_inaccessible']
LPSE Kabupaten Buton,LPSE Kabupaten Buton,Pemerintah Kabupaten,Sulawesi Tenggara,LPSE Kabupaten Buton,https://lpse.butonkab.go.id/eproc4,lpse.butonkab.go.id,True,False,False,True,4.5u20240923,https://eproc.lkpp.go.id,2026-07-05T22:16:56+00:00,https://eproc.lkpp.go.id/lpse/index/27/0/1,http://eproc.lkpp.go.id/lpse/read/451/lpse-kabupaten-buton,1,Sulawesi Tenggara,registry card from eProc index; detail_url=http://eproc.lkpp.go.id/lpse/read/451/lpse-kabupaten-buton,,False,False,False,False,True,1,['inactive_or_inaccessible']
LPSE Kabupaten Kolaka,LPSE Kabupaten Kolaka,Pemerintah Kabupaten,Sulawesi Tenggara,LPSE Kabupaten Kolaka,https://lpse.kolakakab.go.id/eproc4,lpse.kolakakab.go.id,True,False,False,True,4.5u20240923,https://eproc.lkpp.go.id,2026-07-05T22:16:56+00:00,https://eproc.lkpp.go.id/lpse/index/27/0/1,http://eproc.lkpp.go.id/lpse/read/474/lpse-kabupaten-kolaka,1,Sulawesi Tenggara,registry card from eProc index; detail_url=http://eproc.lkpp.go.id/lpse/read/474/lpse-kabupaten-kolaka,,False,False,False,False,True,1,['inactive_or_inaccessible']
LPSE Kabupaten Bombana,LPSE Kabupaten Bombana,Pemerintah Kabupaten,Sulawesi Tenggara,LPSE Kabupaten Bombana,http://lpse.bombanakab.go.id/eproc4,lpse.bombanakab.go.id,False,True,False,True,4.5u20240923,https://eproc.lkpp.go.id,2026-07-05T22:16:56+00:00,https://eproc.lkpp.go.id/lpse/index/27/0/1,http://eproc.lkpp.go.id/lpse/read/492/lpse-kabupaten-bombana,1,Sulawesi Tenggara,registry card from eProc index; detail_url=http://eproc.lkpp.go.id/lpse/read/492/lpse-kabupaten-bombana,,False,False,False,False,True,1,['inactive_or_inaccessible']
LPSE Kabupaten Konawe,LPSE Kabupaten Konawe,Pemerintah Kabupaten,Sulawesi Tenggara,LPSE Kabupaten Konawe,https://lpse.konawekab.go.id/eproc4,lpse.konawekab.go.id,True,False,False,True,4.5u20240923,https://eproc.lkpp.go.id,2026-07-05T22:16:56+00:00,https://eproc.lkpp.go.id/lpse/index/27/0/1,http://eproc.lkpp.go.id/lpse/read/525/lpse-kabupaten-konawe,1,Sulawesi Tenggara,registry card from eProc index; detail_url=http://eproc.lkpp.go.id/lpse/read/525/lpse-kabupaten-konawe,,False,False,False,False,True,1,['inactive_or_inaccessible']
LPSE Kota Kendari,LPSE Kota Kendari,Pemerintah Kota,Sulawesi Tenggara,LPSE Kota Kendari,https://lpse.kendarikota.net/eproc4,lpse.kendarikota.net,True,False,False,True,4.5u20240923,https://eproc.lkpp.go.id,2026-07-05T22:16:56+00:00,https://eproc.lkpp.go.id/lpse/index/27/0/1,http://eproc.lkpp.go.id/lpse/read/571/lpse-kota-kendari,1,Sulawesi Tenggara,registry card from eProc index; detail_url=http://eproc.lkpp.go.id/lpse/read/571/lpse-kota-kendari,,False,False,False,False,True,1,['inactive_or_inaccessible']
LPSE Kabupaten Konawe Utara,LPSE Kabupaten Konawe Utara,Pemerintah Kabupaten,Sulawesi Tenggara,LPSE Kabupaten Konawe Utara,http://lpse.konaweutarakab.go.id/eproc4,lpse.konaweutarakab.go.id,False,True,False,True,4.5u20240923,https://eproc.lkpp.go.id,2026-07-05T22:16:57+00:00,https://eproc.lkpp.go.id/lpse/index/27/0/2,http://eproc.lkpp.go.id/lpse/read/587/lpse-kabupaten-konawe-utara,2,Sulawesi Tenggara,registry card from eProc index; detail_url=http://eproc.lkpp.go.id/lpse/read/587/lpse-kabupaten-konawe-utara,,False,False,False,False,True,1,['inactive_or_inaccessible']
LPSE Kabupaten Kolaka Utara,LPSE Kabupaten Kolaka Utara,Pemerintah Kabupaten,Sulawesi Tenggara,LPSE Kabupaten Kolaka Utara,https://spse.inaproc.id/kolutkab,spse.inaproc.id,True,True,True,True,4.5u20240923,https://eproc.lkpp.go.id,2026-07-05T22:16:57+00:00,https://eproc.lkpp.go.id/lpse/index/27/0/2,http://eproc.lkpp.go.id/lpse/read/620/lpse-kabupaten-kolaka-utara,2,Sulawesi Tenggara,registry card from eProc index; detail_url=http://eproc.lkpp.go.id/lpse/read/620/lpse-kabupaten-kolaka-utara,,False,False,False,False,False,0,[]
LPSE Kabupaten Buton Utara,LPSE Kabupaten Buton Utara,Pemerintah Kabupaten,Sulawesi Tenggara,LPSE Kabupaten Buton Utara,http://lpse.butonutarakab.go.id/eproc4,lpse.butonutarakab.go.id,False,True,False,True,4.5u20240212,https://eproc.lkpp.go.id,2026-07-05T22:16:57+00:00,https://eproc.lkpp.go.id/lpse/index/27/0/2,http://eproc.lkpp.go.id/lpse/read/623/lpse-kabupaten-buton-utara,2,Sulawesi Tenggara,registry card from eProc index; detail_url=http://eproc.lkpp.go.id/lpse/read/623/lpse-kabupaten-buton-utara,,False,False,False,False,True,1,['inactive_or_inaccessible']
LPSE Kabupaten Konawe Kepulauan,LPSE Kabupaten Konawe Kepulauan,Pemerintah Kabupaten,Sulawesi Tenggara,LPSE Kabupaten Konawe Kepulauan,https://lpse.konkepkab.go.id/eproc4,lpse.konkepkab.go.id,True,True,False,True,4.5u20240722,https://eproc.lkpp.go.id,2026-07-05T22:16:57+00:00,https://eproc.lkpp.go.id/lpse/index/27/0/2,http://eproc.lkpp.go.id/lpse/read/658/lpse-kabupaten-konawe-kepulauan,2,Sulawesi Tenggara,registry card from eProc index; detail_url=http://eproc.lkpp.go.id/lpse/read/658/lpse-kabupaten-konawe-kepulauan,,False,False,False,False,True,1,['inactive_or_inaccessible']
LPSE Kabupaten Muna Barat,LPSE Kabupaten Muna Barat,Pemerintah Kabupaten,Sulawesi Tenggara,LPSE Kabupaten Muna Barat,https://lpse.munabaratkab.go.id/eproc4,lpse.munabaratkab.go.id,True,False,False,True,4.5u20231016,https://eproc.lkpp.go.id,2026-07-05T22:16:57+00:00,https://eproc.lkpp.go.id/lpse/index/27/0/2,http://eproc.lkpp.go.id/lpse/read/689/lpse-kabupaten-muna-barat,2,Sulawesi Tenggara,registry card from eProc index; detail_url=http://eproc.lkpp.go.id/lpse/read/689/lpse-kabupaten-muna-barat,,False,False,False,False,True,1,['inactive_or_inaccessible']
LPSE Kabupaten Buton Selatan,LPSE Kabupaten Buton Selatan,Pemerintah Kabupaten,Sulawesi Tenggara,LPSE Kabupaten Buton Selatan,https://lpse.butonselatankab.go.id/eproc4,lpse.butonselatankab.go.id,True,True,False,True,4.5u20240923,https://eproc.lkpp.go.id,2026-07-05T22:16:57+00:00,https://eproc.lkpp.go.id/lpse/index/27/0/2,http://eproc.lkpp.go.id/lpse/read/719/lpse-kabupaten-buton-selatan,2,Sulawesi Tenggara,registry card from eProc index; detail_url=http://eproc.lkpp.go.id/lpse/read/719/lpse-kabupaten-buton-selatan,,False,False,False,False,True,1,['inactive_or_inaccessible']
LPSE Kabupaten Buton Tengah,LPSE Kabupaten Buton Tengah,Pemerintah Kabupaten,Sulawesi Tenggara,LPSE Kabupaten Buton Tengah,https://www.lpse.butontengahkab.go.id/eproc4,www.lpse.butontengahkab.go.id,True,False,False,True,4.5u20240923,https://eproc.lkpp.go.id,2026-07-05T22:16:57+00:00,https://eproc.lkpp.go.id/lpse/index/27/0/2,http://eproc.lkpp.go.id/lpse/read/728/lpse-kabupaten-buton-tengah,2,Sulawesi Tenggara,registry card from eProc index; detail_url=http://eproc.lkpp.go.id/lpse/read/728/lpse-kabupaten-buton-tengah,,False,False,False,False,True,1,['inactive_or_inaccessible']
LPSE Kabupaten Kolaka Timur,LPSE Kabupaten Kolaka Timur,Pemerintah Kabupaten,Sulawesi Tenggara,LPSE Kabupaten Kolaka Timur,https://lpse.kolakatimurkab.go.id/eproc4,lpse.kolakatimurkab.go.id,True,False,False,True,4.5u20240923,https://eproc.lkpp.go.id,2026-07-05T22:16:57+00:00,https://eproc.lkpp.go.id/lpse/index/27/0/2,http://eproc.lkpp.go.id/lpse/read/733/lpse-kabupaten-kolaka-timur,2,Sulawesi Tenggara,registry card from eProc index; detail_url=http://eproc.lkpp.go.id/lpse/read/733/lpse-kabupaten-kolaka-timur,,False,False,False,False,True,1,['inactive_or_inaccessible']
LPSE Provinsi Sulawesi Utara,LPSE Provinsi Sulawesi Utara,Pemerintah Provinsi,Sulawesi Utara,,https://spse.inaproc.id/sulutprov,spse.inaproc.id,True,True,True,True,4.5u20240923,https://eproc.lkpp.go.id,2026-07-05T22:16:58+00:00,https://eproc.lkpp.go.id/lpse/index/24/0/1,http://eproc.lkpp.go.id/lpse/read/173/lpse-provinsi-sulawesi-utara,1,Sulawesi Utara,registry card from eProc index; detail_url=http://eproc.lkpp.go.id/lpse/read/173/lpse-provinsi-sulawesi-utara,Sulawesi Utara,False,False,False,False,False,0,[]
LPSE Kota Kotamobagu,LPSE Kota Kotamobagu,Pemerintah Kota,Sulawesi Utara,LPSE Kota Kotamobagu,https://spse.inaproc.id/kotamobagu,spse.inaproc.id,True,True,True,True,4.5u20240923,https://eproc.lkpp.go.id,2026-07-05T22:16:58+00:00,https://eproc.lkpp.go.id/lpse/index/24/0/1,http://eproc.lkpp.go.id/lpse/read/180/lpse-kota-kotamobagu,1,Sulawesi Utara,registry card from eProc index; detail_url=http://eproc.lkpp.go.id/lpse/read/180/lpse-kota-kotamobagu,,False,False,False,False,False,0,[]
LPSE Kabupaten Minahasa Utara,LPSE Kabupaten Minahasa Utara,Pemerintah Kabupaten,Sulawesi Utara,LPSE Kabupaten Minahasa Utara,https://spse.inaproc.id/minut,spse.inaproc.id,True,False,True,True,4.5u20240923,https://eproc.lkpp.go.id,2026-07-05T22:16:58+00:00,https://eproc.lkpp.go.id/lpse/index/24/0/1,http://eproc.lkpp.go.id/lpse/read/219/lpse-kabupaten-minahasa-utara,1,Sulawesi Utara,registry card from eProc index; detail_url=http://eproc.lkpp.go.id/lpse/read/219/lpse-kabupaten-minahasa-utara,,False,False,False,False,True,1,['inactive_or_inaccessible']
LPSE Kabupaten Minahasa Tenggara,LPSE Kabupaten Minahasa Tenggara,Pemerintah Kabupaten,Sulawesi Utara,LPSE Kabupaten Minahasa Tenggara,https://spse.inaproc.id/mitrakab,spse.inaproc.id,True,True,True,True,4.5u20240614,https://eproc.lkpp.go.id,2026-07-05T22:16:58+00:00,https://eproc.lkpp.go.id/lpse/index/24/0/1,http://eproc.lkpp.go.id/lpse/read/284/lpse-kabupaten-minahasa-tenggara,1,Sulawesi Utara,registry card from eProc index; detail_url=http://eproc.lkpp.go.id/lpse/read/284/lpse-kabupaten-minahasa-tenggara,,False,False,False,False,False,0,[]
LPSE Kabupaten Siau Tagulandang Biaro,LPSE Kabupaten Siau Tagulandang Biaro,Pemerintah Kabupaten,Sulawesi Utara,LPSE Kabupaten Siau Tagulandang Biaro,https://spse.inaproc.id/sitarokab,spse.inaproc.id,True,True,True,True,4.5u20240923,https://eproc.lkpp.go.id,2026-07-05T22:16:58+00:00,https://eproc.lkpp.go.id/lpse/index/24/0/1,http://eproc.lkpp.go.id/lpse/read/294/lpse-kabupaten-siau-tagulandang-biaro,1,Sulawesi Utara,registry card from eProc index; detail_url=http://eproc.lkpp.go.id/lpse/read/294/lpse-kabupaten-siau-tagulandang-biaro,,False,False,False,False,False,0,[]
LPSE Kota Bitung,LPSE Kota Bitung,Pemerintah Kota,Sulawesi Utara,LPSE Kota Bitung,https://spse.inaproc.id/bitungkota,spse.inaproc.id,True,True,True,True,4.5u20240923,https://eproc.lkpp.go.id,2026-07-05T22:16:58+00:00,https://eproc.lkpp.go.id/lpse/index/24/0/1,http://eproc.lkpp.go.id/lpse/read/329/lpse-kota-bitung,1,Sulawesi Utara,registry card from eProc index; detail_url=http://eproc.lkpp.go.id/lpse/read/329/lpse-kota-bitung,,False,False,False,False,False,0,[]
LPSE Kabupaten Bolaang Mongondow Utara,LPSE Kabupaten Bolaang Mongondow Utara,Pemerintah Kabupaten,Sulawesi Utara,LPSE Kabupaten Bolaang Mongondow Utara,https://spse.inaproc.id/bolmutkab,spse.inaproc.id,True,True,True,True,4.5u20240923,https://eproc.lkpp.go.id,2026-07-05T22:16:58+00:00,https://eproc.lkpp.go.id/lpse/index/24/0/1,http://eproc.lkpp.go.id/lpse/read/344/lpse-kabupaten-bolaang-mongondow-utara,1,Sulawesi Utara,registry card from eProc index; detail_url=http://eproc.lkpp.go.id/lpse/read/344/lpse-kabupaten-bolaang-mongondow-utara,,False,False,False,False,False,0,[]
LPSE Kota Manado,LPSE Kota Manado,Pemerintah Kota,Sulawesi Utara,LPSE Kota Manado,https://spse.inaproc.id/manadokota,spse.inaproc.id,True,True,True,True,4.5u20240923,https://eproc.lkpp.go.id,2026-07-05T22:16:58+00:00,https://eproc.lkpp.go.id/lpse/index/24/0/1,http://eproc.lkpp.go.id/lpse/read/349/lpse-kota-manado,1,Sulawesi Utara,registry card from eProc index; detail_url=http://eproc.lkpp.go.id/lpse/read/349/lpse-kota-manado,,False,False,False,False,False,0,[]
LPSE Kabupaten Minahasa,LPSE Kabupaten Minahasa,Pemerintah Kabupaten,Sulawesi Utara,LPSE Kabupaten Minahasa,http://lpse.minahasa.go.id/eproc4,lpse.minahasa.go.id,False,True,False,True,4.5u20240923,https://eproc.lkpp.go.id,2026-07-05T22:16:58+00:00,https://eproc.lkpp.go.id/lpse/index/24/0/1,http://eproc.lkpp.go.id/lpse/read/406/lpse-kabupaten-minahasa,1,Sulawesi Utara,registry card from eProc index; detail_url=http://eproc.lkpp.go.id/lpse/read/406/lpse-kabupaten-minahasa,,False,False,False,False,True,1,['inactive_or_inaccessible']
LPSE Kabupaten Minahasa Selatan,LPSE Kabupaten Minahasa Selatan,Pemerintah Kabupaten,Sulawesi Utara,LPSE Kabupaten Minahasa Selatan,https://lpse.minselkab.go.id/eproc4,lpse.minselkab.go.id,True,False,False,True,4.5u20240923,https://eproc.lkpp.go.id,2026-07-05T22:16:58+00:00,https://eproc.lkpp.go.id/lpse/index/24/0/1,http://eproc.lkpp.go.id/lpse/read/436/lpse-kabupaten-minahasa-selatan,1,Sulawesi Utara,registry card from eProc index; detail_url=http://eproc.lkpp.go.id/lpse/read/436/lpse-kabupaten-minahasa-selatan,,False,False,False,False,True,1,['inactive_or_inaccessible']
LPSE Kabupaten Bolaang Mongondow,LPSE Kabupaten Bolaang Mongondow,Pemerintah Kabupaten,Sulawesi Utara,LPSE Kabupaten Bolaang Mongondow,http://lpse.bolmongkab.go.id/eproc4,lpse.bolmongkab.go.id,False,True,False,True,4.5u20240923,https://eproc.lkpp.go.id,2026-07-05T22:16:58+00:00,https://eproc.lkpp.go.id/lpse/index/24/0/2,http://eproc.lkpp.go.id/lpse/read/475/lpse-kabupaten-bolaang-mongondow,2,Sulawesi Utara,registry card from eProc index; detail_url=http://eproc.lkpp.go.id/lpse/read/475/lpse-kabupaten-bolaang-mongondow,,False,False,False,False,True,1,['inactive_or_inaccessible']
LPSE Kabupaten Kepulauan Sangihe,LPSE Kabupaten Kepulauan Sangihe,Pemerintah Kabupaten,Sulawesi Utara,LPSE Kabupaten Kepulauan Sangihe,http://lpse.sangihekab.go.id/eproc4,lpse.sangihekab.go.id,False,True,False,True,4.5u20240923,https://eproc.lkpp.go.id,2026-07-05T22:16:58+00:00,https://eproc.lkpp.go.id/lpse/index/24/0/2,http://eproc.lkpp.go.id/lpse/read/506/lpse-kabupaten-kepulauan-sangihe,2,Sulawesi Utara,registry card from eProc index; detail_url=http://eproc.lkpp.go.id/lpse/read/506/lpse-kabupaten-kepulauan-sangihe,,False,False,False,False,True,1,['inactive_or_inaccessible']
LPSE Kabupaten Bolaang Mongondow Selatan,LPSE Kabupaten Bolaang Mongondow Selatan,Pemerintah Kabupaten,Sulawesi Utara,LPSE Kabupaten Bolaang Mongondow Selatan,http://lpse.bolselkab.go.id/eproc4,lpse.bolselkab.go.id,False,True,False,True,4.5u20240923,https://eproc.lkpp.go.id,2026-07-05T22:16:58+00:00,https://eproc.lkpp.go.id/lpse/index/24/0/2,http://eproc.lkpp.go.id/lpse/read/552/lpse-kabupaten-bolaang-mongondow-selatan,2,Sulawesi Utara,registry card from eProc index; detail_url=http://eproc.lkpp.go.id/lpse/read/552/lpse-kabupaten-bolaang-mongondow-selatan,,False,False,False,False,True,1,['inactive_or_inaccessible']
LPSE Kota Tomohon,LPSE Kota Tomohon,Pemerintah Kota,Sulawesi Utara,LPSE Kota Tomohon,http://lpse.tomohon.go.id/eproc4,lpse.tomohon.go.id,False,True,False,True,4.5u20240308,https://eproc.lkpp.go.id,2026-07-05T22:16:58+00:00,https://eproc.lkpp.go.id/lpse/index/24/0/2,http://eproc.lkpp.go.id/lpse/read/554/lpse-kota-tomohon,2,Sulawesi Utara,registry card from eProc index; detail_url=http://eproc.lkpp.go.id/lpse/read/554/lpse-kota-tomohon,,False,False,False,False,True,1,['inactive_or_inaccessible']
LPSE Kabupaten Bolaang Mongondow Timur,LPSE Kabupaten Bolaang Mongondow Timur,Pemerintah Kabupaten,Sulawesi Utara,LPSE Kabupaten Bolaang Mongondow Timur,http://lpse.boltimkab.go.id/eproc4,lpse.boltimkab.go.id,False,True,False,True,4.5u20240923,https://eproc.lkpp.go.id,2026-07-05T22:16:58+00:00,https://eproc.lkpp.go.id/lpse/index/24/0/2,http://eproc.lkpp.go.id/lpse/read/650/lpse-kabupaten-bolaang-mongondow-timur,2,Sulawesi Utara,registry card from eProc index; detail_url=http://eproc.lkpp.go.id/lpse/read/650/lpse-kabupaten-bolaang-mongondow-timur,,False,False,False,False,True,1,['inactive_or_inaccessible']
LPSE Kabupaten Kepulauan Talaud,LPSE Kabupaten Kepulauan Talaud,Pemerintah Kabupaten,Sulawesi Utara,LPSE Kabupaten Kepulauan Talaud,http://lpse.talaudkab.go.id/eproc4,lpse.talaudkab.go.id,False,True,False,True,4.5u20240226,https://eproc.lkpp.go.id,2026-07-05T22:16:58+00:00,https://eproc.lkpp.go.id/lpse/index/24/0/2,http://eproc.lkpp.go.id/lpse/read/665/lpse-kabupaten-kepulauan-talaud,2,Sulawesi Utara,registry card from eProc index; detail_url=http://eproc.lkpp.go.id/lpse/read/665/lpse-kabupaten-kepulauan-talaud,,False,False,False,False,True,1,['inactive_or_inaccessible']
LPSE Universitas Sam Ratulangi,LPSE Universitas Sam Ratulangi,Perguruan Tinggi,Sulawesi Utara,,https://lpse.unsrat.ac.id/eproc4,lpse.unsrat.ac.id,True,True,False,True,4.5u20221206,https://eproc.lkpp.go.id,2026-07-05T22:16:58+00:00,https://eproc.lkpp.go.id/lpse/index/24/0/2,http://eproc.lkpp.go.id/lpse/read/584/lpse-universitas-sam-ratulangi,2,Sulawesi Utara,registry card from eProc index; detail_url=http://eproc.lkpp.go.id/lpse/read/584/lpse-universitas-sam-ratulangi,,False,False,False,False,True,1,['inactive_or_inaccessible']
LPSE Provinsi Sumatera Barat,LPSE Provinsi Sumatera Barat,Pemerintah Provinsi,Sumatera Barat,,https://spse.inaproc.id/sumbarprov,spse.inaproc.id,True,True,True,True,4.5u20240923,https://eproc.lkpp.go.id,2026-07-05T22:16:59+00:00,https://eproc.lkpp.go.id/lpse/index/3/0/1,http://eproc.lkpp.go.id/lpse/read/16/lpse-provinsi-sumatera-barat,1,Sumatera Barat,registry card from eProc index; detail_url=http://eproc.lkpp.go.id/lpse/read/16/lpse-provinsi-sumatera-barat,Sumatera Barat,False,False,False,False,False,0,[]
LPSE Kota Payakumbuh,LPSE Kota Payakumbuh,Pemerintah Kota,Sumatera Barat,LPSE Kota Payakumbuh,https://spse.inaproc.id/payakumbuhkota,spse.inaproc.id,True,True,True,True,4.5u20240923,https://eproc.lkpp.go.id,2026-07-05T22:16:59+00:00,https://eproc.lkpp.go.id/lpse/index/3/0/1,http://eproc.lkpp.go.id/lpse/read/50/lpse-kota-payakumbuh,1,Sumatera Barat,registry card from eProc index; detail_url=http://eproc.lkpp.go.id/lpse/read/50/lpse-kota-payakumbuh,,False,False,False,False,False,0,[]
LPSE Kabupaten Tanah Datar,LPSE Kabupaten Tanah Datar,Pemerintah Kabupaten,Sumatera Barat,LPSE Kabupaten Tanah Datar,https://spse.inaproc.id/tanahdatar,spse.inaproc.id,True,True,True,True,4.5u20240923,https://eproc.lkpp.go.id,2026-07-05T22:16:59+00:00,https://eproc.lkpp.go.id/lpse/index/3/0/1,http://eproc.lkpp.go.id/lpse/read/157/lpse-kabupaten-tanah-datar,1,Sumatera Barat,registry card from eProc index; detail_url=http://eproc.lkpp.go.id/lpse/read/157/lpse-kabupaten-tanah-datar,,False,False,False,False,False,0,[]
LPSE Kabupaten Pasaman,LPSE Kabupaten Pasaman,Pemerintah Kabupaten,Sumatera Barat,LPSE Kabupaten Pasaman,https://spse.inaproc.id/pasamankab,spse.inaproc.id,True,True,True,True,4.5u20240923,https://eproc.lkpp.go.id,2026-07-05T22:16:59+00:00,https://eproc.lkpp.go.id/lpse/index/3/0/1,http://eproc.lkpp.go.id/lpse/read/223/lpse-kabupaten-pasaman,1,Sumatera Barat,registry card from eProc index; detail_url=http://eproc.lkpp.go.id/lpse/read/223/lpse-kabupaten-pasaman,,False,False,False,False,False,0,[]
LPSE Kota Bukittinggi,LPSE Kota Bukittinggi,Pemerintah Kota,Sumatera Barat,LPSE Kota Bukittinggi,https://spse.inaproc.id/bukittinggikota,spse.inaproc.id,True,True,True,True,4.5u20240923,https://eproc.lkpp.go.id,2026-07-05T22:16:59+00:00,https://eproc.lkpp.go.id/lpse/index/3/0/1,http://eproc.lkpp.go.id/lpse/read/297/lpse-kota-bukittinggi,1,Sumatera Barat,registry card from eProc index; detail_url=http://eproc.lkpp.go.id/lpse/read/297/lpse-kota-bukittinggi,,False,False,False,False,False,0,[]
LPSE Kabupaten Pasaman Barat,LPSE Kabupaten Pasaman Barat,Pemerintah Kabupaten,Sumatera Barat,LPSE Kabupaten Pasaman Barat,https://spse.inaproc.id/pasamanbaratkab,spse.inaproc.id,True,True,True,True,4.5u20240923,https://eproc.lkpp.go.id,2026-07-05T22:16:59+00:00,https://eproc.lkpp.go.id/lpse/index/3/0/1,http://eproc.lkpp.go.id/lpse/read/301/lpse-kabupaten-pasaman-barat,1,Sumatera Barat,registry card from eProc index; detail_url=http://eproc.lkpp.go.id/lpse/read/301/lpse-kabupaten-pasaman-barat,,False,False,False,False,False,0,[]
LPSE Universitas Andalas,LPSE Universitas Andalas,Perguruan Tinggi,Sumatera Barat,,https://spse.inaproc.id/nasional,spse.inaproc.id,True,True,True,True,4.5u20240614,https://eproc.lkpp.go.id,2026-07-05T22:16:59+00:00,https://eproc.lkpp.go.id/lpse/index/3/0/1,http://eproc.lkpp.go.id/lpse/read/302/lpse-universitas-andalas,1,Sumatera Barat,registry card from eProc index; detail_url=http://eproc.lkpp.go.id/lpse/read/302/lpse-universitas-andalas,,False,False,False,False,False,0,[]
LPSE Kota Solok,LPSE Kota Solok,Pemerintah Kota,Sumatera Barat,LPSE Kota Solok,http://lpse.solokkota.go.id/eproc4,lpse.solokkota.go.id,False,True,False,True,4.5u20240923,https://eproc.lkpp.go.id,2026-07-05T22:16:59+00:00,https://eproc.lkpp.go.id/lpse/index/3/0/1,http://eproc.lkpp.go.id/lpse/read/385/lpse-kota-solok,1,Sumatera Barat,registry card from eProc index; detail_url=http://eproc.lkpp.go.id/lpse/read/385/lpse-kota-solok,,False,False,False,False,True,1,['inactive_or_inaccessible']
LPSE Kabupaten Dharmasraya,LPSE Kabupaten Dharmasraya,Pemerintah Kabupaten,Sumatera Barat,LPSE Kabupaten Dharmasraya,http://lpse.dharmasrayakab.go.id/eproc4,lpse.dharmasrayakab.go.id,False,True,False,True,4.5u20240923,https://eproc.lkpp.go.id,2026-07-05T22:16:59+00:00,https://eproc.lkpp.go.id/lpse/index/3/0/1,http://eproc.lkpp.go.id/lpse/read/443/lpse-kabupaten-dharmasraya,1,Sumatera Barat,registry card from eProc index; detail_url=http://eproc.lkpp.go.id/lpse/read/443/lpse-kabupaten-dharmasraya,,False,False,False,False,True,1,['inactive_or_inaccessible']
LPSE Kabupaten Kepulauan Mentawai,LPSE Kabupaten Kepulauan Mentawai,Pemerintah Kabupaten,Sumatera Barat,LPSE Kabupaten Kepulauan Mentawai,https://lpse.mentawaikab.go.id/eproc4,lpse.mentawaikab.go.id,True,False,False,True,4.5u20240923,https://eproc.lkpp.go.id,2026-07-05T22:16:59+00:00,https://eproc.lkpp.go.id/lpse/index/3/0/1,http://eproc.lkpp.go.id/lpse/read/489/lpse-kabupaten-kepulauan-mentawai,1,Sumatera Barat,registry card from eProc index; detail_url=http://eproc.lkpp.go.id/lpse/read/489/lpse-kabupaten-kepulauan-mentawai,,False,False,False,False,True,1,['inactive_or_inaccessible']
LPSE Kabupaten Pesisir Selatan,LPSE Kabupaten Pesisir Selatan,Pemerintah Kabupaten,Sumatera Barat,LPSE Kabupaten Pesisir Selatan,http://lpse.pesisirselatankab.go.id/eproc4,lpse.pesisirselatankab.go.id,False,True,False,True,4.5u20240923,https://eproc.lkpp.go.id,2026-07-05T22:17:00+00:00,https://eproc.lkpp.go.id/lpse/index/3/0/2,http://eproc.lkpp.go.id/lpse/read/599/lpse-kabupaten-pesisir-selatan,2,Sumatera Barat,registry card from eProc index; detail_url=http://eproc.lkpp.go.id/lpse/read/599/lpse-kabupaten-pesisir-selatan,,False,False,False,False,True,1,['inactive_or_inaccessible']
LPSE Kabupaten Solok,LPSE Kabupaten Solok,Pemerintah Kabupaten,Sumatera Barat,LPSE Kabupaten Solok,http://lpse.solokkab.go.id/eproc4,lpse.solokkab.go.id,False,True,False,True,4.5u20240923,https://eproc.lkpp.go.id,2026-07-05T22:17:00+00:00,https://eproc.lkpp.go.id/lpse/index/3/0/2,http://eproc.lkpp.go.id/lpse/read/608/lpse-kabupaten-solok,2,Sumatera Barat,registry card from eProc index; detail_url=http://eproc.lkpp.go.id/lpse/read/608/lpse-kabupaten-solok,,False,False,False,False,True,1,['inactive_or_inaccessible']
LPSE Kabupaten Lima Puluh Kota,LPSE Kabupaten Lima Puluh Kota,Pemerintah Kabupaten,Sumatera Barat,LPSE Kabupaten Lima Puluh Kota,http://lpse.limapuluhkotakab.go.id/eproc4,lpse.limapuluhkotakab.go.id,False,True,False,True,4.5u20240923,https://eproc.lkpp.go.id,2026-07-05T22:17:00+00:00,https://eproc.lkpp.go.id/lpse/index/3/0/2,http://eproc.lkpp.go.id/lpse/read/610/lpse-kabupaten-lima-puluh-kota,2,Sumatera Barat,registry card from eProc index; detail_url=http://eproc.lkpp.go.id/lpse/read/610/lpse-kabupaten-lima-puluh-kota,,False,False,False,False,True,1,['inactive_or_inaccessible']
LPSE Kabupaten Sijunjung,LPSE Kabupaten Sijunjung,Pemerintah Kabupaten,Sumatera Barat,LPSE Kabupaten Sijunjung,http://lpse.sijunjung.go.id/eproc4,lpse.sijunjung.go.id,False,False,False,True,4.5u20240923,https://eproc.lkpp.go.id,2026-07-05T22:17:00+00:00,https://eproc.lkpp.go.id/lpse/index/3/0/2,http://eproc.lkpp.go.id/lpse/read/615/lpse-kabupaten-sijunjung,2,Sumatera Barat,registry card from eProc index; detail_url=http://eproc.lkpp.go.id/lpse/read/615/lpse-kabupaten-sijunjung,,False,False,False,False,True,1,['inactive_or_inaccessible']
LPSE Kota Padang,LPSE Kota Padang,Pemerintah Kota,Sumatera Barat,LPSE Kota Padang,http://lpse.padang.go.id/eproc4,lpse.padang.go.id,False,True,False,True,4.5u20240923,https://eproc.lkpp.go.id,2026-07-05T22:17:00+00:00,https://eproc.lkpp.go.id/lpse/index/3/0/2,http://eproc.lkpp.go.id/lpse/read/624/lpse-kota-padang,2,Sumatera Barat,registry card from eProc index; detail_url=http://eproc.lkpp.go.id/lpse/read/624/lpse-kota-padang,,False,False,False,False,True,1,['inactive_or_inaccessible']
LPSE Kabupaten Agam,LPSE Kabupaten Agam,Pemerintah Kabupaten,Sumatera Barat,LPSE Kabupaten Agam,https://lpse.agamkab.go.id/eproc4,lpse.agamkab.go.id,True,True,False,True,4.5u20240923,https://eproc.lkpp.go.id,2026-07-05T22:17:00+00:00,https://eproc.lkpp.go.id/lpse/index/3/0/2,http://eproc.lkpp.go.id/lpse/read/645/lpse-kabupaten-agam,2,Sumatera Barat,registry card from eProc index; detail_url=http://eproc.lkpp.go.id/lpse/read/645/lpse-kabupaten-agam,,False,False,False,False,True,1,['inactive_or_inaccessible']
LPSE Kota Sawahlunto,LPSE Kota Sawahlunto,Pemerintah Kota,Sumatera Barat,LPSE Kota Sawahlunto,http://lpse.sawahluntokota.go.id/eproc4,lpse.sawahluntokota.go.id,False,True,False,True,4.5u20240923,https://eproc.lkpp.go.id,2026-07-05T22:17:00+00:00,https://eproc.lkpp.go.id/lpse/index/3/0/2,http://eproc.lkpp.go.id/lpse/read/656/lpse-kota-sawahlunto,2,Sumatera Barat,registry card from eProc index; detail_url=http://eproc.lkpp.go.id/lpse/read/656/lpse-kota-sawahlunto,,False,False,False,False,True,1,['inactive_or_inaccessible']
LPSE Kota Pariaman,LPSE Kota Pariaman,Pemerintah Kota,Sumatera Barat,LPSE Kota Pariaman,http://lpse.pariamankota.go.id/eproc4,lpse.pariamankota.go.id,False,True,False,True,4.5u20240923,https://eproc.lkpp.go.id,2026-07-05T22:17:00+00:00,https://eproc.lkpp.go.id/lpse/index/3/0/2,http://eproc.lkpp.go.id/lpse/read/663/lpse-kota-pariaman,2,Sumatera Barat,registry card from eProc index; detail_url=http://eproc.lkpp.go.id/lpse/read/663/lpse-kota-pariaman,,False,False,False,False,True,1,['inactive_or_inaccessible']
LPSE Kota Padang Panjang,LPSE Kota Padang Panjang,Pemerintah Kota,Sumatera Barat,LPSE Kota Padang Panjang,http://lpse.padangpanjang.go.id/eproc4,lpse.padangpanjang.go.id,False,True,False,True,4.5u20240923,https://eproc.lkpp.go.id,2026-07-05T22:17:00+00:00,https://eproc.lkpp.go.id/lpse/index/3/0/2,http://eproc.lkpp.go.id/lpse/read/714/lpse-kota-padang-panjang,2,Sumatera Barat,registry card from eProc index; detail_url=http://eproc.lkpp.go.id/lpse/read/714/lpse-kota-padang-panjang,,False,False,False,False,True,1,['inactive_or_inaccessible']
LPSE Kabupaten Padang Pariaman,LPSE Kabupaten Padang Pariaman,Pemerintah Kabupaten,Sumatera Barat,LPSE Kabupaten Padang Pariaman,http://lpse.padangpariamankab.go.id/eproc4,lpse.padangpariamankab.go.id,False,True,True,True,4.5u20240923,https://eproc.lkpp.go.id,2026-07-05T22:17:00+00:00,https://eproc.lkpp.go.id/lpse/index/3/0/2,http://eproc.lkpp.go.id/lpse/read/717/lpse-kabupaten-padang-pariaman,2,Sumatera Barat,registry card from eProc index; detail_url=http://eproc.lkpp.go.id/lpse/read/717/lpse-kabupaten-padang-pariaman,,False,False,False,False,False,0,[]
LPSE Kabupaten Solok Selatan,LPSE Kabupaten Solok Selatan,Pemerintah Kabupaten,Sumatera Barat,LPSE Kabupaten Solok Selatan,http://lpse.solselkab.go.id/eproc4,lpse.solselkab.go.id,False,True,False,True,4.5u20240923,https://eproc.lkpp.go.id,2026-07-05T22:17:00+00:00,https://eproc.lkpp.go.id/lpse/index/3/0/3,http://eproc.lkpp.go.id/lpse/read/718/lpse-kabupaten-solok-selatan,3,Sumatera Barat,registry card from eProc index; detail_url=http://eproc.lkpp.go.id/lpse/read/718/lpse-kabupaten-solok-selatan,,False,False,False,False,True,1,['inactive_or_inaccessible']
LPSE Kota Prabumulih,LPSE Kota Prabumulih,Pemerintah Kota,Sumatera Selatan,LPSE Kota Prabumulih,https://spse.inaproc.id/kotaprabumulih,spse.inaproc.id,True,True,True,True,4.5u20240923,https://eproc.lkpp.go.id,2026-07-05T22:17:01+00:00,https://eproc.lkpp.go.id/lpse/index/6/0/1,http://eproc.lkpp.go.id/lpse/read/102/lpse-kota-prabumulih,1,Sumatera Selatan,registry card from eProc index; detail_url=http://eproc.lkpp.go.id/lpse/read/102/lpse-kota-prabumulih,,False,False,False,False,False,0,[]
LPSE Provinsi Sumatera Selatan,LPSE Provinsi Sumatera Selatan,Pemerintah Provinsi,Sumatera Selatan,,https://spse.inaproc.id/sumselprov,spse.inaproc.id,True,True,True,True,4.5u20240923,https://eproc.lkpp.go.id,2026-07-05T22:17:01+00:00,https://eproc.lkpp.go.id/lpse/index/6/0/1,http://eproc.lkpp.go.id/lpse/read/103/lpse-provinsi-sumatera-selatan,1,Sumatera Selatan,registry card from eProc index; detail_url=http://eproc.lkpp.go.id/lpse/read/103/lpse-provinsi-sumatera-selatan,Sumatera Selatan,False,False,False,False,False,0,[]
LPSE Kabupaten Muara Enim,LPSE Kabupaten Muara Enim,Pemerintah Kabupaten,Sumatera Selatan,LPSE Kabupaten Muara Enim,https://spse.inaproc.id/muaraenimkab,spse.inaproc.id,True,True,True,True,4.5u20240923,https://eproc.lkpp.go.id,2026-07-05T22:17:01+00:00,https://eproc.lkpp.go.id/lpse/index/6/0/1,http://eproc.lkpp.go.id/lpse/read/107/lpse-kabupaten-muara-enim,1,Sumatera Selatan,registry card from eProc index; detail_url=http://eproc.lkpp.go.id/lpse/read/107/lpse-kabupaten-muara-enim,,False,False,False,False,False,0,[]
LPSE Kota Pagar Alam,LPSE Kota Pagar Alam,Pemerintah Kota,Sumatera Selatan,LPSE Kota Pagar Alam,https://spse.inaproc.id/pagaralamkota,spse.inaproc.id,True,True,True,True,4.5u20240923,https://eproc.lkpp.go.id,2026-07-05T22:17:01+00:00,https://eproc.lkpp.go.id/lpse/index/6/0/1,http://eproc.lkpp.go.id/lpse/read/142/lpse-kota-pagar-alam,1,Sumatera Selatan,registry card from eProc index; detail_url=http://eproc.lkpp.go.id/lpse/read/142/lpse-kota-pagar-alam,,False,False,False,False,False,0,[]
LPSE Kabupaten Banyuasin,LPSE Kabupaten Banyuasin,Pemerintah Kabupaten,Sumatera Selatan,LPSE Kabupaten Banyuasin,https://spse.inaproc.id/banyuasinkab,spse.inaproc.id,True,True,True,True,4.5u20240923,https://eproc.lkpp.go.id,2026-07-05T22:17:01+00:00,https://eproc.lkpp.go.id/lpse/index/6/0/1,http://eproc.lkpp.go.id/lpse/read/153/lpse-kabupaten-banyuasin,1,Sumatera Selatan,registry card from eProc index; detail_url=http://eproc.lkpp.go.id/lpse/read/153/lpse-kabupaten-banyuasin,,False,False,False,False,False,0,[]
LPSE Kabupaten Ogan Komering Ilir,LPSE Kabupaten Ogan Komering Ilir,Pemerintah Kabupaten,Sumatera Selatan,LPSE Kabupaten Ogan Komering Ilir,https://spse.inaproc.id/kaboki,spse.inaproc.id,True,True,True,True,4.5u20240923,https://eproc.lkpp.go.id,2026-07-05T22:17:01+00:00,https://eproc.lkpp.go.id/lpse/index/6/0/1,http://eproc.lkpp.go.id/lpse/read/156/lpse-kabupaten-ogan-komering-ilir,1,Sumatera Selatan,registry card from eProc index; detail_url=http://eproc.lkpp.go.id/lpse/read/156/lpse-kabupaten-ogan-komering-ilir,,False,False,False,False,False,0,[]
LPSE Kabupaten Musi Banyuasin,LPSE Kabupaten Musi Banyuasin,Pemerintah Kabupaten,Sumatera Selatan,LPSE Kabupaten Musi Banyuasin,https://spse.inaproc.id/mubakab,spse.inaproc.id,True,True,True,True,4.5u20240923,https://eproc.lkpp.go.id,2026-07-05T22:17:01+00:00,https://eproc.lkpp.go.id/lpse/index/6/0/1,http://eproc.lkpp.go.id/lpse/read/168/lpse-kabupaten-musi-banyuasin,1,Sumatera Selatan,registry card from eProc index; detail_url=http://eproc.lkpp.go.id/lpse/read/168/lpse-kabupaten-musi-banyuasin,,False,False,False,False,False,0,[]
LPSE Kota Lubuklinggau,LPSE Kota Lubuklinggau,Pemerintah Kota,Sumatera Selatan,LPSE Kota Lubuklinggau,https://spse.inaproc.id/lubuklinggaukota,spse.inaproc.id,True,True,True,True,4.5u20240923,https://eproc.lkpp.go.id,2026-07-05T22:17:01+00:00,https://eproc.lkpp.go.id/lpse/index/6/0/1,http://eproc.lkpp.go.id/lpse/read/195/lpse-kota-lubuklinggau,1,Sumatera Selatan,registry card from eProc index; detail_url=http://eproc.lkpp.go.id/lpse/read/195/lpse-kota-lubuklinggau,,False,False,False,False,False,0,[]
LPSE Kota Palembang,LPSE Kota Palembang,Pemerintah Kota,Sumatera Selatan,LPSE Kota Palembang,https://spse.inaproc.id/palembang,spse.inaproc.id,True,True,True,True,4.5u20240923,https://eproc.lkpp.go.id,2026-07-05T22:17:01+00:00,https://eproc.lkpp.go.id/lpse/index/6/0/1,http://eproc.lkpp.go.id/lpse/read/251/lpse-kota-palembang,1,Sumatera Selatan,registry card from eProc index; detail_url=http://eproc.lkpp.go.id/lpse/read/251/lpse-kota-palembang,,False,False,False,False,False,0,[]
LPSE Kabupaten Musi Rawas,LPSE Kabupaten Musi Rawas,Pemerintah Kabupaten,Sumatera Selatan,LPSE Kabupaten Musi Rawas,https://spse.inaproc.id/musirawaskab,spse.inaproc.id,True,True,True,True,4.5u20240923,https://eproc.lkpp.go.id,2026-07-05T22:17:01+00:00,https://eproc.lkpp.go.id/lpse/index/6/0/1,http://eproc.lkpp.go.id/lpse/read/311/lpse-kabupaten-musi-rawas,1,Sumatera Selatan,registry card from eProc index; detail_url=http://eproc.lkpp.go.id/lpse/read/311/lpse-kabupaten-musi-rawas,,False,False,False,False,False,0,[]
LPSE Kabupaten Ogan Komering Ulu Selatan,LPSE Kabupaten Ogan Komering Ulu Selatan,Pemerintah Kabupaten,Sumatera Selatan,LPSE Kabupaten Ogan Komering Ulu Selatan,https://spse.inaproc.id/okuselatankab,spse.inaproc.id,True,True,True,True,4.5u20240923,https://eproc.lkpp.go.id,2026-07-05T22:17:02+00:00,https://eproc.lkpp.go.id/lpse/index/6/0/2,http://eproc.lkpp.go.id/lpse/read/343/lpse-kabupaten-ogan-komering-ulu-selatan,2,Sumatera Selatan,registry card from eProc index; detail_url=http://eproc.lkpp.go.id/lpse/read/343/lpse-kabupaten-ogan-komering-ulu-selatan,,False,False,False,False,False,0,[]
LPSE Kabupaten Ogan Ilir,LPSE Kabupaten Ogan Ilir,Pemerintah Kabupaten,Sumatera Selatan,LPSE Kabupaten Ogan Ilir,http://lpse.oganilirkab.go.id/eproc4,lpse.oganilirkab.go.id,False,True,False,True,4.5u20240923,https://eproc.lkpp.go.id,2026-07-05T22:17:02+00:00,https://eproc.lkpp.go.id/lpse/index/6/0/2,http://eproc.lkpp.go.id/lpse/read/357/lpse-kabupaten-ogan-ilir,2,Sumatera Selatan,registry card from eProc index; detail_url=http://eproc.lkpp.go.id/lpse/read/357/lpse-kabupaten-ogan-ilir,,False,False,False,False,True,1,['inactive_or_inaccessible']
LPSE Kabupaten Ogan Komering Ulu,LPSE Kabupaten Ogan Komering Ulu,Pemerintah Kabupaten,Sumatera Selatan,LPSE Kabupaten Ogan Komering Ulu,http://lpse.okukab.go.id/eproc4,lpse.okukab.go.id,False,False,False,True,4.5u20240923,https://eproc.lkpp.go.id,2026-07-05T22:17:02+00:00,https://eproc.lkpp.go.id/lpse/index/6/0/2,http://eproc.lkpp.go.id/lpse/read/401/lpse-kabupaten-ogan-komering-ulu,2,Sumatera Selatan,registry card from eProc index; detail_url=http://eproc.lkpp.go.id/lpse/read/401/lpse-kabupaten-ogan-komering-ulu,,False,False,False,False,True,1,['inactive_or_inaccessible']
LPSE Kabupaten Lahat,LPSE Kabupaten Lahat,Pemerintah Kabupaten,Sumatera Selatan,LPSE Kabupaten Lahat,https://lpse.lahatkab.go.id/eproc4,lpse.lahatkab.go.id,True,True,False,True,4.5u20240923,https://eproc.lkpp.go.id,2026-07-05T22:17:02+00:00,https://eproc.lkpp.go.id/lpse/index/6/0/2,http://eproc.lkpp.go.id/lpse/read/434/lpse-kabupaten-lahat,2,Sumatera Selatan,registry card from eProc index; detail_url=http://eproc.lkpp.go.id/lpse/read/434/lpse-kabupaten-lahat,,False,False,False,False,True,1,['inactive_or_inaccessible']
LPSE Kabupaten Ogan Komering Ulu Timur,LPSE Kabupaten Ogan Komering Ulu Timur,Pemerintah Kabupaten,Sumatera Selatan,LPSE Kabupaten Ogan Komering Ulu Timur,http://lpse.okutimurkab.go.id/eproc4,lpse.okutimurkab.go.id,False,False,False,True,4.5u20240923,https://eproc.lkpp.go.id,2026-07-05T22:17:02+00:00,https://eproc.lkpp.go.id/lpse/index/6/0/2,http://eproc.lkpp.go.id/lpse/read/447/lpse-kabupaten-ogan-komering-ulu-timur,2,Sumatera Selatan,registry card from eProc index; detail_url=http://eproc.lkpp.go.id/lpse/read/447/lpse-kabupaten-ogan-komering-ulu-timur,,False,False,False,False,True,1,['inactive_or_inaccessible']
LPSE Polda Sumatera Selatan,LPSE Polda Sumatera Selatan,,Sumatera Selatan,,https://spse.inaproc.id/polri,spse.inaproc.id,True,True,True,True,4.5u20231030,https://eproc.lkpp.go.id,2026-07-05T22:17:02+00:00,https://eproc.lkpp.go.id/lpse/index/6/0/2,http://eproc.lkpp.go.id/lpse/read/543/lpse-polda-sumatera-selatan,2,Sumatera Selatan,registry card from eProc index; detail_url=http://eproc.lkpp.go.id/lpse/read/543/lpse-polda-sumatera-selatan,Sumatera Selatan,False,False,False,False,False,0,[]
LPSE Kabupaten Empat Lawang,LPSE Kabupaten Empat Lawang,Pemerintah Kabupaten,Sumatera Selatan,LPSE Kabupaten Empat Lawang,https://lpse.empatlawangkab.go.id/eproc4,lpse.empatlawangkab.go.id,True,True,False,True,4.5u20240923,https://eproc.lkpp.go.id,2026-07-05T22:17:02+00:00,https://eproc.lkpp.go.id/lpse/index/6/0/2,http://eproc.lkpp.go.id/lpse/read/585/lpse-kabupaten-empat-lawang,2,Sumatera Selatan,registry card from eProc index; detail_url=http://eproc.lkpp.go.id/lpse/read/585/lpse-kabupaten-empat-lawang,,False,False,False,False,True,1,['inactive_or_inaccessible']
LPSE Kabupaten Penukal Abab Lematang Ilir,LPSE Kabupaten Penukal Abab Lematang Ilir,Pemerintah Kabupaten,Sumatera Selatan,LPSE Kabupaten Penukal Abab Lematang Ilir,https://lpse.palikab.go.id/eproc4,lpse.palikab.go.id,True,True,False,True,4.5u20240923,https://eproc.lkpp.go.id,2026-07-05T22:17:02+00:00,https://eproc.lkpp.go.id/lpse/index/6/0/2,http://eproc.lkpp.go.id/lpse/read/661/lpse-kabupaten-penukal-abab-lematang-ilir,2,Sumatera Selatan,registry card from eProc index; detail_url=http://eproc.lkpp.go.id/lpse/read/661/lpse-kabupaten-penukal-abab-lematang-ilir,,False,False,False,False,True,1,['inactive_or_inaccessible']
LPSE Kabupaten Musi Rawas Utara,LPSE Kabupaten Musi Rawas Utara,Pemerintah Kabupaten,Sumatera Selatan,LPSE Kabupaten Musi Rawas Utara,https://lpse.muratarakab.go.id/eproc4,lpse.muratarakab.go.id,True,False,False,True,4.5u20240923,https://eproc.lkpp.go.id,2026-07-05T22:17:02+00:00,https://eproc.lkpp.go.id/lpse/index/6/0/2,http://eproc.lkpp.go.id/lpse/read/675/lpse-kabupaten-musi-rawas-utara,2,Sumatera Selatan,registry card from eProc index; detail_url=http://eproc.lkpp.go.id/lpse/read/675/lpse-kabupaten-musi-rawas-utara,,False,False,False,False,True,1,['inactive_or_inaccessible']
LPSE Provinsi Sumatera Utara,LPSE Provinsi Sumatera Utara,Pemerintah Provinsi,Sumatera Utara,,https://spse.inaproc.id/sumutprov,spse.inaproc.id,True,True,True,True,4.5u20240923,https://eproc.lkpp.go.id,2026-07-05T22:17:03+00:00,https://eproc.lkpp.go.id/lpse/index/2/0/1,http://eproc.lkpp.go.id/lpse/read/27/lpse-provinsi-sumatera-utara,1,Sumatera Utara,registry card from eProc index; detail_url=http://eproc.lkpp.go.id/lpse/read/27/lpse-provinsi-sumatera-utara,Sumatera Utara,False,False,False,False,False,0,[]
LPSE Universitas Sumatera Utara,LPSE Universitas Sumatera Utara,Perguruan Tinggi,Sumatera Utara,,https://lpse.usu.ac.id/eproc4,lpse.usu.ac.id,True,False,False,True,4.5u20240308,https://eproc.lkpp.go.id,2026-07-05T22:17:03+00:00,https://eproc.lkpp.go.id/lpse/index/2/0/1,http://eproc.lkpp.go.id/lpse/read/272/lpse-universitas-sumatera-utara,1,Sumatera Utara,registry card from eProc index; detail_url=http://eproc.lkpp.go.id/lpse/read/272/lpse-universitas-sumatera-utara,Sumatera Utara,False,False,False,False,True,1,['inactive_or_inaccessible']
LPSE Kabupaten Tapanuli Utara,LPSE Kabupaten Tapanuli Utara,Pemerintah Kabupaten,Sumatera Utara,LPSE Kabupaten Tapanuli Utara,https://spse.inaproc.id/taputkab,spse.inaproc.id,True,True,True,True,4.5u20240923,https://eproc.lkpp.go.id,2026-07-05T22:17:03+00:00,https://eproc.lkpp.go.id/lpse/index/2/0/1,http://eproc.lkpp.go.id/lpse/read/277/lpse-kabupaten-tapanuli-utara,1,Sumatera Utara,registry card from eProc index; detail_url=http://eproc.lkpp.go.id/lpse/read/277/lpse-kabupaten-tapanuli-utara,,False,False,False,False,False,0,[]
LPSE Kabupaten Langkat,LPSE Kabupaten Langkat,Pemerintah Kabupaten,Sumatera Utara,LPSE Kabupaten Langkat,https://spse.inaproc.id/langkatkab,spse.inaproc.id,True,True,True,True,4.5u20240923,https://eproc.lkpp.go.id,2026-07-05T22:17:03+00:00,https://eproc.lkpp.go.id/lpse/index/2/0/1,http://eproc.lkpp.go.id/lpse/read/304/lpse-kabupaten-langkat,1,Sumatera Utara,registry card from eProc index; detail_url=http://eproc.lkpp.go.id/lpse/read/304/lpse-kabupaten-langkat,,False,False,False,False,False,0,[]
LPSE Kota Medan,LPSE Kota Medan,Pemerintah Kota,Sumatera Utara,LPSE Kota Medan,https://spse.inaproc.id/pemkomedan,spse.inaproc.id,True,True,True,True,4.5u20240923,https://eproc.lkpp.go.id,2026-07-05T22:17:03+00:00,https://eproc.lkpp.go.id/lpse/index/2/0/1,http://eproc.lkpp.go.id/lpse/read/308/lpse-kota-medan,1,Sumatera Utara,registry card from eProc index; detail_url=http://eproc.lkpp.go.id/lpse/read/308/lpse-kota-medan,,False,False,False,False,False,0,[]
LPSE Kabupaten Samosir,LPSE Kabupaten Samosir,Pemerintah Kabupaten,Sumatera Utara,LPSE Kabupaten Samosir,https://spse.inaproc.id/samosirkab,spse.inaproc.id,True,True,True,True,4.5u20240923,https://eproc.lkpp.go.id,2026-07-05T22:17:03+00:00,https://eproc.lkpp.go.id/lpse/index/2/0/1,http://eproc.lkpp.go.id/lpse/read/342/lpse-kabupaten-samosir,1,Sumatera Utara,registry card from eProc index; detail_url=http://eproc.lkpp.go.id/lpse/read/342/lpse-kabupaten-samosir,,False,False,False,False,False,0,[]
LPSE Kabupaten Mandailing Natal,LPSE Kabupaten Mandailing Natal,Pemerintah Kabupaten,Sumatera Utara,LPSE Kabupaten Mandailing Natal,http://lpse.madina.go.id/eproc4,lpse.madina.go.id,False,True,False,True,4.5u20240923,https://eproc.lkpp.go.id,2026-07-05T22:17:03+00:00,https://eproc.lkpp.go.id/lpse/index/2/0/1,http://eproc.lkpp.go.id/lpse/read/373/lpse-kabupaten-mandailing-natal,1,Sumatera Utara,registry card from eProc index; detail_url=http://eproc.lkpp.go.id/lpse/read/373/lpse-kabupaten-mandailing-natal,,False,False,False,False,True,1,['inactive_or_inaccessible']
LPSE Kabupaten Serdang Bedagai,LPSE Kabupaten Serdang Bedagai,Pemerintah Kabupaten,Sumatera Utara,LPSE Kabupaten Serdang Bedagai,https://lpse.serdangbedagaikab.go.id/eproc4,lpse.serdangbedagaikab.go.id,True,False,False,True,4.5u20240923,https://eproc.lkpp.go.id,2026-07-05T22:17:03+00:00,https://eproc.lkpp.go.id/lpse/index/2/0/1,http://eproc.lkpp.go.id/lpse/read/378/lpse-kabupaten-serdang-bedagai,1,Sumatera Utara,registry card from eProc index; detail_url=http://eproc.lkpp.go.id/lpse/read/378/lpse-kabupaten-serdang-bedagai,,False,False,False,False,True,1,['inactive_or_inaccessible']
LPSE Kota Tanjung Balai,LPSE Kota Tanjung Balai,Pemerintah Kota,Sumatera Utara,LPSE Kota Tanjung Balai,http://lpse.tanjungbalaikota.go.id/eproc4,lpse.tanjungbalaikota.go.id,False,True,False,True,4.5u20240923,https://eproc.lkpp.go.id,2026-07-05T22:17:03+00:00,https://eproc.lkpp.go.id/lpse/index/2/0/1,http://eproc.lkpp.go.id/lpse/read/388/lpse-kota-tanjung-balai,1,Sumatera Utara,registry card from eProc index; detail_url=http://eproc.lkpp.go.id/lpse/read/388/lpse-kota-tanjung-balai,,False,False,False,False,True,1,['inactive_or_inaccessible']
LPSE Kabupaten Asahan,LPSE Kabupaten Asahan,Pemerintah Kabupaten,Sumatera Utara,LPSE Kabupaten Asahan,https://lpse.asahankab.go.id/eproc4,lpse.asahankab.go.id,True,True,False,True,4.5u20230907,https://eproc.lkpp.go.id,2026-07-05T22:17:03+00:00,https://eproc.lkpp.go.id/lpse/index/2/0/1,http://eproc.lkpp.go.id/lpse/read/407/lpse-kabupaten-asahan,1,Sumatera Utara,registry card from eProc index; detail_url=http://eproc.lkpp.go.id/lpse/read/407/lpse-kabupaten-asahan,,False,False,False,False,True,1,['inactive_or_inaccessible']
LPSE Kabupaten Labuhanbatu Selatan,LPSE Kabupaten Labuhanbatu Selatan,Pemerintah Kabupaten,Sumatera Utara,LPSE Kabupaten Labuhanbatu Selatan,https://lpse.labuhanbatuselatankab.go.id/eproc4,lpse.labuhanbatuselatankab.go.id,True,False,False,True,4.5u20240923,https://eproc.lkpp.go.id,2026-07-05T22:17:04+00:00,https://eproc.lkpp.go.id/lpse/index/2/0/2,http://eproc.lkpp.go.id/lpse/read/412/lpse-kabupaten-labuhanbatu-selatan,2,Sumatera Utara,registry card from eProc index; detail_url=http://eproc.lkpp.go.id/lpse/read/412/lpse-kabupaten-labuhanbatu-selatan,,False,False,False,False,True,1,['inactive_or_inaccessible']
LPSE Kabupaten Humbang Hasundutan,LPSE Kabupaten Humbang Hasundutan,Pemerintah Kabupaten,Sumatera Utara,LPSE Kabupaten Humbang Hasundutan,http://lpse.humbanghasundutankab.go.id/eproc4,lpse.humbanghasundutankab.go.id,False,True,False,True,4.5u20240923,https://eproc.lkpp.go.id,2026-07-05T22:17:04+00:00,https://eproc.lkpp.go.id/lpse/index/2/0/2,http://eproc.lkpp.go.id/lpse/read/420/lpse-kabupaten-humbang-hasundutan,2,Sumatera Utara,registry card from eProc index; detail_url=http://eproc.lkpp.go.id/lpse/read/420/lpse-kabupaten-humbang-hasundutan,,False,False,False,False,True,1,['inactive_or_inaccessible']
LPSE Kota Tebing Tinggi,LPSE Kota Tebing Tinggi,Pemerintah Kota,Sumatera Utara,LPSE Kota Tebing Tinggi,https://lpse.tebingtinggikota.go.id/eproc4,lpse.tebingtinggikota.go.id,True,False,False,True,4.5u20240923,https://eproc.lkpp.go.id,2026-07-05T22:17:04+00:00,https://eproc.lkpp.go.id/lpse/index/2/0/2,http://eproc.lkpp.go.id/lpse/read/445/lpse-kota-tebing-tinggi,2,Sumatera Utara,registry card from eProc index; detail_url=http://eproc.lkpp.go.id/lpse/read/445/lpse-kota-tebing-tinggi,,False,False,False,False,True,1,['inactive_or_inaccessible']
LPSE Kabupaten Dairi,LPSE Kabupaten Dairi,Pemerintah Kabupaten,Sumatera Utara,LPSE Kabupaten Dairi,https://lpse.dairikab.go.id/eproc4,lpse.dairikab.go.id,True,True,True,True,4.5u20240923,https://eproc.lkpp.go.id,2026-07-05T22:17:04+00:00,https://eproc.lkpp.go.id/lpse/index/2/0/2,http://eproc.lkpp.go.id/lpse/read/462/lpse-kabupaten-dairi,2,Sumatera Utara,registry card from eProc index; detail_url=http://eproc.lkpp.go.id/lpse/read/462/lpse-kabupaten-dairi,,False,False,False,False,False,0,[]
LPSE Kabupaten Padang Lawas Utara,LPSE Kabupaten Padang Lawas Utara,Pemerintah Kabupaten,Sumatera Utara,LPSE Kabupaten Padang Lawas Utara,http://lpse.padanglawasutarakab.go.id/eproc4,lpse.padanglawasutarakab.go.id,False,True,False,True,4.5u20240923,https://eproc.lkpp.go.id,2026-07-05T22:17:04+00:00,https://eproc.lkpp.go.id/lpse/index/2/0/2,http://eproc.lkpp.go.id/lpse/read/471/lpse-kabupaten-padang-lawas-utara,2,Sumatera Utara,registry card from eProc index; detail_url=http://eproc.lkpp.go.id/lpse/read/471/lpse-kabupaten-padang-lawas-utara,,False,False,False,False,True,1,['inactive_or_inaccessible']
LPSE Kota Gunungsitoli,LPSE Kota Gunungsitoli,Pemerintah Kota,Sumatera Utara,LPSE Kota Gunungsitoli,http://lpse.gunungsitolikota.go.id/eproc4,lpse.gunungsitolikota.go.id,False,False,False,True,4.5u20240923,https://eproc.lkpp.go.id,2026-07-05T22:17:04+00:00,https://eproc.lkpp.go.id/lpse/index/2/0/2,http://eproc.lkpp.go.id/lpse/read/478/lpse-kota-gunungsitoli,2,Sumatera Utara,registry card from eProc index; detail_url=http://eproc.lkpp.go.id/lpse/read/478/lpse-kota-gunungsitoli,,False,False,False,False,True,1,['inactive_or_inaccessible']
LPSE Kabupaten Labuhanbatu,LPSE Kabupaten Labuhanbatu,Pemerintah Kabupaten,Sumatera Utara,LPSE Kabupaten Labuhanbatu,https://lpse.labuhanbatukab.go.id/eproc4,lpse.labuhanbatukab.go.id,True,True,False,True,4.5u20240923,https://eproc.lkpp.go.id,2026-07-05T22:17:04+00:00,https://eproc.lkpp.go.id/lpse/index/2/0/2,http://eproc.lkpp.go.id/lpse/read/481/lpse-kabupaten-labuhanbatu,2,Sumatera Utara,registry card from eProc index; detail_url=http://eproc.lkpp.go.id/lpse/read/481/lpse-kabupaten-labuhanbatu,,False,False,False,False,True,1,['inactive_or_inaccessible']
LPSE Kabupaten Simalungun,LPSE Kabupaten Simalungun,Pemerintah Kabupaten,Sumatera Utara,LPSE Kabupaten Simalungun,https://lpse.simalungunkab.go.id/eproc4,lpse.simalungunkab.go.id,True,False,False,True,4.5u20240923,https://eproc.lkpp.go.id,2026-07-05T22:17:04+00:00,https://eproc.lkpp.go.id/lpse/index/2/0/2,http://eproc.lkpp.go.id/lpse/read/494/lpse-kabupaten-simalungun,2,Sumatera Utara,registry card from eProc index; detail_url=http://eproc.lkpp.go.id/lpse/read/494/lpse-kabupaten-simalungun,,False,False,False,False,True,1,['inactive_or_inaccessible']
LPSE Kabupaten Karo,LPSE Kabupaten Karo,Pemerintah Kabupaten,Sumatera Utara,LPSE Kabupaten Karo,http://lpse.karokab.go.id/eproc4,lpse.karokab.go.id,False,False,False,True,4.5u20240923,https://eproc.lkpp.go.id,2026-07-05T22:17:04+00:00,https://eproc.lkpp.go.id/lpse/index/2/0/2,http://eproc.lkpp.go.id/lpse/read/516/lpse-kabupaten-karo,2,Sumatera Utara,registry card from eProc index; detail_url=http://eproc.lkpp.go.id/lpse/read/516/lpse-kabupaten-karo,,False,False,False,False,True,1,['inactive_or_inaccessible']
LPSE Kota Padang Sidempuan,LPSE Kota Padang Sidempuan,Pemerintah Kota,Sumatera Utara,LPSE Kota Padang Sidempuan,https://lpse.padangsidimpuankota.go.id/eproc4,lpse.padangsidimpuankota.go.id,True,True,False,True,4.5u20230830,https://eproc.lkpp.go.id,2026-07-05T22:17:04+00:00,https://eproc.lkpp.go.id/lpse/index/2/0/2,http://eproc.lkpp.go.id/lpse/read/523/lpse-kota-padang-sidempuan,2,Sumatera Utara,registry card from eProc index; detail_url=http://eproc.lkpp.go.id/lpse/read/523/lpse-kota-padang-sidempuan,,False,False,False,False,True,1,['inactive_or_inaccessible']
LPSE Kota Pematangsiantar,LPSE Kota Pematangsiantar,Pemerintah Kota,Sumatera Utara,LPSE Kota Pematangsiantar,https://lpse.pematangsiantar.go.id/eproc4,lpse.pematangsiantar.go.id,True,True,False,True,4.5u20240722,https://eproc.lkpp.go.id,2026-07-05T22:17:05+00:00,https://eproc.lkpp.go.id/lpse/index/2/0/3,http://eproc.lkpp.go.id/lpse/read/526/lpse-kota-pematangsiantar,3,Sumatera Utara,registry card from eProc index; detail_url=http://eproc.lkpp.go.id/lpse/read/526/lpse-kota-pematangsiantar,,False,False,False,False,True,1,['inactive_or_inaccessible']
LPSE Kabupaten Deli Serdang,LPSE Kabupaten Deli Serdang,Pemerintah Kabupaten,Sumatera Utara,LPSE Kabupaten Deli Serdang,https://spse.inaproc.id/deliserdangkab,spse.inaproc.id,True,True,True,True,4.5u20240923,https://eproc.lkpp.go.id,2026-07-05T22:17:05+00:00,https://eproc.lkpp.go.id/lpse/index/2/0/3,http://eproc.lkpp.go.id/lpse/read/549/lpse-kabupaten-deli-serdang,3,Sumatera Utara,registry card from eProc index; detail_url=http://eproc.lkpp.go.id/lpse/read/549/lpse-kabupaten-deli-serdang,,False,False,False,False,False,0,[]
LPSE Kabupaten Toba,LPSE Kabupaten Toba,Pemerintah Kabupaten,Sumatera Utara,LPSE Kabupaten Toba,https://lpse.tobakab.go.id/eproc4,lpse.tobakab.go.id,True,True,False,True,4.5u20240923,https://eproc.lkpp.go.id,2026-07-05T22:17:05+00:00,https://eproc.lkpp.go.id/lpse/index/2/0/3,http://eproc.lkpp.go.id/lpse/read/558/lpse-kabupaten-toba,3,Sumatera Utara,registry card from eProc index; detail_url=http://eproc.lkpp.go.id/lpse/read/558/lpse-kabupaten-toba,,False,False,False,False,True,1,['inactive_or_inaccessible']
LPSE Kabupaten Nias Selatan,LPSE Kabupaten Nias Selatan,Pemerintah Kabupaten,Sumatera Utara,LPSE Kabupaten Nias Selatan,https://lpse.niasselatankab.go.id/eproc4,lpse.niasselatankab.go.id,True,True,False,True,4.5u20240923,https://eproc.lkpp.go.id,2026-07-05T22:17:05+00:00,https://eproc.lkpp.go.id/lpse/index/2/0/3,http://eproc.lkpp.go.id/lpse/read/567/lpse-kabupaten-nias-selatan,3,Sumatera Utara,registry card from eProc index; detail_url=http://eproc.lkpp.go.id/lpse/read/567/lpse-kabupaten-nias-selatan,,False,False,False,False,True,1,['inactive_or_inaccessible']
LPSE Kabupaten Nias,LPSE Kabupaten Nias,Pemerintah Kabupaten,Sumatera Utara,LPSE Kabupaten Nias,http://lpse.niaskab.go.id/eproc4,lpse.niaskab.go.id,False,True,False,True,4.5u20240923,https://eproc.lkpp.go.id,2026-07-05T22:17:05+00:00,https://eproc.lkpp.go.id/lpse/index/2/0/3,http://eproc.lkpp.go.id/lpse/read/593/lpse-kabupaten-nias,3,Sumatera Utara,registry card from eProc index; detail_url=http://eproc.lkpp.go.id/lpse/read/593/lpse-kabupaten-nias,,False,False,False,False,True,1,['inactive_or_inaccessible']
LPSE Kabupaten Tapanuli Selatan,LPSE Kabupaten Tapanuli Selatan,Pemerintah Kabupaten,Sumatera Utara,LPSE Kabupaten Tapanuli Selatan,https://lpse.tapselkab.go.id/eproc4,lpse.tapselkab.go.id,True,False,False,True,4.5u20240923,https://eproc.lkpp.go.id,2026-07-05T22:17:05+00:00,https://eproc.lkpp.go.id/lpse/index/2/0/3,http://eproc.lkpp.go.id/lpse/read/597/lpse-kabupaten-tapanuli-selatan,3,Sumatera Utara,registry card from eProc index; detail_url=http://eproc.lkpp.go.id/lpse/read/597/lpse-kabupaten-tapanuli-selatan,,False,False,False,False,True,1,['inactive_or_inaccessible']
LPSE Kota Binjai,LPSE Kota Binjai,Pemerintah Kota,Sumatera Utara,LPSE Kota Binjai,https://lpse.binjaikota.go.id/eproc4,lpse.binjaikota.go.id,True,False,False,True,4.5u20240923,https://eproc.lkpp.go.id,2026-07-05T22:17:05+00:00,https://eproc.lkpp.go.id/lpse/index/2/0/3,http://eproc.lkpp.go.id/lpse/read/598/lpse-kota-binjai,3,Sumatera Utara,registry card from eProc index; detail_url=http://eproc.lkpp.go.id/lpse/read/598/lpse-kota-binjai,,False,False,False,False,True,1,['inactive_or_inaccessible']
LPSE Kabupaten Labuhan Batu Utara,LPSE Kabupaten Labuhan Batu Utara,Pemerintah Kabupaten,Sumatera Utara,LPSE Kabupaten Labuhan Batu Utara,https://lpse.labura.go.id/eproc4,lpse.labura.go.id,True,True,False,True,4.5u20240614,https://eproc.lkpp.go.id,2026-07-05T22:17:05+00:00,https://eproc.lkpp.go.id/lpse/index/2/0/3,http://eproc.lkpp.go.id/lpse/read/604/lpse-kabupaten-labuhan-batu-utara,3,Sumatera Utara,registry card from eProc index; detail_url=http://eproc.lkpp.go.id/lpse/read/604/lpse-kabupaten-labuhan-batu-utara,,False,False,False,False,True,1,['inactive_or_inaccessible']
LPSE Kabupaten Pakpak Bharat,LPSE Kabupaten Pakpak Bharat,Pemerintah Kabupaten,Sumatera Utara,LPSE Kabupaten Pakpak Bharat,http://lpse.pakpakbharatkab.go.id/eproc4,lpse.pakpakbharatkab.go.id,False,True,False,True,4.5u20240923,https://eproc.lkpp.go.id,2026-07-05T22:17:05+00:00,https://eproc.lkpp.go.id/lpse/index/2/0/3,http://eproc.lkpp.go.id/lpse/read/634/lpse-kabupaten-pakpak-bharat,3,Sumatera Utara,registry card from eProc index; detail_url=http://eproc.lkpp.go.id/lpse/read/634/lpse-kabupaten-pakpak-bharat,,False,False,False,False,True,1,['inactive_or_inaccessible']
LPSE Kabupaten Nias Utara,LPSE Kabupaten Nias Utara,Pemerintah Kabupaten,Sumatera Utara,LPSE Kabupaten Nias Utara,https://lpse.niasutarakab.go.id/eproc4,lpse.niasutarakab.go.id,True,False,False,True,4.5u20240923,https://eproc.lkpp.go.id,2026-07-05T22:17:05+00:00,https://eproc.lkpp.go.id/lpse/index/2/0/3,http://eproc.lkpp.go.id/lpse/read/642/lpse-kabupaten-nias-utara,3,Sumatera Utara,registry card from eProc index; detail_url=http://eproc.lkpp.go.id/lpse/read/642/lpse-kabupaten-nias-utara,,False,False,False,False,True,1,['inactive_or_inaccessible']
