institution_name,institution_display_name,parent_organization,work_unit,location_hint,target_level,total_relevant_packages,total_pagu,months_found,relevant_categories,official_website,contact_email,contact_phone,contact_person,contact_role,contact_source_url,contact_source_type,contact_notes
01 Balai Pelaksana Penyediaan Perumahan dan Kawasan Permukiman Jawa IV,01 Balai Pelaksana Penyediaan Perumahan dan Kawasan Permukiman Jawa IV — Kementerian Perumahan dan Kawasan Permukiman,Kementerian Perumahan dan Kawasan Permukiman,01 Balai Pelaksana Penyediaan Perumahan dan Kawasan Permukiman Jawa IV,"Jawa Timur, Surabaya (Kota)",NATIONAL,1,9660000,May 2026,PRINTER,,,,,,,,
01 Balai Pelaksana Penyediaan Perumahan dan Kawasan Permukiman Sumatera IV,01 Balai Pelaksana Penyediaan Perumahan dan Kawasan Permukiman Sumatera IV — Kementerian Perumahan dan Kawasan Permukiman,Kementerian Perumahan dan Kawasan Permukiman,01 Balai Pelaksana Penyediaan Perumahan dan Kawasan Permukiman Sumatera IV,"Jambi, Jambi (Kota)",NATIONAL,5,88466000,May 2026,LAPTOP; NETWORKING; OFFICE_FURNITURE; PRINTER; SCANNER,,,,,,,,
01 Balai Pelaksana Penyediaan Perumahan dan Kawasan Permukiman Sumatera V,01 Balai Pelaksana Penyediaan Perumahan dan Kawasan Permukiman Sumatera V — Kementerian Perumahan dan Kawasan Permukiman,Kementerian Perumahan dan Kawasan Permukiman,01 Balai Pelaksana Penyediaan Perumahan dan Kawasan Permukiman Sumatera V,"Sumatera Selatan, Palembang (Kota)",NATIONAL,1,7577000,May 2026,PRINTER,,,,,,,,
01 Perumahan dan Kawasan Permukiman Provinsi Bali,01 Perumahan dan Kawasan Permukiman Provinsi Bali — Kementerian Perumahan dan Kawasan Permukiman,Kementerian Perumahan dan Kawasan Permukiman,01 Perumahan dan Kawasan Permukiman Provinsi Bali,"Bali, Denpasar (Kota)",PROVINCE,7,69045000,June 2026; May 2026,CAMERA_VIDEO; DESKTOP; LAPTOP; PRINTER; SCANNER,,,,,,,,
01 Perumahan dan Kawasan Permukiman Provinsi Nusa Tenggara Barat,01 Perumahan dan Kawasan Permukiman Provinsi Nusa Tenggara Barat — Kementerian Perumahan dan Kawasan Permukiman,Kementerian Perumahan dan Kawasan Permukiman,01 Perumahan dan Kawasan Permukiman Provinsi Nusa Tenggara Barat,"Nusa Tenggara Barat, Lombok Barat (Kab.)",PROVINCE,2,28710000,May 2026,PRINTER,,,,,,,,
01 Perumahan dan Kawasan Permukiman Provinsi Sumatera Selatan,01 Perumahan dan Kawasan Permukiman Provinsi Sumatera Selatan — Kementerian Perumahan dan Kawasan Permukiman,Kementerian Perumahan dan Kawasan Permukiman,01 Perumahan dan Kawasan Permukiman Provinsi Sumatera Selatan,"Sumatera Selatan, Palembang (Kota)",PROVINCE,1,2327000,May 2026,OFFICE_FURNITURE,,,,,,,,
03 BALAI HARTA PENINGGALAN SEMARANG,03 BALAI HARTA PENINGGALAN SEMARANG — Kementerian Hukum,Kementerian Hukum,03 BALAI HARTA PENINGGALAN SEMARANG,"Jawa Tengah, Semarang (Kota)",NATIONAL,1,2480000,May 2026,OFFICE_FURNITURE,,,,,,,,
03 BALAI PELATIHAN HUKUM JAWA TENGAH,03 BALAI PELATIHAN HUKUM JAWA TENGAH — Kementerian Hukum,Kementerian Hukum,03 BALAI PELATIHAN HUKUM JAWA TENGAH,"Jawa Tengah, Semarang (Kota)",NATIONAL,1,48000000,May 2026,LAPTOP,,,,,,,,
05 KANWIL JAWA TIMUR AHU,05 KANWIL JAWA TIMUR AHU — Kementerian Hukum,Kementerian Hukum,05 KANWIL JAWA TIMUR AHU,"Jawa Timur, Surabaya (Kota)",NATIONAL,1,34800000,May 2026,IT_HARDWARE,,,,,,,,
05 KANWIL JAWA TIMUR SETJEN,05 KANWIL JAWA TIMUR SETJEN — Kementerian Hukum,Kementerian Hukum,05 KANWIL JAWA TIMUR SETJEN,"Jawa Timur, Surabaya (Kota)",NATIONAL,4,207649000,June 2026; May 2026,CCTV; IT_HARDWARE; LAPTOP,,,,,,,,
05 Perumahan dan Kawasan Permukiman Provinsi Sulawesi Utara,05 Perumahan dan Kawasan Permukiman Provinsi Sulawesi Utara — Kementerian Perumahan dan Kawasan Permukiman,Kementerian Perumahan dan Kawasan Permukiman,05 Perumahan dan Kawasan Permukiman Provinsi Sulawesi Utara,"Sulawesi Utara, Manado (Kota)",PROVINCE,1,14945000,June 2026,IT_HARDWARE,,,,,,,,
07 KANWIL SUMATERA UTARA SETJEN,07 KANWIL SUMATERA UTARA SETJEN — Kementerian Hukum,Kementerian Hukum,07 KANWIL SUMATERA UTARA SETJEN,"Sumatera Utara, Medan (Kota)",NATIONAL,1,31461850,May 2026,IT_HARDWARE,,,,,,,,
19 KANWIL SULAWESI SELATAN BSK,19 KANWIL SULAWESI SELATAN BSK — Kementerian Hukum,Kementerian Hukum,19 KANWIL SULAWESI SELATAN BSK,"Sulawesi Selatan, Makassar (Kota)",NATIONAL,1,1500000,May 2026,IT_HARDWARE,,,,,,,,
21 KANWIL MALUKU SETJEN,21 KANWIL MALUKU SETJEN — Kementerian Hukum,Kementerian Hukum,21 KANWIL MALUKU SETJEN,"Maluku, Ambon (Kota)",NATIONAL,1,65653000,May 2026,AUDIO; LAPTOP; OFFICE_FURNITURE,,,,,,,,
691292/PELAKSANAAN PRASARANA STRATEGIS JAKARTA METROPOLITAN,691292/PELAKSANAAN PRASARANA STRATEGIS JAKARTA METROPOLITAN — Kementerian Pekerjaan Umum,Kementerian Pekerjaan Umum,691292/PELAKSANAAN PRASARANA STRATEGIS JAKARTA METROPOLITAN,"DKI Jakarta, Jakarta Pusat (Kota)",NATIONAL,19,38167495000,May 2026,NETWORKING,,,,,,,,
691293/PELAKSANAAN PRASARANA STRATEGIS BANTEN,691293/PELAKSANAAN PRASARANA STRATEGIS BANTEN — Kementerian Pekerjaan Umum,Kementerian Pekerjaan Umum,691293/PELAKSANAAN PRASARANA STRATEGIS BANTEN,"Banten, Tangerang (Kab.)",NATIONAL,2,3870000000,May 2026,OFFICE_FURNITURE,,,,,,,,
691294/PELAKSANAAN PRASARANA STRATEGIS JAWA BARAT,691294/PELAKSANAAN PRASARANA STRATEGIS JAWA BARAT — Kementerian Pekerjaan Umum,Kementerian Pekerjaan Umum,691294/PELAKSANAAN PRASARANA STRATEGIS JAWA BARAT,"Jawa Barat, Bogor (Kota)",NATIONAL,2,780000000,May 2026,CCTV; IT_HARDWARE,,,,,,,,
691616 BALAI PERBENIHAN TANAMAN HUTAN WILAYAH III,691616 BALAI PERBENIHAN TANAMAN HUTAN WILAYAH III — Kementerian Kehutanan,Kementerian Kehutanan,691616 BALAI PERBENIHAN TANAMAN HUTAN WILAYAH III,"DI Yogyakarta, Sleman (Kab.)",NATIONAL,1,4900000,May 2026,IT_HARDWARE,,,,,,,,
691625 BALAI PERHUTANAN SOSIAL MANOKWARI,691625 BALAI PERHUTANAN SOSIAL MANOKWARI — Kementerian Kehutanan,Kementerian Kehutanan,691625 BALAI PERHUTANAN SOSIAL MANOKWARI,"Papua Barat, Manokwari (Kab.)",NATIONAL,5,9600000,June 2026; May 2026,AUDIO; IT_HARDWARE; OFFICE_FURNITURE,,,,,,,,
693520 SEKRETARIAT JENDERAL KEMENTERIAN KEHUTANAN,693520 SEKRETARIAT JENDERAL KEMENTERIAN KEHUTANAN — Kementerian Kehutanan,Kementerian Kehutanan,693520 SEKRETARIAT JENDERAL KEMENTERIAN KEHUTANAN,"DKI Jakarta, Jakarta Pusat (Kota)",NATIONAL,8,604650000,June 2026; May 2026,CAMERA_VIDEO; IT_HARDWARE; LAPTOP; OFFICE_FURNITURE; PRINTER,,,,,,,,
693521 KANTOR PUSAT SEKRETARIAT JENDERAL KEMENTERIAN KEHUTANAN,693521 KANTOR PUSAT SEKRETARIAT JENDERAL KEMENTERIAN KEHUTANAN — Kementerian Kehutanan,Kementerian Kehutanan,693521 KANTOR PUSAT SEKRETARIAT JENDERAL KEMENTERIAN KEHUTANAN,"DKI Jakarta, Jakarta Pusat (Kota)",NATIONAL,3,776000000,June 2026; May 2026,AUDIO; LAPTOP; NETWORKING,,,,,,,,
693522 INSPEKTORAT JENDERAL KEMENTERIAN KEHUTANAN,693522 INSPEKTORAT JENDERAL KEMENTERIAN KEHUTANAN — Kementerian Kehutanan,Kementerian Kehutanan,693522 INSPEKTORAT JENDERAL KEMENTERIAN KEHUTANAN,"DKI Jakarta, Jakarta Pusat (Kota)",NATIONAL,2,17849000,May 2026,AUDIO,,,,,,,,
693523 BALAI PENGELOLAAN HUTAN LESTARI WILAYAH IV,693523 BALAI PENGELOLAAN HUTAN LESTARI WILAYAH IV — Kementerian Kehutanan,Kementerian Kehutanan,693523 BALAI PENGELOLAAN HUTAN LESTARI WILAYAH IV,"Jambi, Jambi (Kota)",NATIONAL,1,2664000,June 2026,PRINTER,,,,,,,,
693531 KANTOR PUSAT DIREKTORAT JENDERAL PENGELOLAAN HUTAN LESTARI,693531 KANTOR PUSAT DIREKTORAT JENDERAL PENGELOLAAN HUTAN LESTARI — Kementerian Kehutanan,Kementerian Kehutanan,693531 KANTOR PUSAT DIREKTORAT JENDERAL PENGELOLAAN HUTAN LESTARI,"DKI Jakarta, Jakarta Pusat (Kota)",NATIONAL,9,203770000,June 2026; May 2026,CAMERA_VIDEO; IT_HARDWARE; LAPTOP,,,,,,,,
693545 BALAI PENGELOLAAN DAERAH ALIRAN SUNGAI BARITO,693545 BALAI PENGELOLAAN DAERAH ALIRAN SUNGAI BARITO — Kementerian Kehutanan,Kementerian Kehutanan,693545 BALAI PENGELOLAAN DAERAH ALIRAN SUNGAI BARITO,"Kalimantan Selatan, Banjar Baru (Kota)",NATIONAL,3,85561000,June 2026,IT_HARDWARE; LAPTOP,,,,,,,,
693546 BALAI PENGELOLAAN DAERAH ALIRAN SUNGAI JENEBERANG SADDANG,693546 BALAI PENGELOLAAN DAERAH ALIRAN SUNGAI JENEBERANG SADDANG — Kementerian Kehutanan,Kementerian Kehutanan,693546 BALAI PENGELOLAAN DAERAH ALIRAN SUNGAI JENEBERANG SADDANG,"Sulawesi Selatan, Makassar (Kota)",NATIONAL,1,327500000,June 2026,IT_HARDWARE,,,,,,,,
693559 BALAI PENGELOLAAN DAERAH ALIRAN SUNGAI BONE LIMBOTO,693559 BALAI PENGELOLAAN DAERAH ALIRAN SUNGAI BONE LIMBOTO — Kementerian Kehutanan,Kementerian Kehutanan,693559 BALAI PENGELOLAAN DAERAH ALIRAN SUNGAI BONE LIMBOTO,"Gorontalo, Gorontalo (Kab.)",NATIONAL,2,380000000,June 2026; May 2026,LAPTOP; PRINTER,,,,,,,,
693563 BALAI PENGELOLAAN DAERAH ALIRAN SUNGAI UNDA ANYAR,693563 BALAI PENGELOLAAN DAERAH ALIRAN SUNGAI UNDA ANYAR — Kementerian Kehutanan,Kementerian Kehutanan,693563 BALAI PENGELOLAAN DAERAH ALIRAN SUNGAI UNDA ANYAR,"Bali, Badung (Kab.)",NATIONAL,2,1800000,May 2026,IT_HARDWARE,,,,,,,,
693564 BALAI PENGELOLAAN DAERAH ALIRAN SUNGAI DODOKAN MOYOSARI,693564 BALAI PENGELOLAAN DAERAH ALIRAN SUNGAI DODOKAN MOYOSARI — Kementerian Kehutanan,Kementerian Kehutanan,693564 BALAI PENGELOLAAN DAERAH ALIRAN SUNGAI DODOKAN MOYOSARI,"Nusa Tenggara Barat, Mataram (Kota)",NATIONAL,8,20810000,June 2026; May 2026,IT_HARDWARE,,,,,,,,
693568 BALAI PERBENIHAN TANAMAN HUTAN WILAYAH II,693568 BALAI PERBENIHAN TANAMAN HUTAN WILAYAH II — Kementerian Kehutanan,Kementerian Kehutanan,693568 BALAI PERBENIHAN TANAMAN HUTAN WILAYAH II,"Sulawesi Selatan, Makassar (Kota)",NATIONAL,1,2655000,June 2026,IT_HARDWARE,,,,,,,,
693573 BALAI PENGELOLAAN DAERAH ALIRAN SUNGAI KARAMA,693573 BALAI PENGELOLAAN DAERAH ALIRAN SUNGAI KARAMA — Kementerian Kehutanan,Kementerian Kehutanan,693573 BALAI PENGELOLAAN DAERAH ALIRAN SUNGAI KARAMA,"Sulawesi Barat, Mamuju (Kab.)",NATIONAL,2,85500000,May 2026,IT_HARDWARE; PRINTER,,,,,,,,
693574 BALAI PENGELOLAAN DAERAH ALIRAN SUNGAI AKE MALAMO,693574 BALAI PENGELOLAAN DAERAH ALIRAN SUNGAI AKE MALAMO — Kementerian Kehutanan,Kementerian Kehutanan,693574 BALAI PENGELOLAAN DAERAH ALIRAN SUNGAI AKE MALAMO,"Maluku Utara, Ternate (Kota)",NATIONAL,1,230000,May 2026,IT_HARDWARE,,,,,,,,
693576 KANTOR PUSAT DIREKTORAT JENDERAL PENGELOLAAN DAERAH ALIRAN SUNGAI DAN REHABILITASI HUTAN,693576 KANTOR PUSAT DIREKTORAT JENDERAL PENGELOLAAN DAERAH ALIRAN SUNGAI DAN REHABILITASI HUTAN — Kementerian Kehutanan,Kementerian Kehutanan,693576 KANTOR PUSAT DIREKTORAT JENDERAL PENGELOLAAN DAERAH ALIRAN SUNGAI DAN REHABILITASI HUTAN,"Papua Barat Daya, Sorong (Kota)",NATIONAL,3,926920000,June 2026,CAMERA_VIDEO; NETWORKING,,,,,,,,
693604 BALAI TAMAN NASIONAL KOMODO,693604 BALAI TAMAN NASIONAL KOMODO — Kementerian Kehutanan,Kementerian Kehutanan,693604 BALAI TAMAN NASIONAL KOMODO,"Nusa Tenggara Timur, Manggarai Barat (Kab.)",NATIONAL,2,334078000,June 2026,AUDIO; CAMERA_VIDEO,,,,,,,,
693612 KANTOR PUSAT DIREKTORAT JENDERAL KONSERVASI SUMBER DAYA ALAM DAN EKOSISTEM,693612 KANTOR PUSAT DIREKTORAT JENDERAL KONSERVASI SUMBER DAYA ALAM DAN EKOSISTEM — Kementerian Kehutanan,Kementerian Kehutanan,693612 KANTOR PUSAT DIREKTORAT JENDERAL KONSERVASI SUMBER DAYA ALAM DAN EKOSISTEM,"Jawa Barat, Bogor (Kota)",NATIONAL,2,81002000,May 2026,LAPTOP; PRINTER,,,,,,,,
693626 BALAI TAMAN NASIONAL AKETAJAWE LOLOBATA,693626 BALAI TAMAN NASIONAL AKETAJAWE LOLOBATA — Kementerian Kehutanan,Kementerian Kehutanan,693626 BALAI TAMAN NASIONAL AKETAJAWE LOLOBATA,"Maluku Utara, Tidore Kepulauan (Kota)",NATIONAL,1,52000000,May 2026,LAPTOP; SCANNER,,,,,,,,
693656 BALAI PEMANTAPAN KAWASAN HUTAN WILAYAH XXII,693656 BALAI PEMANTAPAN KAWASAN HUTAN WILAYAH XXII — Kementerian Kehutanan,Kementerian Kehutanan,693656 BALAI PEMANTAPAN KAWASAN HUTAN WILAYAH XXII,"Sulawesi Tenggara, Kendari (Kota)",NATIONAL,1,16390000,May 2026,NETWORKING,,,,,,,,
693658 BALAI PEMANTAPAN KAWASAN HUTAN WILAYAH II,693658 BALAI PEMANTAPAN KAWASAN HUTAN WILAYAH II — Kementerian Kehutanan,Kementerian Kehutanan,693658 BALAI PEMANTAPAN KAWASAN HUTAN WILAYAH II,"Sumatera Selatan, Palembang (Kota)",NATIONAL,2,1732300000,May 2026,OFFICE_FURNITURE; PRINTER,,,,,,,,
693673 KANTOR PUSAT DIREKTORAT JENDERAL PLANOLOGI KEHUTANAN,693673 KANTOR PUSAT DIREKTORAT JENDERAL PLANOLOGI KEHUTANAN — Kementerian Kehutanan,Kementerian Kehutanan,693673 KANTOR PUSAT DIREKTORAT JENDERAL PLANOLOGI KEHUTANAN,"Jawa Barat, Bogor (Kota)",NATIONAL,5,99000000,June 2026; May 2026,IT_HARDWARE,,,,,,,,
693674 BALAI PEMANTAPAN KAWASAN HUTAN WILAYAH XI,693674 BALAI PEMANTAPAN KAWASAN HUTAN WILAYAH XI — Kementerian Kehutanan,Kementerian Kehutanan,693674 BALAI PEMANTAPAN KAWASAN HUTAN WILAYAH XI,"DI Yogyakarta, Yogyakarta (Kota)",NATIONAL,2,60150000,May 2026,OFFICE_FURNITURE,,,,,,,,
693698 PUSAT PENDIDIKAN DAN PELATIHAN SUMBER DAYA MANUSIA KEHUTANAN,693698 PUSAT PENDIDIKAN DAN PELATIHAN SUMBER DAYA MANUSIA KEHUTANAN — Kementerian Kehutanan,Kementerian Kehutanan,693698 PUSAT PENDIDIKAN DAN PELATIHAN SUMBER DAYA MANUSIA KEHUTANAN,"Jawa Barat, Bogor (Kota)",NATIONAL,1,24000000,June 2026,IT_HARDWARE,,,,,,,,
693704 SEKOLAH MENENGAH KEJURUAN KEHUTANAN NEGERI SAMARINDA,693704 SEKOLAH MENENGAH KEJURUAN KEHUTANAN NEGERI SAMARINDA — Kementerian Kehutanan,Kementerian Kehutanan,693704 SEKOLAH MENENGAH KEJURUAN KEHUTANAN NEGERI SAMARINDA,"Kalimantan Timur, Samarinda (Kota)",NATIONAL,1,203592000,May 2026,OFFICE_FURNITURE,,,,,,,,
693708 BALAI PERHUTANAN SOSIAL DENPASAR,693708 BALAI PERHUTANAN SOSIAL DENPASAR — Kementerian Kehutanan,Kementerian Kehutanan,693708 BALAI PERHUTANAN SOSIAL DENPASAR,"Nusa Tenggara Barat, Mataram (Kota)",NATIONAL,1,4887000,May 2026,OFFICE_FURNITURE,,,,,,,,
693718 BALAI PENEGAKAN HUKUM KEHUTANAN WILAYAH MALUKU PAPUA,693718 BALAI PENEGAKAN HUKUM KEHUTANAN WILAYAH MALUKU PAPUA — Kementerian Kehutanan,Kementerian Kehutanan,693718 BALAI PENEGAKAN HUKUM KEHUTANAN WILAYAH MALUKU PAPUA,"Papua Barat, Manokwari (Kab.)",NATIONAL,3,352000000,June 2026; May 2026,LAPTOP,,,,,,,,
693723 BALAI PENGENDALIAN KEBAKARAN HUTAN WILAYAH SULAWESI,693723 BALAI PENGENDALIAN KEBAKARAN HUTAN WILAYAH SULAWESI — Kementerian Kehutanan,Kementerian Kehutanan,693723 BALAI PENGENDALIAN KEBAKARAN HUTAN WILAYAH SULAWESI,"Sulawesi Selatan, Makassar (Kota)",NATIONAL,1,6000000,June 2026,PRINTER,,,,,,,,
693789/DIREKTORAT PEMBANGUNAN JEMBATAN,693789/DIREKTORAT PEMBANGUNAN JEMBATAN — Kementerian Pekerjaan Umum,Kementerian Pekerjaan Umum,693789/DIREKTORAT PEMBANGUNAN JEMBATAN,"DKI Jakarta, Jakarta Selatan (Kota)",NATIONAL,1,145500000,May 2026,CAMERA_VIDEO,,,,,,,,
693800/DIREKTORAT BINA TEKNIK JALAN DAN JEMBATAN,693800/DIREKTORAT BINA TEKNIK JALAN DAN JEMBATAN — Kementerian Pekerjaan Umum,Kementerian Pekerjaan Umum,693800/DIREKTORAT BINA TEKNIK JALAN DAN JEMBATAN,"DKI Jakarta, Jakarta Pusat (Kota)",NATIONAL,1,268500000,June 2026,NETWORKING,,,,,,,,
693848/PERENCANAAN DAN PENGAWASAN JALAN NASIONAL PROVINSI NUSA TENGGARA BARAT,693848/PERENCANAAN DAN PENGAWASAN JALAN NASIONAL PROVINSI NUSA TENGGARA BARAT — Kementerian Pekerjaan Umum,Kementerian Pekerjaan Umum,693848/PERENCANAAN DAN PENGAWASAN JALAN NASIONAL PROVINSI NUSA TENGGARA BARAT,"Nusa Tenggara Barat, Lombok Barat (Kab.)",PROVINCE,1,36455000,May 2026,LAPTOP,,,,,,,,
693960/BALAI PELAKSANAAN JALAN NASIONAL SULAWESI TENGGARA,693960/BALAI PELAKSANAAN JALAN NASIONAL SULAWESI TENGGARA — Kementerian Pekerjaan Umum,Kementerian Pekerjaan Umum,693960/BALAI PELAKSANAAN JALAN NASIONAL SULAWESI TENGGARA,"Sulawesi Tenggara, Kendari (Kota)",NATIONAL,1,23522000,May 2026,LAPTOP,,,,,,,,
693974/PELAKSANAAN CIPTA KARYA WILAYAH III PROVINSI SUMATERA UTARA,693974/PELAKSANAAN CIPTA KARYA WILAYAH III PROVINSI SUMATERA UTARA — Kementerian Pekerjaan Umum,Kementerian Pekerjaan Umum,693974/PELAKSANAAN CIPTA KARYA WILAYAH III PROVINSI SUMATERA UTARA,"Sumatera Utara, Medan (Kota)",PROVINCE,3,44320000,May 2026,IT_HARDWARE,,,,,,,,
693986/DIREKTORAT SANITASI,693986/DIREKTORAT SANITASI — Kementerian Pekerjaan Umum,Kementerian Pekerjaan Umum,693986/DIREKTORAT SANITASI,"DKI Jakarta, Jakarta Selatan (Kota)",NATIONAL,1,18000000,May 2026,CAMERA_VIDEO,,,,,,,,
693987/BALAI PENATAAN BANGUNAN PRASARANA DAN KAWASAN JAKARTA METROPOLITAN,693987/BALAI PENATAAN BANGUNAN PRASARANA DAN KAWASAN JAKARTA METROPOLITAN — Kementerian Pekerjaan Umum,Kementerian Pekerjaan Umum,693987/BALAI PENATAAN BANGUNAN PRASARANA DAN KAWASAN JAKARTA METROPOLITAN,"DKI Jakarta, Jakarta Pusat (Kota)",NATIONAL,1,67500000,May 2026,IT_HARDWARE,,,,,,,,
693999/BALAI PENATAAN BANGUNAN PRASARANA DAN KAWASAN BALI,693999/BALAI PENATAAN BANGUNAN PRASARANA DAN KAWASAN BALI — Kementerian Pekerjaan Umum,Kementerian Pekerjaan Umum,693999/BALAI PENATAAN BANGUNAN PRASARANA DAN KAWASAN BALI,"Bali, Denpasar (Kota)",NATIONAL,1,7390000,May 2026,IT_HARDWARE,,,,,,,,
694003/BALAI PENATAAN BANGUNAN PRASARANA DAN KAWASAN ACEH,694003/BALAI PENATAAN BANGUNAN PRASARANA DAN KAWASAN ACEH — Kementerian Pekerjaan Umum,Kementerian Pekerjaan Umum,694003/BALAI PENATAAN BANGUNAN PRASARANA DAN KAWASAN ACEH,"Aceh, Aceh Besar (Kab.)",NATIONAL,2,84254000,May 2026,CAMERA_VIDEO; LAPTOP,,,,,,,,
694016/BALAI PENATAAN BANGUNAN PRASARANA DAN KAWASAN KALIMANTAN TIMUR,694016/BALAI PENATAAN BANGUNAN PRASARANA DAN KAWASAN KALIMANTAN TIMUR — Kementerian Pekerjaan Umum,Kementerian Pekerjaan Umum,694016/BALAI PENATAAN BANGUNAN PRASARANA DAN KAWASAN KALIMANTAN TIMUR,"Kalimantan Timur, Samarinda (Kota)",NATIONAL,1,237000000,June 2026,LAPTOP,,,,,,,,
694022/SEKRETARIAT DIREKTORAT JENDERAL CIPTA KARYA,694022/SEKRETARIAT DIREKTORAT JENDERAL CIPTA KARYA — Kementerian Pekerjaan Umum,Kementerian Pekerjaan Umum,694022/SEKRETARIAT DIREKTORAT JENDERAL CIPTA KARYA,"DKI Jakarta, Jakarta Pusat (Kota)",NATIONAL,1,1000,June 2026,AUDIO; CAMERA_VIDEO,,,,,,,,
694124 / OPERASI DAN PEMELIHARAAN SUMBER DAYA AIR KALIMANTAN III,694124 / OPERASI DAN PEMELIHARAAN SUMBER DAYA AIR KALIMANTAN III — Kementerian Pekerjaan Umum,Kementerian Pekerjaan Umum,694124 / OPERASI DAN PEMELIHARAAN SUMBER DAYA AIR KALIMANTAN III,"Kalimantan Selatan, Barito Kuala (Kab.)",NATIONAL,2,21225000,May 2026,LAPTOP; PRINTER,,,,,,,,
694148 / OPERASI DAN PEMELIHARAAN SDA SUMATERA IV,694148 / OPERASI DAN PEMELIHARAAN SDA SUMATERA IV — Kementerian Pekerjaan Umum,Kementerian Pekerjaan Umum,694148 / OPERASI DAN PEMELIHARAAN SDA SUMATERA IV,"Kepulauan Riau, Bintan (Kab.)",NATIONAL,1,4954604000,May 2026,STORAGE,,,,,,,,
694277 / BALAI BESAR WILAYAH SUNGAI MESUJI SEKAMPUNG,694277 / BALAI BESAR WILAYAH SUNGAI MESUJI SEKAMPUNG — Kementerian Pekerjaan Umum,Kementerian Pekerjaan Umum,694277 / BALAI BESAR WILAYAH SUNGAI MESUJI SEKAMPUNG,"Lampung, Bandar Lampung (Kota)",NATIONAL,1,51000000,May 2026,LAPTOP,,,,,,,,
694278 / BALAI BESAR WILAYAH SUNGAI CIDANAU CIUJUNG CIDURIAN,694278 / BALAI BESAR WILAYAH SUNGAI CIDANAU CIUJUNG CIDURIAN — Kementerian Pekerjaan Umum,Kementerian Pekerjaan Umum,694278 / BALAI BESAR WILAYAH SUNGAI CIDANAU CIUJUNG CIDURIAN,"Banten, Serang (Kota)",NATIONAL,1,22300000,May 2026,LAPTOP,,,,,,,,
694285/ BALAI BESAR WILAYAH SUNGAI BENGAWAN SOLO,694285/ BALAI BESAR WILAYAH SUNGAI BENGAWAN SOLO — Kementerian Pekerjaan Umum,Kementerian Pekerjaan Umum,694285/ BALAI BESAR WILAYAH SUNGAI BENGAWAN SOLO,"Jawa Tengah, Jakarta Selatan (Kota)",NATIONAL,2,19850000,May 2026,AUDIO; CAMERA_VIDEO; CCTV; UPS,,,,,,,,
694289 / BALAI WILAYAH SUNGAI BALI PENIDA,694289 / BALAI WILAYAH SUNGAI BALI PENIDA — Kementerian Pekerjaan Umum,Kementerian Pekerjaan Umum,694289 / BALAI WILAYAH SUNGAI BALI PENIDA,"Bali, Jakarta Selatan (Kota)",NATIONAL,3,62000000,June 2026; May 2026,LAPTOP; OFFICE_FURNITURE; PRINTER,,,,,,,,
694369/DIREKTORAT KESELAMATAN DAN KEBERLANJUTAN KONSTRUKSI,694369/DIREKTORAT KESELAMATAN DAN KEBERLANJUTAN KONSTRUKSI — Kementerian Pekerjaan Umum,Kementerian Pekerjaan Umum,694369/DIREKTORAT KESELAMATAN DAN KEBERLANJUTAN KONSTRUKSI,"DKI Jakarta, Jakarta Selatan (Kota)",NATIONAL,1,40584000,May 2026,LAPTOP,,,,,,,,
694379/BALAI PELAKSANA PEMILIHAN JASA KONSTRUKSI WILAYAH SUMATERA BARAT,694379/BALAI PELAKSANA PEMILIHAN JASA KONSTRUKSI WILAYAH SUMATERA BARAT — Kementerian Pekerjaan Umum,Kementerian Pekerjaan Umum,694379/BALAI PELAKSANA PEMILIHAN JASA KONSTRUKSI WILAYAH SUMATERA BARAT,"Sumatera Barat, Padang (Kota)",NATIONAL,1,25839000,May 2026,CAMERA_VIDEO,,,,,,,,
694380/BALAI PELAKSANA PEMILIHAN JASA KONSTRUKSI WILAYAH RIAU,694380/BALAI PELAKSANA PEMILIHAN JASA KONSTRUKSI WILAYAH RIAU — Kementerian Pekerjaan Umum,Kementerian Pekerjaan Umum,694380/BALAI PELAKSANA PEMILIHAN JASA KONSTRUKSI WILAYAH RIAU,"Riau, Pekanbaru (Kota)",NATIONAL,1,45628000,May 2026,IT_HARDWARE,,,,,,,,
694383/BALAI PELAKSANA PEMILIHAN JASA KONSTRUKSI WILAYAH BANGKA BELITUNG,694383/BALAI PELAKSANA PEMILIHAN JASA KONSTRUKSI WILAYAH BANGKA BELITUNG — Kementerian Pekerjaan Umum,Kementerian Pekerjaan Umum,694383/BALAI PELAKSANA PEMILIHAN JASA KONSTRUKSI WILAYAH BANGKA BELITUNG,"Kep. Bangka Belitung, Pangkal Pinang (Kota)",NATIONAL,1,17677000,June 2026,LAPTOP,,,,,,,,
694385/BALAI PELAKSANA PEMILIHAN JASA KONSTRUKSI WILAYAH LAMPUNG,694385/BALAI PELAKSANA PEMILIHAN JASA KONSTRUKSI WILAYAH LAMPUNG — Kementerian Pekerjaan Umum,Kementerian Pekerjaan Umum,694385/BALAI PELAKSANA PEMILIHAN JASA KONSTRUKSI WILAYAH LAMPUNG,"Lampung, Bandar Lampung (Kota)",NATIONAL,2,30440000,May 2026,LAPTOP; SCANNER,,,,,,,,
694391/BALAI PELAKSANA PEMILIHAN JASA KONSTRUKSI WILAYAH JAWA TENGAH,694391/BALAI PELAKSANA PEMILIHAN JASA KONSTRUKSI WILAYAH JAWA TENGAH — Kementerian Pekerjaan Umum,Kementerian Pekerjaan Umum,694391/BALAI PELAKSANA PEMILIHAN JASA KONSTRUKSI WILAYAH JAWA TENGAH,"Jawa Tengah, Semarang (Kota)",NATIONAL,1,35130000,May 2026,IT_HARDWARE,,,,,,,,
694397/BALAI PELAKSANA PEMILIHAN JASA KONSTRUKSI WILAYAH KALIMANTAN UTARA,694397/BALAI PELAKSANA PEMILIHAN JASA KONSTRUKSI WILAYAH KALIMANTAN UTARA — Kementerian Pekerjaan Umum,Kementerian Pekerjaan Umum,694397/BALAI PELAKSANA PEMILIHAN JASA KONSTRUKSI WILAYAH KALIMANTAN UTARA,"Kalimantan Utara, Bulungan (Kab.)",NATIONAL,1,26000000,May 2026,LAPTOP,,,,,,,,
694398/BALAI PELAKSANA PEMILIHAN JASA KONSTRUKSI WILAYAH SULAWESI SELATAN,694398/BALAI PELAKSANA PEMILIHAN JASA KONSTRUKSI WILAYAH SULAWESI SELATAN — Kementerian Pekerjaan Umum,Kementerian Pekerjaan Umum,694398/BALAI PELAKSANA PEMILIHAN JASA KONSTRUKSI WILAYAH SULAWESI SELATAN,"Sulawesi Selatan, Makassar (Kota)",NATIONAL,1,4000000,May 2026,OFFICE_FURNITURE,,,,,,,,
694399/BALAI PELAKSANA PEMILIHAN JASA KONSTRUKSI WILAYAH SULAWESI BARAT,694399/BALAI PELAKSANA PEMILIHAN JASA KONSTRUKSI WILAYAH SULAWESI BARAT — Kementerian Pekerjaan Umum,Kementerian Pekerjaan Umum,694399/BALAI PELAKSANA PEMILIHAN JASA KONSTRUKSI WILAYAH SULAWESI BARAT,"Sulawesi Barat, Jakarta Selatan (Kota)",NATIONAL,1,22120000,May 2026,CAMERA_VIDEO,,,,,,,,
694400/BALAI PELAKSANA PEMILIHAN JASA KONSTRUKSI WILAYAH SULAWESI TENGAH,694400/BALAI PELAKSANA PEMILIHAN JASA KONSTRUKSI WILAYAH SULAWESI TENGAH — Kementerian Pekerjaan Umum,Kementerian Pekerjaan Umum,694400/BALAI PELAKSANA PEMILIHAN JASA KONSTRUKSI WILAYAH SULAWESI TENGAH,"Sulawesi Tengah, Palu (Kota)",NATIONAL,2,27154000,May 2026,LAPTOP; OFFICE_FURNITURE,,,,,,,,
694403/BALAI PELAKSANA PEMILIHAN JASA KONSTRUKSI WILAYAH PAPUA BARAT,694403/BALAI PELAKSANA PEMILIHAN JASA KONSTRUKSI WILAYAH PAPUA BARAT — Kementerian Pekerjaan Umum,Kementerian Pekerjaan Umum,694403/BALAI PELAKSANA PEMILIHAN JASA KONSTRUKSI WILAYAH PAPUA BARAT,"Papua Barat, Manokwari (Kab.)",NATIONAL,1,24501000,May 2026,LAPTOP; PRINTER,,,,,,,,
694405/BALAI PELAKSANA PEMILIHAN JASA KONSTRUKSI WILAYAH BALI,694405/BALAI PELAKSANA PEMILIHAN JASA KONSTRUKSI WILAYAH BALI — Kementerian Pekerjaan Umum,Kementerian Pekerjaan Umum,694405/BALAI PELAKSANA PEMILIHAN JASA KONSTRUKSI WILAYAH BALI,"Bali, Denpasar (Kota)",NATIONAL,2,11300000,May 2026,CCTV; IT_HARDWARE,,,,,,,,
694409/BALAI PELAKSANA PEMILIHAN JASA KONSTRUKSI WILAYAH SULAWESI UTARA,694409/BALAI PELAKSANA PEMILIHAN JASA KONSTRUKSI WILAYAH SULAWESI UTARA — Kementerian Pekerjaan Umum,Kementerian Pekerjaan Umum,694409/BALAI PELAKSANA PEMILIHAN JASA KONSTRUKSI WILAYAH SULAWESI UTARA,"Sulawesi Utara, Manado (Kota)",NATIONAL,1,8174000,May 2026,OFFICE_FURNITURE,,,,,,,,
694413/BALAI JASA KONSTRUKSI WILAYAH VI MAKASSAR,694413/BALAI JASA KONSTRUKSI WILAYAH VI MAKASSAR — Kementerian Pekerjaan Umum,Kementerian Pekerjaan Umum,694413/BALAI JASA KONSTRUKSI WILAYAH VI MAKASSAR,"Sulawesi Selatan, Makassar (Kota)",NATIONAL,1,6000000,May 2026,SCANNER,,,,,,,,
694416/SEKRETARIAT BADAN PENGEMBANGAN INFRASTRUKTUR WILAYAH,694416/SEKRETARIAT BADAN PENGEMBANGAN INFRASTRUKTUR WILAYAH — Kementerian Pekerjaan Umum,Kementerian Pekerjaan Umum,694416/SEKRETARIAT BADAN PENGEMBANGAN INFRASTRUKTUR WILAYAH,"DKI Jakarta, Jakarta Selatan (Kota)",NATIONAL,2,54000000,May 2026,IT_HARDWARE,,,,,,,,
694419/PUSAT PENGEMBANGAN INFRASTRUKTUR PEKERJAAN UMUM WILAYAH II,694419/PUSAT PENGEMBANGAN INFRASTRUKTUR PEKERJAAN UMUM WILAYAH II — Kementerian Pekerjaan Umum,Kementerian Pekerjaan Umum,694419/PUSAT PENGEMBANGAN INFRASTRUKTUR PEKERJAAN UMUM WILAYAH II,"DKI Jakarta, Jakarta Selatan (Kota)",NATIONAL,7,195534000,June 2026; May 2026,IT_HARDWARE,,,,,,,,
694420/PUSAT PENGEMBANGAN INFRASTRUKTUR PEKERJAAN UMUM WILAYAH III,694420/PUSAT PENGEMBANGAN INFRASTRUKTUR PEKERJAAN UMUM WILAYAH III — Kementerian Pekerjaan Umum,Kementerian Pekerjaan Umum,694420/PUSAT PENGEMBANGAN INFRASTRUKTUR PEKERJAAN UMUM WILAYAH III,"DKI Jakarta, Jakarta Pusat (Kota)",NATIONAL,1,39345000,June 2026,IT_HARDWARE,,,,,,,,
694426/BALAI PENGEMBANGAN KOMPETENSI PEKERJAAN UMUM DAN PERUMAHAN RAKYAT WILAYAH V YOGYAKARTA,694426/BALAI PENGEMBANGAN KOMPETENSI PEKERJAAN UMUM DAN PERUMAHAN RAKYAT WILAYAH V YOGYAKARTA — Kementerian Pekerjaan Umum,Kementerian Pekerjaan Umum,694426/BALAI PENGEMBANGAN KOMPETENSI PEKERJAAN UMUM DAN PERUMAHAN RAKYAT WILAYAH V YOGYAKARTA,"DI Yogyakarta, Yogyakarta (Kota)",NATIONAL,3,29510000,May 2026,AUDIO; LAPTOP; STORAGE,,,,,,,,
694430/BALAI PENGEMBANGAN KOMPETENSI PEKERJAAN UMUM DAN PERUMAHAN RAKYAT WILAYAH III JAKARTA,694430/BALAI PENGEMBANGAN KOMPETENSI PEKERJAAN UMUM DAN PERUMAHAN RAKYAT WILAYAH III JAKARTA — Kementerian Pekerjaan Umum,Kementerian Pekerjaan Umum,694430/BALAI PENGEMBANGAN KOMPETENSI PEKERJAAN UMUM DAN PERUMAHAN RAKYAT WILAYAH III JAKARTA,"DKI Jakarta, Jakarta Selatan (Kota)",NATIONAL,1,30300000,May 2026,DESKTOP,,,,,,,,
694436/POLITEKNIK PEKERJAAN UMUM,694436/POLITEKNIK PEKERJAAN UMUM — Kementerian Pekerjaan Umum,Kementerian Pekerjaan Umum,694436/POLITEKNIK PEKERJAAN UMUM,"Jawa Tengah, Semarang (Kota)",NATIONAL,4,1945457000,May 2026,CAMERA_VIDEO; CCTV; IT_HARDWARE; OFFICE_FURNITURE,,,,,,,,
90746154 BADAN PENGELOLA DANA LINGKUNGAN HIDUP RBC 2 DAN 3,90746154 BADAN PENGELOLA DANA LINGKUNGAN HIDUP RBC 2 DAN 3 — Kementerian Kehutanan,Kementerian Kehutanan,90746154 BADAN PENGELOLA DANA LINGKUNGAN HIDUP RBC 2 DAN 3,"DKI Jakarta, Jakarta Pusat (Kota)",NATIONAL,2,3162000000,June 2026; May 2026,NETWORKING; SERVER,,,,,,,,
AKADEMI KOMUNITAS NEGERI REJANG LEBONG,"AKADEMI KOMUNITAS NEGERI REJANG LEBONG — Kementerian Pendidikan Tinggi, Sains, dan Teknologi","Kementerian Pendidikan Tinggi, Sains, dan Teknologi",AKADEMI KOMUNITAS NEGERI REJANG LEBONG,"Bengkulu, Rejang Lebong (Kab.)",NATIONAL,1,57276000,May 2026,OFFICE_FURNITURE,,,,,,,,
BADAN GIZI NASIONAL,BADAN GIZI NASIONAL,Badan Gizi Nasional,BADAN GIZI NASIONAL,"DKI Jakarta, Jakarta Pusat (Kota)",NATIONAL,2,287000000,June 2026; May 2026,AUDIO; IT_HARDWARE,,,,,,,,
BADAN KEPEGAWAIAN DAERAH,BADAN KEPEGAWAIAN DAERAH — Provinsi Sumatera Barat,Provinsi Sumatera Barat,BADAN KEPEGAWAIAN DAERAH,"Sumatera Barat, Padang (Kota)",PROVINCE,5,112193700,June 2026; May 2026,DESKTOP; IT_HARDWARE; OFFICE_FURNITURE; PRINTER,,,,,,,,
BADAN KEPEGAWAIAN DAN PENGEMBANGAN SDM,BADAN KEPEGAWAIAN DAN PENGEMBANGAN SDM — Kab. Jember,Kab. Jember,BADAN KEPEGAWAIAN DAN PENGEMBANGAN SDM,"Jawa Timur, Jember (Kab.)",EDUCATION,1,42500000,June 2026,NETWORKING,,,,,,,,
BADAN KEPEGAWAIAN DAN PENGEMBANGAN SUMBER DAYA MANUSIA DAERAH,BADAN KEPEGAWAIAN DAN PENGEMBANGAN SUMBER DAYA MANUSIA DAERAH — Kab. Bangka Selatan,Kab. Bangka Selatan,BADAN KEPEGAWAIAN DAN PENGEMBANGAN SUMBER DAYA MANUSIA DAERAH,"Kep. Bangka Belitung, Bangka Selatan (Kab.)",LOCAL_AGENCY,2,1765000,June 2026,IT_HARDWARE; OFFICE_FURNITURE,,,,,,,,
BADAN KEPEGAWAIAN DAN PENGEMBANGAN SUMBER DAYA MANUSIA,BADAN KEPEGAWAIAN DAN PENGEMBANGAN SUMBER DAYA MANUSIA — Kab. Kendal,Kab. Kendal,BADAN KEPEGAWAIAN DAN PENGEMBANGAN SUMBER DAYA MANUSIA,"Jawa Tengah, Kendal (Kab.)",LOCAL_AGENCY,31,1032210854,June 2026; May 2026,DESKTOP; IT_HARDWARE; OFFICE_FURNITURE; PRINTER,,,,,,,,
BADAN KEPEGAWAIAN NEGARA KANTOR PUSAT JAKARTA,BADAN KEPEGAWAIAN NEGARA KANTOR PUSAT JAKARTA — Badan Kepegawaian Negara,Badan Kepegawaian Negara,BADAN KEPEGAWAIAN NEGARA KANTOR PUSAT JAKARTA,"DKI Jakarta, Jakarta Timur (Kota)",NATIONAL,4,381648000,June 2026; May 2026,IT_HARDWARE; NETWORKING; UPS,,,,,,,,
"BADAN KEPEGAWAIAN, PENDIDIKAN DAN PELATIHAN","BADAN KEPEGAWAIAN, PENDIDIKAN DAN PELATIHAN — Kota Semarang",Kota Semarang,"BADAN KEPEGAWAIAN, PENDIDIKAN DAN PELATIHAN","Jawa Tengah, Semarang (Kota)",LOCAL_AGENCY,2,95331140,June 2026; May 2026,CCTV; IT_HARDWARE,,,,,,,,
BADAN KESATUAN BANGSA DAN POLITIK,BADAN KESATUAN BANGSA DAN POLITIK — Kab. Kepulauan Mentawai,Kab. Kepulauan Mentawai,BADAN KESATUAN BANGSA DAN POLITIK,"Sumatera Barat, Kepulauan Mentawai (Kab.)",LOCAL_AGENCY,39,1874623426,June 2026; May 2026,AUDIO; CAMERA_VIDEO; DESKTOP; IT_HARDWARE; OFFICE_FURNITURE; PRINTER,,,,,,,,
"BADAN KESATUAN BANGSA, POLITIK DAN PERLINDUNGAN MASYARAKAT","BADAN KESATUAN BANGSA, POLITIK DAN PERLINDUNGAN MASYARAKAT — Kab. Kolaka",Kab. Kolaka,"BADAN KESATUAN BANGSA, POLITIK DAN PERLINDUNGAN MASYARAKAT","Sulawesi Tenggara, Kolaka (Kab.) | Sulawesi Tenggara, Kolaka (Kab.) | Sulawesi Tenggara, Kolaka (Kab.) | Sulawesi Tenggara, Kolaka (Kab.)",LOCAL_AGENCY,2,3744000,June 2026; May 2026,IT_HARDWARE,,,,,,,,
BADAN KEUANGAN DAERAH,BADAN KEUANGAN DAERAH — Kota Depok,Kota Depok,BADAN KEUANGAN DAERAH,"Jawa Barat, Depok (Kota)",LOCAL_AGENCY,4,307037000,June 2026; May 2026,IT_HARDWARE; OFFICE_FURNITURE; STORAGE,,,,,,,,
BADAN KEUANGAN DAN ASET DAERAH,BADAN KEUANGAN DAN ASET DAERAH — Kab. Sleman,Kab. Sleman,BADAN KEUANGAN DAN ASET DAERAH,"DI Yogyakarta, Sleman (Kab.)",LOCAL_AGENCY,16,628171047,June 2026; May 2026,DESKTOP; IT_HARDWARE; LAPTOP; OFFICE_FURNITURE; PRINTER,,,,,,,,
BADAN KOMUNIKASI PEMERINTAH,BADAN KOMUNIKASI PEMERINTAH — Kementerian Sekretariat Negara,Kementerian Sekretariat Negara,BADAN KOMUNIKASI PEMERINTAH,"DKI Jakarta, Jakarta Pusat (Kota)",NATIONAL,1,6840080000,May 2026,LAPTOP,,,,,,,,
BADAN NARKOTIKA NASIONAL KABUPATEN KARIMUN,BADAN NARKOTIKA NASIONAL KABUPATEN KARIMUN — Badan Narkotika Nasional,Badan Narkotika Nasional,BADAN NARKOTIKA NASIONAL KABUPATEN KARIMUN,"Kepulauan Riau, Karimun (Kab.)",NATIONAL,6,1145000,June 2026; May 2026,IT_HARDWARE,,,,,,,,
BADAN NARKOTIKA NASIONAL KOTA TANJUNG BALAI,BADAN NARKOTIKA NASIONAL KOTA TANJUNG BALAI — Badan Narkotika Nasional,Badan Narkotika Nasional,BADAN NARKOTIKA NASIONAL KOTA TANJUNG BALAI,"Sumatera Utara, Tanjung Balai (Kota)",NATIONAL,5,946000,June 2026; May 2026,IT_HARDWARE,,,,,,,,
BADAN NARKOTIKA NASIONAL PROVINSI JAWA TENGAH,BADAN NARKOTIKA NASIONAL PROVINSI JAWA TENGAH — Badan Narkotika Nasional,Badan Narkotika Nasional,BADAN NARKOTIKA NASIONAL PROVINSI JAWA TENGAH,"Jawa Tengah, Semarang (Kota)",PROVINCE,6,232222000,May 2026,AUDIO; CAMERA_VIDEO; LAPTOP; NETWORKING; OFFICE_FURNITURE; PRINTER,,,,,,,,
BADAN PELAYANAN PENGADAAN BARANG/JASA,BADAN PELAYANAN PENGADAAN BARANG/JASA — Provinsi DKI Jakarta,Provinsi DKI Jakarta,BADAN PELAYANAN PENGADAAN BARANG/JASA,"DKI Jakarta, Jakarta Pusat (Kota)",PROVINCE,4,541693360,June 2026; May 2026,AUDIO; CCTV; LAPTOP; PRINTER,,,,,,,,
BADAN PENANGGULANGAN BENCANA DAERAH KOTA GUNUNGSITOLI,BADAN PENANGGULANGAN BENCANA DAERAH KOTA GUNUNGSITOLI — Kota Gunungsitoli,Kota Gunungsitoli,BADAN PENANGGULANGAN BENCANA DAERAH KOTA GUNUNGSITOLI,"Sumatera Utara, Gunung Sitoli (Kota)",LOCAL_AGENCY,1,14097000,May 2026,DESKTOP,,,,,,,,
BADAN PENANGGULANGAN BENCANA DAERAH,BADAN PENANGGULANGAN BENCANA DAERAH — Kab. Kepulauan Mentawai,Kab. Kepulauan Mentawai,BADAN PENANGGULANGAN BENCANA DAERAH,"Sumatera Barat, Kepulauan Mentawai (Kab.)",LOCAL_AGENCY,18,650607792,June 2026; May 2026,AUDIO; CAMERA_VIDEO; CCTV; DESKTOP; IT_HARDWARE; OFFICE_FURNITURE,,,,,,,,
BADAN PENANGGULANGAN BENCANA KABUPATEN,BADAN PENANGGULANGAN BENCANA KABUPATEN — Kab. Aceh Jaya,Kab. Aceh Jaya,BADAN PENANGGULANGAN BENCANA KABUPATEN,"Aceh, Aceh Jaya (Kab.)",LOCAL_AGENCY,1,860000,May 2026,IT_HARDWARE,,,,,,,,
BADAN PENDAPATAN DAERAH PROVINSI KALIMANTAN BARAT,BADAN PENDAPATAN DAERAH PROVINSI KALIMANTAN BARAT — Provinsi Kalimantan Barat,Provinsi Kalimantan Barat,BADAN PENDAPATAN DAERAH PROVINSI KALIMANTAN BARAT,"Kalimantan Barat, Pontianak (Kota)",PROVINCE,3,18284000,June 2026; May 2026,IT_HARDWARE,,,,,,,,
BADAN PENDAPATAN DAERAH,BADAN PENDAPATAN DAERAH — Provinsi Jawa Timur,Provinsi Jawa Timur,BADAN PENDAPATAN DAERAH,"Jawa Timur, Surabaya (Kota)",PROVINCE,49,2907288908,June 2026; May 2026,AUDIO; CAMERA_VIDEO; CCTV; DESKTOP; IT_HARDWARE; LAPTOP; NETWORKING; OFFICE_FURNITURE; PRINTER; STORAGE,,,,,,,,
BADAN PENDAPATAN PENGELOLAAN KEUANGAN DAN ASET DAERAH,BADAN PENDAPATAN PENGELOLAAN KEUANGAN DAN ASET DAERAH — Kab. Intan Jaya,Kab. Intan Jaya,BADAN PENDAPATAN PENGELOLAAN KEUANGAN DAN ASET DAERAH,"Papua Tengah, Intan Jaya (Kab.)",LOCAL_AGENCY,6,15369492,June 2026; May 2026,IT_HARDWARE; PRINTER,,,,,,,,
BADAN PENDIDIKAN DAN PELATIHAN KEUANGAN,BADAN PENDIDIKAN DAN PELATIHAN KEUANGAN — Kementerian Keuangan,Kementerian Keuangan,BADAN PENDIDIKAN DAN PELATIHAN KEUANGAN,"DKI Jakarta, Jakarta Selatan (Kota)",NATIONAL,2,300188000,May 2026,CAMERA_VIDEO; LAPTOP,,,,,,,,
BADAN PENDIDIKAN DAN PELATIHAN PEMERIKSAAN KEUANGAN NEGARA,BADAN PENDIDIKAN DAN PELATIHAN PEMERIKSAAN KEUANGAN NEGARA — Badan Pemeriksa Keuangan,Badan Pemeriksa Keuangan,BADAN PENDIDIKAN DAN PELATIHAN PEMERIKSAAN KEUANGAN NEGARA,"DKI Jakarta, Jakarta Selatan (Kota)",NATIONAL,2,88598000,May 2026,CAMERA_VIDEO; STORAGE,,,,,,,,
BADAN PENDIDIKAN DAN PELATIHAN,BADAN PENDIDIKAN DAN PELATIHAN — Provinsi DI Yogyakarta,Provinsi DI Yogyakarta,BADAN PENDIDIKAN DAN PELATIHAN,"DI Yogyakarta, Bantul (Kab.)",PROVINCE,1,2714000,June 2026,IT_HARDWARE,,,,,,,,
BADAN PENELITIAN DAN PENGEMBANGAN,BADAN PENELITIAN DAN PENGEMBANGAN — Provinsi Sumatera Barat,Provinsi Sumatera Barat,BADAN PENELITIAN DAN PENGEMBANGAN,"Sumatera Barat, Padang (Kota)",PROVINCE,1,18616000,May 2026,IT_HARDWARE,,,,,,,,
BADAN PENGATURAN BADAN USAHA MILIK NEGARA,BADAN PENGATURAN BADAN USAHA MILIK NEGARA — Kementerian Badan Usaha Milik Negara,Kementerian Badan Usaha Milik Negara,BADAN PENGATURAN BADAN USAHA MILIK NEGARA,"DKI Jakarta, Jakarta Pusat (Kota)",NATIONAL,3,6733471000,May 2026,NETWORKING; STORAGE; UPS,,,,,,,,
BADAN PENGELOLA KEUANGAN DAERAH,BADAN PENGELOLA KEUANGAN DAERAH — Kab. Nagan Raya,Kab. Nagan Raya,BADAN PENGELOLA KEUANGAN DAERAH,"Aceh, Nagan Raya (Kab.)",LOCAL_AGENCY,2,63000000,May 2026,PRINTER; SERVER,,,,,,,,
BADAN PENGELOLA KEUANGAN DAN ASET DAERAH,BADAN PENGELOLA KEUANGAN DAN ASET DAERAH — Kab. Konawe,Kab. Konawe,BADAN PENGELOLA KEUANGAN DAN ASET DAERAH,"Sulawesi Tenggara, Konawe (Kab.)",LOCAL_AGENCY,9,531744000,June 2026; May 2026,AUDIO; CAMERA_VIDEO; DESKTOP; IT_HARDWARE; LAPTOP; OFFICE_FURNITURE; PRINTER,,,,,,,,
BADAN PENGELOLA KEUANGAN DAN PENDAPATAN DAERAH,BADAN PENGELOLA KEUANGAN DAN PENDAPATAN DAERAH — Kota Cirebon,Kota Cirebon,BADAN PENGELOLA KEUANGAN DAN PENDAPATAN DAERAH,"Jawa Barat, Cirebon (Kota)",LOCAL_AGENCY,1,407169000,May 2026,NETWORKING,,,,,,,,
BADAN PENGELOLA PAJAK DAERAH DAN RETRIBUSI DAERAH,BADAN PENGELOLA PAJAK DAERAH DAN RETRIBUSI DAERAH — Kota Balikpapan,Kota Balikpapan,BADAN PENGELOLA PAJAK DAERAH DAN RETRIBUSI DAERAH,"Kalimantan Timur, Balikpapan (Kota)",LOCAL_AGENCY,1,4953690,May 2026,IT_HARDWARE,,,,,,,,
BADAN PENGELOLA PENDAPATAN DAERAH,BADAN PENGELOLA PENDAPATAN DAERAH — Provinsi Jawa Tengah,Provinsi Jawa Tengah,BADAN PENGELOLA PENDAPATAN DAERAH,"Jawa Tengah, Semarang (Kota)",PROVINCE,1,130000000,June 2026,LAPTOP,,,,,,,,
BADAN PENGELOLA PERBATASAN DAN KERJASAMA,BADAN PENGELOLA PERBATASAN DAN KERJASAMA — Provinsi Papua,Provinsi Papua,BADAN PENGELOLA PERBATASAN DAN KERJASAMA,"Papua, Jayapura (Kota)",PROVINCE,1,6482400,May 2026,DESKTOP; IT_HARDWARE,,,,,,,,
BADAN PENGELOLAAN KEUANGAN ASET DAERAH,BADAN PENGELOLAAN KEUANGAN ASET DAERAH — Kab. Empat Lawang,Kab. Empat Lawang,BADAN PENGELOLAAN KEUANGAN ASET DAERAH,"Sumatera Selatan, Empat Lawang (Kab.)",LOCAL_AGENCY,2,400000000,May 2026,DESKTOP; OFFICE_FURNITURE,,,,,,,,
BADAN PENGELOLAAN KEUANGAN DAERAH,BADAN PENGELOLAAN KEUANGAN DAERAH — Kab. Aceh Barat,Kab. Aceh Barat,BADAN PENGELOLAAN KEUANGAN DAERAH,"Aceh, Aceh Barat (Kab.)",LOCAL_AGENCY,1,300000000,May 2026,NETWORKING,,,,,,,,
BADAN PENGELOLAAN KEUANGAN DAN ASET DAERAH,BADAN PENGELOLAAN KEUANGAN DAN ASET DAERAH — Kota Denpasar,Kota Denpasar,BADAN PENGELOLAAN KEUANGAN DAN ASET DAERAH,"Bali, Denpasar (Kota)",LOCAL_AGENCY,30,1267651665,June 2026; May 2026,AUDIO; DESKTOP; IT_HARDWARE; LAPTOP; OFFICE_FURNITURE; PRINTER,,,,,,,,
BADAN PENGELOLAAN KEUANGAN DAN ASSET DAERAH,BADAN PENGELOLAAN KEUANGAN DAN ASSET DAERAH — Kota Sorong,Kota Sorong,BADAN PENGELOLAAN KEUANGAN DAN ASSET DAERAH,"Papua Barat Daya, Sorong (Kota)",LOCAL_AGENCY,2,34247900,June 2026; May 2026,IT_HARDWARE,,,,,,,,
BADAN PENGELOLAAN KEUANGAN DAN PENDAPATAN DAERAH,BADAN PENGELOLAAN KEUANGAN DAN PENDAPATAN DAERAH — Kab. Humbang Hasundutan,Kab. Humbang Hasundutan,BADAN PENGELOLAAN KEUANGAN DAN PENDAPATAN DAERAH,"Sumatera Utara, Humbang Hasundutan (Kab.)",LOCAL_AGENCY,7,215760720,May 2026,DESKTOP; IT_HARDWARE; OFFICE_FURNITURE,,,,,,,,
BADAN PENGELOLAAN KEUANGAN KABUPATEN,BADAN PENGELOLAAN KEUANGAN KABUPATEN — Kab. Pidie,Kab. Pidie,BADAN PENGELOLAAN KEUANGAN KABUPATEN,"Aceh, Pidie (Kab.)",LOCAL_AGENCY,11,268426249,June 2026,IT_HARDWARE; LAPTOP; OFFICE_FURNITURE; PRINTER,,,,,,,,
BADAN PENGELOLAAN KEUANGAN PENDAPATAN DAN ASET DAERAH,BADAN PENGELOLAAN KEUANGAN PENDAPATAN DAN ASET DAERAH — Kab. Batang,Kab. Batang,BADAN PENGELOLAAN KEUANGAN PENDAPATAN DAN ASET DAERAH,"Jawa Tengah, Batang (Kab.)",LOCAL_AGENCY,3,1505400,June 2026; May 2026,IT_HARDWARE,,,,,,,,
BADAN PENGELOLAAN KEUANGAN,BADAN PENGELOLAAN KEUANGAN — Kab. Aceh Tengah,Kab. Aceh Tengah,BADAN PENGELOLAAN KEUANGAN,"Aceh, Aceh Tengah (Kab.)",LOCAL_AGENCY,1,141000000,May 2026,SERVER,,,,,,,,
"BADAN PENGELOLAAN KEUANGAN, ASET, DAN PENDAPATAN DAERAH","BADAN PENGELOLAAN KEUANGAN, ASET, DAN PENDAPATAN DAERAH — Kab. Tolikara",Kab. Tolikara,"BADAN PENGELOLAAN KEUANGAN, ASET, DAN PENDAPATAN DAERAH","Papua Pegunungan, Tolikara (Kab.)",LOCAL_AGENCY,7,57549000,June 2026; May 2026,DESKTOP; IT_HARDWARE,,,,,,,,
"BADAN PENGELOLAAN KEUANGAN, PENDAPATAN DAN ASET DAERAH","BADAN PENGELOLAAN KEUANGAN, PENDAPATAN DAN ASET DAERAH — Kab. Demak",Kab. Demak,"BADAN PENGELOLAAN KEUANGAN, PENDAPATAN DAN ASET DAERAH","Jawa Tengah, Demak (Kab.)",LOCAL_AGENCY,9,264358500,June 2026; May 2026,DESKTOP; IT_HARDWARE; NETWORKING,,,,,,,,
"BADAN PENGELOLAAN KEUANGAN, PENDAPATAN, DAN ASET DAERAH","BADAN PENGELOLAAN KEUANGAN, PENDAPATAN, DAN ASET DAERAH — Kota Cilegon",Kota Cilegon,"BADAN PENGELOLAAN KEUANGAN, PENDAPATAN, DAN ASET DAERAH","Banten, Cilegon (Kota)",LOCAL_AGENCY,3,5638000,June 2026; May 2026,IT_HARDWARE,,,,,,,,
BADAN PENGELOLAAN PAJAK DAN RETRIBUSI DAERAH,BADAN PENGELOLAAN PAJAK DAN RETRIBUSI DAERAH — Kab. Raja Ampat,Kab. Raja Ampat,BADAN PENGELOLAAN PAJAK DAN RETRIBUSI DAERAH,"Papua Barat Daya, Raja Ampat (Kab.)",LOCAL_AGENCY,1,200000000,May 2026,IT_HARDWARE,,,,,,,,
BADAN PENGEMBANGAN DAN INFORMASI DESA DAN DAERAH TERTINGGAL,BADAN PENGEMBANGAN DAN INFORMASI DESA DAN DAERAH TERTINGGAL — Kementerian Desa dan Pembangunan Daerah Tertinggal,Kementerian Desa dan Pembangunan Daerah Tertinggal,BADAN PENGEMBANGAN DAN INFORMASI DESA DAN DAERAH TERTINGGAL,"DKI Jakarta, Jakarta Selatan (Kota)",NATIONAL,6,4233500000,June 2026; May 2026,LAPTOP; NETWORKING; STORAGE; UPS,,,,,,,,
BADAN PENGEMBANGAN DAN SUMBER DAYA MANUSIA,BADAN PENGEMBANGAN DAN SUMBER DAYA MANUSIA — Provinsi Sulawesi Selatan,Provinsi Sulawesi Selatan,BADAN PENGEMBANGAN DAN SUMBER DAYA MANUSIA,"Sulawesi Selatan, Makassar (Kota)",PROVINCE,2,6240400,June 2026,IT_HARDWARE,,,,,,,,
BADAN PENGEMBANGAN SUMBER DAYA MANUSIA DAERAH,BADAN PENGEMBANGAN SUMBER DAYA MANUSIA DAERAH — Provinsi Jawa Tengah,Provinsi Jawa Tengah,BADAN PENGEMBANGAN SUMBER DAYA MANUSIA DAERAH,"Jawa Tengah, Semarang (Kota)",PROVINCE,7,42000000,June 2026; May 2026,NETWORKING,,,,,,,,
BADAN PENGEMBANGAN SUMBER DAYA MANUSIA,BADAN PENGEMBANGAN SUMBER DAYA MANUSIA — Provinsi Kalimantan Selatan,Provinsi Kalimantan Selatan,BADAN PENGEMBANGAN SUMBER DAYA MANUSIA,"Kalimantan Selatan, Banjar Baru (Kota)",PROVINCE,11,132510200,June 2026; May 2026,CAMERA_VIDEO; IT_HARDWARE; OFFICE_FURNITURE; STORAGE,,,,,,,,
BADAN PENGENDALIAN PEMBANGUNAN DAN INVESTIGASI KHUSUS,BADAN PENGENDALIAN PEMBANGUNAN DAN INVESTIGASI KHUSUS — Kementerian Sekretariat Negara,Kementerian Sekretariat Negara,BADAN PENGENDALIAN PEMBANGUNAN DAN INVESTIGASI KHUSUS,"DKI Jakarta, Jakarta Pusat (Kota)",NATIONAL,3,1708958000,May 2026,NETWORKING; PRINTER,,,,,,,,
BADAN PENGHUBUNG DAERAH,BADAN PENGHUBUNG DAERAH — Provinsi DI Yogyakarta,Provinsi DI Yogyakarta,BADAN PENGHUBUNG DAERAH,"DKI Jakarta, Jakarta Timur (Kota)",PROVINCE,4,12119000,June 2026; May 2026,IT_HARDWARE; NETWORKING; OFFICE_FURNITURE,,,,,,,,
BADAN PENGHUBUNG,BADAN PENGHUBUNG — Provinsi Riau,Provinsi Riau,BADAN PENGHUBUNG,"DKI Jakarta, Jakarta Timur (Kota)",PROVINCE,4,157415985,June 2026; May 2026,DESKTOP; IT_HARDWARE,,,,,,,,
BADAN PERENCANAAN PEMBANGUNAN DAERAH,BADAN PERENCANAAN PEMBANGUNAN DAERAH — Kab. Aceh Besar,Kab. Aceh Besar,BADAN PERENCANAAN PEMBANGUNAN DAERAH,"Aceh, Aceh Besar (Kab.)",LOCAL_AGENCY,4,64735000,June 2026; May 2026,DESKTOP; IT_HARDWARE; LAPTOP; OFFICE_FURNITURE; PRINTER,,,,,,,,
"BADAN PERENCANAAN PEMBANGUNAN DAERAH, PENELITIAN DAN PENGEMBANGAN","BADAN PERENCANAAN PEMBANGUNAN DAERAH, PENELITIAN DAN PENGEMBANGAN — Kab. Deli Serdang",Kab. Deli Serdang,"BADAN PERENCANAAN PEMBANGUNAN DAERAH, PENELITIAN DAN PENGEMBANGAN","Sumatera Utara, Deli Serdang (Kab.)",LOCAL_AGENCY,8,36563250,June 2026; May 2026,IT_HARDWARE; OFFICE_FURNITURE,,,,,,,,
BADAN PERENCANAAN PEMBANGUNAN DAN PENELITIAN PENGEMBANGAN DAERAH,BADAN PERENCANAAN PEMBANGUNAN DAN PENELITIAN PENGEMBANGAN DAERAH — Provinsi Bangka Belitung,Provinsi Bangka Belitung,BADAN PERENCANAAN PEMBANGUNAN DAN PENELITIAN PENGEMBANGAN DAERAH,"Kep. Bangka Belitung, Pangkal Pinang (Kota)",PROVINCE,1,17882900,May 2026,OFFICE_FURNITURE,,,,,,,,
"BADAN PERENCANAAN PEMBANGUNAN, RISET DAN INOVASI DAERAH KABUPATEN SAMBAS","BADAN PERENCANAAN PEMBANGUNAN, RISET DAN INOVASI DAERAH KABUPATEN SAMBAS — Kab. Sambas",Kab. Sambas,"BADAN PERENCANAAN PEMBANGUNAN, RISET DAN INOVASI DAERAH KABUPATEN SAMBAS","Kalimantan Barat, Sambas (Kab.)",LOCAL_AGENCY,1,1198064,May 2026,IT_HARDWARE,,,,,,,,
"BADAN PERENCANAAN PEMBANGUNAN, RISET DAN INOVASI DAERAH","BADAN PERENCANAAN PEMBANGUNAN, RISET DAN INOVASI DAERAH — Kab. Kepulauan Mentawai",Kab. Kepulauan Mentawai,"BADAN PERENCANAAN PEMBANGUNAN, RISET DAN INOVASI DAERAH","Sumatera Barat, Kepulauan Mentawai (Kab.)",LOCAL_AGENCY,7,94834606,May 2026,CAMERA_VIDEO; CCTV; DESKTOP; IT_HARDWARE; PRINTER; SCANNER; UPS,,,,,,,,
"BADAN PERENCANAAN, PENELITIAN DAN PENGEMBANGAN DAERAH","BADAN PERENCANAAN, PENELITIAN DAN PENGEMBANGAN DAERAH — Kab. Kebumen",Kab. Kebumen,"BADAN PERENCANAAN, PENELITIAN DAN PENGEMBANGAN DAERAH","Jawa Tengah, Kebumen (Kab.) | Jawa Tengah, Kebumen (Kab.) | Jawa Tengah, Kebumen (Kab.) | Jawa Tengah, Kebumen (Kab.) | Jawa Tengah, Kebumen (Kab.) | Jawa Tengah, Kebumen (Kab.) | Jawa Tengah, Kebumen (Kab.) | Jawa Tengah, Kebumen (Kab.) | Jawa Tengah, Kebumen (Kab.) | Jawa Tengah, Kebumen (Kab.) | Jawa Tengah, Kebumen (Kab.) | Jawa Tengah, Kebumen (Kab.) | Jawa Tengah, Kebumen (Kab.) | Jawa Tengah, Kebumen (Kab.) | Jawa Tengah, Kebumen (Kab.) | Jawa Tengah, Kebumen (Kab.)",LOCAL_AGENCY,1,41630000,May 2026,IT_HARDWARE,,,,,,,,
BADAN PUSAT STATISTIK DKI JAKARTA,BADAN PUSAT STATISTIK DKI JAKARTA — Badan Pusat Statistik,Badan Pusat Statistik,BADAN PUSAT STATISTIK DKI JAKARTA,"DKI Jakarta, Jakarta Pusat (Kota)",NATIONAL,7,6470000,June 2026; May 2026,IT_HARDWARE,,,,,,,,
BADAN PUSAT STATISTIK KAB ACEH BARAT,BADAN PUSAT STATISTIK KAB ACEH BARAT — Badan Pusat Statistik,Badan Pusat Statistik,BADAN PUSAT STATISTIK KAB ACEH BARAT,"Aceh, Aceh Barat (Kab.)",NATIONAL,4,13511000,June 2026; May 2026,IT_HARDWARE; LAPTOP,,,,,,,,
BADAN PUSAT STATISTIK KAB ACEH SELATAN,BADAN PUSAT STATISTIK KAB ACEH SELATAN — Badan Pusat Statistik,Badan Pusat Statistik,BADAN PUSAT STATISTIK KAB ACEH SELATAN,"Aceh, Aceh Selatan (Kab.)",NATIONAL,3,3104000,June 2026; May 2026,IT_HARDWARE; NETWORKING,,,,,,,,
BADAN PUSAT STATISTIK KAB ACEH TIMUR,BADAN PUSAT STATISTIK KAB ACEH TIMUR — Badan Pusat Statistik,Badan Pusat Statistik,BADAN PUSAT STATISTIK KAB ACEH TIMUR,"Aceh, Aceh Timur (Kab.)",NATIONAL,1,348000,June 2026,IT_HARDWARE,,,,,,,,
BADAN PUSAT STATISTIK KAB ALOR,BADAN PUSAT STATISTIK KAB ALOR — Badan Pusat Statistik,Badan Pusat Statistik,BADAN PUSAT STATISTIK KAB ALOR,"Nusa Tenggara Timur, Alor (Kab.)",NATIONAL,1,250000,May 2026,IT_HARDWARE,,,,,,,,
BADAN PUSAT STATISTIK KAB ASAHAN,BADAN PUSAT STATISTIK KAB ASAHAN — Badan Pusat Statistik,Badan Pusat Statistik,BADAN PUSAT STATISTIK KAB ASAHAN,"Sumatera Utara, Asahan (Kab.)",NATIONAL,4,17998000,June 2026; May 2026,IT_HARDWARE,,,,,,,,
BADAN PUSAT STATISTIK KAB BANDUNG BARAT,BADAN PUSAT STATISTIK KAB BANDUNG BARAT — Badan Pusat Statistik,Badan Pusat Statistik,BADAN PUSAT STATISTIK KAB BANDUNG BARAT,"Jawa Barat, Bandung Barat (Kab.)",NATIONAL,7,8450000,June 2026; May 2026,IT_HARDWARE,,,,,,,,
BADAN PUSAT STATISTIK KAB BANGKA BARAT,BADAN PUSAT STATISTIK KAB BANGKA BARAT — Badan Pusat Statistik,Badan Pusat Statistik,BADAN PUSAT STATISTIK KAB BANGKA BARAT,"Kep. Bangka Belitung, Bangka Barat (Kab.)",NATIONAL,2,6265000,May 2026,IT_HARDWARE,,,,,,,,
BADAN PUSAT STATISTIK KAB BANGKA SELATAN,BADAN PUSAT STATISTIK KAB BANGKA SELATAN — Badan Pusat Statistik,Badan Pusat Statistik,BADAN PUSAT STATISTIK KAB BANGKA SELATAN,"Kep. Bangka Belitung, Bangka Selatan (Kab.)",NATIONAL,3,3311000,June 2026; May 2026,IT_HARDWARE,,,,,,,,
BADAN PUSAT STATISTIK KAB BANGKALAN,BADAN PUSAT STATISTIK KAB BANGKALAN — Badan Pusat Statistik,Badan Pusat Statistik,BADAN PUSAT STATISTIK KAB BANGKALAN,"Jawa Timur, Bangkalan (Kab.)",NATIONAL,2,13147000,May 2026,IT_HARDWARE; OFFICE_FURNITURE,,,,,,,,
BADAN PUSAT STATISTIK KAB BANGLI,BADAN PUSAT STATISTIK KAB BANGLI — Badan Pusat Statistik,Badan Pusat Statistik,BADAN PUSAT STATISTIK KAB BANGLI,"Bali, Bangli (Kab.)",NATIONAL,1,1875000,May 2026,IT_HARDWARE,,,,,,,,
BADAN PUSAT STATISTIK KAB BANYUASIN,BADAN PUSAT STATISTIK KAB BANYUASIN — Badan Pusat Statistik,Badan Pusat Statistik,BADAN PUSAT STATISTIK KAB BANYUASIN,"Sumatera Selatan, Banyuasin (Kab.)",NATIONAL,1,2838000,June 2026,IT_HARDWARE,,,,,,,,
BADAN PUSAT STATISTIK KAB BARITO KUALA,BADAN PUSAT STATISTIK KAB BARITO KUALA — Badan Pusat Statistik,Badan Pusat Statistik,BADAN PUSAT STATISTIK KAB BARITO KUALA,"Kalimantan Selatan, Barito Kuala (Kab.)",NATIONAL,2,14250000,May 2026,IT_HARDWARE,,,,,,,,
BADAN PUSAT STATISTIK KAB BARITO UTARA,BADAN PUSAT STATISTIK KAB BARITO UTARA — Badan Pusat Statistik,Badan Pusat Statistik,BADAN PUSAT STATISTIK KAB BARITO UTARA,"Kalimantan Tengah, Barito Utara (Kab.)",NATIONAL,2,18744000,June 2026; May 2026,LAPTOP; UPS,,,,,,,,
BADAN PUSAT STATISTIK KAB BEKASI,BADAN PUSAT STATISTIK KAB BEKASI — Badan Pusat Statistik,Badan Pusat Statistik,BADAN PUSAT STATISTIK KAB BEKASI,"Jawa Barat, Bekasi (Kab.)",NATIONAL,1,20000000,May 2026,IT_HARDWARE,,,,,,,,
BADAN PUSAT STATISTIK KAB BELITUNG TIMUR,BADAN PUSAT STATISTIK KAB BELITUNG TIMUR — Badan Pusat Statistik,Badan Pusat Statistik,BADAN PUSAT STATISTIK KAB BELITUNG TIMUR,"Kep. Bangka Belitung, Belitung Timur (Kab.)",NATIONAL,1,2838000,June 2026,IT_HARDWARE,,,,,,,,
BADAN PUSAT STATISTIK KAB BELITUNG,BADAN PUSAT STATISTIK KAB BELITUNG — Badan Pusat Statistik,Badan Pusat Statistik,BADAN PUSAT STATISTIK KAB BELITUNG,"Kep. Bangka Belitung, Belitung (Kab.)",NATIONAL,2,5750000,June 2026; May 2026,IT_HARDWARE,,,,,,,,
BADAN PUSAT STATISTIK KAB BELU,BADAN PUSAT STATISTIK KAB BELU — Badan Pusat Statistik,Badan Pusat Statistik,BADAN PUSAT STATISTIK KAB BELU,"Nusa Tenggara Timur, Belu (Kab.)",NATIONAL,6,4442000,June 2026,IT_HARDWARE,,,,,,,,
BADAN PUSAT STATISTIK KAB BENGKAYANG,BADAN PUSAT STATISTIK KAB BENGKAYANG — Badan Pusat Statistik,Badan Pusat Statistik,BADAN PUSAT STATISTIK KAB BENGKAYANG,"Kalimantan Barat, Bengkayang (Kab.)",NATIONAL,1,927000,June 2026,IT_HARDWARE,,,,,,,,
BADAN PUSAT STATISTIK KAB BOALEMO,BADAN PUSAT STATISTIK KAB BOALEMO — Badan Pusat Statistik,Badan Pusat Statistik,BADAN PUSAT STATISTIK KAB BOALEMO,"Gorontalo, Boalemo (Kab.)",NATIONAL,4,5936000,May 2026,IT_HARDWARE,,,,,,,,
BADAN PUSAT STATISTIK KAB BOGOR,BADAN PUSAT STATISTIK KAB BOGOR — Badan Pusat Statistik,Badan Pusat Statistik,BADAN PUSAT STATISTIK KAB BOGOR,"Jawa Barat, Bogor (Kab.)",NATIONAL,1,927000,June 2026,IT_HARDWARE,,,,,,,,
BADAN PUSAT STATISTIK KAB BOJONEGORO,BADAN PUSAT STATISTIK KAB BOJONEGORO — Badan Pusat Statistik,Badan Pusat Statistik,BADAN PUSAT STATISTIK KAB BOJONEGORO,"Jawa Timur, Bojonegoro (Kab.)",NATIONAL,4,25200000,June 2026; May 2026,NETWORKING; OFFICE_FURNITURE,,,,,,,,
BADAN PUSAT STATISTIK KAB BOLAANG MONGONDOW SELATAN,BADAN PUSAT STATISTIK KAB BOLAANG MONGONDOW SELATAN — Badan Pusat Statistik,Badan Pusat Statistik,BADAN PUSAT STATISTIK KAB BOLAANG MONGONDOW SELATAN,"Sulawesi Utara, Bolaang Mongondow Selatan (Kab.)",NATIONAL,3,7125000,May 2026,IT_HARDWARE,,,,,,,,
BADAN PUSAT STATISTIK KAB BOLAANG MONGONDOW,BADAN PUSAT STATISTIK KAB BOLAANG MONGONDOW — Badan Pusat Statistik,Badan Pusat Statistik,BADAN PUSAT STATISTIK KAB BOLAANG MONGONDOW,"Sulawesi Utara, Bolaang Mengondow (Kab.)",NATIONAL,3,4750000,June 2026; May 2026,IT_HARDWARE,,,,,,,,
BADAN PUSAT STATISTIK KAB BOVEN DIGOEL,BADAN PUSAT STATISTIK KAB BOVEN DIGOEL — Badan Pusat Statistik,Badan Pusat Statistik,BADAN PUSAT STATISTIK KAB BOVEN DIGOEL,"Papua Selatan, Boven Digoel (Kab.)",NATIONAL,11,7386000,May 2026,IT_HARDWARE,,,,,,,,
BADAN PUSAT STATISTIK KAB BOYOLALI,BADAN PUSAT STATISTIK KAB BOYOLALI — Badan Pusat Statistik,Badan Pusat Statistik,BADAN PUSAT STATISTIK KAB BOYOLALI,"Jawa Tengah, Boyolali (Kab.)",NATIONAL,1,12250000,May 2026,IT_HARDWARE,,,,,,,,
BADAN PUSAT STATISTIK KAB BULELENG,BADAN PUSAT STATISTIK KAB BULELENG — Badan Pusat Statistik,Badan Pusat Statistik,BADAN PUSAT STATISTIK KAB BULELENG,"Bali, Buleleng (Kab.)",NATIONAL,2,848000,May 2026,IT_HARDWARE,,,,,,,,
BADAN PUSAT STATISTIK KAB BUNGO,BADAN PUSAT STATISTIK KAB BUNGO — Badan Pusat Statistik,Badan Pusat Statistik,BADAN PUSAT STATISTIK KAB BUNGO,"Jambi, Bungo (Kab.)",NATIONAL,2,675000,June 2026; May 2026,IT_HARDWARE,,,,,,,,
BADAN PUSAT STATISTIK KAB BURU,BADAN PUSAT STATISTIK KAB BURU — Badan Pusat Statistik,Badan Pusat Statistik,BADAN PUSAT STATISTIK KAB BURU,"Maluku, Buru (Kab.)",NATIONAL,4,2050000,June 2026; May 2026,IT_HARDWARE,,,,,,,,
BADAN PUSAT STATISTIK KAB BUTON TENGAH,BADAN PUSAT STATISTIK KAB BUTON TENGAH — Badan Pusat Statistik,Badan Pusat Statistik,BADAN PUSAT STATISTIK KAB BUTON TENGAH,"Sulawesi Tenggara, Buton Tengah (Kab.)",NATIONAL,2,1223000,May 2026,IT_HARDWARE,,,,,,,,
BADAN PUSAT STATISTIK KAB CIANJUR,BADAN PUSAT STATISTIK KAB CIANJUR — Badan Pusat Statistik,Badan Pusat Statistik,BADAN PUSAT STATISTIK KAB CIANJUR,"Jawa Barat, Cianjur (Kab.)",NATIONAL,6,28327000,June 2026; May 2026,IT_HARDWARE; LAPTOP,,,,,,,,
BADAN PUSAT STATISTIK KAB DAIRI,BADAN PUSAT STATISTIK KAB DAIRI — Badan Pusat Statistik,Badan Pusat Statistik,BADAN PUSAT STATISTIK KAB DAIRI,"Sumatera Utara, Dairi (Kab.)",NATIONAL,4,15125000,June 2026; May 2026,IT_HARDWARE,,,,,,,,
BADAN PUSAT STATISTIK KAB DEIYAI,BADAN PUSAT STATISTIK KAB DEIYAI — Badan Pusat Statistik,Badan Pusat Statistik,BADAN PUSAT STATISTIK KAB DEIYAI,"Papua Tengah, Deiyai (Kab.)",NATIONAL,1,250000,May 2026,IT_HARDWARE,,,,,,,,
BADAN PUSAT STATISTIK KAB DHARMASRAYA,BADAN PUSAT STATISTIK KAB DHARMASRAYA — Badan Pusat Statistik,Badan Pusat Statistik,BADAN PUSAT STATISTIK KAB DHARMASRAYA,"Sumatera Barat, Dharmas Raya (Kab.)",NATIONAL,3,1255000,June 2026,IT_HARDWARE; UPS,,,,,,,,
BADAN PUSAT STATISTIK KAB DOMPU,BADAN PUSAT STATISTIK KAB DOMPU — Badan Pusat Statistik,Badan Pusat Statistik,BADAN PUSAT STATISTIK KAB DOMPU,"Nusa Tenggara Barat, Dompu (Kab.)",NATIONAL,6,4261000,June 2026; May 2026,IT_HARDWARE,,,,,,,,
BADAN PUSAT STATISTIK KAB DONGGALA,BADAN PUSAT STATISTIK KAB DONGGALA — Badan Pusat Statistik,Badan Pusat Statistik,BADAN PUSAT STATISTIK KAB DONGGALA,"Sulawesi Tengah, Dongala (Kab.)",NATIONAL,1,180000,May 2026,IT_HARDWARE,,,,,,,,
BADAN PUSAT STATISTIK KAB ENDE,BADAN PUSAT STATISTIK KAB ENDE — Badan Pusat Statistik,Badan Pusat Statistik,BADAN PUSAT STATISTIK KAB ENDE,"Nusa Tenggara Timur, Ende (Kab.)",NATIONAL,3,2200000,May 2026,IT_HARDWARE,,,,,,,,
BADAN PUSAT STATISTIK KAB GAYO LUES,BADAN PUSAT STATISTIK KAB GAYO LUES — Badan Pusat Statistik,Badan Pusat Statistik,BADAN PUSAT STATISTIK KAB GAYO LUES,"Aceh, Gayo Lues (Kab.)",NATIONAL,2,696000,May 2026,IT_HARDWARE,,,,,,,,
BADAN PUSAT STATISTIK KAB GORONTALO UTARA,BADAN PUSAT STATISTIK KAB GORONTALO UTARA — Badan Pusat Statistik,Badan Pusat Statistik,BADAN PUSAT STATISTIK KAB GORONTALO UTARA,"Gorontalo, Gorontalo Utara (Kab.)",NATIONAL,1,3838000,June 2026,IT_HARDWARE,,,,,,,,
BADAN PUSAT STATISTIK KAB GRESIK,BADAN PUSAT STATISTIK KAB GRESIK — Badan Pusat Statistik,Badan Pusat Statistik,BADAN PUSAT STATISTIK KAB GRESIK,"Jawa Timur, Gresik (Kab.)",NATIONAL,2,8000000,June 2026; May 2026,IT_HARDWARE,,,,,,,,
BADAN PUSAT STATISTIK KAB GUNUNG KIDUL,BADAN PUSAT STATISTIK KAB GUNUNG KIDUL — Badan Pusat Statistik,Badan Pusat Statistik,BADAN PUSAT STATISTIK KAB GUNUNG KIDUL,"DI Yogyakarta, Gunung Kidul (Kab.)",NATIONAL,6,17029000,June 2026; May 2026,IT_HARDWARE,,,,,,,,
BADAN PUSAT STATISTIK KAB HALMAHERA BARAT,BADAN PUSAT STATISTIK KAB HALMAHERA BARAT — Badan Pusat Statistik,Badan Pusat Statistik,BADAN PUSAT STATISTIK KAB HALMAHERA BARAT,"Maluku Utara, Halmahera Barat (Kab.)",NATIONAL,2,2125000,May 2026,IT_HARDWARE,,,,,,,,
BADAN PUSAT STATISTIK KAB HALMAHERA TENGAH,BADAN PUSAT STATISTIK KAB HALMAHERA TENGAH — Badan Pusat Statistik,Badan Pusat Statistik,BADAN PUSAT STATISTIK KAB HALMAHERA TENGAH,"Maluku Utara, Halmahera Tengah (Kab.)",NATIONAL,5,8067000,June 2026; May 2026,IT_HARDWARE; UPS,,,,,,,,
BADAN PUSAT STATISTIK KAB HUMBANG HASUNDUTAN,BADAN PUSAT STATISTIK KAB HUMBANG HASUNDUTAN — Badan Pusat Statistik,Badan Pusat Statistik,BADAN PUSAT STATISTIK KAB HUMBANG HASUNDUTAN,"Sumatera Utara, Humbang Hasundutan (Kab.)",NATIONAL,2,13000000,June 2026; May 2026,IT_HARDWARE,,,,,,,,
BADAN PUSAT STATISTIK KAB INDRAGIRI HILIR,BADAN PUSAT STATISTIK KAB INDRAGIRI HILIR — Badan Pusat Statistik,Badan Pusat Statistik,BADAN PUSAT STATISTIK KAB INDRAGIRI HILIR,"Riau, Indragiri Hilir (Kab.)",NATIONAL,1,12250000,May 2026,IT_HARDWARE,,,,,,,,
BADAN PUSAT STATISTIK KAB INDRAMAYU,BADAN PUSAT STATISTIK KAB INDRAMAYU — Badan Pusat Statistik,Badan Pusat Statistik,BADAN PUSAT STATISTIK KAB INDRAMAYU,"Jawa Barat, Indramayu (Kab.)",NATIONAL,3,1484000,June 2026; May 2026,IT_HARDWARE; UPS,,,,,,,,
BADAN PUSAT STATISTIK KAB JAYAPURA,BADAN PUSAT STATISTIK KAB JAYAPURA — Badan Pusat Statistik,Badan Pusat Statistik,BADAN PUSAT STATISTIK KAB JAYAPURA,"Papua, Jayapura (Kab.)",NATIONAL,4,1725000,June 2026,IT_HARDWARE,,,,,,,,
BADAN PUSAT STATISTIK KAB JEMBER,BADAN PUSAT STATISTIK KAB JEMBER — Badan Pusat Statistik,Badan Pusat Statistik,BADAN PUSAT STATISTIK KAB JEMBER,"Jawa Timur, Jember (Kab.)",NATIONAL,1,1639000,May 2026,IT_HARDWARE,,,,,,,,
BADAN PUSAT STATISTIK KAB KAPUAS,BADAN PUSAT STATISTIK KAB KAPUAS — Badan Pusat Statistik,Badan Pusat Statistik,BADAN PUSAT STATISTIK KAB KAPUAS,"Kalimantan Tengah, Kapuas (Kab.)",NATIONAL,1,125000,June 2026,IT_HARDWARE,,,,,,,,
BADAN PUSAT STATISTIK KAB KEDIRI,BADAN PUSAT STATISTIK KAB KEDIRI — Badan Pusat Statistik,Badan Pusat Statistik,BADAN PUSAT STATISTIK KAB KEDIRI,"Jawa Timur, Kediri (Kab.)",NATIONAL,1,972000,May 2026,IT_HARDWARE,,,,,,,,
BADAN PUSAT STATISTIK KAB KEEROM,BADAN PUSAT STATISTIK KAB KEEROM — Badan Pusat Statistik,Badan Pusat Statistik,BADAN PUSAT STATISTIK KAB KEEROM,"Papua, Keerom (Kab.)",NATIONAL,7,5863000,June 2026; May 2026,IT_HARDWARE,,,,,,,,
BADAN PUSAT STATISTIK KAB KENDAL,BADAN PUSAT STATISTIK KAB KENDAL — Badan Pusat Statistik,Badan Pusat Statistik,BADAN PUSAT STATISTIK KAB KENDAL,"Jawa Tengah, Kendal (Kab.)",NATIONAL,3,7166000,June 2026; May 2026,IT_HARDWARE,,,,,,,,
BADAN PUSAT STATISTIK KAB KEPULAUAN ARU,BADAN PUSAT STATISTIK KAB KEPULAUAN ARU — Badan Pusat Statistik,Badan Pusat Statistik,BADAN PUSAT STATISTIK KAB KEPULAUAN ARU,"Maluku, Kepulauan Aru (Kab.)",NATIONAL,4,3050000,June 2026; May 2026,IT_HARDWARE,,,,,,,,
BADAN PUSAT STATISTIK KAB KERINCI,BADAN PUSAT STATISTIK KAB KERINCI — Badan Pusat Statistik,Badan Pusat Statistik,BADAN PUSAT STATISTIK KAB KERINCI,"Jambi, Kerinci (Kab.)",NATIONAL,1,927000,May 2026,IT_HARDWARE,,,,,,,,
BADAN PUSAT STATISTIK KAB KETAPANG,BADAN PUSAT STATISTIK KAB KETAPANG — Badan Pusat Statistik,Badan Pusat Statistik,BADAN PUSAT STATISTIK KAB KETAPANG,"Kalimantan Barat, Ketapang (Kab.)",NATIONAL,4,11883000,June 2026; May 2026,IT_HARDWARE; PRINTER,,,,,,,,
BADAN PUSAT STATISTIK KAB KOLAKA UTARA,BADAN PUSAT STATISTIK KAB KOLAKA UTARA — Badan Pusat Statistik,Badan Pusat Statistik,BADAN PUSAT STATISTIK KAB KOLAKA UTARA,"Sulawesi Tenggara, Kolaka Utara (Kab.)",NATIONAL,7,12175000,June 2026; May 2026,IT_HARDWARE,,,,,,,,
BADAN PUSAT STATISTIK KAB KOLAKA,BADAN PUSAT STATISTIK KAB KOLAKA — Badan Pusat Statistik,Badan Pusat Statistik,BADAN PUSAT STATISTIK KAB KOLAKA,"Sulawesi Tenggara, Kolaka (Kab.)",NATIONAL,4,1979000,June 2026; May 2026,IT_HARDWARE,,,,,,,,
BADAN PUSAT STATISTIK KAB KOTABARU,BADAN PUSAT STATISTIK KAB KOTABARU — Badan Pusat Statistik,Badan Pusat Statistik,BADAN PUSAT STATISTIK KAB KOTABARU,"Kalimantan Selatan, Kota Baru (Kab.)",NATIONAL,7,12798000,June 2026; May 2026,IT_HARDWARE; UPS,,,,,,,,
BADAN PUSAT STATISTIK KAB KUPANG,BADAN PUSAT STATISTIK KAB KUPANG — Badan Pusat Statistik,Badan Pusat Statistik,BADAN PUSAT STATISTIK KAB KUPANG,"Nusa Tenggara Timur, Kupang (Kab.)",NATIONAL,1,6125000,June 2026,IT_HARDWARE,,,,,,,,
BADAN PUSAT STATISTIK KAB KUTAI BARAT,BADAN PUSAT STATISTIK KAB KUTAI BARAT — Badan Pusat Statistik,Badan Pusat Statistik,BADAN PUSAT STATISTIK KAB KUTAI BARAT,"Kalimantan Timur, Kutai Barat (Kab.)",NATIONAL,2,575000,June 2026; May 2026,IT_HARDWARE,,,,,,,,
BADAN PUSAT STATISTIK KAB KUTAI KARTANEGARA,BADAN PUSAT STATISTIK KAB KUTAI KARTANEGARA — Badan Pusat Statistik,Badan Pusat Statistik,BADAN PUSAT STATISTIK KAB KUTAI KARTANEGARA,"Kalimantan Timur, Kutai Kartanegara (Kab.)",NATIONAL,2,3763000,May 2026,IT_HARDWARE,,,,,,,,
BADAN PUSAT STATISTIK KAB KUTAI TIMUR,BADAN PUSAT STATISTIK KAB KUTAI TIMUR — Badan Pusat Statistik,Badan Pusat Statistik,BADAN PUSAT STATISTIK KAB KUTAI TIMUR,"Kalimantan Timur, Kutai Timur (Kab.)",NATIONAL,1,2838000,May 2026,IT_HARDWARE,,,,,,,,
BADAN PUSAT STATISTIK KAB LAMANDAU,BADAN PUSAT STATISTIK KAB LAMANDAU — Badan Pusat Statistik,Badan Pusat Statistik,BADAN PUSAT STATISTIK KAB LAMANDAU,"Kalimantan Tengah, Lamandau (Kab.)",NATIONAL,7,15300000,June 2026; May 2026,IT_HARDWARE; PRINTER,,,,,,,,
BADAN PUSAT STATISTIK KAB LAMONGAN,BADAN PUSAT STATISTIK KAB LAMONGAN — Badan Pusat Statistik,Badan Pusat Statistik,BADAN PUSAT STATISTIK KAB LAMONGAN,"Jawa Timur, Lamongan (Kab.)",NATIONAL,1,4597000,June 2026,PRINTER,,,,,,,,
BADAN PUSAT STATISTIK KAB LAMPUNG BARAT,BADAN PUSAT STATISTIK KAB LAMPUNG BARAT — Badan Pusat Statistik,Badan Pusat Statistik,BADAN PUSAT STATISTIK KAB LAMPUNG BARAT,"Lampung, Lampung Barat (Kab.)",NATIONAL,3,7573000,June 2026,IT_HARDWARE; PRINTER; UPS,,,,,,,,
BADAN PUSAT STATISTIK KAB LAMPUNG TIMUR,BADAN PUSAT STATISTIK KAB LAMPUNG TIMUR — Badan Pusat Statistik,Badan Pusat Statistik,BADAN PUSAT STATISTIK KAB LAMPUNG TIMUR,"Lampung, Lampung Timur (Kab.)",NATIONAL,5,13752000,June 2026; May 2026,IT_HARDWARE,,,,,,,,
BADAN PUSAT STATISTIK KAB LAMPUNG UTARA,BADAN PUSAT STATISTIK KAB LAMPUNG UTARA — Badan Pusat Statistik,Badan Pusat Statistik,BADAN PUSAT STATISTIK KAB LAMPUNG UTARA,"Lampung, Lampung Utara (Kab.)",NATIONAL,3,3457000,June 2026; May 2026,IT_HARDWARE; UPS,,,,,,,,
BADAN PUSAT STATISTIK KAB LANDAK,BADAN PUSAT STATISTIK KAB LANDAK — Badan Pusat Statistik,Badan Pusat Statistik,BADAN PUSAT STATISTIK KAB LANDAK,"Kalimantan Barat, Landak (Kab.)",NATIONAL,6,6338000,June 2026; May 2026,IT_HARDWARE,,,,,,,,
BADAN PUSAT STATISTIK KAB LEBAK,BADAN PUSAT STATISTIK KAB LEBAK — Badan Pusat Statistik,Badan Pusat Statistik,BADAN PUSAT STATISTIK KAB LEBAK,"Banten, Lebak (Kab.)",NATIONAL,1,12250000,May 2026,IT_HARDWARE,,,,,,,,
BADAN PUSAT STATISTIK KAB LEMBATA,BADAN PUSAT STATISTIK KAB LEMBATA — Badan Pusat Statistik,Badan Pusat Statistik,BADAN PUSAT STATISTIK KAB LEMBATA,"Nusa Tenggara Timur, Lembata (Kab.)",NATIONAL,2,956000,June 2026,IT_HARDWARE,,,,,,,,
BADAN PUSAT STATISTIK KAB LIMA PULUH KOTA,BADAN PUSAT STATISTIK KAB LIMA PULUH KOTA — Badan Pusat Statistik,Badan Pusat Statistik,BADAN PUSAT STATISTIK KAB LIMA PULUH KOTA,"Sumatera Barat, Lima Puluh Kota (Kab.)",NATIONAL,7,41880000,June 2026; May 2026,IT_HARDWARE; LAPTOP; PRINTER,,,,,,,,
BADAN PUSAT STATISTIK KAB LINGGA,BADAN PUSAT STATISTIK KAB LINGGA — Badan Pusat Statistik,Badan Pusat Statistik,BADAN PUSAT STATISTIK KAB LINGGA,"Kepulauan Riau, Lingga (Kab.)",NATIONAL,2,2500000,June 2026; May 2026,IT_HARDWARE,,,,,,,,
BADAN PUSAT STATISTIK KAB LOMBOK TENGAH,BADAN PUSAT STATISTIK KAB LOMBOK TENGAH — Badan Pusat Statistik,Badan Pusat Statistik,BADAN PUSAT STATISTIK KAB LOMBOK TENGAH,"Nusa Tenggara Barat, Lombok Tengah (Kab.)",NATIONAL,1,300000,June 2026,IT_HARDWARE,,,,,,,,
BADAN PUSAT STATISTIK KAB LUMAJANG,BADAN PUSAT STATISTIK KAB LUMAJANG — Badan Pusat Statistik,Badan Pusat Statistik,BADAN PUSAT STATISTIK KAB LUMAJANG,"Jawa Timur, Lumajang (Kab.)",NATIONAL,4,37158000,May 2026,IT_HARDWARE; OFFICE_FURNITURE,,,,,,,,
BADAN PUSAT STATISTIK KAB MAGELANG,BADAN PUSAT STATISTIK KAB MAGELANG — Badan Pusat Statistik,Badan Pusat Statistik,BADAN PUSAT STATISTIK KAB MAGELANG,"Jawa Tengah, Magelang (Kab.)",NATIONAL,7,6217000,June 2026; May 2026,IT_HARDWARE; UPS,,,,,,,,
BADAN PUSAT STATISTIK KAB MAGETAN,BADAN PUSAT STATISTIK KAB MAGETAN — Badan Pusat Statistik,Badan Pusat Statistik,BADAN PUSAT STATISTIK KAB MAGETAN,"Jawa Timur, Magetan (Kab.)",NATIONAL,2,2250000,May 2026,IT_HARDWARE,,,,,,,,
BADAN PUSAT STATISTIK KAB MAJENE,BADAN PUSAT STATISTIK KAB MAJENE — Badan Pusat Statistik,Badan Pusat Statistik,BADAN PUSAT STATISTIK KAB MAJENE,"Sulawesi Barat, Majene (Kab.)",NATIONAL,1,2838000,May 2026,IT_HARDWARE,,,,,,,,
BADAN PUSAT STATISTIK KAB MALAKA,BADAN PUSAT STATISTIK KAB MALAKA — Badan Pusat Statistik,Badan Pusat Statistik,BADAN PUSAT STATISTIK KAB MALAKA,"Nusa Tenggara Timur, Malaka (Kab.)",NATIONAL,3,1607000,May 2026,IT_HARDWARE,,,,,,,,
BADAN PUSAT STATISTIK KAB MALINAU,BADAN PUSAT STATISTIK KAB MALINAU — Badan Pusat Statistik,Badan Pusat Statistik,BADAN PUSAT STATISTIK KAB MALINAU,"Kalimantan Utara, Malinau (Kab.)",NATIONAL,1,927000,June 2026,IT_HARDWARE,,,,,,,,
BADAN PUSAT STATISTIK KAB MAMUJU TENGAH,BADAN PUSAT STATISTIK KAB MAMUJU TENGAH — Badan Pusat Statistik,Badan Pusat Statistik,BADAN PUSAT STATISTIK KAB MAMUJU TENGAH,"Sulawesi Barat, Mamuju Tengah (Kab.)",NATIONAL,2,675000,May 2026,IT_HARDWARE,,,,,,,,
BADAN PUSAT STATISTIK KAB MANGGARAI TIMUR,BADAN PUSAT STATISTIK KAB MANGGARAI TIMUR — Badan Pusat Statistik,Badan Pusat Statistik,BADAN PUSAT STATISTIK KAB MANGGARAI TIMUR,"Nusa Tenggara Timur, Manggarai Timur (Kab.)",NATIONAL,2,3088000,June 2026; May 2026,IT_HARDWARE,,,,,,,,
BADAN PUSAT STATISTIK KAB MERAUKE,BADAN PUSAT STATISTIK KAB MERAUKE — Badan Pusat Statistik,Badan Pusat Statistik,BADAN PUSAT STATISTIK KAB MERAUKE,"Papua Selatan, Merauke (Kab.)",NATIONAL,7,20558000,June 2026; May 2026,IT_HARDWARE,,,,,,,,
BADAN PUSAT STATISTIK KAB MOJOKERTO,BADAN PUSAT STATISTIK KAB MOJOKERTO — Badan Pusat Statistik,Badan Pusat Statistik,BADAN PUSAT STATISTIK KAB MOJOKERTO,"Jawa Timur, Mojokerto (Kab.)",NATIONAL,4,13675000,June 2026; May 2026,IT_HARDWARE,,,,,,,,
BADAN PUSAT STATISTIK KAB MOROWALI,BADAN PUSAT STATISTIK KAB MOROWALI — Badan Pusat Statistik,Badan Pusat Statistik,BADAN PUSAT STATISTIK KAB MOROWALI,"Sulawesi Tengah, Morowali (Kab.)",NATIONAL,5,29625000,June 2026; May 2026,IT_HARDWARE,,,,,,,,
BADAN PUSAT STATISTIK KAB MURUNG RAYA,BADAN PUSAT STATISTIK KAB MURUNG RAYA — Badan Pusat Statistik,Badan Pusat Statistik,BADAN PUSAT STATISTIK KAB MURUNG RAYA,"Kalimantan Tengah, Murung Raya (Kab.)",NATIONAL,2,8000000,May 2026,IT_HARDWARE,,,,,,,,
BADAN PUSAT STATISTIK KAB MUSI RAWAS,BADAN PUSAT STATISTIK KAB MUSI RAWAS — Badan Pusat Statistik,Badan Pusat Statistik,BADAN PUSAT STATISTIK KAB MUSI RAWAS,"Sumatera Selatan, Musi Rawas (Kab.)",NATIONAL,1,125000,May 2026,IT_HARDWARE,,,,,,,,
BADAN PUSAT STATISTIK KAB NGADA,BADAN PUSAT STATISTIK KAB NGADA — Badan Pusat Statistik,Badan Pusat Statistik,BADAN PUSAT STATISTIK KAB NGADA,"Nusa Tenggara Timur, Ngada (Kab.)",NATIONAL,2,5512000,June 2026,PRINTER; UPS,,,,,,,,
BADAN PUSAT STATISTIK KAB NGAWI,BADAN PUSAT STATISTIK KAB NGAWI — Badan Pusat Statistik,Badan Pusat Statistik,BADAN PUSAT STATISTIK KAB NGAWI,"Jawa Timur, Ngawi (Kab.)",NATIONAL,2,12500000,June 2026; May 2026,IT_HARDWARE,,,,,,,,
BADAN PUSAT STATISTIK KAB NIAS,BADAN PUSAT STATISTIK KAB NIAS — Badan Pusat Statistik,Badan Pusat Statistik,BADAN PUSAT STATISTIK KAB NIAS,"Sumatera Utara, Nias (Kab.)",NATIONAL,2,3186000,May 2026,IT_HARDWARE,,,,,,,,
BADAN PUSAT STATISTIK KAB OGAN KOMERING ULU SELATAN,BADAN PUSAT STATISTIK KAB OGAN KOMERING ULU SELATAN — Badan Pusat Statistik,Badan Pusat Statistik,BADAN PUSAT STATISTIK KAB OGAN KOMERING ULU SELATAN,"Sumatera Selatan, Ogan Komering Ulu Selatan (Kab.)",NATIONAL,1,2838000,May 2026,IT_HARDWARE,,,,,,,,
BADAN PUSAT STATISTIK KAB PADANG PARIAMAN,BADAN PUSAT STATISTIK KAB PADANG PARIAMAN — Badan Pusat Statistik,Badan Pusat Statistik,BADAN PUSAT STATISTIK KAB PADANG PARIAMAN,"Sumatera Barat, Padang Pariaman (Kab.)",NATIONAL,4,4021000,June 2026; May 2026,IT_HARDWARE; UPS,,,,,,,,
BADAN PUSAT STATISTIK KAB PANDEGLANG,BADAN PUSAT STATISTIK KAB PANDEGLANG — Badan Pusat Statistik,Badan Pusat Statistik,BADAN PUSAT STATISTIK KAB PANDEGLANG,"Banten, Pandeglang (Kab.)",NATIONAL,1,1420000,June 2026,IT_HARDWARE,,,,,,,,
BADAN PUSAT STATISTIK KAB PARIGI MOUTONG,BADAN PUSAT STATISTIK KAB PARIGI MOUTONG — Badan Pusat Statistik,Badan Pusat Statistik,BADAN PUSAT STATISTIK KAB PARIGI MOUTONG,"Sulawesi Tengah, Parigi Moutong (Kab.)",NATIONAL,2,5300000,June 2026,IT_HARDWARE,,,,,,,,
BADAN PUSAT STATISTIK KAB PASAMAN BARAT,BADAN PUSAT STATISTIK KAB PASAMAN BARAT — Badan Pusat Statistik,Badan Pusat Statistik,BADAN PUSAT STATISTIK KAB PASAMAN BARAT,"Sumatera Barat, Pasaman Barat (Kab.)",NATIONAL,2,3338000,June 2026; May 2026,IT_HARDWARE,,,,,,,,
BADAN PUSAT STATISTIK KAB PEGUNUNGAN BINTANG,BADAN PUSAT STATISTIK KAB PEGUNUNGAN BINTANG — Badan Pusat Statistik,Badan Pusat Statistik,BADAN PUSAT STATISTIK KAB PEGUNUNGAN BINTANG,"Papua Pegunungan, Pegunungan Bintang (Kab.)",NATIONAL,2,1275000,June 2026,IT_HARDWARE,,,,,,,,
BADAN PUSAT STATISTIK KAB PEKALONGAN,BADAN PUSAT STATISTIK KAB PEKALONGAN — Badan Pusat Statistik,Badan Pusat Statistik,BADAN PUSAT STATISTIK KAB PEKALONGAN,"Jawa Tengah, Pekalongan (Kab.)",NATIONAL,1,125000,May 2026,IT_HARDWARE,,,,,,,,
BADAN PUSAT STATISTIK KAB PEMALANG,BADAN PUSAT STATISTIK KAB PEMALANG — Badan Pusat Statistik,Badan Pusat Statistik,BADAN PUSAT STATISTIK KAB PEMALANG,"Jawa Tengah, Pemalang (Kab.)",NATIONAL,3,4950000,June 2026; May 2026,IT_HARDWARE,,,,,,,,
BADAN PUSAT STATISTIK KAB PENUKAL ABAB LEMATANG ILIR,BADAN PUSAT STATISTIK KAB PENUKAL ABAB LEMATANG ILIR — Badan Pusat Statistik,Badan Pusat Statistik,BADAN PUSAT STATISTIK KAB PENUKAL ABAB LEMATANG ILIR,"Sumatera Selatan, Penukal Abab Lematang Ilir (Kab.)",NATIONAL,6,4086000,June 2026; May 2026,IT_HARDWARE,,,,,,,,
BADAN PUSAT STATISTIK KAB PESISIR SELATAN,BADAN PUSAT STATISTIK KAB PESISIR SELATAN — Badan Pusat Statistik,Badan Pusat Statistik,BADAN PUSAT STATISTIK KAB PESISIR SELATAN,"Sumatera Barat, Pesisir Selatan (Kab.)",NATIONAL,5,13090000,June 2026; May 2026,IT_HARDWARE,,,,,,,,
BADAN PUSAT STATISTIK KAB PROBOLINGGO,BADAN PUSAT STATISTIK KAB PROBOLINGGO — Badan Pusat Statistik,Badan Pusat Statistik,BADAN PUSAT STATISTIK KAB PROBOLINGGO,"Jawa Timur, Probolinggo (Kab.)",NATIONAL,1,7500000,May 2026,IT_HARDWARE,,,,,,,,
BADAN PUSAT STATISTIK KAB SAMBAS,BADAN PUSAT STATISTIK KAB SAMBAS — Badan Pusat Statistik,Badan Pusat Statistik,BADAN PUSAT STATISTIK KAB SAMBAS,"Kalimantan Barat, Sambas (Kab.)",NATIONAL,3,3036000,June 2026; May 2026,IT_HARDWARE,,,,,,,,
BADAN PUSAT STATISTIK KAB SAMOSIR,BADAN PUSAT STATISTIK KAB SAMOSIR — Badan Pusat Statistik,Badan Pusat Statistik,BADAN PUSAT STATISTIK KAB SAMOSIR,"Sumatera Utara, Samosir (Kab.)",NATIONAL,3,598000,June 2026,IT_HARDWARE,,,,,,,,
BADAN PUSAT STATISTIK KAB SAMPANG,BADAN PUSAT STATISTIK KAB SAMPANG — Badan Pusat Statistik,Badan Pusat Statistik,BADAN PUSAT STATISTIK KAB SAMPANG,"Jawa Timur, Sampang (Kab.)",NATIONAL,6,50247000,June 2026; May 2026,IT_HARDWARE; OFFICE_FURNITURE,,,,,,,,
BADAN PUSAT STATISTIK KAB SIAK,BADAN PUSAT STATISTIK KAB SIAK — Badan Pusat Statistik,Badan Pusat Statistik,BADAN PUSAT STATISTIK KAB SIAK,"Riau, Siak (Kab.)",NATIONAL,1,750000,June 2026,IT_HARDWARE,,,,,,,,
BADAN PUSAT STATISTIK KAB SIDENRENG RAPPANG,BADAN PUSAT STATISTIK KAB SIDENRENG RAPPANG — Badan Pusat Statistik,Badan Pusat Statistik,BADAN PUSAT STATISTIK KAB SIDENRENG RAPPANG,"Sulawesi Selatan, Sidenreng Rappang (Kab.)",NATIONAL,2,2149000,May 2026,PRINTER; UPS,,,,,,,,
BADAN PUSAT STATISTIK KAB SIDOARJO,BADAN PUSAT STATISTIK KAB SIDOARJO — Badan Pusat Statistik,Badan Pusat Statistik,BADAN PUSAT STATISTIK KAB SIDOARJO,"Jawa Timur, Sidoarjo (Kab.)",NATIONAL,3,2875000,June 2026; May 2026,IT_HARDWARE,,,,,,,,
BADAN PUSAT STATISTIK KAB SINTANG,BADAN PUSAT STATISTIK KAB SINTANG — Badan Pusat Statistik,Badan Pusat Statistik,BADAN PUSAT STATISTIK KAB SINTANG,"Kalimantan Barat, Sintang (Kab.)",NATIONAL,1,12250000,May 2026,IT_HARDWARE,,,,,,,,
BADAN PUSAT STATISTIK KAB SOLOK SELATAN,BADAN PUSAT STATISTIK KAB SOLOK SELATAN — Badan Pusat Statistik,Badan Pusat Statistik,BADAN PUSAT STATISTIK KAB SOLOK SELATAN,"Sumatera Barat, Solok Selatan (Kab.)",NATIONAL,1,1274000,May 2026,UPS,,,,,,,,
BADAN PUSAT STATISTIK KAB SUBANG,BADAN PUSAT STATISTIK KAB SUBANG — Badan Pusat Statistik,Badan Pusat Statistik,BADAN PUSAT STATISTIK KAB SUBANG,"Jawa Barat, Subang (Kab.)",NATIONAL,2,22429000,June 2026; May 2026,IT_HARDWARE,,,,,,,,
BADAN PUSAT STATISTIK KAB SUKABUMI,BADAN PUSAT STATISTIK KAB SUKABUMI — Badan Pusat Statistik,Badan Pusat Statistik,BADAN PUSAT STATISTIK KAB SUKABUMI,"Jawa Barat, Sukabumi (Kab.)",NATIONAL,1,47418000,May 2026,LAPTOP,,,,,,,,
BADAN PUSAT STATISTIK KAB SUKAMARA,BADAN PUSAT STATISTIK KAB SUKAMARA — Badan Pusat Statistik,Badan Pusat Statistik,BADAN PUSAT STATISTIK KAB SUKAMARA,"Kalimantan Tengah, Sukamara (Kab.)",NATIONAL,1,977000,June 2026,IT_HARDWARE,,,,,,,,
BADAN PUSAT STATISTIK KAB SUMENEP,BADAN PUSAT STATISTIK KAB SUMENEP — Badan Pusat Statistik,Badan Pusat Statistik,BADAN PUSAT STATISTIK KAB SUMENEP,"Jawa Timur, Sumenep (Kab.)",NATIONAL,4,1625000,June 2026; May 2026,IT_HARDWARE,,,,,,,,
BADAN PUSAT STATISTIK KAB TANAH DATAR,BADAN PUSAT STATISTIK KAB TANAH DATAR — Badan Pusat Statistik,Badan Pusat Statistik,BADAN PUSAT STATISTIK KAB TANAH DATAR,"Sumatera Barat, Tanah Datar (Kab.)",NATIONAL,3,12750000,June 2026; May 2026,IT_HARDWARE,,,,,,,,
BADAN PUSAT STATISTIK KAB TANAH LAUT,BADAN PUSAT STATISTIK KAB TANAH LAUT — Badan Pusat Statistik,Badan Pusat Statistik,BADAN PUSAT STATISTIK KAB TANAH LAUT,"Kalimantan Selatan, Tanah Laut (Kab.)",NATIONAL,2,1127000,June 2026,IT_HARDWARE,,,,,,,,
BADAN PUSAT STATISTIK KAB TANGERANG,BADAN PUSAT STATISTIK KAB TANGERANG — Badan Pusat Statistik,Badan Pusat Statistik,BADAN PUSAT STATISTIK KAB TANGERANG,"Banten, Tangerang (Kab.)",NATIONAL,1,37529000,May 2026,IT_HARDWARE,,,,,,,,
BADAN PUSAT STATISTIK KAB TANGGAMUS,BADAN PUSAT STATISTIK KAB TANGGAMUS — Badan Pusat Statistik,Badan Pusat Statistik,BADAN PUSAT STATISTIK KAB TANGGAMUS,"Lampung, Tanggamus (Kab.)",NATIONAL,1,125000,June 2026,IT_HARDWARE,,,,,,,,
BADAN PUSAT STATISTIK KAB TAPIN,BADAN PUSAT STATISTIK KAB TAPIN — Badan Pusat Statistik,Badan Pusat Statistik,BADAN PUSAT STATISTIK KAB TAPIN,"Kalimantan Selatan, Tapin (Kab.)",NATIONAL,5,1200000,June 2026; May 2026,IT_HARDWARE,,,,,,,,
BADAN PUSAT STATISTIK KAB TUBAN,BADAN PUSAT STATISTIK KAB TUBAN — Badan Pusat Statistik,Badan Pusat Statistik,BADAN PUSAT STATISTIK KAB TUBAN,"Jawa Timur, Tuban (Kab.)",NATIONAL,1,2850000,May 2026,IT_HARDWARE,,,,,,,,
BADAN PUSAT STATISTIK KAB TULANGBAWANG,BADAN PUSAT STATISTIK KAB TULANGBAWANG — Badan Pusat Statistik,Badan Pusat Statistik,BADAN PUSAT STATISTIK KAB TULANGBAWANG,"Lampung, Tulang Bawang (Kab.)",NATIONAL,1,2958000,May 2026,IT_HARDWARE,,,,,,,,
BADAN PUSAT STATISTIK KAB TULUNGAGUNG,BADAN PUSAT STATISTIK KAB TULUNGAGUNG — Badan Pusat Statistik,Badan Pusat Statistik,BADAN PUSAT STATISTIK KAB TULUNGAGUNG,"Jawa Timur, Tulungagung (Kab.)",NATIONAL,6,3462000,June 2026,IT_HARDWARE,,,,,,,,
BADAN PUSAT STATISTIK KABUPATEN ADMINISTRASI KEPULAUAN SERIBU,BADAN PUSAT STATISTIK KABUPATEN ADMINISTRASI KEPULAUAN SERIBU — Badan Pusat Statistik,Badan Pusat Statistik,BADAN PUSAT STATISTIK KABUPATEN ADMINISTRASI KEPULAUAN SERIBU,"DKI Jakarta, Jakarta Pusat (Kota)",NATIONAL,3,12340000,June 2026,IT_HARDWARE; UPS,,,,,,,,
BADAN PUSAT STATISTIK KABUPATEN BATU BARA,BADAN PUSAT STATISTIK KABUPATEN BATU BARA — Badan Pusat Statistik,Badan Pusat Statistik,BADAN PUSAT STATISTIK KABUPATEN BATU BARA,"Sumatera Utara, Batubara (Kab.)",NATIONAL,3,24500000,May 2026,IT_HARDWARE,,,,,,,,
BADAN PUSAT STATISTIK KABUPATEN NIAS UTARA,BADAN PUSAT STATISTIK KABUPATEN NIAS UTARA — Badan Pusat Statistik,Badan Pusat Statistik,BADAN PUSAT STATISTIK KABUPATEN NIAS UTARA,"Sumatera Utara, Nias Utara (Kab.)",NATIONAL,2,798000,June 2026; May 2026,IT_HARDWARE,,,,,,,,
BADAN PUSAT STATISTIK KABUPATEN TANA TIDUNG,BADAN PUSAT STATISTIK KABUPATEN TANA TIDUNG — Badan Pusat Statistik,Badan Pusat Statistik,BADAN PUSAT STATISTIK KABUPATEN TANA TIDUNG,"Kalimantan Utara, Tana Tidung (Kab.)",NATIONAL,3,3383000,May 2026,IT_HARDWARE,,,,,,,,
BADAN PUSAT STATISTIK KOTA BANDA ACEH,BADAN PUSAT STATISTIK KOTA BANDA ACEH — Badan Pusat Statistik,Badan Pusat Statistik,BADAN PUSAT STATISTIK KOTA BANDA ACEH,"Aceh, Banda Aceh (Kota)",NATIONAL,7,13875000,May 2026,IT_HARDWARE,,,,,,,,
BADAN PUSAT STATISTIK KOTA BANJAR BARU,BADAN PUSAT STATISTIK KOTA BANJAR BARU — Badan Pusat Statistik,Badan Pusat Statistik,BADAN PUSAT STATISTIK KOTA BANJAR BARU,"Kalimantan Selatan, Banjar Baru (Kota)",NATIONAL,3,3150000,June 2026; May 2026,IT_HARDWARE,,,,,,,,
BADAN PUSAT STATISTIK KOTA BANJAR,BADAN PUSAT STATISTIK KOTA BANJAR — Badan Pusat Statistik,Badan Pusat Statistik,BADAN PUSAT STATISTIK KOTA BANJAR,"Jawa Barat, Banjar (Kota)",NATIONAL,2,600000,June 2026,IT_HARDWARE,,,,,,,,
BADAN PUSAT STATISTIK KOTA BANJARMASIN,BADAN PUSAT STATISTIK KOTA BANJARMASIN — Badan Pusat Statistik,Badan Pusat Statistik,BADAN PUSAT STATISTIK KOTA BANJARMASIN,"Kalimantan Selatan, Banjarmasin (Kota)",NATIONAL,1,200000,June 2026,IT_HARDWARE,,,,,,,,
BADAN PUSAT STATISTIK KOTA BATAM,BADAN PUSAT STATISTIK KOTA BATAM — Badan Pusat Statistik,Badan Pusat Statistik,BADAN PUSAT STATISTIK KOTA BATAM,"Kepulauan Riau, Batam (Kota)",NATIONAL,1,15080000,May 2026,IT_HARDWARE,,,,,,,,
BADAN PUSAT STATISTIK KOTA BATU,BADAN PUSAT STATISTIK KOTA BATU — Badan Pusat Statistik,Badan Pusat Statistik,BADAN PUSAT STATISTIK KOTA BATU,"Jawa Timur, Batu (Kota)",NATIONAL,1,125000,May 2026,IT_HARDWARE,,,,,,,,
BADAN PUSAT STATISTIK KOTA BAUBAU,BADAN PUSAT STATISTIK KOTA BAUBAU — Badan Pusat Statistik,Badan Pusat Statistik,BADAN PUSAT STATISTIK KOTA BAUBAU,"Sulawesi Tenggara, Baubau (Kota)",NATIONAL,4,7705000,June 2026; May 2026,IT_HARDWARE,,,,,,,,
BADAN PUSAT STATISTIK KOTA BEKASI,BADAN PUSAT STATISTIK KOTA BEKASI — Badan Pusat Statistik,Badan Pusat Statistik,BADAN PUSAT STATISTIK KOTA BEKASI,"Jawa Barat, Bekasi (Kota)",NATIONAL,5,15213000,June 2026; May 2026,IT_HARDWARE,,,,,,,,
BADAN PUSAT STATISTIK KOTA BENGKULU,BADAN PUSAT STATISTIK KOTA BENGKULU — Badan Pusat Statistik,Badan Pusat Statistik,BADAN PUSAT STATISTIK KOTA BENGKULU,"Bengkulu, Bengkulu (Kota)",NATIONAL,4,13500000,June 2026; May 2026,IT_HARDWARE,,,,,,,,
BADAN PUSAT STATISTIK KOTA JAMBI,BADAN PUSAT STATISTIK KOTA JAMBI — Badan Pusat Statistik,Badan Pusat Statistik,BADAN PUSAT STATISTIK KOTA JAMBI,"Jambi, Jambi (Kota)",NATIONAL,1,12000,May 2026,IT_HARDWARE,,,,,,,,
BADAN PUSAT STATISTIK KOTA LHOKSEUMAWE,BADAN PUSAT STATISTIK KOTA LHOKSEUMAWE — Badan Pusat Statistik,Badan Pusat Statistik,BADAN PUSAT STATISTIK KOTA LHOKSEUMAWE,"Aceh, Lhokseumawe (Kota)",NATIONAL,7,7604000,June 2026; May 2026,IT_HARDWARE,,,,,,,,
BADAN PUSAT STATISTIK KOTA MADIUN,BADAN PUSAT STATISTIK KOTA MADIUN — Badan Pusat Statistik,Badan Pusat Statistik,BADAN PUSAT STATISTIK KOTA MADIUN,"Jawa Timur, Madiun (Kota)",NATIONAL,2,13000000,May 2026,IT_HARDWARE,,,,,,,,
BADAN PUSAT STATISTIK KOTA PADANG,BADAN PUSAT STATISTIK KOTA PADANG — Badan Pusat Statistik,Badan Pusat Statistik,BADAN PUSAT STATISTIK KOTA PADANG,"Sumatera Barat, Padang (Kota)",NATIONAL,11,10473000,June 2026; May 2026,IT_HARDWARE,,,,,,,,
BADAN PUSAT STATISTIK KOTA PAGAR ALAM,BADAN PUSAT STATISTIK KOTA PAGAR ALAM — Badan Pusat Statistik,Badan Pusat Statistik,BADAN PUSAT STATISTIK KOTA PAGAR ALAM,"Sumatera Selatan, Pagar Alam (Kota)",NATIONAL,3,3486000,May 2026,IT_HARDWARE,,,,,,,,
BADAN PUSAT STATISTIK KOTA PALOPO,BADAN PUSAT STATISTIK KOTA PALOPO — Badan Pusat Statistik,Badan Pusat Statistik,BADAN PUSAT STATISTIK KOTA PALOPO,"Sulawesi Selatan, Palopo (Kota)",NATIONAL,3,14275000,May 2026,IT_HARDWARE,,,,,,,,
BADAN PUSAT STATISTIK KOTA PALU,BADAN PUSAT STATISTIK KOTA PALU — Badan Pusat Statistik,Badan Pusat Statistik,BADAN PUSAT STATISTIK KOTA PALU,"Sulawesi Tengah, Palu (Kota)",NATIONAL,4,2024000,May 2026,IT_HARDWARE,,,,,,,,
BADAN PUSAT STATISTIK KOTA PARE PARE,BADAN PUSAT STATISTIK KOTA PARE PARE — Badan Pusat Statistik,Badan Pusat Statistik,BADAN PUSAT STATISTIK KOTA PARE PARE,"Sulawesi Selatan, Pare-Pare (Kota)",NATIONAL,2,9500000,June 2026,IT_HARDWARE,,,,,,,,
BADAN PUSAT STATISTIK KOTA PEKALONGAN,BADAN PUSAT STATISTIK KOTA PEKALONGAN — Badan Pusat Statistik,Badan Pusat Statistik,BADAN PUSAT STATISTIK KOTA PEKALONGAN,"Jawa Tengah, Pekalongan (Kota)",NATIONAL,3,3436000,June 2026; May 2026,IT_HARDWARE,,,,,,,,
BADAN PUSAT STATISTIK KOTA PEKANBARU,BADAN PUSAT STATISTIK KOTA PEKANBARU — Badan Pusat Statistik,Badan Pusat Statistik,BADAN PUSAT STATISTIK KOTA PEKANBARU,"Riau, Pekanbaru (Kota)",NATIONAL,3,3348000,June 2026; May 2026,IT_HARDWARE,,,,,,,,
BADAN PUSAT STATISTIK KOTA SALATIGA,BADAN PUSAT STATISTIK KOTA SALATIGA — Badan Pusat Statistik,Badan Pusat Statistik,BADAN PUSAT STATISTIK KOTA SALATIGA,"Jawa Tengah, Salatiga (Kota)",NATIONAL,6,5038000,June 2026; May 2026,IT_HARDWARE,,,,,,,,
BADAN PUSAT STATISTIK KOTA SIBOLGA,BADAN PUSAT STATISTIK KOTA SIBOLGA — Badan Pusat Statistik,Badan Pusat Statistik,BADAN PUSAT STATISTIK KOTA SIBOLGA,"Sumatera Utara, Sibolga (Kota)",NATIONAL,5,13450000,May 2026,IT_HARDWARE,,,,,,,,
BADAN PUSAT STATISTIK KOTA SOLOK,BADAN PUSAT STATISTIK KOTA SOLOK — Badan Pusat Statistik,Badan Pusat Statistik,BADAN PUSAT STATISTIK KOTA SOLOK,"Sumatera Barat, Solok (Kota)",NATIONAL,5,4613000,June 2026; May 2026,IT_HARDWARE,,,,,,,,
BADAN PUSAT STATISTIK KOTA SORONG,BADAN PUSAT STATISTIK KOTA SORONG — Badan Pusat Statistik,Badan Pusat Statistik,BADAN PUSAT STATISTIK KOTA SORONG,"Papua Barat Daya, Sorong (Kota)",NATIONAL,3,2000000,June 2026,IT_HARDWARE,,,,,,,,
BADAN PUSAT STATISTIK KOTA SURABAYA,BADAN PUSAT STATISTIK KOTA SURABAYA — Badan Pusat Statistik,Badan Pusat Statistik,BADAN PUSAT STATISTIK KOTA SURABAYA,"Jawa Timur, Surabaya (Kota)",NATIONAL,6,51443000,June 2026; May 2026,IT_HARDWARE,,,,,,,,
BADAN PUSAT STATISTIK KOTA TANJUNG BALAI,BADAN PUSAT STATISTIK KOTA TANJUNG BALAI — Badan Pusat Statistik,Badan Pusat Statistik,BADAN PUSAT STATISTIK KOTA TANJUNG BALAI,"Sumatera Utara, Tanjung Balai (Kota)",NATIONAL,2,4750000,May 2026,IT_HARDWARE,,,,,,,,
BADAN PUSAT STATISTIK KOTA TANJUNG PINANG,BADAN PUSAT STATISTIK KOTA TANJUNG PINANG — Badan Pusat Statistik,Badan Pusat Statistik,BADAN PUSAT STATISTIK KOTA TANJUNG PINANG,"Kepulauan Riau, Tanjung Pinang (Kota)",NATIONAL,3,13085000,June 2026; May 2026,IT_HARDWARE; UPS,,,,,,,,
BADAN PUSAT STATISTIK KOTA TASIKMALAYA,BADAN PUSAT STATISTIK KOTA TASIKMALAYA — Badan Pusat Statistik,Badan Pusat Statistik,BADAN PUSAT STATISTIK KOTA TASIKMALAYA,"Jawa Barat, Tasikmalaya (Kota)",NATIONAL,2,7145000,June 2026,IT_HARDWARE; PRINTER,,,,,,,,
BADAN PUSAT STATISTIK KOTA YOGYAKARTA,BADAN PUSAT STATISTIK KOTA YOGYAKARTA — Badan Pusat Statistik,Badan Pusat Statistik,BADAN PUSAT STATISTIK KOTA YOGYAKARTA,"DI Yogyakarta, Yogyakarta (Kota)",NATIONAL,1,950000,May 2026,IT_HARDWARE,,,,,,,,
BADAN PUSAT STATISTIK PROP BALI,BADAN PUSAT STATISTIK PROP BALI — Badan Pusat Statistik,Badan Pusat Statistik,BADAN PUSAT STATISTIK PROP BALI,"Bali, Denpasar (Kota)",NATIONAL,2,4450000,June 2026; May 2026,IT_HARDWARE,,,,,,,,
BADAN PUSAT STATISTIK PROP BENGKULU,BADAN PUSAT STATISTIK PROP BENGKULU — Badan Pusat Statistik,Badan Pusat Statistik,BADAN PUSAT STATISTIK PROP BENGKULU,"Bengkulu, Bengkulu (Kota)",NATIONAL,2,875000,June 2026; May 2026,IT_HARDWARE,,,,,,,,
BADAN PUSAT STATISTIK PROP DI YOGYAKARTA,BADAN PUSAT STATISTIK PROP DI YOGYAKARTA — Badan Pusat Statistik,Badan Pusat Statistik,BADAN PUSAT STATISTIK PROP DI YOGYAKARTA,"DI Yogyakarta, Bantul (Kab.)",NATIONAL,6,66489000,June 2026; May 2026,IT_HARDWARE,,,,,,,,
BADAN PUSAT STATISTIK PROP JAWA BARAT,BADAN PUSAT STATISTIK PROP JAWA BARAT — Badan Pusat Statistik,Badan Pusat Statistik,BADAN PUSAT STATISTIK PROP JAWA BARAT,"Jawa Barat, Bandung (Kota)",NATIONAL,7,19998000,June 2026; May 2026,CCTV; IT_HARDWARE,,,,,,,,
BADAN PUSAT STATISTIK PROP JAWA TENGAH,BADAN PUSAT STATISTIK PROP JAWA TENGAH — Badan Pusat Statistik,Badan Pusat Statistik,BADAN PUSAT STATISTIK PROP JAWA TENGAH,"Jawa Tengah, Semarang (Kota)",NATIONAL,6,44095000,June 2026; May 2026,CAMERA_VIDEO; IT_HARDWARE; NETWORKING; OFFICE_FURNITURE; PRINTER,,,,,,,,
BADAN PUSAT STATISTIK PROP JAWA TIMUR,BADAN PUSAT STATISTIK PROP JAWA TIMUR — Badan Pusat Statistik,Badan Pusat Statistik,BADAN PUSAT STATISTIK PROP JAWA TIMUR,"Jawa Timur, Surabaya (Kota)",NATIONAL,1,12987000,June 2026,OFFICE_FURNITURE,,,,,,,,
BADAN PUSAT STATISTIK PROP KALIMANTAN TENGAH,BADAN PUSAT STATISTIK PROP KALIMANTAN TENGAH — Badan Pusat Statistik,Badan Pusat Statistik,BADAN PUSAT STATISTIK PROP KALIMANTAN TENGAH,"Kalimantan Tengah, Palangka Raya (Kota)",NATIONAL,3,72350000,June 2026,IT_HARDWARE; LAPTOP,,,,,,,,
BADAN PUSAT STATISTIK PROP KALIMANTAN TIMUR,BADAN PUSAT STATISTIK PROP KALIMANTAN TIMUR — Badan Pusat Statistik,Badan Pusat Statistik,BADAN PUSAT STATISTIK PROP KALIMANTAN TIMUR,"Kalimantan Timur, Samarinda (Kota)",NATIONAL,1,463000,May 2026,IT_HARDWARE,,,,,,,,
BADAN PUSAT STATISTIK PROP KALIMANTAN UTARA,BADAN PUSAT STATISTIK PROP KALIMANTAN UTARA — Badan Pusat Statistik,Badan Pusat Statistik,BADAN PUSAT STATISTIK PROP KALIMANTAN UTARA,"Kalimantan Utara, Bulungan (Kab.)",NATIONAL,10,7764000,June 2026; May 2026,IT_HARDWARE,,,,,,,,
BADAN PUSAT STATISTIK PROP KEPULAUAN RIAU,BADAN PUSAT STATISTIK PROP KEPULAUAN RIAU — Badan Pusat Statistik,Badan Pusat Statistik,BADAN PUSAT STATISTIK PROP KEPULAUAN RIAU,"Kepulauan Riau, Tanjung Pinang (Kota)",NATIONAL,4,8600000,June 2026; May 2026,IT_HARDWARE,,,,,,,,
BADAN PUSAT STATISTIK PROP LAMPUNG,BADAN PUSAT STATISTIK PROP LAMPUNG — Badan Pusat Statistik,Badan Pusat Statistik,BADAN PUSAT STATISTIK PROP LAMPUNG,"Lampung, Bandar Lampung (Kota)",NATIONAL,3,113307000,May 2026,IT_HARDWARE,,,,,,,,
BADAN PUSAT STATISTIK PROP NUSA TENGGARA TIMUR,BADAN PUSAT STATISTIK PROP NUSA TENGGARA TIMUR — Badan Pusat Statistik,Badan Pusat Statistik,BADAN PUSAT STATISTIK PROP NUSA TENGGARA TIMUR,"Nusa Tenggara Timur, Kupang (Kota)",NATIONAL,2,12998000,June 2026,CCTV; IT_HARDWARE,,,,,,,,
BADAN PUSAT STATISTIK PROP PAPUA BARAT,BADAN PUSAT STATISTIK PROP PAPUA BARAT — Badan Pusat Statistik,Badan Pusat Statistik,BADAN PUSAT STATISTIK PROP PAPUA BARAT,"Papua Barat, Manokwari (Kab.)",NATIONAL,1,150000,May 2026,IT_HARDWARE,,,,,,,,
BADAN PUSAT STATISTIK PROP RIAU,BADAN PUSAT STATISTIK PROP RIAU — Badan Pusat Statistik,Badan Pusat Statistik,BADAN PUSAT STATISTIK PROP RIAU,"Riau, Pekanbaru (Kota)",NATIONAL,1,11998000,June 2026,CCTV,,,,,,,,
BADAN PUSAT STATISTIK PROP SULAWESI BARAT,BADAN PUSAT STATISTIK PROP SULAWESI BARAT — Badan Pusat Statistik,Badan Pusat Statistik,BADAN PUSAT STATISTIK PROP SULAWESI BARAT,"Sulawesi Barat, Mamuju (Kab.)",NATIONAL,1,15973000,May 2026,IT_HARDWARE,,,,,,,,
BADAN PUSAT STATISTIK PROP SULAWESI SELATAN,BADAN PUSAT STATISTIK PROP SULAWESI SELATAN — Badan Pusat Statistik,Badan Pusat Statistik,BADAN PUSAT STATISTIK PROP SULAWESI SELATAN,"Sulawesi Selatan, Makassar (Kota)",NATIONAL,1,17554000,May 2026,IT_HARDWARE,,,,,,,,
BADAN PUSAT STATISTIK PROP SULAWESI TENGAH,BADAN PUSAT STATISTIK PROP SULAWESI TENGAH — Badan Pusat Statistik,Badan Pusat Statistik,BADAN PUSAT STATISTIK PROP SULAWESI TENGAH,"Sulawesi Tengah, Palu (Kota)",NATIONAL,14,32555000,June 2026; May 2026,CCTV; IT_HARDWARE; UPS,,,,,,,,
BADAN PUSAT STATISTIK PROP SULAWESI TENGGARA,BADAN PUSAT STATISTIK PROP SULAWESI TENGGARA — Badan Pusat Statistik,Badan Pusat Statistik,BADAN PUSAT STATISTIK PROP SULAWESI TENGGARA,"Sulawesi Tenggara, Kendari (Kota)",NATIONAL,3,12998000,June 2026; May 2026,CCTV; IT_HARDWARE,,,,,,,,
BADAN PUSAT STATISTIK PROP SUMATERA BARAT,BADAN PUSAT STATISTIK PROP SUMATERA BARAT — Badan Pusat Statistik,Badan Pusat Statistik,BADAN PUSAT STATISTIK PROP SUMATERA BARAT,"Sumatera Barat, Padang (Kota)",NATIONAL,1,12000000,June 2026,CCTV,,,,,,,,
BADAN PUSAT STATISTIK PROVINSI ACEH,BADAN PUSAT STATISTIK PROVINSI ACEH — Badan Pusat Statistik,Badan Pusat Statistik,BADAN PUSAT STATISTIK PROVINSI ACEH,"Aceh, Banda Aceh (Kota)",PROVINCE,8,12334000,June 2026; May 2026,IT_HARDWARE,,,,,,,,
BADAN PUSAT STATISTIK PROVINSI PAPUA,BADAN PUSAT STATISTIK PROVINSI PAPUA — Badan Pusat Statistik,Badan Pusat Statistik,BADAN PUSAT STATISTIK PROVINSI PAPUA,"Papua, Jayapura (Kota)",PROVINCE,5,53878000,June 2026; May 2026,CCTV; IT_HARDWARE,,,,,,,,
BADAN RISET DAN INOVASI DAERAH,BADAN RISET DAN INOVASI DAERAH — Provinsi Jawa Timur,Provinsi Jawa Timur,BADAN RISET DAN INOVASI DAERAH,"Jawa Timur, Surabaya (Kota)",PROVINCE,9,51136665,June 2026; May 2026,DESKTOP; IT_HARDWARE; OFFICE_FURNITURE,,,,,,,,
BADAN TEKNOLOGI INFORMASI DAN INTELIJEN KEUANGAN,BADAN TEKNOLOGI INFORMASI DAN INTELIJEN KEUANGAN — Kementerian Keuangan,Kementerian Keuangan,BADAN TEKNOLOGI INFORMASI DAN INTELIJEN KEUANGAN,"Kalimantan Timur, Balikpapan (Kota)",NATIONAL,1,11922254000,May 2026,NETWORKING,,,,,,,,
BADAN URUSAN ADMINISTRASI,BADAN URUSAN ADMINISTRASI — Mahkamah Agung,Mahkamah Agung,BADAN URUSAN ADMINISTRASI,"DKI Jakarta, Jakarta Pusat (Kota)",NATIONAL,1,280000000,May 2026,OFFICE_FURNITURE,,,,,,,,
BAGIAN ADMINISTRASI PEMBANGUNAN,BAGIAN ADMINISTRASI PEMBANGUNAN — Kab. Konawe,Kab. Konawe,BAGIAN ADMINISTRASI PEMBANGUNAN,"Sulawesi Tenggara, Konawe (Kab.)",LOCAL_AGENCY,5,66722500,May 2026,DESKTOP; IT_HARDWARE; OFFICE_FURNITURE; SERVER,,,,,,,,
BAGIAN HUKUM,BAGIAN HUKUM — Kota Semarang,Kota Semarang,BAGIAN HUKUM,"Jawa Tengah, Semarang (Kota)",LOCAL_AGENCY,3,17948378,June 2026; May 2026,IT_HARDWARE,,,,,,,,
BAGIAN KESEJAHTERAAN RAKYAT,BAGIAN KESEJAHTERAAN RAKYAT — Kab. Lahat,Kab. Lahat,BAGIAN KESEJAHTERAAN RAKYAT,"Sumatera Selatan, Lahat (Kab.)",LOCAL_AGENCY,10,288635400,June 2026; May 2026,AUDIO; IT_HARDWARE; OFFICE_FURNITURE; PRINTER,,,,,,,,
BAGIAN KESEJATERAAN RAKYAT,BAGIAN KESEJATERAAN RAKYAT — Kota Pasuruan,Kota Pasuruan,BAGIAN KESEJATERAAN RAKYAT,"Jawa Timur, Pasuruan (Kota)",LOCAL_AGENCY,1,395600,May 2026,IT_HARDWARE,,,,,,,,
BAGIAN ORGANISASI,BAGIAN ORGANISASI — Kab. Deli Serdang,Kab. Deli Serdang,BAGIAN ORGANISASI,"Sumatera Utara, Deli Serdang (Kab.)",LOCAL_AGENCY,3,3028000,June 2026; May 2026,DESKTOP; IT_HARDWARE,,,,,,,,
BAGIAN PEMERINTAHAN,BAGIAN PEMERINTAHAN — Kab. Tanah Bumbu,Kab. Tanah Bumbu,BAGIAN PEMERINTAHAN,"Kalimantan Selatan, Tanah Bumbu (Kab.)",LOCAL_AGENCY,2,22404400,June 2026; May 2026,DESKTOP; IT_HARDWARE; LAPTOP,,,,,,,,
BAGIAN PENGADAAN BARANG DAN JASA,BAGIAN PENGADAAN BARANG DAN JASA — Kab. Malang,Kab. Malang,BAGIAN PENGADAAN BARANG DAN JASA,"Jawa Timur, Malang (Kab.)",LOCAL_AGENCY,3,19098500,May 2026,CCTV; PRINTER,,,,,,,,
BAGIAN PEREKONOMIAN DAN SUMBER DAYA ALAM,BAGIAN PEREKONOMIAN DAN SUMBER DAYA ALAM — Kab. Bone Bolango,Kab. Bone Bolango,BAGIAN PEREKONOMIAN DAN SUMBER DAYA ALAM,"Gorontalo, Bone Bolango (Kab.)",LOCAL_AGENCY,1,23690000,June 2026,DESKTOP,,,,,,,,
BAGIAN PERENCANAAN DAN KEUANGAN,BAGIAN PERENCANAAN DAN KEUANGAN — Kab. Konawe,Kab. Konawe,BAGIAN PERENCANAAN DAN KEUANGAN,"Sulawesi Tenggara, Konawe (Kab.) | Sulawesi Tenggara, Konawe (Kab.)",LOCAL_AGENCY,6,103589400,June 2026; May 2026,IT_HARDWARE; LAPTOP,,,,,,,,
BAGIAN PROTOKOL DAN KOMUNIKASI PIMPINAN,BAGIAN PROTOKOL DAN KOMUNIKASI PIMPINAN — Kab. Klaten,Kab. Klaten,BAGIAN PROTOKOL DAN KOMUNIKASI PIMPINAN,"Jawa Tengah, Klaten (Kab.)",LOCAL_AGENCY,2,16296700,June 2026,DESKTOP; IT_HARDWARE,,,,,,,,
BAGIAN RUMAH TANGGA,BAGIAN RUMAH TANGGA — Kota Semarang,Kota Semarang,BAGIAN RUMAH TANGGA,"Jawa Tengah, Semarang (Kota)",LOCAL_AGENCY,1,14961440,June 2026,OFFICE_FURNITURE,,,,,,,,
BAGIAN TATA PEMERINTAHAN,BAGIAN TATA PEMERINTAHAN — Kab. Nunukan,Kab. Nunukan,BAGIAN TATA PEMERINTAHAN,"Kalimantan Utara, Nunukan (Kab.)",LOCAL_AGENCY,5,26570950,June 2026,DESKTOP; IT_HARDWARE,,,,,,,,
BAGIAN TATA USAHA,BAGIAN TATA USAHA — Kota Semarang,Kota Semarang,BAGIAN TATA USAHA,"Jawa Tengah, Semarang (Kota)",LOCAL_AGENCY,1,3100674,May 2026,IT_HARDWARE,,,,,,,,
BAGIAN UMUM,BAGIAN UMUM — Kab. Brebes,Kab. Brebes,BAGIAN UMUM,"Jawa Tengah, Brebes (Kab.) | Jawa Tengah, Brebes (Kab.) | Jawa Tengah, Brebes (Kab.)",LOCAL_AGENCY,9,533404700,June 2026; May 2026,DESKTOP; IT_HARDWARE; LAPTOP; OFFICE_FURNITURE; PRINTER,,,,,,,,
BALAI BAHASA KALIMANTAN BARAT,BALAI BAHASA KALIMANTAN BARAT — Kementerian Pendidikan Dasar dan Menengah,Kementerian Pendidikan Dasar dan Menengah,BALAI BAHASA KALIMANTAN BARAT,"Kalimantan Barat, Pontianak (Kota)",NATIONAL,1,40755000,May 2026,LAPTOP; PRINTER,,,,,,,,
BALAI BAHASA KALIMANTAN TIMUR,BALAI BAHASA KALIMANTAN TIMUR — Kementerian Pendidikan Dasar dan Menengah,Kementerian Pendidikan Dasar dan Menengah,BALAI BAHASA KALIMANTAN TIMUR,"Kalimantan Timur, Samarinda (Kota)",NATIONAL,2,54760000,May 2026,DESKTOP; LAPTOP; PRINTER,,,,,,,,
BALAI BESAR KALIBRASI FASILITAS PENERBANGAN,BALAI BESAR KALIBRASI FASILITAS PENERBANGAN — Kementerian Perhubungan,Kementerian Perhubungan,BALAI BESAR KALIBRASI FASILITAS PENERBANGAN,"Banten, Tangerang (Kab.)",NATIONAL,2,326823000,May 2026,IT_HARDWARE; PRINTER,,,,,,,,
BALAI BESAR KEKARANTINAAN KESEHATAN TANJUNG PRIOK,BALAI BESAR KEKARANTINAAN KESEHATAN TANJUNG PRIOK — Kementerian Kesehatan,Kementerian Kesehatan,BALAI BESAR KEKARANTINAAN KESEHATAN TANJUNG PRIOK,"DKI Jakarta, Jakarta Utara (Kota)",NATIONAL,1,6960000,May 2026,SCANNER,,,,,,,,
BALAI BESAR LABORATORIUM KESEHATAN MASYARAKAT YOGYAKARTA,BALAI BESAR LABORATORIUM KESEHATAN MASYARAKAT YOGYAKARTA — Kementerian Kesehatan,Kementerian Kesehatan,BALAI BESAR LABORATORIUM KESEHATAN MASYARAKAT YOGYAKARTA,"DI Yogyakarta, Bantul (Kab.)",NATIONAL,1,3200000,June 2026,SCANNER,,,,,,,,
BALAI BESAR METEOROLOGI KLIMATOLOGI DAN GEOFISIKA WILAYAH I,"BALAI BESAR METEOROLOGI KLIMATOLOGI DAN GEOFISIKA WILAYAH I — Badan Meteorologi, Klimatologi Dan Geofisika","Badan Meteorologi, Klimatologi Dan Geofisika",BALAI BESAR METEOROLOGI KLIMATOLOGI DAN GEOFISIKA WILAYAH I,"Sumatera Utara, Medan (Kota)",NATIONAL,1,11700000,May 2026,SERVER,,,,,,,,
BALAI BESAR PELATIHAN DAN PEMBERDAYAAN MASYARAKAT TRANSMIGRASI YOGYAKARTA,BALAI BESAR PELATIHAN DAN PEMBERDAYAAN MASYARAKAT TRANSMIGRASI YOGYAKARTA — Kementerian Transmigrasi,Kementerian Transmigrasi,BALAI BESAR PELATIHAN DAN PEMBERDAYAAN MASYARAKAT TRANSMIGRASI YOGYAKARTA,"DI Yogyakarta, Sleman (Kab.) | DI Yogyakarta, Sleman (Kab.)",NATIONAL,1,26700000,May 2026,CAMERA_VIDEO; CCTV,,,,,,,,
BALAI BESAR PELATIHAN PETERNAKAN BATU MALANG JAWA TIMUR,BALAI BESAR PELATIHAN PETERNAKAN BATU MALANG JAWA TIMUR — Kementerian Pertanian,Kementerian Pertanian,BALAI BESAR PELATIHAN PETERNAKAN BATU MALANG JAWA TIMUR,"Jawa Timur, Batu (Kota)",NATIONAL,6,216824000,May 2026,AUDIO; CAMERA_VIDEO; IT_HARDWARE; NETWORKING; PRINTER,,,,,,,,
BALAI BESAR PEMERINTAHAN DESA MALANG,BALAI BESAR PEMERINTAHAN DESA MALANG — Kementerian Dalam Negeri,Kementerian Dalam Negeri,BALAI BESAR PEMERINTAHAN DESA MALANG,"Sulawesi Selatan, Makassar (Kota)",NATIONAL,5,36000000,June 2026; May 2026,IT_HARDWARE; PRINTER,,,,,,,,
BALAI BESAR PENGUJIAN MUTU DAN SERTIFIKASI OBAT HEWAN BPMSOH BOGOR,BALAI BESAR PENGUJIAN MUTU DAN SERTIFIKASI OBAT HEWAN BPMSOH BOGOR — Kementerian Pertanian,Kementerian Pertanian,BALAI BESAR PENGUJIAN MUTU DAN SERTIFIKASI OBAT HEWAN BPMSOH BOGOR,"Jawa Barat, Bogor (Kab.)",NATIONAL,1,141360000,May 2026,IT_HARDWARE,,,,,,,,
BALAI BESAR PERBENIHAN DAN PROTEKSI TANAMAN PERKEBUNAN BBP2TP SURABAYA,BALAI BESAR PERBENIHAN DAN PROTEKSI TANAMAN PERKEBUNAN BBP2TP SURABAYA — Kementerian Pertanian,Kementerian Pertanian,BALAI BESAR PERBENIHAN DAN PROTEKSI TANAMAN PERKEBUNAN BBP2TP SURABAYA,"Nusa Tenggara Timur, Lembata (Kab.)",NATIONAL,22,41317000,June 2026; May 2026,IT_HARDWARE,,,,,,,,
BALAI BESAR POM DI JAKARTA,BALAI BESAR POM DI JAKARTA — Badan Pengawas Obat Dan Makanan,Badan Pengawas Obat Dan Makanan,BALAI BESAR POM DI JAKARTA,"DKI Jakarta, Jakarta Timur (Kota)",NATIONAL,3,94890000,June 2026; May 2026,IT_HARDWARE; LAPTOP; PRINTER,,,,,,,,
BALAI BESAR POM DI YOGYAKARTA,BALAI BESAR POM DI YOGYAKARTA — Badan Pengawas Obat Dan Makanan,Badan Pengawas Obat Dan Makanan,BALAI BESAR POM DI YOGYAKARTA,"DI Yogyakarta, Yogyakarta (Kota)",NATIONAL,1,54000000,May 2026,IT_HARDWARE,,,,,,,,
BALAI BESAR SURVEI DAN PEMETAAN GEOLOGI KELAUTAN,BALAI BESAR SURVEI DAN PEMETAAN GEOLOGI KELAUTAN — Kementerian Energi Dan Sumber Daya Mineral,Kementerian Energi Dan Sumber Daya Mineral,BALAI BESAR SURVEI DAN PEMETAAN GEOLOGI KELAUTAN,"Jawa Barat, Bandung (Kota)",NATIONAL,2,120000000,June 2026; May 2026,CCTV; DESKTOP,,,,,,,,
BALAI INSEMINASI BUATAN,BALAI INSEMINASI BUATAN — Provinsi Kalimantan Selatan,Provinsi Kalimantan Selatan,BALAI INSEMINASI BUATAN,"Kalimantan Selatan, Banjar Baru (Kota)",PROVINCE,2,1420000,May 2026,DESKTOP; IT_HARDWARE,,,,,,,,
BALAI KARANTINA IKAN PENGENDALIAN MUTU DAN KEAMANAN HASIL PERIKANAN BALIKPAPAN,BALAI KARANTINA IKAN PENGENDALIAN MUTU DAN KEAMANAN HASIL PERIKANAN BALIKPAPAN — Kementerian Kelautan Dan Perikanan,Kementerian Kelautan Dan Perikanan,BALAI KARANTINA IKAN PENGENDALIAN MUTU DAN KEAMANAN HASIL PERIKANAN BALIKPAPAN,"Kalimantan Timur, Balikpapan (Kota)",NATIONAL,1,5000000,June 2026,NETWORKING; SERVER,,,,,,,,
BALAI KARANTINA IKAN PENGENDALIAN MUTU DAN KEAMANAN HASIL PERIKANAN SEMARANG,BALAI KARANTINA IKAN PENGENDALIAN MUTU DAN KEAMANAN HASIL PERIKANAN SEMARANG — Kementerian Kelautan Dan Perikanan,Kementerian Kelautan Dan Perikanan,BALAI KARANTINA IKAN PENGENDALIAN MUTU DAN KEAMANAN HASIL PERIKANAN SEMARANG,"Jawa Tengah, Semarang (Kota)",NATIONAL,1,38053900,May 2026,LAPTOP; PRINTER,,,,,,,,
BALAI KEKARANTINAAN KESEHATAN KELAS I KENDARI,BALAI KEKARANTINAAN KESEHATAN KELAS I KENDARI — Kementerian Kesehatan,Kementerian Kesehatan,BALAI KEKARANTINAAN KESEHATAN KELAS I KENDARI,"Sulawesi Tenggara, Kendari (Kota)",NATIONAL,2,10400000,May 2026,OFFICE_FURNITURE,,,,,,,,
BALAI KEKARANTINAAN KESEHATAN KELAS I PALEMBANG,BALAI KEKARANTINAAN KESEHATAN KELAS I PALEMBANG — Kementerian Kesehatan,Kementerian Kesehatan,BALAI KEKARANTINAAN KESEHATAN KELAS I PALEMBANG,"Sumatera Selatan, Palembang (Kota)",NATIONAL,3,15942000,May 2026,NETWORKING; STORAGE,,,,,,,,
BALAI KEKARANTINAAN KESEHATAN KELAS II BIAK,BALAI KEKARANTINAAN KESEHATAN KELAS II BIAK — Kementerian Kesehatan,Kementerian Kesehatan,BALAI KEKARANTINAAN KESEHATAN KELAS II BIAK,"Papua, Biak Numfor (Kab.)",NATIONAL,2,177100000,May 2026,DESKTOP; LAPTOP,,,,,,,,
BALAI LATIHAN KERJA DAN PENGEMBANGAN PRODUKTIVITAS,BALAI LATIHAN KERJA DAN PENGEMBANGAN PRODUKTIVITAS — Provinsi DI Yogyakarta,Provinsi DI Yogyakarta,BALAI LATIHAN KERJA DAN PENGEMBANGAN PRODUKTIVITAS,"DI Yogyakarta, Yogyakarta (Kota)",PROVINCE,4,20006500,June 2026; May 2026,AUDIO; DESKTOP; IT_HARDWARE,,,,,,,,
BALAI LATIHAN KERJA,BALAI LATIHAN KERJA — Provinsi Kalimantan Selatan,Provinsi Kalimantan Selatan,BALAI LATIHAN KERJA,"Kalimantan Selatan, Banjar Baru (Kota) | Kalimantan Selatan, Banjar Baru (Kota) | Kalimantan Selatan, Banjar Baru (Kota)",PROVINCE,1,117200000,May 2026,DESKTOP; IT_HARDWARE,,,,,,,,
BALAI LATIHAN PENDIDIKAN TEKNIK,BALAI LATIHAN PENDIDIKAN TEKNIK — Provinsi DI Yogyakarta,Provinsi DI Yogyakarta,BALAI LATIHAN PENDIDIKAN TEKNIK,"DI Yogyakarta, Yogyakarta (Kota)",PROVINCE,1,14209000,May 2026,AUDIO,,,,,,,,
BALAI LAYANAN PERPUSTAKAAN,BALAI LAYANAN PERPUSTAKAAN — Provinsi DI Yogyakarta,Provinsi DI Yogyakarta,BALAI LAYANAN PERPUSTAKAAN,"DI Yogyakarta, Bantul (Kab.)",PROVINCE,2,20824000,June 2026; May 2026,DESKTOP; IT_HARDWARE,,,,,,,,
BALAI PELATIHAN DAN PEMBERDAYAAN MASYARAKAT TRANSMIGRASI DENPASAR,BALAI PELATIHAN DAN PEMBERDAYAAN MASYARAKAT TRANSMIGRASI DENPASAR — Kementerian Transmigrasi,Kementerian Transmigrasi,BALAI PELATIHAN DAN PEMBERDAYAAN MASYARAKAT TRANSMIGRASI DENPASAR,"Bali, Badung (Kab.)",NATIONAL,3,36400000,May 2026,CAMERA_VIDEO; OFFICE_FURNITURE; STORAGE,,,,,,,,
BALAI PELATIHAN KOPERASI DAN USAHA KECIL,BALAI PELATIHAN KOPERASI DAN USAHA KECIL — Provinsi Kalimantan Selatan,Provinsi Kalimantan Selatan,BALAI PELATIHAN KOPERASI DAN USAHA KECIL,"Kalimantan Selatan, Banjar Baru (Kota)",PROVINCE,1,120000000,May 2026,IT_HARDWARE,,,,,,,,
BALAI PELAYANAN SOSIAL PMKS SIDOARJO,BALAI PELAYANAN SOSIAL PMKS SIDOARJO — Provinsi Jawa Timur,Provinsi Jawa Timur,BALAI PELAYANAN SOSIAL PMKS SIDOARJO,"Jawa Timur, Sidoarjo (Kab.)",PROVINCE,1,43740000,May 2026,AUDIO,,,,,,,,
BALAI PEMERINTAHAN DESA LAMPUNG,BALAI PEMERINTAHAN DESA LAMPUNG — Kementerian Dalam Negeri,Kementerian Dalam Negeri,BALAI PEMERINTAHAN DESA LAMPUNG,"Lampung, Lampung Selatan (Kab.)",NATIONAL,1,40300000,May 2026,OFFICE_FURNITURE,,,,,,,,
BALAI PEMERINTAHAN DESA YOGYAKARTA,BALAI PEMERINTAHAN DESA YOGYAKARTA — Kementerian Dalam Negeri,Kementerian Dalam Negeri,BALAI PEMERINTAHAN DESA YOGYAKARTA,"DI Yogyakarta, Sleman (Kab.)",NATIONAL,1,128000000,June 2026,CAMERA_VIDEO,,,,,,,,
BALAI PEMUDA DAN OLAH RAGA,BALAI PEMUDA DAN OLAH RAGA — Provinsi DI Yogyakarta,Provinsi DI Yogyakarta,BALAI PEMUDA DAN OLAH RAGA,"DI Yogyakarta, Bantul (Kab.)",PROVINCE,6,1686518000,June 2026; May 2026,AUDIO; DESKTOP; OFFICE_FURNITURE,,,,,,,,
BALAI PENDIDIKAN DAN PELATIHAN KEAGAMAAN BANDUNG 426179,BALAI PENDIDIKAN DAN PELATIHAN KEAGAMAAN BANDUNG 426179 — Kementerian Agama,Kementerian Agama,BALAI PENDIDIKAN DAN PELATIHAN KEAGAMAAN BANDUNG 426179,"Jawa Barat, Bandung (Kota)",NATIONAL,3,98400000,June 2026; May 2026,CCTV; DESKTOP; LAPTOP; NETWORKING; OFFICE_FURNITURE,,,,,,,,
BALAI PENDIDIKAN DAN PELATIHAN KEAGAMAAN PADANG 426191,BALAI PENDIDIKAN DAN PELATIHAN KEAGAMAAN PADANG 426191 — Kementerian Agama,Kementerian Agama,BALAI PENDIDIKAN DAN PELATIHAN KEAGAMAAN PADANG 426191,"Sumatera Barat, Padang (Kota)",NATIONAL,2,31295000,June 2026,IT_HARDWARE,,,,,,,,
BALAI PENDIDIKAN DAN PELATIHAN PEMERIKSAAN KEUANGAN NEGARA MEDAN,BALAI PENDIDIKAN DAN PELATIHAN PEMERIKSAAN KEUANGAN NEGARA MEDAN — Badan Pemeriksa Keuangan,Badan Pemeriksa Keuangan,BALAI PENDIDIKAN DAN PELATIHAN PEMERIKSAAN KEUANGAN NEGARA MEDAN,"Sumatera Utara, Medan (Kota)",NATIONAL,3,359729160,May 2026,CAMERA_VIDEO; OFFICE_FURNITURE,,,,,,,,
BALAI PENDIDIKAN DAN PELATIHAN PEMERIKSAAN KEUANGAN NEGARA YOGYAKARTA,BALAI PENDIDIKAN DAN PELATIHAN PEMERIKSAAN KEUANGAN NEGARA YOGYAKARTA — Badan Pemeriksa Keuangan,Badan Pemeriksa Keuangan,BALAI PENDIDIKAN DAN PELATIHAN PEMERIKSAAN KEUANGAN NEGARA YOGYAKARTA,"DI Yogyakarta, Yogyakarta (Kota)",NATIONAL,3,410778000,May 2026,AUDIO; CAMERA_VIDEO; OFFICE_FURNITURE,,,,,,,,
BALAI PENDIDIKAN DAN PELATIHAN PENERBANGAN CURUG,BALAI PENDIDIKAN DAN PELATIHAN PENERBANGAN CURUG — Kementerian Perhubungan,Kementerian Perhubungan,BALAI PENDIDIKAN DAN PELATIHAN PENERBANGAN CURUG,"Banten, Tangerang (Kab.)",NATIONAL,6,248045000,June 2026; May 2026,CCTV; IT_HARDWARE; UPS,,,,,,,,
BALAI PENDIDIKAN MENENGAH KABUPATEN BANTUL,BALAI PENDIDIKAN MENENGAH KABUPATEN BANTUL — Provinsi DI Yogyakarta,Provinsi DI Yogyakarta,BALAI PENDIDIKAN MENENGAH KABUPATEN BANTUL,"DI Yogyakarta, Bantul (Kab.)",PROVINCE,19,1521728000,June 2026; May 2026,AUDIO; DESKTOP; IT_HARDWARE; OFFICE_FURNITURE,,,,,,,,
BALAI PENDIDIKAN MENENGAH KABUPATEN GUNUNGKIDUL,BALAI PENDIDIKAN MENENGAH KABUPATEN GUNUNGKIDUL — Provinsi DI Yogyakarta,Provinsi DI Yogyakarta,BALAI PENDIDIKAN MENENGAH KABUPATEN GUNUNGKIDUL,"DI Yogyakarta, Gunung Kidul (Kab.)",PROVINCE,14,846781500,June 2026; May 2026,AUDIO; DESKTOP; IT_HARDWARE; OFFICE_FURNITURE,,,,,,,,
BALAI PENDIDIKAN MENENGAH KABUPATEN KULON PROGO,BALAI PENDIDIKAN MENENGAH KABUPATEN KULON PROGO — Provinsi DI Yogyakarta,Provinsi DI Yogyakarta,BALAI PENDIDIKAN MENENGAH KABUPATEN KULON PROGO,"DI Yogyakarta, Kulon Progo (Kab.)",PROVINCE,20,1362334500,June 2026; May 2026,AUDIO; DESKTOP; OFFICE_FURNITURE,,,,,,,,
BALAI PENDIDIKAN MENENGAH KABUPATEN SLEMAN,BALAI PENDIDIKAN MENENGAH KABUPATEN SLEMAN — Provinsi DI Yogyakarta,Provinsi DI Yogyakarta,BALAI PENDIDIKAN MENENGAH KABUPATEN SLEMAN,"DI Yogyakarta, Sleman (Kab.)",PROVINCE,22,959315500,June 2026; May 2026,AUDIO; DESKTOP; IT_HARDWARE; OFFICE_FURNITURE,,,,,,,,
BALAI PENDIDIKAN MENENGAH KOTA YOGYAKARTA,BALAI PENDIDIKAN MENENGAH KOTA YOGYAKARTA — Provinsi DI Yogyakarta,Provinsi DI Yogyakarta,BALAI PENDIDIKAN MENENGAH KOTA YOGYAKARTA,"DI Yogyakarta, Yogyakarta (Kota)",PROVINCE,5,171809500,June 2026; May 2026,AUDIO; DESKTOP; IT_HARDWARE; OFFICE_FURNITURE,,,,,,,,
BALAI PENGAMANAN ALAT DAN FASILITAS KESEHATAN SURAKARTA,BALAI PENGAMANAN ALAT DAN FASILITAS KESEHATAN SURAKARTA — Kementerian Kesehatan,Kementerian Kesehatan,BALAI PENGAMANAN ALAT DAN FASILITAS KESEHATAN SURAKARTA,"Jawa Tengah, Surakarta (Kota)",NATIONAL,1,1275000,May 2026,SERVER,,,,,,,,
BALAI PENGAWASAN KETENAGAKERJAAN DAERAH WILAYAH II,BALAI PENGAWASAN KETENAGAKERJAAN DAERAH WILAYAH II — Provinsi Kalimantan Selatan,Provinsi Kalimantan Selatan,BALAI PENGAWASAN KETENAGAKERJAAN DAERAH WILAYAH II,"Kalimantan Selatan, Banjar Baru (Kota)",PROVINCE,7,10350000,May 2026,IT_HARDWARE,,,,,,,,
BALAI PENGELOLA KERETA API RINGAN SUMATERA SELATAN,BALAI PENGELOLA KERETA API RINGAN SUMATERA SELATAN — Kementerian Perhubungan,Kementerian Perhubungan,BALAI PENGELOLA KERETA API RINGAN SUMATERA SELATAN,"Sumatera Selatan, Palembang (Kota)",NATIONAL,1,168000000,May 2026,OFFICE_FURNITURE,,,,,,,,
BALAI PENGELOLA TRANSPORTASI DARAT WILAYAH VIII PROVINSI BANTEN,BALAI PENGELOLA TRANSPORTASI DARAT WILAYAH VIII PROVINSI BANTEN — Kementerian Perhubungan,Kementerian Perhubungan,BALAI PENGELOLA TRANSPORTASI DARAT WILAYAH VIII PROVINSI BANTEN,"Banten, Cilegon (Kota)",PROVINCE,1,21275000,May 2026,LAPTOP,,,,,,,,
BALAI PENGELOLAAN SARANA DAN PRASARANA TANAMAN PANGAN DAN HORTIKULTURA,BALAI PENGELOLAAN SARANA DAN PRASARANA TANAMAN PANGAN DAN HORTIKULTURA — Provinsi Kalimantan Selatan,Provinsi Kalimantan Selatan,BALAI PENGELOLAAN SARANA DAN PRASARANA TANAMAN PANGAN DAN HORTIKULTURA,"Kalimantan Selatan, Banjar Baru (Kota)",PROVINCE,1,6750000,May 2026,IT_HARDWARE,,,,,,,,
BALAI PENGELOLAAN TERMINAL DAN PERPARKIRAN,BALAI PENGELOLAAN TERMINAL DAN PERPARKIRAN — Provinsi DI Yogyakarta,Provinsi DI Yogyakarta,BALAI PENGELOLAAN TERMINAL DAN PERPARKIRAN,"DI Yogyakarta, Sleman (Kab.)",PROVINCE,1,40000000,May 2026,CCTV,,,,,,,,
BALAI PENGUJIAN PERKERETAAPIAN,BALAI PENGUJIAN PERKERETAAPIAN — Kementerian Perhubungan,Kementerian Perhubungan,BALAI PENGUJIAN PERKERETAAPIAN,"Jawa Barat, Bekasi (Kota)",NATIONAL,2,540400000,May 2026,LAPTOP,,,,,,,,
BALAI PENYELIDIKAN DAN PENGEMBANGAN TEKNOLOGI KEBENCANAAN GEOLOGI,BALAI PENYELIDIKAN DAN PENGEMBANGAN TEKNOLOGI KEBENCANAAN GEOLOGI — Kementerian Energi Dan Sumber Daya Mineral,Kementerian Energi Dan Sumber Daya Mineral,BALAI PENYELIDIKAN DAN PENGEMBANGAN TEKNOLOGI KEBENCANAAN GEOLOGI,"DI Yogyakarta, Yogyakarta (Kota)",NATIONAL,1,35000000,May 2026,AUDIO,,,,,,,,
BALAI PERIKANAN BUDIDAYA AIR PAYAU SITUBONDO,BALAI PERIKANAN BUDIDAYA AIR PAYAU SITUBONDO — Kementerian Kelautan Dan Perikanan,Kementerian Kelautan Dan Perikanan,BALAI PERIKANAN BUDIDAYA AIR PAYAU SITUBONDO,"Jawa Timur, Situbondo (Kab.)",NATIONAL,2,562260000,May 2026,CCTV; NETWORKING,,,,,,,,
BALAI PERIKANAN BUDIDAYA AIR TAWAR MANDIANGIN,BALAI PERIKANAN BUDIDAYA AIR TAWAR MANDIANGIN — Kementerian Kelautan Dan Perikanan,Kementerian Kelautan Dan Perikanan,BALAI PERIKANAN BUDIDAYA AIR TAWAR MANDIANGIN,"Kalimantan Selatan, Banjar (Kab.)",NATIONAL,1,3105000,May 2026,PRINTER,,,,,,,,
BALAI PERLINDUNGAN TANAMAN PANGAN DAN HORTIKULTURA,BALAI PERLINDUNGAN TANAMAN PANGAN DAN HORTIKULTURA — Provinsi Kalimantan Selatan,Provinsi Kalimantan Selatan,BALAI PERLINDUNGAN TANAMAN PANGAN DAN HORTIKULTURA,"Kalimantan Selatan, Banjar Baru (Kota)",PROVINCE,1,150000,May 2026,IT_HARDWARE,,,,,,,,
BALAI TEKNIK PERKERETAAPIAN KELAS I SEMARANG,BALAI TEKNIK PERKERETAAPIAN KELAS I SEMARANG — Kementerian Perhubungan,Kementerian Perhubungan,BALAI TEKNIK PERKERETAAPIAN KELAS I SEMARANG,"Jawa Tengah, Semarang (Kota)",NATIONAL,1,32500000,May 2026,PRINTER,,,,,,,,
BALAI TEKNOLOGI KOMUNIKASI PENDIDIKAN,BALAI TEKNOLOGI KOMUNIKASI PENDIDIKAN — Provinsi DI Yogyakarta,Provinsi DI Yogyakarta,BALAI TEKNOLOGI KOMUNIKASI PENDIDIKAN,"DI Yogyakarta, Yogyakarta (Kota)",PROVINCE,2,9149000,June 2026,DESKTOP; IT_HARDWARE,,,,,,,,
BANDAR UDARA KEPI MERAUKE,BANDAR UDARA KEPI MERAUKE — Kementerian Perhubungan,Kementerian Perhubungan,BANDAR UDARA KEPI MERAUKE,"Papua Selatan, Mappi (Kab.)",NATIONAL,3,64544000,June 2026; May 2026,DESKTOP; NETWORKING; PRINTER,,,,,,,,
BANDAR UDARA SULTAN MUHAMMAD KAHARUDDIN DI SUMBAWA BESAR,BANDAR UDARA SULTAN MUHAMMAD KAHARUDDIN DI SUMBAWA BESAR — Kementerian Perhubungan,Kementerian Perhubungan,BANDAR UDARA SULTAN MUHAMMAD KAHARUDDIN DI SUMBAWA BESAR,"Nusa Tenggara Barat, Sumbawa (Kab.)",NATIONAL,1,30000000,May 2026,CCTV,,,,,,,,
BANDAR UDARA TANJUNG HARAPAN DI TANJUNG SELOR,BANDAR UDARA TANJUNG HARAPAN DI TANJUNG SELOR — Kementerian Perhubungan,Kementerian Perhubungan,BANDAR UDARA TANJUNG HARAPAN DI TANJUNG SELOR,"Kalimantan Utara, Bulungan (Kab.)",NATIONAL,1,30000000,May 2026,AUDIO,,,,,,,,
BBGTK PROVINSI JAWA TIMUR,BBGTK PROVINSI JAWA TIMUR — Kementerian Pendidikan Dasar dan Menengah,Kementerian Pendidikan Dasar dan Menengah,BBGTK PROVINSI JAWA TIMUR,"Jawa Timur, Batu (Kota)",PROVINCE,1,8322000,June 2026,NETWORKING,,,,,,,,
BGTK PROVINSI JAMBI,BGTK PROVINSI JAMBI — Kementerian Pendidikan Dasar dan Menengah,Kementerian Pendidikan Dasar dan Menengah,BGTK PROVINSI JAMBI,"Jambi, Jambi (Kota)",PROVINCE,2,10471000,May 2026,CCTV; NETWORKING,,,,,,,,
BID TIK POLDA KEPRI,BID TIK POLDA KEPRI — Kepolisian Negara Republik Indonesia,Kepolisian Negara Republik Indonesia,BID TIK POLDA KEPRI,"Kepulauan Riau, Batam (Kota)",OTHER,1,123480000,May 2026,NETWORKING,,,,,,,,
BIDANG KESEKRETARIATAN,BIDANG KESEKRETARIATAN — Kementerian Pemuda Dan Olah Raga,Kementerian Pemuda Dan Olah Raga,BIDANG KESEKRETARIATAN,"DKI Jakarta, Jakarta Pusat (Kota)",NATIONAL,5,208280000,May 2026,CAMERA_VIDEO; IT_HARDWARE,,,,,,,,
BIDANG PEMBUDAYAAN OLAHRAGA,BIDANG PEMBUDAYAAN OLAHRAGA — Kementerian Pemuda Dan Olah Raga,Kementerian Pemuda Dan Olah Raga,BIDANG PEMBUDAYAAN OLAHRAGA,"DKI Jakarta, Jakarta Pusat (Kota)",NATIONAL,1,22400000,May 2026,IT_HARDWARE,,,,,,,,
BIDDOKKES POLDA KALBAR,BIDDOKKES POLDA KALBAR — Kepolisian Negara Republik Indonesia,Kepolisian Negara Republik Indonesia,BIDDOKKES POLDA KALBAR,"Kalimantan Barat, Pontianak (Kota)",OTHER,2,4091000,June 2026,OFFICE_FURNITURE,,,,,,,,
BIDLABFOR POLDA JATIM,BIDLABFOR POLDA JATIM — Kepolisian Negara Republik Indonesia,Kepolisian Negara Republik Indonesia,BIDLABFOR POLDA JATIM,"Jawa Timur, Surabaya (Kota)",OTHER,1,76000000,May 2026,UPS,,,,,,,,
BIRO ADMINISTRASI PEREKONOMIAN,BIRO ADMINISTRASI PEREKONOMIAN — Provinsi Sulawesi Tenggara,Provinsi Sulawesi Tenggara,BIRO ADMINISTRASI PEREKONOMIAN,"Sulawesi Tenggara, Kendari (Kota)",PROVINCE,3,2230900,June 2026; May 2026,IT_HARDWARE,,,,,,,,
BIRO ADMINISTRASI PIMPINAN,BIRO ADMINISTRASI PIMPINAN — Provinsi Kalimantan Selatan,Provinsi Kalimantan Selatan,BIRO ADMINISTRASI PIMPINAN,"Kalimantan Selatan, Banjar Baru (Kota)",PROVINCE,3,87469000,June 2026; May 2026,IT_HARDWARE; OFFICE_FURNITURE,,,,,,,,
BIRO HUKUM,BIRO HUKUM — Provinsi Papua,Provinsi Papua,BIRO HUKUM,"Papua, Jayapura (Kota)",PROVINCE,5,265926600,June 2026; May 2026,DESKTOP; IT_HARDWARE; PRINTER,,,,,,,,
BIRO KEPEGAWAIAN DAN ORGANISASI TATALAKSANA,BIRO KEPEGAWAIAN DAN ORGANISASI TATALAKSANA — Kementerian Pekerjaan Umum,Kementerian Pekerjaan Umum,BIRO KEPEGAWAIAN DAN ORGANISASI TATALAKSANA,"DKI Jakarta, Jakarta Pusat (Kota)",NATIONAL,1,258315000,May 2026,LAPTOP; SCANNER,,,,,,,,
BIRO KERJASAMA DAERAH,BIRO KERJASAMA DAERAH — Provinsi DKI Jakarta,Provinsi DKI Jakarta,BIRO KERJASAMA DAERAH,"DKI Jakarta, Jakarta Pusat (Kota)",PROVINCE,1,37300256,June 2026,CAMERA_VIDEO,,,,,,,,
BIRO KESEJAHTERAAN RAKYAT,BIRO KESEJAHTERAAN RAKYAT — Provinsi Jawa Timur,Provinsi Jawa Timur,BIRO KESEJAHTERAAN RAKYAT,"Jawa Timur, Surabaya (Kota)",PROVINCE,1,61827000,June 2026,IT_HARDWARE,,,,,,,,
BIRO KESEJAHTERAAN SOSIAL,BIRO KESEJAHTERAAN SOSIAL — Provinsi DKI Jakarta,Provinsi DKI Jakarta,BIRO KESEJAHTERAAN SOSIAL,"DKI Jakarta, Jakarta Pusat (Kota)",PROVINCE,2,250512976,May 2026,DESKTOP; OFFICE_FURNITURE,,,,,,,,
BIRO KOMUNIKASI PUBLIK,BIRO KOMUNIKASI PUBLIK — Kementerian Pekerjaan Umum,Kementerian Pekerjaan Umum,BIRO KOMUNIKASI PUBLIK,"DKI Jakarta, Jakarta Pusat (Kota)",NATIONAL,2,107600000,May 2026,IT_HARDWARE; LAPTOP,,,,,,,,
"BIRO PEMERINTAHAN, OTONOMI KHUSUS, DAN KESEJAHTERAAN RAKYAT","BIRO PEMERINTAHAN, OTONOMI KHUSUS, DAN KESEJAHTERAAN RAKYAT — Provinsi Papua Selatan",Provinsi Papua Selatan,"BIRO PEMERINTAHAN, OTONOMI KHUSUS, DAN KESEJAHTERAAN RAKYAT","Papua Selatan, Merauke (Kab.)",PROVINCE,1,78250000,June 2026,IT_HARDWARE,,,,,,,,
BIRO PENGADAAN BARANG DAN JASA SETDA PROVINSI KALIMANTAN BARAT,BIRO PENGADAAN BARANG DAN JASA SETDA PROVINSI KALIMANTAN BARAT — Provinsi Kalimantan Barat,Provinsi Kalimantan Barat,BIRO PENGADAAN BARANG DAN JASA SETDA PROVINSI KALIMANTAN BARAT,"Kalimantan Barat, Pontianak (Kota)",PROVINCE,2,3490000,May 2026,IT_HARDWARE; OFFICE_FURNITURE,,,,,,,,
BIRO PENGADAAN BARANG DAN JASA,BIRO PENGADAAN BARANG DAN JASA — Provinsi Papua,Provinsi Papua,BIRO PENGADAAN BARANG DAN JASA,"Papua, Jayapura (Kota)",PROVINCE,1,41732400,June 2026,DESKTOP,,,,,,,,
BIRO PEREKONOMIAN,BIRO PEREKONOMIAN — Provinsi Sumatera Barat,Provinsi Sumatera Barat,BIRO PEREKONOMIAN,"Sumatera Barat, Padang (Kota)",PROVINCE,1,7837000,June 2026,IT_HARDWARE,,,,,,,,
BIRO PERENCANAAN ANGGARAN DAN KERJASAMA LUAR NEGERI,BIRO PERENCANAAN ANGGARAN DAN KERJASAMA LUAR NEGERI — Kementerian Pekerjaan Umum,Kementerian Pekerjaan Umum,BIRO PERENCANAAN ANGGARAN DAN KERJASAMA LUAR NEGERI,"DKI Jakarta, Jakarta Selatan (Kota)",NATIONAL,1,500000000,May 2026,SERVER,,,,,,,,
BIRO UMUM DAN ADMINISTRASI SEKRETARIAT DAERAH,BIRO UMUM DAN ADMINISTRASI SEKRETARIAT DAERAH — Provinsi DKI Jakarta,Provinsi DKI Jakarta,BIRO UMUM DAN ADMINISTRASI SEKRETARIAT DAERAH,"DKI Jakarta, Jakarta Pusat (Kota)",PROVINCE,10,1986531240,May 2026,AUDIO; CAMERA_VIDEO; OFFICE_FURNITURE,,,,,,,,
BIRO UMUM SETJEN KEMHAN,BIRO UMUM SETJEN KEMHAN — Kementerian Pertahanan,Kementerian Pertahanan,BIRO UMUM SETJEN KEMHAN,"DKI Jakarta, Jakarta Pusat (Kota)",NATIONAL,1,81192715,May 2026,IT_HARDWARE,,,,,,,,
BIRO UMUM SETJEN KKP,BIRO UMUM SETJEN KKP — Kementerian Kelautan Dan Perikanan,Kementerian Kelautan Dan Perikanan,BIRO UMUM SETJEN KKP,"DKI Jakarta, Jakarta Pusat (Kota)",NATIONAL,1,270000000,May 2026,SERVER,,,,,,,,
BIRO UMUM,BIRO UMUM — Provinsi Sumatera Barat,Provinsi Sumatera Barat,BIRO UMUM,"Sumatera Barat, Padang (Kota)",PROVINCE,7,705560440,June 2026; May 2026,AUDIO; CCTV; DESKTOP; IT_HARDWARE; OFFICE_FURNITURE; PRINTER,,,,,,,,
BLUD Labkesda,BLUD Labkesda — Kab. Tangerang,Kab. Tangerang,BLUD Labkesda,"Banten, Tangerang (Kab.)",HEALTH_UNIT,1,24500000,June 2026,NETWORKING,,,,,,,,
BLUD PUSKESMAS BHINTUKA,BLUD PUSKESMAS BHINTUKA — Kab. Mimika,Kab. Mimika,BLUD PUSKESMAS BHINTUKA,"Papua Tengah, Mimika (Kab.)",HEALTH_UNIT,1,92621200,May 2026,IT_HARDWARE,,,,,,,,
BLUD Puskesmas Bandung,BLUD Puskesmas Bandung — Kota Tegal,Kota Tegal,BLUD Puskesmas Bandung,"Jawa Tengah, Tegal (Kota)",HEALTH_UNIT,2,100000000,May 2026,OFFICE_FURNITURE,,,,,,,,
BLUD Puskesmas Caringin,BLUD Puskesmas Caringin — Kab. Tangerang,Kab. Tangerang,BLUD Puskesmas Caringin,"Banten, Tangerang (Kab.)",HEALTH_UNIT,1,12543000,May 2026,IT_HARDWARE,,,,,,,,
BLUD Puskesmas Cikupa,BLUD Puskesmas Cikupa — Kab. Tangerang,Kab. Tangerang,BLUD Puskesmas Cikupa,"Banten, Tangerang (Kab.)",HEALTH_UNIT,2,88527175,June 2026; May 2026,DESKTOP; IT_HARDWARE,,,,,,,,
BLUD Puskesmas Cikuya,BLUD Puskesmas Cikuya — Kab. Tangerang,Kab. Tangerang,BLUD Puskesmas Cikuya,"Banten, Tangerang (Kab.)",HEALTH_UNIT,1,12515000,June 2026,IT_HARDWARE,,,,,,,,
BLUD Puskesmas Cisoka,BLUD Puskesmas Cisoka — Kab. Tangerang,Kab. Tangerang,BLUD Puskesmas Cisoka,"Banten, Tangerang (Kab.)",HEALTH_UNIT,2,56100000,June 2026,LAPTOP; PRINTER,,,,,,,,
BLUD Puskesmas Curug,BLUD Puskesmas Curug — Kab. Tangerang,Kab. Tangerang,BLUD Puskesmas Curug,"Banten, Tangerang (Kab.)",HEALTH_UNIT,1,40000000,June 2026,DESKTOP,,,,,,,,
BLUD Puskesmas Jalan Kutai,BLUD Puskesmas Jalan Kutai — Kab. Tangerang,Kab. Tangerang,BLUD Puskesmas Jalan Kutai,"Banten, Tangerang (Kab.)",HEALTH_UNIT,1,360000,June 2026,IT_HARDWARE,,,,,,,,
BLUD Puskesmas Jambe,BLUD Puskesmas Jambe — Kab. Tangerang,Kab. Tangerang,BLUD Puskesmas Jambe,"Banten, Tangerang (Kab.)",HEALTH_UNIT,1,8050000,June 2026,IT_HARDWARE,,,,,,,,
BLUD Puskesmas Jayanti,BLUD Puskesmas Jayanti — Kab. Tangerang,Kab. Tangerang,BLUD Puskesmas Jayanti,"Banten, Tangerang (Kab.)",HEALTH_UNIT,2,36595000,May 2026,AUDIO; IT_HARDWARE,,,,,,,,
BLUD Puskesmas Kaligangsa,BLUD Puskesmas Kaligangsa — Kota Tegal,Kota Tegal,BLUD Puskesmas Kaligangsa,"Jawa Tengah, Tegal (Kota)",HEALTH_UNIT,1,66943600,May 2026,DESKTOP,,,,,,,,
BLUD Puskesmas Kayangan,BLUD Puskesmas Kayangan — Kab. Lombok Utara,Kab. Lombok Utara,BLUD Puskesmas Kayangan,"Nusa Tenggara Barat, Lombok Utara (Kab.)",HEALTH_UNIT,3,107500000,May 2026,IT_HARDWARE; LAPTOP,,,,,,,,
BLUD Puskesmas Kelapa Dua,BLUD Puskesmas Kelapa Dua — Kab. Tangerang,Kab. Tangerang,BLUD Puskesmas Kelapa Dua,"Banten, Tangerang (Kab.)",HEALTH_UNIT,1,6000000,June 2026,OFFICE_FURNITURE,,,,,,,,
BLUD Puskesmas Kronjo,BLUD Puskesmas Kronjo — Kab. Tangerang,Kab. Tangerang,BLUD Puskesmas Kronjo,"Banten, Tangerang (Kab.)",HEALTH_UNIT,1,45211000,June 2026,AUDIO,,,,,,,,
BLUD Puskesmas Margadana,BLUD Puskesmas Margadana — Kota Tegal,Kota Tegal,BLUD Puskesmas Margadana,"Jawa Tengah, Tegal (Kota)",HEALTH_UNIT,1,30000000,May 2026,DESKTOP; PRINTER,,,,,,,,
BLUD Puskesmas Mauk,BLUD Puskesmas Mauk — Kab. Tangerang,Kab. Tangerang,BLUD Puskesmas Mauk,"Banten, Tangerang (Kab.)",HEALTH_UNIT,1,120463538,June 2026,IT_HARDWARE,,,,,,,,
BLUD Puskesmas Melur,BLUD Puskesmas Melur — Kota Pekanbaru,Kota Pekanbaru,BLUD Puskesmas Melur,"Riau, Pekanbaru (Kota)",HEALTH_UNIT,3,86600000,June 2026; May 2026,AUDIO; IT_HARDWARE; UPS,,,,,,,,
BLUD Puskesmas Pakuhaji,BLUD Puskesmas Pakuhaji — Kab. Tangerang,Kab. Tangerang,BLUD Puskesmas Pakuhaji,"Banten, Tangerang (Kab.)",HEALTH_UNIT,1,18500000,May 2026,DESKTOP,,,,,,,,
BLUD Puskesmas Panongan,BLUD Puskesmas Panongan — Kab. Tangerang,Kab. Tangerang,BLUD Puskesmas Panongan,"Banten, Tangerang (Kab.)",HEALTH_UNIT,1,117900000,June 2026,OFFICE_FURNITURE,,,,,,,,
BLUD Puskesmas Pasar Kemis,BLUD Puskesmas Pasar Kemis — Kab. Tangerang,Kab. Tangerang,BLUD Puskesmas Pasar Kemis,"Banten, Tangerang (Kab.)",HEALTH_UNIT,2,89030000,May 2026,CAMERA_VIDEO; DESKTOP,,,,,,,,
BLUD Puskesmas Pasir Nangka,BLUD Puskesmas Pasir Nangka — Kab. Tangerang,Kab. Tangerang,BLUD Puskesmas Pasir Nangka,"Banten, Tangerang (Kab.)",HEALTH_UNIT,2,21000000,June 2026,DESKTOP; OFFICE_FURNITURE,,,,,,,,
BLUD Puskesmas RI Sidomulyo,BLUD Puskesmas RI Sidomulyo — Kota Pekanbaru,Kota Pekanbaru,BLUD Puskesmas RI Sidomulyo,"Riau, Pekanbaru (Kota)",HEALTH_UNIT,1,60500000,May 2026,OFFICE_FURNITURE,,,,,,,,
BLUD Puskesmas Rajeg,BLUD Puskesmas Rajeg — Kab. Tangerang,Kab. Tangerang,BLUD Puskesmas Rajeg,"Banten, Tangerang (Kab.)",HEALTH_UNIT,1,27725000,June 2026,AUDIO,,,,,,,,
BLUD Puskesmas Salembaran Jaya,BLUD Puskesmas Salembaran Jaya — Kab. Tangerang,Kab. Tangerang,BLUD Puskesmas Salembaran Jaya,"Banten, Tangerang (Kab.)",HEALTH_UNIT,1,27468000,May 2026,OFFICE_FURNITURE,,,,,,,,
BLUD Puskesmas Sapta Taruna,BLUD Puskesmas Sapta Taruna — Kota Pekanbaru,Kota Pekanbaru,BLUD Puskesmas Sapta Taruna,"Riau, Pekanbaru (Kota)",HEALTH_UNIT,1,2000000,May 2026,OFFICE_FURNITURE,,,,,,,,
BLUD Puskesmas Sepatan,BLUD Puskesmas Sepatan — Kab. Tangerang,Kab. Tangerang,BLUD Puskesmas Sepatan,"Banten, Tangerang (Kab.)",HEALTH_UNIT,2,94994838,June 2026; May 2026,DESKTOP; OFFICE_FURNITURE; PRINTER; SCANNER,,,,,,,,
BLUD Puskesmas Sukadiri,BLUD Puskesmas Sukadiri — Kab. Tangerang,Kab. Tangerang,BLUD Puskesmas Sukadiri,"Banten, Tangerang (Kab.)",HEALTH_UNIT,3,53868000,June 2026,IT_HARDWARE; LAPTOP; PRINTER,,,,,,,,
BLUD Puskesmas Sukamulya,BLUD Puskesmas Sukamulya — Kab. Tangerang,Kab. Tangerang,BLUD Puskesmas Sukamulya,"Banten, Tangerang (Kab.)",HEALTH_UNIT,3,70300000,June 2026; May 2026,IT_HARDWARE; OFFICE_FURNITURE; PRINTER,,,,,,,,
BLUD Puskesmas Sukawali,BLUD Puskesmas Sukawali — Kab. Tangerang,Kab. Tangerang,BLUD Puskesmas Sukawali,"Banten, Tangerang (Kab.)",HEALTH_UNIT,3,53000000,June 2026; May 2026,IT_HARDWARE; OFFICE_FURNITURE,,,,,,,,
BLUD Puskesmas Suradita,BLUD Puskesmas Suradita — Kab. Tangerang,Kab. Tangerang,BLUD Puskesmas Suradita,"Banten, Tangerang (Kab.)",HEALTH_UNIT,1,21600000,May 2026,IT_HARDWARE,,,,,,,,
BLUD Puskesmas Tegal Angus,BLUD Puskesmas Tegal Angus — Kab. Tangerang,Kab. Tangerang,BLUD Puskesmas Tegal Angus,"Banten, Tangerang (Kab.)",HEALTH_UNIT,3,106110000,June 2026; May 2026,IT_HARDWARE; OFFICE_FURNITURE,,,,,,,,
BLUD Puskesmas Teluknaga,BLUD Puskesmas Teluknaga — Kab. Tangerang,Kab. Tangerang,BLUD Puskesmas Teluknaga,"Banten, Tangerang (Kab.)",HEALTH_UNIT,1,8000000,May 2026,CCTV,,,,,,,,
BLUD Puskesmas Tigaraksa,BLUD Puskesmas Tigaraksa — Kab. Tangerang,Kab. Tangerang,BLUD Puskesmas Tigaraksa,"Banten, Tangerang (Kab.)",HEALTH_UNIT,1,10500000,May 2026,OFFICE_FURNITURE,,,,,,,,
BLUD RSUD Kardinah,BLUD RSUD Kardinah — Kota Tegal,Kota Tegal,BLUD RSUD Kardinah,"Jawa Tengah, Tegal (Kota)",HOSPITAL,2,880000000,June 2026,DESKTOP,,,,,,,,
BPK RI PERWAKILAN PROVINSI DAERAH ISTIMEWA YOGYAKARTA,BPK RI PERWAKILAN PROVINSI DAERAH ISTIMEWA YOGYAKARTA — Badan Pemeriksa Keuangan,Badan Pemeriksa Keuangan,BPK RI PERWAKILAN PROVINSI DAERAH ISTIMEWA YOGYAKARTA,"DI Yogyakarta, Yogyakarta (Kota)",PROVINCE,2,125691000,May 2026,AUDIO; CAMERA_VIDEO; OFFICE_FURNITURE; STORAGE,,,,,,,,
BPK RI PERWAKILAN PROVINSI DAERAH KHUSUS IBUKOTA JAKARTA,BPK RI PERWAKILAN PROVINSI DAERAH KHUSUS IBUKOTA JAKARTA — Badan Pemeriksa Keuangan,Badan Pemeriksa Keuangan,BPK RI PERWAKILAN PROVINSI DAERAH KHUSUS IBUKOTA JAKARTA,"DKI Jakarta, Jakarta Selatan (Kota)",PROVINCE,2,79900000,June 2026; May 2026,NETWORKING; PRINTER,,,,,,,,
BPK RI PERWAKILAN PROVINSI GORONTALO,BPK RI PERWAKILAN PROVINSI GORONTALO — Badan Pemeriksa Keuangan,Badan Pemeriksa Keuangan,BPK RI PERWAKILAN PROVINSI GORONTALO,"Gorontalo, Gorontalo (Kota)",PROVINCE,5,183163000,June 2026; May 2026,AUDIO; CAMERA_VIDEO; OFFICE_FURNITURE; PRINTER,,,,,,,,
BPK RI PERWAKILAN PROVINSI JAMBI,BPK RI PERWAKILAN PROVINSI JAMBI — Badan Pemeriksa Keuangan,Badan Pemeriksa Keuangan,BPK RI PERWAKILAN PROVINSI JAMBI,"Jambi, Jambi (Kota)",PROVINCE,3,37000000,May 2026,AUDIO; CAMERA_VIDEO; UPS,,,,,,,,
BPK RI PERWAKILAN PROVINSI KALIMANTAN BARAT,BPK RI PERWAKILAN PROVINSI KALIMANTAN BARAT — Badan Pemeriksa Keuangan,Badan Pemeriksa Keuangan,BPK RI PERWAKILAN PROVINSI KALIMANTAN BARAT,"Kalimantan Barat, Pontianak (Kota)",PROVINCE,1,26847000,May 2026,OFFICE_FURNITURE,,,,,,,,
BPK RI PERWAKILAN PROVINSI KALIMANTAN UTARA,BPK RI PERWAKILAN PROVINSI KALIMANTAN UTARA — Badan Pemeriksa Keuangan,Badan Pemeriksa Keuangan,BPK RI PERWAKILAN PROVINSI KALIMANTAN UTARA,"Kalimantan Utara, Tarakan (Kota)",PROVINCE,6,442984000,June 2026; May 2026,CAMERA_VIDEO; CCTV; IT_HARDWARE; OFFICE_FURNITURE; PRINTER; SCANNER,,,,,,,,
BPK RI PERWAKILAN PROVINSI KEPULAUAN RIAU,BPK RI PERWAKILAN PROVINSI KEPULAUAN RIAU — Badan Pemeriksa Keuangan,Badan Pemeriksa Keuangan,BPK RI PERWAKILAN PROVINSI KEPULAUAN RIAU,"Kepulauan Riau, Batam (Kota)",PROVINCE,6,431904000,May 2026,CAMERA_VIDEO; OFFICE_FURNITURE; PRINTER; SCANNER,,,,,,,,
BPK RI PERWAKILAN PROVINSI MALUKU,BPK RI PERWAKILAN PROVINSI MALUKU — Badan Pemeriksa Keuangan,Badan Pemeriksa Keuangan,BPK RI PERWAKILAN PROVINSI MALUKU,"Maluku, Ambon (Kota) | Maluku, Ambon (Kota)",PROVINCE,1,226320000,May 2026,PRINTER,,,,,,,,
BPMP PROVINSI DKI JAKARTA,BPMP PROVINSI DKI JAKARTA — Kementerian Pendidikan Dasar dan Menengah,Kementerian Pendidikan Dasar dan Menengah,BPMP PROVINSI DKI JAKARTA,"DKI Jakarta, Jakarta Pusat (Kota)",PROVINCE,1,12250000,May 2026,PRINTER,,,,,,,,
BPMP PROVINSI KALIMANTAN TENGAH,BPMP PROVINSI KALIMANTAN TENGAH — Kementerian Pendidikan Dasar dan Menengah,Kementerian Pendidikan Dasar dan Menengah,BPMP PROVINSI KALIMANTAN TENGAH,"Kalimantan Tengah, Palangka Raya (Kota)",PROVINCE,1,112560000,June 2026,CCTV; NETWORKING,,,,,,,,
BPMP PROVINSI SULAWESI TENGGARA,BPMP PROVINSI SULAWESI TENGGARA — Kementerian Pendidikan Dasar dan Menengah,Kementerian Pendidikan Dasar dan Menengah,BPMP PROVINSI SULAWESI TENGGARA,"Sulawesi Tenggara, Kendari (Kota)",PROVINCE,2,9000000,June 2026; May 2026,NETWORKING,,,,,,,,
BPMP PROVINSI SUMATERA SELATAN,BPMP PROVINSI SUMATERA SELATAN — Kementerian Pendidikan Dasar dan Menengah,Kementerian Pendidikan Dasar dan Menengah,BPMP PROVINSI SUMATERA SELATAN,"Sumatera Selatan, Ogan Ilir (Kab.)",PROVINCE,8,72068200,June 2026; May 2026,IT_HARDWARE; NETWORKING; PRINTER,,,,,,,,
BPS KABUPATEN KAYONG UTARA,BPS KABUPATEN KAYONG UTARA — Badan Pusat Statistik,Badan Pusat Statistik,BPS KABUPATEN KAYONG UTARA,"Kalimantan Barat, Kayong Utara (Kab.)",NATIONAL,7,24572000,June 2026,IT_HARDWARE,,,,,,,,
BPS KABUPATEN KEPULAUAN SIAU TAGULANDANG BIARO,BPS KABUPATEN KEPULAUAN SIAU TAGULANDANG BIARO — Badan Pusat Statistik,Badan Pusat Statistik,BPS KABUPATEN KEPULAUAN SIAU TAGULANDANG BIARO,"Sulawesi Utara, Kepulauan Siau Tagulandang Biaro (Kab.)",NATIONAL,2,24500000,May 2026,IT_HARDWARE,,,,,,,,
BPS KOTA SUBULUSSALAM,BPS KOTA SUBULUSSALAM — Badan Pusat Statistik,Badan Pusat Statistik,BPS KOTA SUBULUSSALAM,"Aceh, Subulussalam (Kota)",NATIONAL,3,1875000,June 2026; May 2026,IT_HARDWARE,,,,,,,,
BPS KOTA SUNGAI PENUH,BPS KOTA SUNGAI PENUH — Badan Pusat Statistik,Badan Pusat Statistik,BPS KOTA SUNGAI PENUH,"Jambi, Sungai Penuh (Kab.)",NATIONAL,6,23712000,June 2026; May 2026,IT_HARDWARE,,,,,,,,
Badan Aksesbilitas Telekomunikasi dan Informasi,Badan Aksesbilitas Telekomunikasi dan Informasi — Kementerian Komunikasi dan Digital,Kementerian Komunikasi dan Digital,Badan Aksesbilitas Telekomunikasi dan Informasi,"DKI Jakarta, Jakarta Selatan (Kota)",NATIONAL,1,1929069000,May 2026,NETWORKING,,,,,,,,
Badan Kepegawaian Dan Pengembangan Sumber Daya Manusia,Badan Kepegawaian Dan Pengembangan Sumber Daya Manusia — Kab. Takalar,Kab. Takalar,Badan Kepegawaian Dan Pengembangan Sumber Daya Manusia,"Sulawesi Selatan, Takalar (Kab.) | Sulawesi Selatan, Takalar (Kab.) | Sulawesi Selatan, Takalar (Kab.) | Sulawesi Selatan, Takalar (Kab.)",LOCAL_AGENCY,4,103320161,May 2026,DESKTOP; IT_HARDWARE; OFFICE_FURNITURE,,,,,,,,
Badan Kepegawaian dan KORPRI,Badan Kepegawaian dan KORPRI — Provinsi Kepulauan Riau,Provinsi Kepulauan Riau,Badan Kepegawaian dan KORPRI,"Kepulauan Riau, Tanjung Pinang (Kota)",PROVINCE,6,24144026,June 2026; May 2026,DESKTOP; IT_HARDWARE,,,,,,,,
Badan Kepegawaian dan Pengembangan SDM,Badan Kepegawaian dan Pengembangan SDM — Kab. Pidie Jaya,Kab. Pidie Jaya,Badan Kepegawaian dan Pengembangan SDM,"Aceh, Pidie Jaya (Kab.)",EDUCATION,3,32993756,May 2026,CAMERA_VIDEO; LAPTOP; PRINTER,,,,,,,,
Badan Kepegawaian dan Pengembangan Sumber Daya Manusia Daerah,Badan Kepegawaian dan Pengembangan Sumber Daya Manusia Daerah — Kab. Jepara,Kab. Jepara,Badan Kepegawaian dan Pengembangan Sumber Daya Manusia Daerah,"Jawa Tengah, Jepara (Kab.)",LOCAL_AGENCY,3,50897400,June 2026; May 2026,DESKTOP; IT_HARDWARE,,,,,,,,
Badan Kepegawaian dan Pengembangan Sumber Daya Manusia Kota Manado,Badan Kepegawaian dan Pengembangan Sumber Daya Manusia Kota Manado — Kota Manado,Kota Manado,Badan Kepegawaian dan Pengembangan Sumber Daya Manusia Kota Manado,"Sulawesi Utara, Manado (Kota)",LOCAL_AGENCY,2,2608980,June 2026; May 2026,IT_HARDWARE,,,,,,,,
Badan Kepegawaian dan Pengembangan Sumber Daya Manusia,Badan Kepegawaian dan Pengembangan Sumber Daya Manusia — Kab. Jombang,Kab. Jombang,Badan Kepegawaian dan Pengembangan Sumber Daya Manusia,"Jawa Timur, Jombang (Kab.)",LOCAL_AGENCY,33,1778028505,June 2026; May 2026,CAMERA_VIDEO; CCTV; DESKTOP; IT_HARDWARE; LAPTOP; NETWORKING; OFFICE_FURNITURE; PRINTER; SCANNER,,,,,,,,
Badan Kepegawaian dan Pengembangan SumberDaya Manusia,Badan Kepegawaian dan Pengembangan SumberDaya Manusia — Kab. Ciamis,Kab. Ciamis,Badan Kepegawaian dan Pengembangan SumberDaya Manusia,"Jawa Barat, Ciamis (Kab.)",LOCAL_AGENCY,2,44362500,May 2026,IT_HARDWARE; LAPTOP; PRINTER,,,,,,,,
Badan Kepegawaian dan Pengembangan Sumberdaya Manusia,Badan Kepegawaian dan Pengembangan Sumberdaya Manusia — Kab. Sintang,Kab. Sintang,Badan Kepegawaian dan Pengembangan Sumberdaya Manusia,"Kalimantan Barat, Sintang (Kab.)",LOCAL_AGENCY,1,600000,May 2026,IT_HARDWARE,,,,,,,,
"Badan Kepegawaian, Pendidikan, dan Pelatihan Daerah","Badan Kepegawaian, Pendidikan, dan Pelatihan Daerah — Kab. Gunungkidul",Kab. Gunungkidul,"Badan Kepegawaian, Pendidikan, dan Pelatihan Daerah","DI Yogyakarta, Gunung Kidul (Kab.)",LOCAL_AGENCY,4,322905000,June 2026,AUDIO; DESKTOP; OFFICE_FURNITURE,,,,,,,,
"Badan Kepegawaian, dan Pengembangan Sumber Daya Manusia","Badan Kepegawaian, dan Pengembangan Sumber Daya Manusia — Kab. Karangasem",Kab. Karangasem,"Badan Kepegawaian, dan Pengembangan Sumber Daya Manusia","Bali, Jembrana (Kab.)",LOCAL_AGENCY,2,63155092,June 2026; May 2026,DESKTOP; IT_HARDWARE; NETWORKING,,,,,,,,
Badan Kesatuan Bangsa Dan Politik Kota Langsa,Badan Kesatuan Bangsa Dan Politik Kota Langsa — Kota Langsa,Kota Langsa,Badan Kesatuan Bangsa Dan Politik Kota Langsa,"Aceh, Langsa (Kota)",LOCAL_AGENCY,1,4320000,May 2026,OFFICE_FURNITURE,,,,,,,,
Badan Kesatuan Bangsa Dan Politik,Badan Kesatuan Bangsa Dan Politik — Kab. Badung,Kab. Badung,Badan Kesatuan Bangsa Dan Politik,"Bali, Badung (Kab.)",LOCAL_AGENCY,6,70600900,June 2026; May 2026,DESKTOP; IT_HARDWARE; OFFICE_FURNITURE,,,,,,,,
Badan Kesatuan Bangsa dan Politik Daerah,Badan Kesatuan Bangsa dan Politik Daerah — Kab. Ende,Kab. Ende,Badan Kesatuan Bangsa dan Politik Daerah,"Nusa Tenggara Timur, Ende (Kab.)",LOCAL_AGENCY,2,36015000,May 2026,AUDIO; OFFICE_FURNITURE,,,,,,,,
Badan Kesatuan Bangsa dan Politik,Badan Kesatuan Bangsa dan Politik — Kab. Ciamis,Kab. Ciamis,Badan Kesatuan Bangsa dan Politik,"Jawa Barat, Ciamis (Kab.)",LOCAL_AGENCY,61,1170074104,June 2026; May 2026,AUDIO; DESKTOP; IT_HARDWARE; LAPTOP; NETWORKING; OFFICE_FURNITURE; PRINTER; SCANNER,,,,,,,,
"Badan Kesatuan Bangsa, Politik dan Perlindungan Masyarakat","Badan Kesatuan Bangsa, Politik dan Perlindungan Masyarakat — Kab. Minahasa Selatan",Kab. Minahasa Selatan,"Badan Kesatuan Bangsa, Politik dan Perlindungan Masyarakat","Sulawesi Utara, Minahasa Selatan (Kab.)",LOCAL_AGENCY,2,7396800,June 2026,IT_HARDWARE; NETWORKING,,,,,,,,
Badan Keuangan Daerah,Badan Keuangan Daerah — Kab. Pacitan,Kab. Pacitan,Badan Keuangan Daerah,"Jawa Timur, Pacitan (Kab.) | Jawa Timur, Pacitan (Kab.) | Jawa Timur, Pacitan (Kab.)",LOCAL_AGENCY,5,82865200,June 2026; May 2026,DESKTOP; IT_HARDWARE,,,,,,,,
Badan Keuangan Dan Aset Daerah,Badan Keuangan Dan Aset Daerah — Kab. Gunungkidul,Kab. Gunungkidul,Badan Keuangan Dan Aset Daerah,"DI Yogyakarta, Gunung Kidul (Kab.)",LOCAL_AGENCY,4,12300000,June 2026; May 2026,AUDIO; DESKTOP; IT_HARDWARE,,,,,,,,
Badan Keuangan dan Aset Daerah,Badan Keuangan dan Aset Daerah — Provinsi Kalimantan Utara,Provinsi Kalimantan Utara,Badan Keuangan dan Aset Daerah,"Kalimantan Utara, Bulungan (Kab.)",PROVINCE,58,1143257722,June 2026; May 2026,AUDIO; CAMERA_VIDEO; DESKTOP; IT_HARDWARE; LAPTOP; NETWORKING; OFFICE_FURNITURE; PRINTER; STORAGE,,,,,,,,
Badan Nasional Pencarian dan Pertolongan,Badan Nasional Pencarian dan Pertolongan,Badan Nasional Pencarian dan Pertolongan,Badan Nasional Pencarian dan Pertolongan,"DKI Jakarta, Jakarta Pusat (Kota)",NATIONAL,3,601200000,May 2026,CCTV; NETWORKING,,,,,,,,
Badan Pelayanan Pajak Daerah,Badan Pelayanan Pajak Daerah — Kab. Sidoarjo,Kab. Sidoarjo,Badan Pelayanan Pajak Daerah,"Jawa Timur, Sidoarjo (Kab.)",LOCAL_AGENCY,7,434826510,June 2026; May 2026,CAMERA_VIDEO; DESKTOP; OFFICE_FURNITURE; PRINTER,,,,,,,,
Badan Penanggulangan Bencana Daerah,Badan Penanggulangan Bencana Daerah — Provinsi Kepulauan Riau,Provinsi Kepulauan Riau,Badan Penanggulangan Bencana Daerah,"Kepulauan Riau, Tanjung Pinang (Kota)",PROVINCE,72,1355558924,June 2026; May 2026,AUDIO; CAMERA_VIDEO; CCTV; DESKTOP; IT_HARDWARE; LAPTOP; NETWORKING; OFFICE_FURNITURE; PRINTER,,,,,,,,
Badan Penanggulangan Bencana dan Pemadam Kebakaran,Badan Penanggulangan Bencana dan Pemadam Kebakaran — Kab. Pegunungan Bintang,Kab. Pegunungan Bintang,Badan Penanggulangan Bencana dan Pemadam Kebakaran,"Papua Pegunungan, Pegunungan Bintang (Kab.)",LOCAL_AGENCY,1,4769000,May 2026,IT_HARDWARE,,,,,,,,
Badan Pendapatan Daerah Kota Samarinda,Badan Pendapatan Daerah Kota Samarinda — Kota Samarinda,Kota Samarinda,Badan Pendapatan Daerah Kota Samarinda,"Kalimantan Timur, Samarinda (Kota)",LOCAL_AGENCY,1,417724000,May 2026,DESKTOP,,,,,,,,
Badan Pendapatan Daerah,Badan Pendapatan Daerah — Provinsi Kepulauan Riau,Provinsi Kepulauan Riau,Badan Pendapatan Daerah,"Kepulauan Riau, Batam (Kota)",PROVINCE,55,13573186824,June 2026; May 2026,AUDIO; CAMERA_VIDEO; CCTV; DESKTOP; IT_HARDWARE; NETWORKING; OFFICE_FURNITURE; PRINTER; SERVER; UPS,,,,,,,,
"Badan Pendapatan, Keuangan dan Aset Daerah","Badan Pendapatan, Keuangan dan Aset Daerah — Kota Pekalongan",Kota Pekalongan,"Badan Pendapatan, Keuangan dan Aset Daerah","Jawa Tengah, Pekalongan (Kota)",LOCAL_AGENCY,1,5269725,May 2026,PRINTER,,,,,,,,
"Badan Pendapatan, Pengelolaan Keuangan dan Aset Daerah","Badan Pendapatan, Pengelolaan Keuangan dan Aset Daerah — Kab. Grobogan",Kab. Grobogan,"Badan Pendapatan, Pengelolaan Keuangan dan Aset Daerah","Jawa Tengah, Grobogan (Kab.)",LOCAL_AGENCY,1,21350000,June 2026,IT_HARDWARE,,,,,,,,
Badan Penelitian dan Pengembangan Daerah,Badan Penelitian dan Pengembangan Daerah — Kota Makassar,Kota Makassar,Badan Penelitian dan Pengembangan Daerah,"Sulawesi Selatan, Makassar (Kota)",LOCAL_AGENCY,2,308383100,June 2026,DESKTOP,,,,,,,,
Badan Penelitian dan pengembangan Daerah,Badan Penelitian dan pengembangan Daerah — Kab. Ogan Ilir,Kab. Ogan Ilir,Badan Penelitian dan pengembangan Daerah,"Sumatera Selatan, Ogan Ilir (Kab.)",LOCAL_AGENCY,3,10620000,June 2026; May 2026,DESKTOP; IT_HARDWARE,,,,,,,,
Badan Pengelola Keuangan dan Aset Daerah,Badan Pengelola Keuangan dan Aset Daerah — Kota Cimahi,Kota Cimahi,Badan Pengelola Keuangan dan Aset Daerah,"Jawa Barat, Cimahi (Kota) | Jawa Barat, Cimahi (Kota) | Jawa Barat, Cimahi (Kota)",LOCAL_AGENCY,53,992224740,June 2026; May 2026,DESKTOP; IT_HARDWARE; LAPTOP; OFFICE_FURNITURE; PRINTER,,,,,,,,
Badan Pengelola Pajak dan Retribusi Daerah,Badan Pengelola Pajak dan Retribusi Daerah — Kota Ambon,Kota Ambon,Badan Pengelola Pajak dan Retribusi Daerah,"Maluku, Ambon (Kota)",LOCAL_AGENCY,4,8370636,June 2026; May 2026,IT_HARDWARE,,,,,,,,
Badan Pengelola Perbatasan Daerah,Badan Pengelola Perbatasan Daerah — Kab. Maluku Tenggara,Kab. Maluku Tenggara,Badan Pengelola Perbatasan Daerah,"Maluku, Maluku Tenggara (Kab.)",LOCAL_AGENCY,1,287500,June 2026,IT_HARDWARE,,,,,,,,
Badan Pengelolaan Keuangan Aceh,Badan Pengelolaan Keuangan Aceh — Aceh,Aceh,Badan Pengelolaan Keuangan Aceh,"Aceh, Banda Aceh (Kota)",LOCAL_AGENCY,2,621203690,May 2026,IT_HARDWARE; OFFICE_FURNITURE,,,,,,,,
Badan Pengelolaan Keuangan Daerah,Badan Pengelolaan Keuangan Daerah — Kab. Ciamis,Kab. Ciamis,Badan Pengelolaan Keuangan Daerah,"Jawa Barat, Ciamis (Kab.)",LOCAL_AGENCY,11,249457000,June 2026; May 2026,IT_HARDWARE; OFFICE_FURNITURE; PRINTER,,,,,,,,
Badan Pengelolaan Keuangan Dan Aset Daerah,Badan Pengelolaan Keuangan Dan Aset Daerah — Kab. Lamongan,Kab. Lamongan,Badan Pengelolaan Keuangan Dan Aset Daerah,"Jawa Timur, Lamongan (Kab.)",LOCAL_AGENCY,8,108607686,June 2026; May 2026,IT_HARDWARE; NETWORKING,,,,,,,,
Badan Pengelolaan Keuangan dan Aset Daerah Provinsi Sulawesi Tengah,Badan Pengelolaan Keuangan dan Aset Daerah Provinsi Sulawesi Tengah — Provinsi Sulawesi Tengah,Provinsi Sulawesi Tengah,Badan Pengelolaan Keuangan dan Aset Daerah Provinsi Sulawesi Tengah,"Sulawesi Tengah, Palu (Kota) | Sulawesi Tengah, Palu (Kota)",PROVINCE,11,668509875,May 2026,IT_HARDWARE; NETWORKING,,,,,,,,
Badan Pengelolaan Keuangan dan Aset Daerah,Badan Pengelolaan Keuangan dan Aset Daerah — Kota Yogyakarta,Kota Yogyakarta,Badan Pengelolaan Keuangan dan Aset Daerah,"DI Yogyakarta, Yogyakarta (Kota)",LOCAL_AGENCY,22,1430540259,June 2026; May 2026,AUDIO; DESKTOP; IT_HARDWARE; NETWORKING; OFFICE_FURNITURE; PRINTER; STORAGE,,,,,,,,
Badan Pengelolaan Keuangan dan Pendapatan Daerah,Badan Pengelolaan Keuangan dan Pendapatan Daerah — Kab. Natuna,Kab. Natuna,Badan Pengelolaan Keuangan dan Pendapatan Daerah,"Kepulauan Riau, Natuna (Kab.)",LOCAL_AGENCY,2,155805000,May 2026,IT_HARDWARE; NETWORKING,,,,,,,,
"Badan Pengelolaan Keuangan, Pendapatan dan Aset Daerah Kota Banjarmasin","Badan Pengelolaan Keuangan, Pendapatan dan Aset Daerah Kota Banjarmasin — Kota Banjarmasin",Kota Banjarmasin,"Badan Pengelolaan Keuangan, Pendapatan dan Aset Daerah Kota Banjarmasin","Kalimantan Selatan, Banjarmasin (Kota)",LOCAL_AGENCY,2,58755000,June 2026,DESKTOP; IT_HARDWARE; NETWORKING,,,,,,,,
"Badan Pengelolaan Keuangan, Pendapatan dan Aset Daerah","Badan Pengelolaan Keuangan, Pendapatan dan Aset Daerah — Kab. Banjar",Kab. Banjar,"Badan Pengelolaan Keuangan, Pendapatan dan Aset Daerah","Kalimantan Selatan, Banjar (Kab.)",LOCAL_AGENCY,5,9713000,June 2026; May 2026,IT_HARDWARE; OFFICE_FURNITURE,,,,,,,,
Badan Pengelolaan Pendapatan Daerah,Badan Pengelolaan Pendapatan Daerah — Kab. Tanah Datar,Kab. Tanah Datar,Badan Pengelolaan Pendapatan Daerah,"Sumatera Barat, Tanah Datar (Kab.)",LOCAL_AGENCY,1,50000000,May 2026,DESKTOP,,,,,,,,
Badan Pengelolaan Pendapatan Keuangan dan Aset Daerah,Badan Pengelolaan Pendapatan Keuangan dan Aset Daerah — Kab. Banjarnegara,Kab. Banjarnegara,Badan Pengelolaan Pendapatan Keuangan dan Aset Daerah,"Jawa Tengah, Banjarnegara (Kab.)",LOCAL_AGENCY,7,28489500,June 2026; May 2026,IT_HARDWARE; OFFICE_FURNITURE,,,,,,,,
Badan Pengembangan Sumber Daya Manusia Daerah,Badan Pengembangan Sumber Daya Manusia Daerah — Provinsi Nusa Tenggara Barat,Provinsi Nusa Tenggara Barat,Badan Pengembangan Sumber Daya Manusia Daerah,"Nusa Tenggara Barat, Mataram (Kota)",PROVINCE,1,1600000,May 2026,IT_HARDWARE,,,,,,,,
Badan Pengembangan Sumber Daya Manusia,Badan Pengembangan Sumber Daya Manusia — Provinsi Banten,Provinsi Banten,Badan Pengembangan Sumber Daya Manusia,"Banten, Pandeglang (Kab.)",PROVINCE,5,729874000,June 2026; May 2026,AUDIO; CCTV; DESKTOP; IT_HARDWARE; NETWORKING; OFFICE_FURNITURE,,,,,,,,
Badan Penghubung Pemerintah Aceh,Badan Penghubung Pemerintah Aceh — Aceh,Aceh,Badan Penghubung Pemerintah Aceh,"DKI Jakarta, Jakarta Pusat (Kota)",LOCAL_AGENCY,5,262379872,June 2026,OFFICE_FURNITURE,,,,,,,,
Badan Pengusahaan Kawasan Perdagangan Bebas dan Pelabuhan Bebas Batam,Badan Pengusahaan Kawasan Perdagangan Bebas dan Pelabuhan Bebas Batam,Badan Pengusahaan Kawasan Perdagangan Bebas Dan Pelabuhan Bebas Batam,Badan Pengusahaan Kawasan Perdagangan Bebas dan Pelabuhan Bebas Batam,"Kepulauan Riau, Batam (Kota)",NATIONAL,10,12946180000,June 2026; May 2026,CCTV; IT_HARDWARE; NETWORKING; SERVER; STORAGE,,,,,,,,
Badan Perencanaan Pembangunan Daerah,Badan Perencanaan Pembangunan Daerah — Kab. Buleleng,Kab. Buleleng,Badan Perencanaan Pembangunan Daerah,"Bali, Buleleng (Kab.)",LOCAL_AGENCY,25,337635788,June 2026; May 2026,AUDIO; DESKTOP; IT_HARDWARE; LAPTOP; NETWORKING; PRINTER; STORAGE,,,,,,,,
"Badan Perencanaan Pembangunan Daerah, Penelitian dan Pengembangan","Badan Perencanaan Pembangunan Daerah, Penelitian dan Pengembangan — Kab. Buol",Kab. Buol,"Badan Perencanaan Pembangunan Daerah, Penelitian dan Pengembangan","Sulawesi Tengah, Buol (Kab.)",LOCAL_AGENCY,7,89004750,June 2026; May 2026,AUDIO; DESKTOP; IT_HARDWARE; OFFICE_FURNITURE,,,,,,,,
"Badan Perencanaan Pembangunan Daerah, Riset dan Inovasi Daerah","Badan Perencanaan Pembangunan Daerah, Riset dan Inovasi Daerah — Kab. Asmat",Kab. Asmat,"Badan Perencanaan Pembangunan Daerah, Riset dan Inovasi Daerah","Papua Selatan, Asmat (Kab.)",EDUCATION,3,27633384,June 2026; May 2026,IT_HARDWARE,,,,,,,,
Badan Perencanaan Pembangunan Penelitian dan Pengembangan Daerah,Badan Perencanaan Pembangunan Penelitian dan Pengembangan Daerah — Kab. Bandung Barat,Kab. Bandung Barat,Badan Perencanaan Pembangunan Penelitian dan Pengembangan Daerah,"Jawa Barat, Bandung Barat (Kab.)",LOCAL_AGENCY,1,272623000,May 2026,DESKTOP,,,,,,,,
Badan Perencanaan Pembangunan Riset dan Inovasi Daerah,Badan Perencanaan Pembangunan Riset dan Inovasi Daerah — Kab. Tebo,Kab. Tebo,Badan Perencanaan Pembangunan Riset dan Inovasi Daerah,"Jambi, Tebo (Kab.)",LOCAL_AGENCY,1,17129800,May 2026,DESKTOP,,,,,,,,
"Badan Perencanaan Pembangunan Riset, dan Inovasi Daerah","Badan Perencanaan Pembangunan Riset, dan Inovasi Daerah — Kab. Madiun",Kab. Madiun,"Badan Perencanaan Pembangunan Riset, dan Inovasi Daerah","Jawa Timur, Madiun (Kab.)",LOCAL_AGENCY,1,16650000,May 2026,IT_HARDWARE,,,,,,,,
Badan Perencanaan Pembangunan dan Penelitian Pengembangan Daerah,Badan Perencanaan Pembangunan dan Penelitian Pengembangan Daerah — Kota Ambon,Kota Ambon,Badan Perencanaan Pembangunan dan Penelitian Pengembangan Daerah,"Maluku, Ambon (Kota)",LOCAL_AGENCY,5,8976000,June 2026; May 2026,IT_HARDWARE,,,,,,,,
"Badan Perencanaan Pembangunan, Penelitian dan Pengembangan Daerah","Badan Perencanaan Pembangunan, Penelitian dan Pengembangan Daerah — Kab. Mahakam Ulu",Kab. Mahakam Ulu,"Badan Perencanaan Pembangunan, Penelitian dan Pengembangan Daerah","Kalimantan Timur, Mahakam Ulu (Kab.) | Kalimantan Timur, Mahakam Ulu (Kab.)",LOCAL_AGENCY,2,962307110,May 2026,DESKTOP; OFFICE_FURNITURE,,,,,,,,
"Badan Perencanaan Pembangunan, Penelitian dan Pengembangan","Badan Perencanaan Pembangunan, Penelitian dan Pengembangan — Kab. Tapin",Kab. Tapin,"Badan Perencanaan Pembangunan, Penelitian dan Pengembangan","Kalimantan Selatan, Tapin (Kab.)",LOCAL_AGENCY,1,49007300,May 2026,OFFICE_FURNITURE,,,,,,,,
"Badan Perencanaan Pembangunan, Riset dan Inovasi Daerah","Badan Perencanaan Pembangunan, Riset dan Inovasi Daerah — Kota Metro",Kota Metro,"Badan Perencanaan Pembangunan, Riset dan Inovasi Daerah","Lampung, Metro (Kota)",LOCAL_AGENCY,19,129265100,June 2026; May 2026,DESKTOP; IT_HARDWARE; OFFICE_FURNITURE; PRINTER; SERVER,,,,,,,,
"Badan Perencanaan Pembangunan, Riset, dan Inovasi Daerah","Badan Perencanaan Pembangunan, Riset, dan Inovasi Daerah — Kab. Lombok Barat",Kab. Lombok Barat,"Badan Perencanaan Pembangunan, Riset, dan Inovasi Daerah","Nusa Tenggara Barat, Lombok Barat (Kab.)",LOCAL_AGENCY,2,2484300,June 2026; May 2026,IT_HARDWARE,,,,,,,,
Badan Perencanaan dan Pembangunan Daerah,Badan Perencanaan dan Pembangunan Daerah — Kota Banda Aceh,Kota Banda Aceh,Badan Perencanaan dan Pembangunan Daerah,"Aceh, Banda Aceh (Kota)",LOCAL_AGENCY,5,290730000,May 2026,DESKTOP; OFFICE_FURNITURE,,,,,,,,
Badan Perencanaan dan Pengembangan Ketenagakerjaan,Badan Perencanaan dan Pengembangan Ketenagakerjaan — Kementerian Ketenagakerjaan,Kementerian Ketenagakerjaan,Badan Perencanaan dan Pengembangan Ketenagakerjaan,"DKI Jakarta, Jakarta Selatan (Kota)",NATIONAL,1,5356000000,May 2026,NETWORKING,,,,,,,,
"Badan Perencanaan, Pembangunan, Riset dan Inovasi Daerah","Badan Perencanaan, Pembangunan, Riset dan Inovasi Daerah — Kota Bandung",Kota Bandung,"Badan Perencanaan, Pembangunan, Riset dan Inovasi Daerah","Jawa Barat, Bandung (Kota)",LOCAL_AGENCY,2,91446240,May 2026,IT_HARDWARE; OFFICE_FURNITURE,,,,,,,,
"Badan Perencanaan, Penelitian dan Pengembangan Daerah","Badan Perencanaan, Penelitian dan Pengembangan Daerah — Provinsi Kepulauan Riau",Provinsi Kepulauan Riau,"Badan Perencanaan, Penelitian dan Pengembangan Daerah","Kepulauan Riau, Tanjung Pinang (Kota)",PROVINCE,2,8893875,June 2026; May 2026,IT_HARDWARE,,,,,,,,
Badan Riset dan Inovasi Daerah,Badan Riset dan Inovasi Daerah — Kab. Klungkung,Kab. Klungkung,Badan Riset dan Inovasi Daerah,"Bali, Klungkung (Kab.)",LOCAL_AGENCY,13,429058800,June 2026; May 2026,DESKTOP; IT_HARDWARE; LAPTOP; PRINTER,,,,,,,,
Badan Siber dan Sandi Negara,Badan Siber dan Sandi Negara,Badan Siber dan Sandi Negara,Badan Siber dan Sandi Negara,"DKI Jakarta, Jakarta Selatan (Kota)",NATIONAL,16,21816729750,June 2026; May 2026,CAMERA_VIDEO; NETWORKING; OFFICE_FURNITURE; STORAGE,,,,,,,,
Badan Standardisasi dan Kebijakan Jasa Industri,Badan Standardisasi dan Kebijakan Jasa Industri — Kementerian Perindustrian,Kementerian Perindustrian,Badan Standardisasi dan Kebijakan Jasa Industri,"DKI Jakarta, Jakarta Selatan (Kota)",NATIONAL,1,80000000,May 2026,LAPTOP,,,,,,,,
Bagian Administrasi Pembangunan,Bagian Administrasi Pembangunan — Kota Banda Aceh,Kota Banda Aceh,Bagian Administrasi Pembangunan,"Aceh, Banda Aceh (Kota)",LOCAL_AGENCY,4,24269000,June 2026; May 2026,DESKTOP; IT_HARDWARE; NETWORKING,,,,,,,,
Bagian Hukum,Bagian Hukum — Kab. Madiun,Kab. Madiun,Bagian Hukum,"Jawa Timur, Madiun (Kab.)",LOCAL_AGENCY,1,13098000,May 2026,DESKTOP,,,,,,,,
Bagian Kesejahteraan Rakyat Setda Kota Binjai,Bagian Kesejahteraan Rakyat Setda Kota Binjai — Kota Binjai,Kota Binjai,Bagian Kesejahteraan Rakyat Setda Kota Binjai,"Sumatera Utara, Binjai (Kota)",LOCAL_AGENCY,1,25000000,May 2026,AUDIO,,,,,,,,
Bagian Kesejahteraan Rakyat,Bagian Kesejahteraan Rakyat — Kab. Batu Bara,Kab. Batu Bara,Bagian Kesejahteraan Rakyat,"Sumatera Utara, Batubara (Kab.)",LOCAL_AGENCY,10,100566200,June 2026; May 2026,AUDIO; DESKTOP; IT_HARDWARE; LAPTOP; OFFICE_FURNITURE,,,,,,,,
Bagian Organisasi,Bagian Organisasi — Kab. Buleleng,Kab. Buleleng,Bagian Organisasi,"Bali, Buleleng (Kab.) | Bali, Buleleng (Kab.) | Bali, Buleleng (Kab.)",LOCAL_AGENCY,3,8685520,June 2026; May 2026,IT_HARDWARE,,,,,,,,
Bagian Pembangunan,Bagian Pembangunan — Kab. Temanggung,Kab. Temanggung,Bagian Pembangunan,"Jawa Tengah, Temanggung (Kab.)",LOCAL_AGENCY,1,968000,May 2026,IT_HARDWARE,,,,,,,,
Bagian Pemerintahan,Bagian Pemerintahan — Kota Banjarmasin,Kota Banjarmasin,Bagian Pemerintahan,"Kalimantan Selatan, Banjarmasin (Kota)",LOCAL_AGENCY,2,30406000,June 2026,IT_HARDWARE; PRINTER,,,,,,,,
Bagian Pengadaan Barang dan Jasa,Bagian Pengadaan Barang dan Jasa — Kab. Situbondo,Kab. Situbondo,Bagian Pengadaan Barang dan Jasa,"Jawa Timur, Situbondo (Kab.) | Jawa Timur, Situbondo (Kab.) | Jawa Timur, Situbondo (Kab.) | Jawa Timur, Situbondo (Kab.) | Jawa Timur, Situbondo (Kab.) | Jawa Timur, Situbondo (Kab.) | Jawa Timur, Situbondo (Kab.) | Jawa Timur, Situbondo (Kab.) | Jawa Timur, Situbondo (Kab.)",LOCAL_AGENCY,7,128038446,June 2026; May 2026,DESKTOP; IT_HARDWARE; LAPTOP,,,,,,,,
Bagian Perencanaan Dan Keuangan,Bagian Perencanaan Dan Keuangan — Kab. Lamongan,Kab. Lamongan,Bagian Perencanaan Dan Keuangan,"Jawa Timur, Lamongan (Kab.)",LOCAL_AGENCY,1,6499500,June 2026,IT_HARDWARE,,,,,,,,
Bagian Perencanaan dan Keuangan,Bagian Perencanaan dan Keuangan — Kab. Pamekasan,Kab. Pamekasan,Bagian Perencanaan dan Keuangan,"Jawa Timur, Pamekasan (Kab.)",LOCAL_AGENCY,1,639000,May 2026,IT_HARDWARE,,,,,,,,
Bagian Protokol dan Komunikasi Pimpinan,Bagian Protokol dan Komunikasi Pimpinan — Kota Medan,Kota Medan,Bagian Protokol dan Komunikasi Pimpinan,"Sumatera Utara, Medan (Kota)",LOCAL_AGENCY,1,27600000,June 2026,DESKTOP; IT_HARDWARE,,,,,,,,
Bagian Umum Sekretariat Daerah,Bagian Umum Sekretariat Daerah — Kab. Tanggamus,Kab. Tanggamus,Bagian Umum Sekretariat Daerah,"Lampung, Tanggamus (Kab.)",LOCAL_AGENCY,4,102420000,May 2026,OFFICE_FURNITURE,,,,,,,,
Bagian Umum,Bagian Umum — Kota Manado,Kota Manado,Bagian Umum,"Sulawesi Utara, Manado (Kota)",LOCAL_AGENCY,27,2785546152,June 2026; May 2026,AUDIO; CAMERA_VIDEO; IT_HARDWARE; NETWORKING; OFFICE_FURNITURE,,,,,,,,
"Bagian Umum, Perencanaan dan Keuangan","Bagian Umum, Perencanaan dan Keuangan — Kab. Seram Bagian Barat",Kab. Seram Bagian Barat,"Bagian Umum, Perencanaan dan Keuangan","Maluku, Seram Bagian Barat (Kab.)",LOCAL_AGENCY,1,28300000,June 2026,OFFICE_FURNITURE,,,,,,,,
Balai Besar Pelatihan Vokasi dan Produktivitas Makassar,Balai Besar Pelatihan Vokasi dan Produktivitas Makassar — Kementerian Ketenagakerjaan,Kementerian Ketenagakerjaan,Balai Besar Pelatihan Vokasi dan Produktivitas Makassar,"Sulawesi Selatan, Makassar (Kota)",NATIONAL,1,13500000,June 2026,IT_HARDWARE,,,,,,,,
Balai Besar Perluasan Kesempatan Kerja Bandung Barat,Balai Besar Perluasan Kesempatan Kerja Bandung Barat — Kementerian Ketenagakerjaan,Kementerian Ketenagakerjaan,Balai Besar Perluasan Kesempatan Kerja Bandung Barat,"Jawa Barat, Bandung Barat (Kab.)",NATIONAL,5,55289000,June 2026; May 2026,CCTV; IT_HARDWARE,,,,,,,,
Balai Besar Standardisasi dan Pelayanan Jasa Industri Bahan dan Barang Teknik,Balai Besar Standardisasi dan Pelayanan Jasa Industri Bahan dan Barang Teknik — Kementerian Perindustrian,Kementerian Perindustrian,Balai Besar Standardisasi dan Pelayanan Jasa Industri Bahan dan Barang Teknik,"Jawa Barat, Bandung (Kota)",NATIONAL,1,81030000,June 2026,NETWORKING,,,,,,,,
Balai Besar Standardisasi dan Pelayanan Jasa Industri Keramik dan Mineral Nonlogam,Balai Besar Standardisasi dan Pelayanan Jasa Industri Keramik dan Mineral Nonlogam — Kementerian Perindustrian,Kementerian Perindustrian,Balai Besar Standardisasi dan Pelayanan Jasa Industri Keramik dan Mineral Nonlogam,"Jawa Barat, Bandung (Kota)",NATIONAL,1,4000000,June 2026,IT_HARDWARE,,,,,,,,
Balai Besar Standardisasi dan Pelayanan Jasa Industri Kimia Farmasi dan Kemasan,Balai Besar Standardisasi dan Pelayanan Jasa Industri Kimia Farmasi dan Kemasan — Kementerian Perindustrian,Kementerian Perindustrian,Balai Besar Standardisasi dan Pelayanan Jasa Industri Kimia Farmasi dan Kemasan,"DKI Jakarta, Jakarta Timur (Kota)",NATIONAL,4,328128000,May 2026,CAMERA_VIDEO; IT_HARDWARE; LAPTOP; PRINTER; SCANNER; UPS,,,,,,,,
Balai Besar Standardisasi dan Pelayanan Jasa Industri Kulit Karet dan Plastik,Balai Besar Standardisasi dan Pelayanan Jasa Industri Kulit Karet dan Plastik — Kementerian Perindustrian,Kementerian Perindustrian,Balai Besar Standardisasi dan Pelayanan Jasa Industri Kulit Karet dan Plastik,"DI Yogyakarta, Yogyakarta (Kota)",NATIONAL,9,895000000,June 2026; May 2026,IT_HARDWARE; OFFICE_FURNITURE,,,,,,,,
Balai Besar Standardisasi dan Pelayanan Jasa Pencegahan Pencemaran Industri,Balai Besar Standardisasi dan Pelayanan Jasa Pencegahan Pencemaran Industri — Kementerian Perindustrian,Kementerian Perindustrian,Balai Besar Standardisasi dan Pelayanan Jasa Pencegahan Pencemaran Industri,"Jawa Tengah, Semarang (Kota)",NATIONAL,1,184926000,May 2026,IT_HARDWARE,,,,,,,,
Balai Karantina Hewan Ikan Dan Tumbuhan Banten,Balai Karantina Hewan Ikan Dan Tumbuhan Banten — Badan Karantina Indonesia,Badan Karantina Indonesia,Balai Karantina Hewan Ikan Dan Tumbuhan Banten,"Banten, Tangerang (Kota)",NATIONAL,4,13000000,June 2026; May 2026,IT_HARDWARE,,,,,,,,
Balai Karantina Hewan Ikan Dan Tumbuhan Jawa Tengah,Balai Karantina Hewan Ikan Dan Tumbuhan Jawa Tengah — Badan Karantina Indonesia,Badan Karantina Indonesia,Balai Karantina Hewan Ikan Dan Tumbuhan Jawa Tengah,"Jawa Tengah, Semarang (Kota)",NATIONAL,6,30625000,June 2026; May 2026,CAMERA_VIDEO; CCTV; DESKTOP; IT_HARDWARE; LAPTOP; PRINTER,,,,,,,,
Balai Karantina Hewan Ikan Dan Tumbuhan Jawa Timur,Balai Karantina Hewan Ikan Dan Tumbuhan Jawa Timur — Badan Karantina Indonesia,Badan Karantina Indonesia,Balai Karantina Hewan Ikan Dan Tumbuhan Jawa Timur,"Jawa Timur, Sidoarjo (Kab.)",NATIONAL,1,120000000,May 2026,OFFICE_FURNITURE,,,,,,,,
Balai Monitor Spektrum Frekuensi Radio Kelas I Palembang,Balai Monitor Spektrum Frekuensi Radio Kelas I Palembang — Kementerian Komunikasi dan Digital,Kementerian Komunikasi dan Digital,Balai Monitor Spektrum Frekuensi Radio Kelas I Palembang,"Sumatera Selatan, Palembang (Kota)",NATIONAL,1,25660000,May 2026,CAMERA_VIDEO; IT_HARDWARE,,,,,,,,
Balai Monitor Spektrum Frekuensi Radio Kelas I Surabaya,Balai Monitor Spektrum Frekuensi Radio Kelas I Surabaya — Kementerian Komunikasi dan Digital,Kementerian Komunikasi dan Digital,Balai Monitor Spektrum Frekuensi Radio Kelas I Surabaya,"Jawa Timur, Surabaya (Kota)",NATIONAL,2,452372000,June 2026,IT_HARDWARE; SERVER,,,,,,,,
Balai Monitor Spektrum Frekuensi Radio Kelas I Tangerang,Balai Monitor Spektrum Frekuensi Radio Kelas I Tangerang — Kementerian Komunikasi dan Digital,Kementerian Komunikasi dan Digital,Balai Monitor Spektrum Frekuensi Radio Kelas I Tangerang,"Banten, Tangerang (Kab.)",NATIONAL,1,25000000,June 2026,PRINTER,,,,,,,,
Balai Monitor Spektrum Frekuensi Radio Kelas II Banjarmasin,Balai Monitor Spektrum Frekuensi Radio Kelas II Banjarmasin — Kementerian Komunikasi dan Digital,Kementerian Komunikasi dan Digital,Balai Monitor Spektrum Frekuensi Radio Kelas II Banjarmasin,"Kalimantan Selatan, Banjarmasin (Kota)",NATIONAL,2,50073000,May 2026,CCTV; IT_HARDWARE,,,,,,,,
Balai Monitor Spektrum Frekuensi Radio Kelas II Batam,Balai Monitor Spektrum Frekuensi Radio Kelas II Batam — Kementerian Komunikasi dan Digital,Kementerian Komunikasi dan Digital,Balai Monitor Spektrum Frekuensi Radio Kelas II Batam,"Kepulauan Riau, Batam (Kota)",NATIONAL,3,300000000,June 2026; May 2026,AUDIO; CAMERA_VIDEO; LAPTOP,,,,,,,,
Balai Monitor Spektrum Frekuensi Radio Kelas II Jambi,Balai Monitor Spektrum Frekuensi Radio Kelas II Jambi — Kementerian Komunikasi dan Digital,Kementerian Komunikasi dan Digital,Balai Monitor Spektrum Frekuensi Radio Kelas II Jambi,"Jambi, Muaro Jambi (Kab.)",NATIONAL,1,50000000,May 2026,IT_HARDWARE,,,,,,,,
Balai Monitor Spektrum Frekuensi Radio Kelas II Jayapura,Balai Monitor Spektrum Frekuensi Radio Kelas II Jayapura — Kementerian Komunikasi dan Digital,Kementerian Komunikasi dan Digital,Balai Monitor Spektrum Frekuensi Radio Kelas II Jayapura,"Papua, Jayapura (Kota)",NATIONAL,3,108612000,May 2026,CCTV; NETWORKING; OFFICE_FURNITURE; UPS,,,,,,,,
Balai POM di Tanjungbalai,Balai POM di Tanjungbalai — Badan Pengawas Obat Dan Makanan,Badan Pengawas Obat Dan Makanan,Balai POM di Tanjungbalai,"Sumatera Utara, Tanjung Balai (Kota)",NATIONAL,1,6400000,May 2026,OFFICE_FURNITURE,,,,,,,,
Balai Pelatihan Aparatur Metrologi dan Mutu,Balai Pelatihan Aparatur Metrologi dan Mutu — Kementerian Perdagangan,Kementerian Perdagangan,Balai Pelatihan Aparatur Metrologi dan Mutu,"Jawa Barat, Bandung Barat (Kab.)",NATIONAL,1,7300000,May 2026,DESKTOP; LAPTOP,,,,,,,,
Balai Pelatihan Vokasi dan Produktivitas Banda Aceh,Balai Pelatihan Vokasi dan Produktivitas Banda Aceh — Kementerian Ketenagakerjaan,Kementerian Ketenagakerjaan,Balai Pelatihan Vokasi dan Produktivitas Banda Aceh,"Aceh, Aceh Selatan (Kab.)",NATIONAL,15,22870000,June 2026; May 2026,IT_HARDWARE,,,,,,,,
Balai Pelatihan Vokasi dan Produktivitas Bantaeng,Balai Pelatihan Vokasi dan Produktivitas Bantaeng — Kementerian Ketenagakerjaan,Kementerian Ketenagakerjaan,Balai Pelatihan Vokasi dan Produktivitas Bantaeng,"Sulawesi Selatan, Bantaeng (Kab.)",NATIONAL,12,71460000,June 2026,IT_HARDWARE; OFFICE_FURNITURE,,,,,,,,
Balai Pelatihan Vokasi dan Produktivitas Pangkajene dan Kepulauan,Balai Pelatihan Vokasi dan Produktivitas Pangkajene dan Kepulauan — Kementerian Ketenagakerjaan,Kementerian Ketenagakerjaan,Balai Pelatihan Vokasi dan Produktivitas Pangkajene dan Kepulauan,"Sulawesi Selatan, Pangkajene Kepulauan (Kab.)",NATIONAL,5,58020000,June 2026; May 2026,IT_HARDWARE,,,,,,,,
Balai Pelestarian Kebudayaan Wilayah IX,Balai Pelestarian Kebudayaan Wilayah IX — Kementerian Kebudayaan,Kementerian Kebudayaan,Balai Pelestarian Kebudayaan Wilayah IX,"Jawa Barat, Bandung (Kota)",NATIONAL,2,26130000,June 2026; May 2026,DESKTOP; LAPTOP; PRINTER,,,,,,,,
Balai Pelestarian Kebudayaan Wilayah VI,Balai Pelestarian Kebudayaan Wilayah VI — Kementerian Kebudayaan,Kementerian Kebudayaan,Balai Pelestarian Kebudayaan Wilayah VI,"Sumatera Selatan, Palembang (Kota)",NATIONAL,1,16560000,May 2026,PRINTER,,,,,,,,
Balai Pelestarian Kebudayaan Wilayah X,Balai Pelestarian Kebudayaan Wilayah X — Kementerian Kebudayaan,Kementerian Kebudayaan,Balai Pelestarian Kebudayaan Wilayah X,"DI Yogyakarta, Sleman (Kab.)",NATIONAL,5,105200000,June 2026; May 2026,AUDIO; CAMERA_VIDEO; OFFICE_FURNITURE; SCANNER; UPS,,,,,,,,
Balai Pelestarian Kebudayaan Wilayah XII,Balai Pelestarian Kebudayaan Wilayah XII — Kementerian Kebudayaan,Kementerian Kebudayaan,Balai Pelestarian Kebudayaan Wilayah XII,"Kalimantan Barat, Landak (Kab.)",NATIONAL,1,500000,May 2026,IT_HARDWARE,,,,,,,,
Balai Pelestarian Kebudayaan Wilayah XVIII,Balai Pelestarian Kebudayaan Wilayah XVIII — Kementerian Kebudayaan,Kementerian Kebudayaan,Balai Pelestarian Kebudayaan Wilayah XVIII,"Sulawesi Barat, Mamuju (Kab.)",NATIONAL,2,5000000,May 2026,NETWORKING; PRINTER,,,,,,,,
Balai Pengelolaan Informasi Sumber Daya Kelautan dan Perikanan,Balai Pengelolaan Informasi Sumber Daya Kelautan dan Perikanan — Kementerian Kelautan Dan Perikanan,Kementerian Kelautan Dan Perikanan,Balai Pengelolaan Informasi Sumber Daya Kelautan dan Perikanan,"Bali, Jembrana (Kab.)",NATIONAL,2,183450000,May 2026,PRINTER; SERVER; STORAGE,,,,,,,,
Balai Pengujian Alat alat ukur Takar Timbang dan Perlengkapannya,Balai Pengujian Alat alat ukur Takar Timbang dan Perlengkapannya — Kementerian Perdagangan,Kementerian Perdagangan,Balai Pengujian Alat alat ukur Takar Timbang dan Perlengkapannya,"Jawa Barat, Bandung (Kota)",NATIONAL,4,44951000,May 2026,CCTV; IT_HARDWARE; SERVER; STORAGE,,,,,,,,
Balai Standardisasi dan Pelayanan Jasa Industri Jakarta,Balai Standardisasi dan Pelayanan Jasa Industri Jakarta — Kementerian Perindustrian,Kementerian Perindustrian,Balai Standardisasi dan Pelayanan Jasa Industri Jakarta,"DKI Jakarta, Jakarta Pusat (Kota)",NATIONAL,2,51960000,June 2026,DESKTOP; LAPTOP; PRINTER,,,,,,,,
Balai Standardisasi dan Pelayanan Jasa Industri Pekanbaru,Balai Standardisasi dan Pelayanan Jasa Industri Pekanbaru — Kementerian Perindustrian,Kementerian Perindustrian,Balai Standardisasi dan Pelayanan Jasa Industri Pekanbaru,"Riau, Pekanbaru (Kota)",NATIONAL,3,86000000,May 2026,CAMERA_VIDEO; PRINTER; UPS,,,,,,,,
Balai Standardisasi dan Pelayanan Jasa Industri Surabaya,Balai Standardisasi dan Pelayanan Jasa Industri Surabaya — Kementerian Perindustrian,Kementerian Perindustrian,Balai Standardisasi dan Pelayanan Jasa Industri Surabaya,"Jawa Timur, Surabaya (Kota)",NATIONAL,1,908407000,May 2026,IT_HARDWARE,,,,,,,,
Biro Administrasi Pimpinan,Biro Administrasi Pimpinan — Provinsi Jawa Barat,Provinsi Jawa Barat,Biro Administrasi Pimpinan,"Jawa Barat, Bandung (Kota)",PROVINCE,1,64760630,May 2026,IT_HARDWARE,,,,,,,,
Biro Hubungan Masyarakat dan Informasi Publik,Biro Hubungan Masyarakat dan Informasi Publik — Kementerian Kebudayaan,Kementerian Kebudayaan,Biro Hubungan Masyarakat dan Informasi Publik,"DKI Jakarta, Jakarta Pusat (Kota)",NATIONAL,2,106890000,June 2026,LAPTOP,,,,,,,,
Biro Hukum dan Hak Asasi Manusia,Biro Hukum dan Hak Asasi Manusia — Provinsi Nusa Tenggara Barat,Provinsi Nusa Tenggara Barat,Biro Hukum dan Hak Asasi Manusia,"Nusa Tenggara Barat, Mataram (Kota)",PROVINCE,1,30800000,May 2026,OFFICE_FURNITURE,,,,,,,,
Biro Hukum,Biro Hukum — Provinsi Kalimantan Utara,Provinsi Kalimantan Utara,Biro Hukum,"Kalimantan Utara, Bulungan (Kab.)",PROVINCE,3,153583000,June 2026,DESKTOP; IT_HARDWARE,,,,,,,,
Biro Organisasi,Biro Organisasi — Provinsi Jawa Barat,Provinsi Jawa Barat,Biro Organisasi,"Jawa Barat, Bandung (Kota)",PROVINCE,6,105093702,June 2026; May 2026,AUDIO; DESKTOP; IT_HARDWARE; NETWORKING,,,,,,,,
Biro Pemerintahan dan Otonomi Daerah,Biro Pemerintahan dan Otonomi Daerah — Provinsi Kepulauan Riau,Provinsi Kepulauan Riau,Biro Pemerintahan dan Otonomi Daerah,"Kepulauan Riau, Tanjung Pinang (Kota)",PROVINCE,2,5310000,June 2026; May 2026,DESKTOP; IT_HARDWARE,,,,,,,,
Biro Pengadaan Barang dan Jasa,Biro Pengadaan Barang dan Jasa — Provinsi Nusa Tenggara Barat,Provinsi Nusa Tenggara Barat,Biro Pengadaan Barang dan Jasa,"Nusa Tenggara Barat, Mataram (Kota) | Nusa Tenggara Barat, Mataram (Kota) | Nusa Tenggara Barat, Mataram (Kota) | Nusa Tenggara Barat, Mataram (Kota) | Nusa Tenggara Barat, Mataram (Kota)",PROVINCE,2,17840000,May 2026,IT_HARDWARE; OFFICE_FURNITURE,,,,,,,,
Biro Pengadaan Barang/Jasa dan Perekonomian,Biro Pengadaan Barang/Jasa dan Perekonomian — Provinsi Bali,Provinsi Bali,Biro Pengadaan Barang/Jasa dan Perekonomian,"Bali, Denpasar (Kota) | Bali, Denpasar (Kota) | Bali, Denpasar (Kota) | Bali, Denpasar (Kota) | Bali, Denpasar (Kota)",PROVINCE,1,9544183200,May 2026,LAPTOP; PRINTER,,,,,,,,
Biro Pengadaan Barang/Jasa,Biro Pengadaan Barang/Jasa — Provinsi Jawa Barat,Provinsi Jawa Barat,Biro Pengadaan Barang/Jasa,"Jawa Barat, Bandung (Kota)",PROVINCE,1,32688800,June 2026,NETWORKING,,,,,,,,
Biro Perekonomian,Biro Perekonomian — Aceh,Aceh,Biro Perekonomian,"Aceh, Banda Aceh (Kota)",OTHER,4,57500000,June 2026; May 2026,IT_HARDWARE; NETWORKING,,,,,,,,
Biro Umum dan Administrasi Pimpinan,Biro Umum dan Administrasi Pimpinan — Provinsi Nusa Tenggara Barat,Provinsi Nusa Tenggara Barat,Biro Umum dan Administrasi Pimpinan,"Nusa Tenggara Barat, Mataram (Kota)",PROVINCE,1,161000000,May 2026,NETWORKING,,,,,,,,
Biro Umum dan Perlengkapan,Biro Umum dan Perlengkapan — Provinsi Banten,Provinsi Banten,Biro Umum dan Perlengkapan,"Banten, Serang (Kota)",PROVINCE,3,250822500,June 2026; May 2026,OFFICE_FURNITURE; PRINTER; UPS,,,,,,,,
Biro Umum,Biro Umum — Provinsi Sumatera Utara,Provinsi Sumatera Utara,Biro Umum,"Sumatera Utara, Medan (Kota)",PROVINCE,12,3036594497,June 2026; May 2026,AUDIO; CCTV; DESKTOP; IT_HARDWARE; LAPTOP; OFFICE_FURNITURE; STORAGE,,,,,,,,
CABANG DINAS KEHUTANAN (CDK) WIL. MALANG,CABANG DINAS KEHUTANAN (CDK) WIL. MALANG — Provinsi Jawa Timur,Provinsi Jawa Timur,CABANG DINAS KEHUTANAN (CDK) WIL. MALANG,"Jawa Timur, Malang (Kab.)",PROVINCE,1,18487685,May 2026,OFFICE_FURNITURE,,,,,,,,
CABANG DINAS KELAUTAN DAN PERIKANAN KABUPATEN BLITAR,CABANG DINAS KELAUTAN DAN PERIKANAN KABUPATEN BLITAR — Provinsi Jawa Timur,Provinsi Jawa Timur,CABANG DINAS KELAUTAN DAN PERIKANAN KABUPATEN BLITAR,"Jawa Timur, Madiun (Kota)",PROVINCE,1,3412400,June 2026,IT_HARDWARE,,,,,,,,
CABANG DINAS KELAUTAN DAN PERIKANAN KABUPATEN MALANG,CABANG DINAS KELAUTAN DAN PERIKANAN KABUPATEN MALANG — Provinsi Jawa Timur,Provinsi Jawa Timur,CABANG DINAS KELAUTAN DAN PERIKANAN KABUPATEN MALANG,"Jawa Timur, Malang (Kab.)",PROVINCE,1,1842300,May 2026,PRINTER,,,,,,,,
CABANG DINAS KELAUTAN DAN PERIKANAN KABUPATEN SITUBONDO,CABANG DINAS KELAUTAN DAN PERIKANAN KABUPATEN SITUBONDO — Provinsi Jawa Timur,Provinsi Jawa Timur,CABANG DINAS KELAUTAN DAN PERIKANAN KABUPATEN SITUBONDO,"Jawa Timur, Probolinggo (Kota)",PROVINCE,1,2190000,May 2026,DESKTOP; IT_HARDWARE,,,,,,,,
CABANG DINAS PENDIDIKAN WILAYAH I,CABANG DINAS PENDIDIKAN WILAYAH I — Provinsi Bangka Belitung,Provinsi Bangka Belitung,CABANG DINAS PENDIDIKAN WILAYAH I,"Kep. Bangka Belitung, Bangka Tengah (Kab.)",PROVINCE,1,21999740,May 2026,IT_HARDWARE,,,,,,,,
CABANG DINAS PENDIDIKAN WILAYAH II,CABANG DINAS PENDIDIKAN WILAYAH II — Provinsi Bangka Belitung,Provinsi Bangka Belitung,CABANG DINAS PENDIDIKAN WILAYAH II,"Kep. Bangka Belitung, Bangka (Kab.)",PROVINCE,1,16000000,May 2026,AUDIO,,,,,,,,
CABANG DINAS PENDIDIKAN WILAYAH IV,CABANG DINAS PENDIDIKAN WILAYAH IV — Provinsi Bangka Belitung,Provinsi Bangka Belitung,CABANG DINAS PENDIDIKAN WILAYAH IV,"Kep. Bangka Belitung, Bangka Barat (Kab.)",PROVINCE,2,22841700,May 2026,IT_HARDWARE,,,,,,,,
CABANG DINAS PENDIDIKAN WILAYAH JOMBANG,CABANG DINAS PENDIDIKAN WILAYAH JOMBANG — Provinsi Jawa Timur,Provinsi Jawa Timur,CABANG DINAS PENDIDIKAN WILAYAH JOMBANG,"Jawa Timur, Jombang (Kab.)",PROVINCE,37,2612896285,June 2026; May 2026,DESKTOP; IT_HARDWARE; OFFICE_FURNITURE,,,,,,,,
CABANG DINAS PENDIDIKAN WILAYAH LAMONGAN,CABANG DINAS PENDIDIKAN WILAYAH LAMONGAN — Provinsi Jawa Timur,Provinsi Jawa Timur,CABANG DINAS PENDIDIKAN WILAYAH LAMONGAN,"Jawa Timur, Lamongan (Kab.)",PROVINCE,8,427333400,June 2026; May 2026,AUDIO; DESKTOP; IT_HARDWARE,,,,,,,,
CABANG DINAS PENDIDIKAN WILAYAH MADIUN,CABANG DINAS PENDIDIKAN WILAYAH MADIUN — Provinsi Jawa Timur,Provinsi Jawa Timur,CABANG DINAS PENDIDIKAN WILAYAH MADIUN,"Jawa Timur, Madiun (Kab.)",PROVINCE,8,104235960,June 2026; May 2026,DESKTOP; IT_HARDWARE; OFFICE_FURNITURE,,,,,,,,
CABANG DINAS PENDIDIKAN WILAYAH MOJOKERTO,CABANG DINAS PENDIDIKAN WILAYAH MOJOKERTO — Provinsi Jawa Timur,Provinsi Jawa Timur,CABANG DINAS PENDIDIKAN WILAYAH MOJOKERTO,"Jawa Timur, Mojokerto (Kab.)",PROVINCE,1,26670600,May 2026,IT_HARDWARE,,,,,,,,
CABANG DINAS PENDIDIKAN WILAYAH PAMEKASAN,CABANG DINAS PENDIDIKAN WILAYAH PAMEKASAN — Provinsi Jawa Timur,Provinsi Jawa Timur,CABANG DINAS PENDIDIKAN WILAYAH PAMEKASAN,"Jawa Timur, Pamekasan (Kab.)",PROVINCE,14,534571680,May 2026,DESKTOP; IT_HARDWARE,,,,,,,,
CABANG DINAS PENDIDIKAN WILAYAH PROBOLINGGO,CABANG DINAS PENDIDIKAN WILAYAH PROBOLINGGO — Provinsi Jawa Timur,Provinsi Jawa Timur,CABANG DINAS PENDIDIKAN WILAYAH PROBOLINGGO,"Jawa Timur, Probolinggo (Kota)",PROVINCE,17,489547839,May 2026,CAMERA_VIDEO; CCTV; DESKTOP; IT_HARDWARE; OFFICE_FURNITURE; PRINTER,,,,,,,,
CABANG DINAS PENDIDIKAN WILAYAH SAMPANG,CABANG DINAS PENDIDIKAN WILAYAH SAMPANG — Provinsi Jawa Timur,Provinsi Jawa Timur,CABANG DINAS PENDIDIKAN WILAYAH SAMPANG,"Jawa Timur, Sampang (Kab.)",PROVINCE,6,625848032,May 2026,AUDIO; DESKTOP; OFFICE_FURNITURE,,,,,,,,
CABANG DINAS PENDIDIKAN WILAYAH SIDOARJO,CABANG DINAS PENDIDIKAN WILAYAH SIDOARJO — Provinsi Jawa Timur,Provinsi Jawa Timur,CABANG DINAS PENDIDIKAN WILAYAH SIDOARJO,"Jawa Timur, Surabaya (Kota)",PROVINCE,25,1576971236,May 2026,AUDIO; CAMERA_VIDEO; CCTV; DESKTOP; IT_HARDWARE; LAPTOP; NETWORKING; OFFICE_FURNITURE; PRINTER; SERVER; STORAGE,,,,,,,,
CABANG PENDIDIKAN WILAYAH VI,CABANG PENDIDIKAN WILAYAH VI — Provinsi Jawa Barat,Provinsi Jawa Barat,CABANG PENDIDIKAN WILAYAH VI,"Jawa Barat, Cianjur (Kab.)",PROVINCE,1,84915000,May 2026,IT_HARDWARE,,,,,,,,
Cabang Dinas Energi dan Sumber Daya Mineral Wilayah IV,Cabang Dinas Energi dan Sumber Daya Mineral Wilayah IV — Provinsi Nusa Tenggara Timur,Provinsi Nusa Tenggara Timur,Cabang Dinas Energi dan Sumber Daya Mineral Wilayah IV,"Nusa Tenggara Timur, Sumba Barat (Kab.)",PROVINCE,1,874000,May 2026,IT_HARDWARE,,,,,,,,
Cabang Dinas Pendidikan Wilayah Kabupaten Pandeglang,Cabang Dinas Pendidikan Wilayah Kabupaten Pandeglang — Provinsi Banten,Provinsi Banten,Cabang Dinas Pendidikan Wilayah Kabupaten Pandeglang,"Banten, Pandeglang (Kab.)",PROVINCE,1,68157684,May 2026,OFFICE_FURNITURE,,,,,,,,
"Cabang Dinas Pendidikan Wilayah Kota Cilegon, Kota Serang dan Kabupaten Serang","Cabang Dinas Pendidikan Wilayah Kota Cilegon, Kota Serang dan Kabupaten Serang — Provinsi Banten",Provinsi Banten,"Cabang Dinas Pendidikan Wilayah Kota Cilegon, Kota Serang dan Kabupaten Serang","Banten, Serang (Kota)",PROVINCE,1,4380000,June 2026,DESKTOP; IT_HARDWARE,,,,,,,,
DEPUTI BIDANG PEMENUHAN HAK ANAK,DEPUTI BIDANG PEMENUHAN HAK ANAK — Kementerian Pemberdayaan Perempuan Dan Perlindungan Anak,Kementerian Pemberdayaan Perempuan Dan Perlindungan Anak,DEPUTI BIDANG PEMENUHAN HAK ANAK,"DKI Jakarta, Jakarta Pusat (Kota)",NATIONAL,1,14730000,May 2026,LAPTOP,,,,,,,,
DEPUTI BIDANG PERLINDUNGAN HAK PEREMPUAN,DEPUTI BIDANG PERLINDUNGAN HAK PEREMPUAN — Kementerian Pemberdayaan Perempuan Dan Perlindungan Anak,Kementerian Pemberdayaan Perempuan Dan Perlindungan Anak,DEPUTI BIDANG PERLINDUNGAN HAK PEREMPUAN,"DKI Jakarta, Jakarta Pusat (Kota)",NATIONAL,1,9630000,May 2026,LAPTOP; PRINTER,,,,,,,,
DEPUTI III BIDANG PENGAWASAN PANGAN OLAHAN,DEPUTI III BIDANG PENGAWASAN PANGAN OLAHAN — Badan Pengawas Obat Dan Makanan,Badan Pengawas Obat Dan Makanan,DEPUTI III BIDANG PENGAWASAN PANGAN OLAHAN,"DKI Jakarta, Jakarta Pusat (Kota)",NATIONAL,2,52500000,May 2026,LAPTOP; PRINTER,,,,,,,,
DEPUTI PENGENDALIAN PEMBANGUNAN TRANSFORMASI HIJAU DAN DIGITAL,DEPUTI PENGENDALIAN PEMBANGUNAN TRANSFORMASI HIJAU DAN DIGITAL — Otorita Ibu Kota Nusantara (OIKN),Otorita Ibu Kota Nusantara (OIKN),DEPUTI PENGENDALIAN PEMBANGUNAN TRANSFORMASI HIJAU DAN DIGITAL,"Kalimantan Timur, Penajem Paser Utara (Kab.)",LOCAL_AGENCY,7,4331443000,May 2026,CAMERA_VIDEO; CCTV; NETWORKING; PRINTER; SERVER; STORAGE,,,,,,,,
DINAS ADMINISTRASI KEPENDUDUKAN DAN PENCATATAN SIPIL,DINAS ADMINISTRASI KEPENDUDUKAN DAN PENCATATAN SIPIL — Kab. Ngada,Kab. Ngada,DINAS ADMINISTRASI KEPENDUDUKAN DAN PENCATATAN SIPIL,"Nusa Tenggara Timur, Ngada (Kab.) | Nusa Tenggara Timur, Ngada (Kab.)",LOCAL_AGENCY,5,121042000,June 2026; May 2026,IT_HARDWARE; NETWORKING; PRINTER,,,,,,,,
"DINAS ADMINISTRASI KEPENDUDUKAN, PENCATATAN SIPIL DAN PEMBERDAYAAN MASYARAKAT KAMPUNG","DINAS ADMINISTRASI KEPENDUDUKAN, PENCATATAN SIPIL DAN PEMBERDAYAAN MASYARAKAT KAMPUNG — Provinsi Papua Tengah",Provinsi Papua Tengah,"DINAS ADMINISTRASI KEPENDUDUKAN, PENCATATAN SIPIL DAN PEMBERDAYAAN MASYARAKAT KAMPUNG","Papua Tengah, Nabire (Kab.)",PROVINCE,2,33800000,June 2026; May 2026,AUDIO,,,,,,,,
DINAS ARSIP DAN PERPUSTAKAAN DAERAH,DINAS ARSIP DAN PERPUSTAKAAN DAERAH — Kota Banjarbaru,Kota Banjarbaru,DINAS ARSIP DAN PERPUSTAKAAN DAERAH,"Kalimantan Selatan, Banjar Baru (Kota)",LOCAL_AGENCY,1,2014000,June 2026,IT_HARDWARE,,,,,,,,
DINAS ARSIP DAN PERPUSTAKAAN,DINAS ARSIP DAN PERPUSTAKAAN — Kab. Bogor,Kab. Bogor,DINAS ARSIP DAN PERPUSTAKAAN,"Jawa Barat, Bogor (Kab.)",LOCAL_AGENCY,4,5215890,June 2026; May 2026,IT_HARDWARE,,,,,,,,
DINAS BINA MARGA DAN SUMBER DAYA AIR,DINAS BINA MARGA DAN SUMBER DAYA AIR — Kota Batam,Kota Batam,DINAS BINA MARGA DAN SUMBER DAYA AIR,"Kepulauan Riau, Batam (Kota)",LOCAL_AGENCY,3,194011000,May 2026,OFFICE_FURNITURE; STORAGE,,,,,,,,
DINAS BINA MARGA,DINAS BINA MARGA — Provinsi DKI Jakarta,Provinsi DKI Jakarta,DINAS BINA MARGA,"DKI Jakarta, Jakarta Pusat (Kota)",PROVINCE,2,364698348,June 2026,CCTV,,,,,,,,
DINAS ENERGI DAN SUMBER DAYA MINERAL,DINAS ENERGI DAN SUMBER DAYA MINERAL — Provinsi Jawa Tengah,Provinsi Jawa Tengah,DINAS ENERGI DAN SUMBER DAYA MINERAL,"Jawa Tengah, Magelang (Kota)",PROVINCE,2,3500000,May 2026,AUDIO; CCTV; DESKTOP; IT_HARDWARE,,,,,,,,
DINAS ENERGI DAN SUMBERDAYA MINERAL,DINAS ENERGI DAN SUMBERDAYA MINERAL — Provinsi Jawa Timur,Provinsi Jawa Timur,DINAS ENERGI DAN SUMBERDAYA MINERAL,"Jawa Timur, Surabaya (Kota)",PROVINCE,6,1132880,May 2026,IT_HARDWARE,,,,,,,,
DINAS KEARSIPAN DAN PERPUSTAKAAN,DINAS KEARSIPAN DAN PERPUSTAKAAN — Kab. Fak Fak,Kab. Fak Fak,DINAS KEARSIPAN DAN PERPUSTAKAAN,"Papua Barat, Fak-Fak (Kab.)",LOCAL_AGENCY,14,195323292,June 2026; May 2026,AUDIO; CAMERA_VIDEO; DESKTOP; IT_HARDWARE; OFFICE_FURNITURE; STORAGE; UPS,,,,,,,,
DINAS KEBUDAYAAN DAN KEPARIWISATAAN,DINAS KEBUDAYAAN DAN KEPARIWISATAAN — Provinsi Sulawesi Selatan,Provinsi Sulawesi Selatan,DINAS KEBUDAYAAN DAN KEPARIWISATAAN,"Sulawesi Selatan, Makassar (Kota)",PROVINCE,3,2493000,June 2026,IT_HARDWARE,,,,,,,,
DINAS KEBUDAYAAN DAN PARIWISATA,DINAS KEBUDAYAAN DAN PARIWISATA — Provinsi Jawa Timur,Provinsi Jawa Timur,DINAS KEBUDAYAAN DAN PARIWISATA,"Jawa Timur, Surabaya (Kota)",PROVINCE,48,911187595,June 2026; May 2026,AUDIO; CAMERA_VIDEO; DESKTOP; IT_HARDWARE; OFFICE_FURNITURE,,,,,,,,
DINAS KEBUDAYAAN KUNDHA KABUDAYAN,DINAS KEBUDAYAAN KUNDHA KABUDAYAN — Kab. Sleman,Kab. Sleman,DINAS KEBUDAYAAN KUNDHA KABUDAYAN,"DI Yogyakarta, Sleman (Kab.)",LOCAL_AGENCY,1,2162000,June 2026,AUDIO,,,,,,,,
DINAS KEBUDAYAAN,DINAS KEBUDAYAAN — Provinsi Sumatera Barat,Provinsi Sumatera Barat,DINAS KEBUDAYAAN,"Sumatera Barat, Padang (Kota)",PROVINCE,51,732342100,June 2026; May 2026,AUDIO; DESKTOP; IT_HARDWARE; NETWORKING; OFFICE_FURNITURE,,,,,,,,
"DINAS KEBUDAYAAN, KEPEMUDAAN DAN OLAH RAGA SERTA PARIWISATA","DINAS KEBUDAYAAN, KEPEMUDAAN DAN OLAH RAGA SERTA PARIWISATA — Kab. Tuban",Kab. Tuban,"DINAS KEBUDAYAAN, KEPEMUDAAN DAN OLAH RAGA SERTA PARIWISATA","Jawa Timur, Tuban (Kab.)",LOCAL_AGENCY,3,34770000,June 2026,OFFICE_FURNITURE,,,,,,,,
"DINAS KEBUDAYAAN, KEPEMUDAAN, DAN OLAHRAGA SERTA PARIWISATA","DINAS KEBUDAYAAN, KEPEMUDAAN, DAN OLAHRAGA SERTA PARIWISATA — Kab. Nunukan",Kab. Nunukan,"DINAS KEBUDAYAAN, KEPEMUDAAN, DAN OLAHRAGA SERTA PARIWISATA","Kalimantan Utara, Nunukan (Kab.)",LOCAL_AGENCY,1,33500000,May 2026,OFFICE_FURNITURE,,,,,,,,
"DINAS KEBUDAYAAN, KEPEMUDAAN, OLAHRAGA DAN PARIWISATA","DINAS KEBUDAYAAN, KEPEMUDAAN, OLAHRAGA DAN PARIWISATA — Kab. Mojokerto",Kab. Mojokerto,"DINAS KEBUDAYAAN, KEPEMUDAAN, OLAHRAGA DAN PARIWISATA","Jawa Timur, Mojokerto (Kab.) | Jawa Timur, Mojokerto (Kab.) | Jawa Timur, Mojokerto (Kab.) | Jawa Timur, Mojokerto (Kab.) | Jawa Timur, Mojokerto (Kab.) | Jawa Timur, Mojokerto (Kab.) | Jawa Timur, Mojokerto (Kab.) | Jawa Timur, Mojokerto (Kab.)",LOCAL_AGENCY,1,17307100,May 2026,OFFICE_FURNITURE,,,,,,,,
"DINAS KEBUDAYAAN, PARIWISATA, KEPEMUDAAN DAN OLAHRAGA","DINAS KEBUDAYAAN, PARIWISATA, KEPEMUDAAN DAN OLAHRAGA — Kab. Barito Timur",Kab. Barito Timur,"DINAS KEBUDAYAAN, PARIWISATA, KEPEMUDAAN DAN OLAHRAGA","Kalimantan Tengah, Barito Timur (Kab.)",LOCAL_AGENCY,1,5361300,May 2026,IT_HARDWARE,,,,,,,,
DINAS KEHUTANAN,DINAS KEHUTANAN — Provinsi Sumatera Barat,Provinsi Sumatera Barat,DINAS KEHUTANAN,"Sumatera Barat, Lima Puluh Kota (Kab.)",PROVINCE,49,958105000,June 2026; May 2026,AUDIO; DESKTOP; IT_HARDWARE; LAPTOP; PRINTER,,,,,,,,
DINAS KELAUTAN DAN PERIKANAN PROVINSI KALIMANTAN BARAT,DINAS KELAUTAN DAN PERIKANAN PROVINSI KALIMANTAN BARAT — Provinsi Kalimantan Barat,Provinsi Kalimantan Barat,DINAS KELAUTAN DAN PERIKANAN PROVINSI KALIMANTAN BARAT,"Kalimantan Barat, Pontianak (Kota)",PROVINCE,6,4810000,June 2026,IT_HARDWARE,,,,,,,,
DINAS KELAUTAN DAN PERIKANAN,DINAS KELAUTAN DAN PERIKANAN — Provinsi Jawa Timur,Provinsi Jawa Timur,DINAS KELAUTAN DAN PERIKANAN,"Jawa Timur, Surabaya (Kota)",PROVINCE,27,411784800,June 2026; May 2026,AUDIO; CAMERA_VIDEO; DESKTOP; IT_HARDWARE; LAPTOP; NETWORKING; OFFICE_FURNITURE; PRINTER,,,,,,,,
DINAS KEPEMUDAAN DAN OLAH RAGA,DINAS KEPEMUDAAN DAN OLAH RAGA — Kab. Demak,Kab. Demak,DINAS KEPEMUDAAN DAN OLAH RAGA,"Jawa Tengah, Demak (Kab.)",LOCAL_AGENCY,3,19890000,May 2026,DESKTOP; IT_HARDWARE,,,,,,,,
DINAS KEPEMUDAAN DAN OLAHRAGA,DINAS KEPEMUDAAN DAN OLAHRAGA — Kota Tanjung Pinang,Kota Tanjung Pinang,DINAS KEPEMUDAAN DAN OLAHRAGA,"Kepulauan Riau, Tanjung Pinang (Kota)",LOCAL_AGENCY,10,57775540,June 2026; May 2026,AUDIO; IT_HARDWARE,,,,,,,,
"DINAS KEPEMUDAAN, OLAHRAGA DAN PARIWISATA PROVINSI KALIMANTAN BARAT","DINAS KEPEMUDAAN, OLAHRAGA DAN PARIWISATA PROVINSI KALIMANTAN BARAT — Provinsi Kalimantan Barat",Provinsi Kalimantan Barat,"DINAS KEPEMUDAAN, OLAHRAGA DAN PARIWISATA PROVINSI KALIMANTAN BARAT","Kalimantan Barat, Pontianak (Kota)",PROVINCE,1,1560000,May 2026,IT_HARDWARE,,,,,,,,
"DINAS KEPEMUDAAN, OLAHRAGA DAN PARIWISATA","DINAS KEPEMUDAAN, OLAHRAGA DAN PARIWISATA — Kab. Kendal",Kab. Kendal,"DINAS KEPEMUDAAN, OLAHRAGA DAN PARIWISATA","Jawa Tengah, Kendal (Kab.)",LOCAL_AGENCY,4,276388000,June 2026; May 2026,IT_HARDWARE; OFFICE_FURNITURE; PRINTER,,,,,,,,
"DINAS KEPEMUDAAN, OLAHRAGA, DAN PARIWISATA","DINAS KEPEMUDAAN, OLAHRAGA, DAN PARIWISATA — Kota Cilegon",Kota Cilegon,"DINAS KEPEMUDAAN, OLAHRAGA, DAN PARIWISATA","Banten, Cilegon (Kota)",LOCAL_AGENCY,1,1156000,June 2026,IT_HARDWARE,,,,,,,,
DINAS KEPENDUDUKAN DAN CATATAN SIPIL,DINAS KEPENDUDUKAN DAN CATATAN SIPIL — Kab. Lebong,Kab. Lebong,DINAS KEPENDUDUKAN DAN CATATAN SIPIL,"Bengkulu, Lebong (Kab.)",LOCAL_AGENCY,2,110562600,June 2026; May 2026,IT_HARDWARE; PRINTER,,,,,,,,
DINAS KEPENDUDUKAN DAN PENCATATAN SIPIL,DINAS KEPENDUDUKAN DAN PENCATATAN SIPIL — Kab. Deli Serdang,Kab. Deli Serdang,DINAS KEPENDUDUKAN DAN PENCATATAN SIPIL,"Sumatera Utara, Deli Serdang (Kab.)",LOCAL_AGENCY,45,3279672750,June 2026; May 2026,AUDIO; CCTV; DESKTOP; IT_HARDWARE; LAPTOP; NETWORKING; OFFICE_FURNITURE; PRINTER; SCANNER; SERVER; UPS,,,,,,,,
DINAS KESATUAN BANGSA DAN POLITIK,DINAS KESATUAN BANGSA DAN POLITIK — Kab. Raja Ampat,Kab. Raja Ampat,DINAS KESATUAN BANGSA DAN POLITIK,"Papua Barat Daya, Raja Ampat (Kab.)",LOCAL_AGENCY,1,150000000,May 2026,DESKTOP,,,,,,,,
DINAS KESEHATAN DAERAH,DINAS KESEHATAN DAERAH — Kab. Purworejo,Kab. Purworejo,DINAS KESEHATAN DAERAH,"Jawa Tengah, Purworejo (Kab.)",LOCAL_AGENCY,1,2400000,May 2026,OFFICE_FURNITURE,,,,,,,,
DINAS KESEHATAN KAB. BARITO KUALA,DINAS KESEHATAN KAB. BARITO KUALA — Kab. Barito Kuala,Kab. Barito Kuala,DINAS KESEHATAN KAB. BARITO KUALA,"Kalimantan Selatan, Barito Kuala (Kab.)",LOCAL_AGENCY,4,301656000,June 2026; May 2026,DESKTOP; OFFICE_FURNITURE; PRINTER,,,,,,,,
DINAS KESEHATAN KAB. TANJUNG JABUNG BARAT,DINAS KESEHATAN KAB. TANJUNG JABUNG BARAT — Kab. Tanjung Jabung Barat,Kab. Tanjung Jabung Barat,DINAS KESEHATAN KAB. TANJUNG JABUNG BARAT,"Jambi, Tanjung Jabung Barat (Kab.)",LOCAL_AGENCY,6,184300000,May 2026,IT_HARDWARE; OFFICE_FURNITURE; PRINTER,,,,,,,,
DINAS KESEHATAN KOTA GUNUNGSITOLI,DINAS KESEHATAN KOTA GUNUNGSITOLI — Kota Gunungsitoli,Kota Gunungsitoli,DINAS KESEHATAN KOTA GUNUNGSITOLI,"Sumatera Utara, Gunung Sitoli (Kota)",LOCAL_AGENCY,2,12099000,May 2026,DESKTOP; IT_HARDWARE; OFFICE_FURNITURE,,,,,,,,
DINAS KESEHATAN KOTA PEMATANGSIANTAR,DINAS KESEHATAN KOTA PEMATANGSIANTAR — Kota Pematangsiantar,Kota Pematangsiantar,DINAS KESEHATAN KOTA PEMATANGSIANTAR,"Sumatera Utara, Pematang Siantar (Kota)",LOCAL_AGENCY,1,17562983,May 2026,OFFICE_FURNITURE,,,,,,,,
DINAS KESEHATAN,DINAS KESEHATAN — Kab. Wonogiri,Kab. Wonogiri,DINAS KESEHATAN,"Jawa Tengah, Wonogiri (Kab.)",LOCAL_AGENCY,175,4140111362,June 2026; May 2026,AUDIO; CAMERA_VIDEO; CCTV; DESKTOP; IT_HARDWARE; LAPTOP; NETWORKING; OFFICE_FURNITURE; PRINTER; SCANNER; SERVER; STORAGE; UPS,,,,,,,,
"DINAS KESEHATAN, PENGENDALIAN PENDUDUK DAN KELUARGA BERENCANA - UPT PUSKESMAS JATIROTO","DINAS KESEHATAN, PENGENDALIAN PENDUDUK DAN KELUARGA BERENCANA - UPT PUSKESMAS JATIROTO — Kab. Lumajang",Kab. Lumajang,"DINAS KESEHATAN, PENGENDALIAN PENDUDUK DAN KELUARGA BERENCANA - UPT PUSKESMAS JATIROTO","Jawa Timur, Lumajang (Kab.)",HEALTH_UNIT,2,101371915,June 2026; May 2026,DESKTOP,,,,,,,,
"DINAS KESEHATAN, PENGENDALIAN PENDUDUK DAN KELUARGA BERENCANA - UPT PUSKESMAS SUKODONO","DINAS KESEHATAN, PENGENDALIAN PENDUDUK DAN KELUARGA BERENCANA - UPT PUSKESMAS SUKODONO — Kab. Lumajang",Kab. Lumajang,"DINAS KESEHATAN, PENGENDALIAN PENDUDUK DAN KELUARGA BERENCANA - UPT PUSKESMAS SUKODONO","Jawa Timur, Lumajang (Kab.)",HEALTH_UNIT,2,12420070,June 2026; May 2026,CCTV; IT_HARDWARE,,,,,,,,
"DINAS KESEHATAN, PENGENDALIAN PENDUDUK DAN KELUARGA BERENCANA - UPT PUSKESMAS SUMBERSARI","DINAS KESEHATAN, PENGENDALIAN PENDUDUK DAN KELUARGA BERENCANA - UPT PUSKESMAS SUMBERSARI — Kab. Lumajang",Kab. Lumajang,"DINAS KESEHATAN, PENGENDALIAN PENDUDUK DAN KELUARGA BERENCANA - UPT PUSKESMAS SUMBERSARI","Jawa Timur, Lumajang (Kab.)",HEALTH_UNIT,1,5986400,June 2026,IT_HARDWARE,,,,,,,,
"DINAS KESEHATAN, PENGENDALIAN PENDUDUK DAN KELUARGA BERENCANA - UPT PUSKESMAS TEKUNG","DINAS KESEHATAN, PENGENDALIAN PENDUDUK DAN KELUARGA BERENCANA - UPT PUSKESMAS TEKUNG — Kab. Lumajang",Kab. Lumajang,"DINAS KESEHATAN, PENGENDALIAN PENDUDUK DAN KELUARGA BERENCANA - UPT PUSKESMAS TEKUNG","Jawa Timur, Lumajang (Kab.)",HEALTH_UNIT,1,45405360,June 2026,DESKTOP,,,,,,,,
"DINAS KESEHATAN, PENGENDALIAN PENDUDUK DAN KELUARGA BERENCANA - UPT RSUD PASIRIAN","DINAS KESEHATAN, PENGENDALIAN PENDUDUK DAN KELUARGA BERENCANA - UPT RSUD PASIRIAN — Kab. Lumajang",Kab. Lumajang,"DINAS KESEHATAN, PENGENDALIAN PENDUDUK DAN KELUARGA BERENCANA - UPT RSUD PASIRIAN","Jawa Timur, Lumajang (Kab.)",HOSPITAL,2,186500000,June 2026,DESKTOP,,,,,,,,
"DINAS KESEHATAN, PENGENDALIAN PENDUDUK DAN KELUARGA BERENCANA - UPT RSUD dr. HARYOTO","DINAS KESEHATAN, PENGENDALIAN PENDUDUK DAN KELUARGA BERENCANA - UPT RSUD dr. HARYOTO — Kab. Lumajang",Kab. Lumajang,"DINAS KESEHATAN, PENGENDALIAN PENDUDUK DAN KELUARGA BERENCANA - UPT RSUD dr. HARYOTO","Jawa Timur, Lumajang (Kab.)",HOSPITAL,2,73700000,May 2026,IT_HARDWARE; OFFICE_FURNITURE; PRINTER,,,,,,,,
"DINAS KESEHATAN, PENGENDALIAN PENDUDUK DAN KELUARGA BERENCANA","DINAS KESEHATAN, PENGENDALIAN PENDUDUK DAN KELUARGA BERENCANA — Kab. Humbang Hasundutan",Kab. Humbang Hasundutan,"DINAS KESEHATAN, PENGENDALIAN PENDUDUK DAN KELUARGA BERENCANA","Sumatera Utara, Humbang Hasundutan (Kab.)",LOCAL_AGENCY,10,540396600,June 2026; May 2026,AUDIO; DESKTOP; IT_HARDWARE; LAPTOP; NETWORKING; OFFICE_FURNITURE,,,,,,,,
"DINAS KESEHATAN, PENGENDALIAN PENDUDUK, DAN KELUARGA BERENCANA","DINAS KESEHATAN, PENGENDALIAN PENDUDUK, DAN KELUARGA BERENCANA — Kab. Purbalingga",Kab. Purbalingga,"DINAS KESEHATAN, PENGENDALIAN PENDUDUK, DAN KELUARGA BERENCANA","Jawa Tengah, Purbalingga (Kab.)",LOCAL_AGENCY,8,34241000,June 2026; May 2026,IT_HARDWARE,,,,,,,,
DINAS KETAHANAN PANGAN DAN PERTANIAN,DINAS KETAHANAN PANGAN DAN PERTANIAN — Kab. Bengkayang,Kab. Bengkayang,DINAS KETAHANAN PANGAN DAN PERTANIAN,"Kalimantan Barat, Bengkayang (Kab.)",LOCAL_AGENCY,7,96584600,June 2026; May 2026,CCTV; DESKTOP; IT_HARDWARE; LAPTOP; OFFICE_FURNITURE,,,,,,,,
DINAS KETAHANAN PANGAN,DINAS KETAHANAN PANGAN — Provinsi Sulawesi Tenggara,Provinsi Sulawesi Tenggara,DINAS KETAHANAN PANGAN,"Sulawesi Tenggara, Kendari (Kota)",PROVINCE,3,4760400,June 2026; May 2026,IT_HARDWARE,,,,,,,,
"DINAS KETAHANAN PANGAN, PERIKANAN DAN PERTANIAN","DINAS KETAHANAN PANGAN, PERIKANAN DAN PERTANIAN — Kab. Tabalong",Kab. Tabalong,"DINAS KETAHANAN PANGAN, PERIKANAN DAN PERTANIAN","Kalimantan Selatan, Tabalong (Kab.)",LOCAL_AGENCY,2,42347190,June 2026; May 2026,AUDIO; OFFICE_FURNITURE,,,,,,,,
"DINAS KETAHANAN PANGAN, PERTANIAN DAN PERIKANAN","DINAS KETAHANAN PANGAN, PERTANIAN DAN PERIKANAN — Kota Tangerang Selatan",Kota Tangerang Selatan,"DINAS KETAHANAN PANGAN, PERTANIAN DAN PERIKANAN","Banten, Tangerang Selatan (Kota)",LOCAL_AGENCY,1,245506,May 2026,IT_HARDWARE,,,,,,,,
"DINAS KETAHANAN PANGAN,TANAMAN PANGAN DAN HORTIKULTURA PROVINSI LAMPUNG","DINAS KETAHANAN PANGAN,TANAMAN PANGAN DAN HORTIKULTURA PROVINSI LAMPUNG — Provinsi Lampung",Provinsi Lampung,"DINAS KETAHANAN PANGAN,TANAMAN PANGAN DAN HORTIKULTURA PROVINSI LAMPUNG","Lampung, Bandar Lampung (Kota)",PROVINCE,1,83500000,May 2026,IT_HARDWARE,,,,,,,,
DINAS KETENAGAKERJAAN DAN TRANSMIGRASI,DINAS KETENAGAKERJAAN DAN TRANSMIGRASI — Kab. Maros,Kab. Maros,DINAS KETENAGAKERJAAN DAN TRANSMIGRASI,"Sulawesi Selatan, Maros (Kab.)",LOCAL_AGENCY,2,2883000,May 2026,IT_HARDWARE,,,,,,,,
DINAS KETENAGAKERJAAN,DINAS KETENAGAKERJAAN — Kota Tangerang,Kota Tangerang,DINAS KETENAGAKERJAAN,"Banten, Tangerang (Kota)",LOCAL_AGENCY,2,37405000,June 2026; May 2026,IT_HARDWARE; OFFICE_FURNITURE,,,,,,,,
DINAS KOMUNIKASI DAN INFORMATIKA,DINAS KOMUNIKASI DAN INFORMATIKA — Kab. Kendal,Kab. Kendal,DINAS KOMUNIKASI DAN INFORMATIKA,"Jawa Tengah, Kendal (Kab.)",LOCAL_AGENCY,53,12195089958,June 2026; May 2026,AUDIO; CAMERA_VIDEO; CCTV; DESKTOP; IT_HARDWARE; NETWORKING; OFFICE_FURNITURE; PRINTER; SCANNER; SERVER,,,,,,,,
"DINAS KOMUNIKASI DAN INFORMATIKA, STATISTIK DAN PERSANDIAN","DINAS KOMUNIKASI DAN INFORMATIKA, STATISTIK DAN PERSANDIAN — Kab. Bandung",Kab. Bandung,"DINAS KOMUNIKASI DAN INFORMATIKA, STATISTIK DAN PERSANDIAN","Jawa Barat, Bandung (Kab.)",LOCAL_AGENCY,1,39019500,June 2026,NETWORKING,,,,,,,,
DINAS KOMUNIKASI INFORMATIKA PERSANDIAN DAN STATISTIK,DINAS KOMUNIKASI INFORMATIKA PERSANDIAN DAN STATISTIK — Kab. Teluk Bintuni,Kab. Teluk Bintuni,DINAS KOMUNIKASI INFORMATIKA PERSANDIAN DAN STATISTIK,"Papua Barat, Teluk Bintuni (Kab.)",LOCAL_AGENCY,1,4988420000,May 2026,NETWORKING,,,,,,,,
"DINAS KOMUNIKASI INFORMATIKA, PERSANDIAN DAN STATISTIK","DINAS KOMUNIKASI INFORMATIKA, PERSANDIAN DAN STATISTIK — Provinsi Papua Barat",Provinsi Papua Barat,"DINAS KOMUNIKASI INFORMATIKA, PERSANDIAN DAN STATISTIK","Papua Barat, Manokwari (Kab.)",PROVINCE,3,1034000000,May 2026,CAMERA_VIDEO,,,,,,,,
"DINAS KOMUNIKASI, INFORMATIKA DAN STATISTIK","DINAS KOMUNIKASI, INFORMATIKA DAN STATISTIK — Provinsi Sumatera Barat",Provinsi Sumatera Barat,"DINAS KOMUNIKASI, INFORMATIKA DAN STATISTIK","Sumatera Barat, Padang (Kota)",PROVINCE,22,2095819634,June 2026; May 2026,CAMERA_VIDEO; CCTV; DESKTOP; IT_HARDWARE; LAPTOP; NETWORKING; OFFICE_FURNITURE,,,,,,,,
"DINAS KOMUNIKASI, INFORMATIKA, PERSANDIAN DAN STATISTIK","DINAS KOMUNIKASI, INFORMATIKA, PERSANDIAN DAN STATISTIK — Provinsi Papua Pegunungan",Provinsi Papua Pegunungan,"DINAS KOMUNIKASI, INFORMATIKA, PERSANDIAN DAN STATISTIK","Papua Pegunungan, Jayawijaya (Kab.)",PROVINCE,1,869428000,May 2026,NETWORKING,,,,,,,,
"DINAS KOMUNIKASI, INFORMATIKA, STATISTIK, DAN PERSANDIAN","DINAS KOMUNIKASI, INFORMATIKA, STATISTIK, DAN PERSANDIAN — Kota Cilegon",Kota Cilegon,"DINAS KOMUNIKASI, INFORMATIKA, STATISTIK, DAN PERSANDIAN","Banten, Cilegon (Kota)",LOCAL_AGENCY,1,72167760,May 2026,SERVER,,,,,,,,
DINAS KOPERASI DAN USAHA KECIL DAN MENENGAH,DINAS KOPERASI DAN USAHA KECIL DAN MENENGAH — Kab. Aceh Tengah,Kab. Aceh Tengah,DINAS KOPERASI DAN USAHA KECIL DAN MENENGAH,"Aceh, Aceh Tengah (Kab.)",LOCAL_AGENCY,3,10390890,May 2026,IT_HARDWARE; OFFICE_FURNITURE,,,,,,,,
DINAS KOPERASI DAN USAHA KECIL MENENGAH,DINAS KOPERASI DAN USAHA KECIL MENENGAH — Provinsi DI Yogyakarta,Provinsi DI Yogyakarta,DINAS KOPERASI DAN USAHA KECIL MENENGAH,"DI Yogyakarta, Yogyakarta (Kota)",PROVINCE,10,89098500,June 2026; May 2026,AUDIO; IT_HARDWARE,,,,,,,,
DINAS KOPERASI DAN USAHA MIKRO,DINAS KOPERASI DAN USAHA MIKRO — Kota Semarang,Kota Semarang,DINAS KOPERASI DAN USAHA MIKRO,"Jawa Tengah, Semarang (Kota)",LOCAL_AGENCY,8,397893761,June 2026; May 2026,AUDIO; DESKTOP; IT_HARDWARE; OFFICE_FURNITURE,,,,,,,,
DINAS KOPERASI PERINDUSTRIAN DAN PERDAGANGAN,DINAS KOPERASI PERINDUSTRIAN DAN PERDAGANGAN — Kab. Sumbawa Barat,Kab. Sumbawa Barat,DINAS KOPERASI PERINDUSTRIAN DAN PERDAGANGAN,"Nusa Tenggara Barat, Sumbawa Barat (Kab.)",LOCAL_AGENCY,1,1280000,June 2026,PRINTER,,,,,,,,
DINAS KOPERASI USAHA KECIL DAN MENENGAH,DINAS KOPERASI USAHA KECIL DAN MENENGAH — Kab. Sleman,Kab. Sleman,DINAS KOPERASI USAHA KECIL DAN MENENGAH,"DI Yogyakarta, Sleman (Kab.)",LOCAL_AGENCY,2,35580000,May 2026,PRINTER; STORAGE,,,,,,,,
"DINAS KOPERASI, UMKM, PERDAGANGAN DAN PERINDUSTRIAN","DINAS KOPERASI, UMKM, PERDAGANGAN DAN PERINDUSTRIAN — Kab. Subang",Kab. Subang,"DINAS KOPERASI, UMKM, PERDAGANGAN DAN PERINDUSTRIAN","Jawa Barat, Subang (Kab.)",LOCAL_AGENCY,4,20073000,June 2026; May 2026,IT_HARDWARE; OFFICE_FURNITURE,,,,,,,,
"DINAS KOPERASI, USAHA KECIL DAN MENENGAH DAN PERDAGANGAN","DINAS KOPERASI, USAHA KECIL DAN MENENGAH DAN PERDAGANGAN — Kab. Sukamara",Kab. Sukamara,"DINAS KOPERASI, USAHA KECIL DAN MENENGAH DAN PERDAGANGAN","Kalimantan Tengah, Sukamara (Kab.)",LOCAL_AGENCY,1,75000000,May 2026,OFFICE_FURNITURE,,,,,,,,
"DINAS KOPERASI, USAHA KECIL DAN MENENGAH","DINAS KOPERASI, USAHA KECIL DAN MENENGAH — Provinsi Jawa Timur",Provinsi Jawa Timur,"DINAS KOPERASI, USAHA KECIL DAN MENENGAH","Jawa Timur, Sidoarjo (Kab.) | Jawa Timur, Sidoarjo (Kab.)",PROVINCE,15,654310742,June 2026; May 2026,DESKTOP; IT_HARDWARE; OFFICE_FURNITURE; PRINTER,,,,,,,,
"DINAS KOPERASI, USAHA KECIL MENENGAH DAN PERDAGANGAN","DINAS KOPERASI, USAHA KECIL MENENGAH DAN PERDAGANGAN — Kab. Aceh Besar",Kab. Aceh Besar,"DINAS KOPERASI, USAHA KECIL MENENGAH DAN PERDAGANGAN","Aceh, Aceh Besar (Kab.)",LOCAL_AGENCY,5,54705000,June 2026; May 2026,IT_HARDWARE; LAPTOP; OFFICE_FURNITURE,,,,,,,,
"DINAS KOPERASI, USAHA KECIL, MENENGAH DAN PERDAGANGAN","DINAS KOPERASI, USAHA KECIL, MENENGAH DAN PERDAGANGAN — Kota Banjar",Kota Banjar,"DINAS KOPERASI, USAHA KECIL, MENENGAH DAN PERDAGANGAN","Jawa Barat, Banjar (Kota)",LOCAL_AGENCY,3,7018000,June 2026; May 2026,IT_HARDWARE,,,,,,,,
"DINAS KOPERASI, USAHA KECIL, MENENGAH, PERDAGANGAN DAN PERINDUSTRIAN","DINAS KOPERASI, USAHA KECIL, MENENGAH, PERDAGANGAN DAN PERINDUSTRIAN — Kota Bogor",Kota Bogor,"DINAS KOPERASI, USAHA KECIL, MENENGAH, PERDAGANGAN DAN PERINDUSTRIAN","Jawa Barat, Bogor (Kota)",LOCAL_AGENCY,3,15089260,May 2026,IT_HARDWARE; OFFICE_FURNITURE,,,,,,,,
"DINAS KOPERASI, USAHA MIKRO DAN TENAGA KERJA","DINAS KOPERASI, USAHA MIKRO DAN TENAGA KERJA — Kota Banjarbaru",Kota Banjarbaru,"DINAS KOPERASI, USAHA MIKRO DAN TENAGA KERJA","Kalimantan Selatan, Banjar Baru (Kota)",LOCAL_AGENCY,5,6590000,June 2026; May 2026,IT_HARDWARE,,,,,,,,
"DINAS KOPERASI, USAHA MIKRO KECIL DAN MENENGAH, PERINDUSTRIAN DAN PERDAGANGAN","DINAS KOPERASI, USAHA MIKRO KECIL DAN MENENGAH, PERINDUSTRIAN DAN PERDAGANGAN — Kab. Seruyan",Kab. Seruyan,"DINAS KOPERASI, USAHA MIKRO KECIL DAN MENENGAH, PERINDUSTRIAN DAN PERDAGANGAN","Kalimantan Tengah, Seruyan (Kab.)",LOCAL_AGENCY,2,33940000,May 2026,IT_HARDWARE; OFFICE_FURNITURE,,,,,,,,
"DINAS KOPERASI, USAHA MIKRO, KECIL, MENENGAH, PERINDUSTRIAN DAN PERDAGANGAN","DINAS KOPERASI, USAHA MIKRO, KECIL, MENENGAH, PERINDUSTRIAN DAN PERDAGANGAN — Kab. Pakpak Bharat",Kab. Pakpak Bharat,"DINAS KOPERASI, USAHA MIKRO, KECIL, MENENGAH, PERINDUSTRIAN DAN PERDAGANGAN","Sumatera Utara, Pakpak Bharat (Kab.)",LOCAL_AGENCY,1,28000000,May 2026,AUDIO,,,,,,,,
DINAS LINGKUNGAN HIDUP DAN KEBERSIHAN,DINAS LINGKUNGAN HIDUP DAN KEBERSIHAN — Kota Depok,Kota Depok,DINAS LINGKUNGAN HIDUP DAN KEBERSIHAN,"Jawa Barat, Depok (Kota)",LOCAL_AGENCY,2,123616000,June 2026; May 2026,DESKTOP; IT_HARDWARE,,,,,,,,
DINAS LINGKUNGAN HIDUP DAN KEHUTANAN,DINAS LINGKUNGAN HIDUP DAN KEHUTANAN — Kab. Seruyan,Kab. Seruyan,DINAS LINGKUNGAN HIDUP DAN KEHUTANAN,"Kalimantan Tengah, Seruyan (Kab.)",LOCAL_AGENCY,6,32309750,June 2026; May 2026,AUDIO; OFFICE_FURNITURE,,,,,,,,
DINAS LINGKUNGAN HIDUP DAN PERHUBUNGAN,DINAS LINGKUNGAN HIDUP DAN PERHUBUNGAN — Kab. Tuban,Kab. Tuban,DINAS LINGKUNGAN HIDUP DAN PERHUBUNGAN,"Jawa Timur, Tuban (Kab.)",LOCAL_AGENCY,1,9000000,May 2026,IT_HARDWARE,,,,,,,,
DINAS LINGKUNGAN HIDUP,DINAS LINGKUNGAN HIDUP — Kab. Tanah Bumbu,Kab. Tanah Bumbu,DINAS LINGKUNGAN HIDUP,"Kalimantan Selatan, Tanah Bumbu (Kab.)",LOCAL_AGENCY,48,464132389,June 2026; May 2026,AUDIO; CCTV; DESKTOP; IT_HARDWARE; LAPTOP; OFFICE_FURNITURE; PRINTER; UPS,,,,,,,,
"DINAS LINGKUNGAN HIDUP, KEBERSIHAN DAN PERTAMANAN","DINAS LINGKUNGAN HIDUP, KEBERSIHAN DAN PERTAMANAN — Kota Pasuruan",Kota Pasuruan,"DINAS LINGKUNGAN HIDUP, KEBERSIHAN DAN PERTAMANAN","Jawa Timur, Pasuruan (Kota)",LOCAL_AGENCY,3,3815100,May 2026,IT_HARDWARE,,,,,,,,
"DINAS LINGKUNGAN HIDUP, KELAUTAN DAN PERIKANAN","DINAS LINGKUNGAN HIDUP, KELAUTAN DAN PERIKANAN — Kab. Kebumen",Kab. Kebumen,"DINAS LINGKUNGAN HIDUP, KELAUTAN DAN PERIKANAN","Jawa Tengah, Kebumen (Kab.) | Jawa Tengah, Kebumen (Kab.) | Jawa Tengah, Kebumen (Kab.) | Jawa Tengah, Kebumen (Kab.) | Jawa Tengah, Kebumen (Kab.) | Jawa Tengah, Kebumen (Kab.) | Jawa Tengah, Kebumen (Kab.)",LOCAL_AGENCY,2,17606000,June 2026; May 2026,IT_HARDWARE,,,,,,,,
"DINAS PANGAN, PERTANIAN DAN PERIKANAN","DINAS PANGAN, PERTANIAN DAN PERIKANAN — Kota Pontianak",Kota Pontianak,"DINAS PANGAN, PERTANIAN DAN PERIKANAN","Kalimantan Barat, Pontianak (Kota)",LOCAL_AGENCY,1,3849036,May 2026,IT_HARDWARE,,,,,,,,
DINAS PARIWISATA DAERAH,DINAS PARIWISATA DAERAH — Kota Tomohon,Kota Tomohon,DINAS PARIWISATA DAERAH,"Sulawesi Utara, Tomohon (Kota)",LOCAL_AGENCY,2,72250000,June 2026,AUDIO; OFFICE_FURNITURE,,,,,,,,
DINAS PARIWISATA DAN EKONOMI KREATIF KEBUDAYAAN KEPEMUDAAN DAN OLAH RAGA,DINAS PARIWISATA DAN EKONOMI KREATIF KEBUDAYAAN KEPEMUDAAN DAN OLAH RAGA — Kab. Gresik,Kab. Gresik,DINAS PARIWISATA DAN EKONOMI KREATIF KEBUDAYAAN KEPEMUDAAN DAN OLAH RAGA,"Jawa Timur, Gresik (Kab.) | Jawa Timur, Gresik (Kab.)",LOCAL_AGENCY,1,173687700,May 2026,DESKTOP,,,,,,,,
DINAS PARIWISATA DAN EKONOMI KREATIF,DINAS PARIWISATA DAN EKONOMI KREATIF — Provinsi DKI Jakarta,Provinsi DKI Jakarta,DINAS PARIWISATA DAN EKONOMI KREATIF,"DKI Jakarta, Jakarta Selatan (Kota)",PROVINCE,5,766546032,June 2026; May 2026,AUDIO; CCTV; IT_HARDWARE; LAPTOP; SCANNER,,,,,,,,
DINAS PARIWISATA DAN KEBUDAYAAN,DINAS PARIWISATA DAN KEBUDAYAAN — Kab. Kebumen,Kab. Kebumen,DINAS PARIWISATA DAN KEBUDAYAAN,"Jawa Tengah, Kebumen (Kab.) | Jawa Tengah, Kebumen (Kab.) | Jawa Tengah, Kebumen (Kab.) | Jawa Tengah, Kebumen (Kab.) | Jawa Tengah, Kebumen (Kab.) | Jawa Tengah, Kebumen (Kab.) | Jawa Tengah, Kebumen (Kab.)",LOCAL_AGENCY,11,209786666,June 2026; May 2026,CAMERA_VIDEO; IT_HARDWARE; OFFICE_FURNITURE,,,,,,,,
DINAS PARIWISATA KEBUDAYAAN DAN KEPEMUDAAN OLAHRAGA,DINAS PARIWISATA KEBUDAYAAN DAN KEPEMUDAAN OLAHRAGA — Provinsi Bangka Belitung,Provinsi Bangka Belitung,DINAS PARIWISATA KEBUDAYAAN DAN KEPEMUDAAN OLAHRAGA,"Kep. Bangka Belitung, Pangkal Pinang (Kota)",PROVINCE,3,3214740,June 2026; May 2026,IT_HARDWARE,,,,,,,,
DINAS PARIWISATA KEPEMUDAAN DAN OLAH RAGA,DINAS PARIWISATA KEPEMUDAAN DAN OLAH RAGA — Kab. Batang,Kab. Batang,DINAS PARIWISATA KEPEMUDAAN DAN OLAH RAGA,"Jawa Tengah, Batang (Kab.)",LOCAL_AGENCY,4,8580000,June 2026; May 2026,AUDIO; IT_HARDWARE; OFFICE_FURNITURE,,,,,,,,
DINAS PARIWISATA,DINAS PARIWISATA — Kota Solok,Kota Solok,DINAS PARIWISATA,"Sumatera Barat, Solok (Kota)",LOCAL_AGENCY,24,232484703,June 2026; May 2026,AUDIO; DESKTOP; IT_HARDWARE; OFFICE_FURNITURE,,,,,,,,
"DINAS PARIWISATA, KEBUDAYAAN, PEMUDA DAN OLAHRAGA","DINAS PARIWISATA, KEBUDAYAAN, PEMUDA DAN OLAHRAGA — Kab. Tapanuli Utara",Kab. Tapanuli Utara,"DINAS PARIWISATA, KEBUDAYAAN, PEMUDA DAN OLAHRAGA","Sumatera Utara, Tapanuli Utara (Kab.)",LOCAL_AGENCY,1,250000,June 2026,PRINTER,,,,,,,,
"DINAS PARIWISATA, KEPEMUDAAN DAN OLAH RAGA","DINAS PARIWISATA, KEPEMUDAAN DAN OLAH RAGA — Kab. Magelang",Kab. Magelang,"DINAS PARIWISATA, KEPEMUDAAN DAN OLAH RAGA","Jawa Tengah, Magelang (Kab.)",LOCAL_AGENCY,5,29274783,May 2026,AUDIO; DESKTOP; IT_HARDWARE; LAPTOP; PRINTER,,,,,,,,
"DINAS PARIWISATA, PEMUDA DAN OLAH RAGA","DINAS PARIWISATA, PEMUDA DAN OLAH RAGA — Kota Pasuruan",Kota Pasuruan,"DINAS PARIWISATA, PEMUDA DAN OLAH RAGA","Jawa Timur, Pasuruan (Kota)",LOCAL_AGENCY,7,47944600,June 2026; May 2026,IT_HARDWARE; OFFICE_FURNITURE,,,,,,,,
"DINAS PARIWISATA, PEMUDA DAN OLAHRAGA","DINAS PARIWISATA, PEMUDA DAN OLAHRAGA — Kab. Aceh Tamiang",Kab. Aceh Tamiang,"DINAS PARIWISATA, PEMUDA DAN OLAHRAGA","Aceh, Aceh Tamiang (Kab.)",LOCAL_AGENCY,1,60000000,May 2026,IT_HARDWARE,,,,,,,,
"DINAS PARIWISATA, PEMUDA, DAN OLAHRAGA","DINAS PARIWISATA, PEMUDA, DAN OLAHRAGA — Kab. Aceh Barat",Kab. Aceh Barat,"DINAS PARIWISATA, PEMUDA, DAN OLAHRAGA","Aceh, Aceh Barat (Kab.)",LOCAL_AGENCY,1,2400000,June 2026,IT_HARDWARE,,,,,,,,
DINAS PEKERJAAN UMUM BINA MARGA,DINAS PEKERJAAN UMUM BINA MARGA — Provinsi Jawa Timur,Provinsi Jawa Timur,DINAS PEKERJAAN UMUM BINA MARGA,"Jawa Timur, Surabaya (Kota)",PROVINCE,6,118988350,June 2026; May 2026,DESKTOP; IT_HARDWARE; LAPTOP; PRINTER,,,,,,,,
DINAS PEKERJAAN UMUM DAN PENATAAN RUANG,DINAS PEKERJAAN UMUM DAN PENATAAN RUANG — Kota Solok,Kota Solok,DINAS PEKERJAAN UMUM DAN PENATAAN RUANG,"Sumatera Barat, Solok (Kota)",LOCAL_AGENCY,42,618931366,June 2026; May 2026,DESKTOP; IT_HARDWARE; LAPTOP; OFFICE_FURNITURE; PRINTER; SCANNER; STORAGE,,,,,,,,
DINAS PEKERJAAN UMUM DAN TATA RUANG,DINAS PEKERJAAN UMUM DAN TATA RUANG — Kab. Kepulauan Selayar,Kab. Kepulauan Selayar,DINAS PEKERJAAN UMUM DAN TATA RUANG,"Sulawesi Selatan, Selayar (Kab.)",LOCAL_AGENCY,11,321979000,June 2026; May 2026,AUDIO; IT_HARDWARE; OFFICE_FURNITURE,,,,,,,,
DINAS PEKERJAAN UMUM PENATAAN RUANG DAN PERUMAHAN RAKYAT KAWASAN PERMUKIMAN,DINAS PEKERJAAN UMUM PENATAAN RUANG DAN PERUMAHAN RAKYAT KAWASAN PERMUKIMAN — Provinsi Bangka Belitung,Provinsi Bangka Belitung,DINAS PEKERJAAN UMUM PENATAAN RUANG DAN PERUMAHAN RAKYAT KAWASAN PERMUKIMAN,"Kep. Bangka Belitung, Belitung (Kab.) | Kep. Bangka Belitung, Pangkal Pinang (Kota)",PROVINCE,1,16800000,June 2026,NETWORKING,,,,,,,,
DINAS PEKERJAAN UMUM PENATAAN RUANG PERUMAHAN RAKYAT DAN KAWASAN PERMUKIMAN,DINAS PEKERJAAN UMUM PENATAAN RUANG PERUMAHAN RAKYAT DAN KAWASAN PERMUKIMAN — Kab. Kepulauan Anambas,Kab. Kepulauan Anambas,DINAS PEKERJAAN UMUM PENATAAN RUANG PERUMAHAN RAKYAT DAN KAWASAN PERMUKIMAN,"Kepulauan Riau, Kepulauan Anambas (Kab.)",LOCAL_AGENCY,1,27229410,May 2026,IT_HARDWARE,,,,,,,,
DINAS PEKERJAAN UMUM PERUMAHAN DAN KAWASAN PERMUKIMAN,DINAS PEKERJAAN UMUM PERUMAHAN DAN KAWASAN PERMUKIMAN — Kab. Ponorogo,Kab. Ponorogo,DINAS PEKERJAAN UMUM PERUMAHAN DAN KAWASAN PERMUKIMAN,"Jawa Timur, Ponorogo (Kab.)",LOCAL_AGENCY,3,7780800,June 2026; May 2026,DESKTOP; IT_HARDWARE,,,,,,,,
DINAS PEKERJAAN UMUM SUMBER DAYA AIR,DINAS PEKERJAAN UMUM SUMBER DAYA AIR — Kab. Malang,Kab. Malang,DINAS PEKERJAAN UMUM SUMBER DAYA AIR,"Jawa Timur, Malang (Kab.)",LOCAL_AGENCY,1,1114000,May 2026,IT_HARDWARE,,,,,,,,
DINAS PEKERJAAN UMUM,DINAS PEKERJAAN UMUM — Kota Semarang,Kota Semarang,DINAS PEKERJAAN UMUM,"Jawa Tengah, Semarang (Kota) | Jawa Tengah, Semarang (Kota)",LOCAL_AGENCY,5,40486981,June 2026; May 2026,AUDIO; IT_HARDWARE; UPS,,,,,,,,
"DINAS PEKERJAAN UMUM, PENATAAN RUANG, PERUMAHAN RAKYAT DAN KAWASAN PEMUKIMAN","DINAS PEKERJAAN UMUM, PENATAAN RUANG, PERUMAHAN RAKYAT DAN KAWASAN PEMUKIMAN — Kab. Balangan",Kab. Balangan,"DINAS PEKERJAAN UMUM, PENATAAN RUANG, PERUMAHAN RAKYAT DAN KAWASAN PEMUKIMAN","Kalimantan Selatan, Balangan (Kab.)",LOCAL_AGENCY,4,143668900,May 2026,DESKTOP; IT_HARDWARE; LAPTOP; PRINTER,,,,,,,,
"DINAS PEKERJAAN UMUM, PERUMAHAN DAN ENERGI SUMBER DAYA MINERAL","DINAS PEKERJAAN UMUM, PERUMAHAN DAN ENERGI SUMBER DAYA MINERAL — Provinsi DI Yogyakarta",Provinsi DI Yogyakarta,"DINAS PEKERJAAN UMUM, PERUMAHAN DAN ENERGI SUMBER DAYA MINERAL","DI Yogyakarta, Kulon Progo (Kab.)",PROVINCE,3,4219000,May 2026,IT_HARDWARE; NETWORKING,,,,,,,,
DINAS PEMADAM KEBAKARAN DAN PENYELAMATAN,DINAS PEMADAM KEBAKARAN DAN PENYELAMATAN — Kota Denpasar,Kota Denpasar,DINAS PEMADAM KEBAKARAN DAN PENYELAMATAN,"Bali, Denpasar (Kota)",LOCAL_AGENCY,16,183879500,June 2026; May 2026,DESKTOP; IT_HARDWARE; OFFICE_FURNITURE; PRINTER,,,,,,,,
DINAS PEMADAM KEBAKARAN,DINAS PEMADAM KEBAKARAN — Kota Semarang,Kota Semarang,DINAS PEMADAM KEBAKARAN,"Jawa Tengah, Semarang (Kota)",LOCAL_AGENCY,5,56823000,June 2026; May 2026,DESKTOP; IT_HARDWARE; LAPTOP; PRINTER; STORAGE,,,,,,,,
DINAS PEMBERDAYAAN MASYARAKAT DAN DESA PROVINSI KALIMANTAN BARAT,DINAS PEMBERDAYAAN MASYARAKAT DAN DESA PROVINSI KALIMANTAN BARAT — Provinsi Kalimantan Barat,Provinsi Kalimantan Barat,DINAS PEMBERDAYAAN MASYARAKAT DAN DESA PROVINSI KALIMANTAN BARAT,"Kalimantan Barat, Kubu Raya (Kab.)",PROVINCE,2,6730000,June 2026; May 2026,IT_HARDWARE; OFFICE_FURNITURE,,,,,,,,
DINAS PEMBERDAYAAN MASYARAKAT DAN DESA,DINAS PEMBERDAYAAN MASYARAKAT DAN DESA — Kab. Bengkayang,Kab. Bengkayang,DINAS PEMBERDAYAAN MASYARAKAT DAN DESA,"Kalimantan Barat, Bengkayang (Kab.)",LOCAL_AGENCY,29,169041800,June 2026; May 2026,AUDIO; IT_HARDWARE; NETWORKING; OFFICE_FURNITURE,,,,,,,,
DINAS PEMBERDAYAAN MASYARAKAT DAN KAMPUNG,DINAS PEMBERDAYAAN MASYARAKAT DAN KAMPUNG — Provinsi Papua Barat,Provinsi Papua Barat,DINAS PEMBERDAYAAN MASYARAKAT DAN KAMPUNG,"Papua Barat, Teluk Bintuni (Kab.) | Papua Barat, Fak-Fak (Kab.) | Papua Barat, Teluk Wondama (Kab.)",PROVINCE,1,237229200,May 2026,CAMERA_VIDEO; LAPTOP,,,,,,,,
DINAS PEMBERDAYAAN MASYARAKAT DESA KEPENDUDUKAN DAN PENCATATAN SIPIL,DINAS PEMBERDAYAAN MASYARAKAT DESA KEPENDUDUKAN DAN PENCATATAN SIPIL — Provinsi Jawa Tengah,Provinsi Jawa Tengah,DINAS PEMBERDAYAAN MASYARAKAT DESA KEPENDUDUKAN DAN PENCATATAN SIPIL,"Jawa Tengah, Semarang (Kota)",PROVINCE,1,36000000,May 2026,AUDIO,,,,,,,,
"DINAS PEMBERDAYAAN MASYARAKAT, KALURAHAN, KEPENDUDUKAN DAN PENCATATAN SIPIL","DINAS PEMBERDAYAAN MASYARAKAT, KALURAHAN, KEPENDUDUKAN DAN PENCATATAN SIPIL — Provinsi DI Yogyakarta",Provinsi DI Yogyakarta,"DINAS PEMBERDAYAAN MASYARAKAT, KALURAHAN, KEPENDUDUKAN DAN PENCATATAN SIPIL","DI Yogyakarta, Yogyakarta (Kota)",PROVINCE,5,1159176000,May 2026,AUDIO; DESKTOP; OFFICE_FURNITURE,,,,,,,,
DINAS PEMBERDAYAAN PEREMPUAN DAN PERLINDUNGAN ANAK SERTA PENGENDALIAN PENDUDUK DAN KELUARGA BERENCANA,DINAS PEMBERDAYAAN PEREMPUAN DAN PERLINDUNGAN ANAK SERTA PENGENDALIAN PENDUDUK DAN KELUARGA BERENCANA — Kab. Deli Serdang,Kab. Deli Serdang,DINAS PEMBERDAYAAN PEREMPUAN DAN PERLINDUNGAN ANAK SERTA PENGENDALIAN PENDUDUK DAN KELUARGA BERENCANA,"Sumatera Utara, Deli Serdang (Kab.)",LOCAL_AGENCY,2,908000,June 2026,IT_HARDWARE,,,,,,,,
DINAS PEMBERDAYAAN PEREMPUAN DAN PERLINDUNGAN ANAK,DINAS PEMBERDAYAAN PEREMPUAN DAN PERLINDUNGAN ANAK — Kab. Konawe Selatan,Kab. Konawe Selatan,DINAS PEMBERDAYAAN PEREMPUAN DAN PERLINDUNGAN ANAK,"Sulawesi Tenggara, Konawe Selatan (Kab.)",LOCAL_AGENCY,9,74677000,June 2026; May 2026,CCTV; IT_HARDWARE; OFFICE_FURNITURE,,,,,,,,
"DINAS PEMBERDAYAAN PEREMPUAN DAN PERLINDUNGAN ANAK, PENGENDALIAN PENDUDUK DAN KELUARGA BERENCANA","DINAS PEMBERDAYAAN PEREMPUAN DAN PERLINDUNGAN ANAK, PENGENDALIAN PENDUDUK DAN KELUARGA BERENCANA — Kab. Bogor",Kab. Bogor,"DINAS PEMBERDAYAAN PEREMPUAN DAN PERLINDUNGAN ANAK, PENGENDALIAN PENDUDUK DAN KELUARGA BERENCANA","Jawa Barat, Bogor (Kab.) | Jawa Barat, Bogor (Kab.)",LOCAL_AGENCY,4,19687700,June 2026; May 2026,IT_HARDWARE; OFFICE_FURNITURE,,,,,,,,
DINAS PEMBERDAYAAN PEREMPUAN PERLINDUNGAN ANAK DAN KB,DINAS PEMBERDAYAAN PEREMPUAN PERLINDUNGAN ANAK DAN KB — Kota Pasuruan,Kota Pasuruan,DINAS PEMBERDAYAAN PEREMPUAN PERLINDUNGAN ANAK DAN KB,"Jawa Timur, Pasuruan (Kota)",LOCAL_AGENCY,2,4749880,June 2026; May 2026,IT_HARDWARE,,,,,,,,
DINAS PEMBERDAYAAN PEREMPUAN PERLINDUNGAN ANAK PENGENDALIAN PENDUDUK DAN KELUARGA BERENCANA,DINAS PEMBERDAYAAN PEREMPUAN PERLINDUNGAN ANAK PENGENDALIAN PENDUDUK DAN KELUARGA BERENCANA — Kab. Fak Fak,Kab. Fak Fak,DINAS PEMBERDAYAAN PEREMPUAN PERLINDUNGAN ANAK PENGENDALIAN PENDUDUK DAN KELUARGA BERENCANA,"Papua Barat, Fak-Fak (Kab.)",LOCAL_AGENCY,1,10065860,May 2026,PRINTER,,,,,,,,
"DINAS PEMBERDAYAAN PEREMPUAN, PERLINDUNGAN ANAK DAN KELUARGA BERENCANA","DINAS PEMBERDAYAAN PEREMPUAN, PERLINDUNGAN ANAK DAN KELUARGA BERENCANA — Kota Serang",Kota Serang,"DINAS PEMBERDAYAAN PEREMPUAN, PERLINDUNGAN ANAK DAN KELUARGA BERENCANA","Banten, Serang (Kota) | Banten, Serang (Kota)",LOCAL_AGENCY,2,40119200,June 2026; May 2026,DESKTOP; IT_HARDWARE,,,,,,,,
"DINAS PEMBERDAYAAN PEREMPUAN, PERLINDUNGAN ANAK, DAN KEPENDUDUKAN","DINAS PEMBERDAYAAN PEREMPUAN, PERLINDUNGAN ANAK, DAN KEPENDUDUKAN — Provinsi Jawa Timur",Provinsi Jawa Timur,"DINAS PEMBERDAYAAN PEREMPUAN, PERLINDUNGAN ANAK, DAN KEPENDUDUKAN","Jawa Timur, Surabaya (Kota)",PROVINCE,1,4021000,June 2026,IT_HARDWARE,,,,,,,,
"DINAS PEMBERDAYAAN PEREMPUAN, PERLINDUNGAN ANAK, PENGENDALIAN PENDUDUK DAN KELUARGA BERENCANA","DINAS PEMBERDAYAAN PEREMPUAN, PERLINDUNGAN ANAK, PENGENDALIAN PENDUDUK DAN KELUARGA BERENCANA — Kab. Brebes",Kab. Brebes,"DINAS PEMBERDAYAAN PEREMPUAN, PERLINDUNGAN ANAK, PENGENDALIAN PENDUDUK DAN KELUARGA BERENCANA","Jawa Tengah, Brebes (Kab.)",LOCAL_AGENCY,5,33725800,June 2026; May 2026,AUDIO; IT_HARDWARE; OFFICE_FURNITURE,,,,,,,,
"DINAS PEMBERDAYAAN PEREMPUAN, PERLINDUNGAN ANAK, PENGENDALIAN PENDUDUK, DAN KELUARGA BERENCANA","DINAS PEMBERDAYAAN PEREMPUAN, PERLINDUNGAN ANAK, PENGENDALIAN PENDUDUK, DAN KELUARGA BERENCANA — Kota Padang",Kota Padang,"DINAS PEMBERDAYAAN PEREMPUAN, PERLINDUNGAN ANAK, PENGENDALIAN PENDUDUK, DAN KELUARGA BERENCANA","Sumatera Barat, Padang (Kota)",LOCAL_AGENCY,1,1795900,May 2026,IT_HARDWARE,,,,,,,,
"DINAS PEMBERDAYAAN, PERLINDUNGAN ANAK DAN PENGENDALIAN PENDUDUK","DINAS PEMBERDAYAAN, PERLINDUNGAN ANAK DAN PENGENDALIAN PENDUDUK — Provinsi DKI Jakarta",Provinsi DKI Jakarta,"DINAS PEMBERDAYAAN, PERLINDUNGAN ANAK DAN PENGENDALIAN PENDUDUK","DKI Jakarta, Jakarta Pusat (Kota)",PROVINCE,1,513822400,May 2026,AUDIO,,,,,,,,
DINAS PEMUDA DAN OLAH RAGA,DINAS PEMUDA DAN OLAH RAGA — Kota Cirebon,Kota Cirebon,DINAS PEMUDA DAN OLAH RAGA,"Jawa Barat, Cirebon (Kota)",LOCAL_AGENCY,5,60170040,June 2026; May 2026,AUDIO; DESKTOP; IT_HARDWARE; PRINTER,,,,,,,,
DINAS PEMUDA DAN OLAHRAGA,DINAS PEMUDA DAN OLAHRAGA — Provinsi DKI Jakarta,Provinsi DKI Jakarta,DINAS PEMUDA DAN OLAHRAGA,"DKI Jakarta, Jakarta Timur (Kota)",PROVINCE,32,1156879923,June 2026; May 2026,AUDIO; DESKTOP; IT_HARDWARE; OFFICE_FURNITURE; PRINTER,,,,,,,,
"DINAS PEMUDA, OLAHRAGA DAN PARIWISATA","DINAS PEMUDA, OLAHRAGA DAN PARIWISATA — Kab. Tulang Bawang Barat",Kab. Tulang Bawang Barat,"DINAS PEMUDA, OLAHRAGA DAN PARIWISATA","Lampung, Tulang Bawang Barat (Kab.)",LOCAL_AGENCY,1,500000,June 2026,IT_HARDWARE,,,,,,,,
DINAS PENANAMAN MODAL DAN PELAYANAN PERIJINAN TERPADU,DINAS PENANAMAN MODAL DAN PELAYANAN PERIJINAN TERPADU — Provinsi Papua Barat,Provinsi Papua Barat,DINAS PENANAMAN MODAL DAN PELAYANAN PERIJINAN TERPADU,"Papua Barat, Manokwari (Kab.)",PROVINCE,1,24975000,June 2026,OFFICE_FURNITURE,,,,,,,,
DINAS PENANAMAN MODAL DAN PELAYANAN TERPADU SATU PINTU,DINAS PENANAMAN MODAL DAN PELAYANAN TERPADU SATU PINTU — Kab. Aceh Tengah,Kab. Aceh Tengah,DINAS PENANAMAN MODAL DAN PELAYANAN TERPADU SATU PINTU,"Aceh, Aceh Tengah (Kab.) | Aceh, Aceh Tengah (Kab.)",LOCAL_AGENCY,23,317224664,June 2026; May 2026,DESKTOP; IT_HARDWARE; LAPTOP; NETWORKING; OFFICE_FURNITURE; PRINTER,,,,,,,,
"DINAS PENANAMAN MODAL, PTSP, TENAGA KERJA DAN TRANSMIGRASI","DINAS PENANAMAN MODAL, PTSP, TENAGA KERJA DAN TRANSMIGRASI — Kab. Konawe Kepulauan",Kab. Konawe Kepulauan,"DINAS PENANAMAN MODAL, PTSP, TENAGA KERJA DAN TRANSMIGRASI","Sulawesi Tenggara, Kabupaten Konawe Kepulauan",LOCAL_AGENCY,1,7000000,June 2026,OFFICE_FURNITURE,,,,,,,,
DINAS PENANGGULANGAN KEBAKARAN DAN PENYELAMATAN,DINAS PENANGGULANGAN KEBAKARAN DAN PENYELAMATAN — Provinsi DKI Jakarta,Provinsi DKI Jakarta,DINAS PENANGGULANGAN KEBAKARAN DAN PENYELAMATAN,"DKI Jakarta, Jakarta Pusat (Kota)",PROVINCE,1,70950000,June 2026,SERVER,,,,,,,,
DINAS PENDIDIKAN DAN KEBUDAYAAN DAERAH,DINAS PENDIDIKAN DAN KEBUDAYAAN DAERAH — Kota Tomohon,Kota Tomohon,DINAS PENDIDIKAN DAN KEBUDAYAAN DAERAH,"Sulawesi Utara, Tomohon (Kota)",EDUCATION,3,327342773,June 2026,AUDIO; DESKTOP; OFFICE_FURNITURE,,,,,,,,
DINAS PENDIDIKAN DAN KEBUDAYAAN,DINAS PENDIDIKAN DAN KEBUDAYAAN — Kab. Indramayu,Kab. Indramayu,DINAS PENDIDIKAN DAN KEBUDAYAAN,"Jawa Barat, Indramayu (Kab.)",EDUCATION,85,17227796035,June 2026; May 2026,AUDIO; CAMERA_VIDEO; DESKTOP; IT_HARDWARE; NETWORKING; OFFICE_FURNITURE; SCANNER; SERVER,,,,,,,,
DINAS PENDIDIKAN DAN KEPEMUDAAN DAN OLAHRAGA,DINAS PENDIDIKAN DAN KEPEMUDAAN DAN OLAHRAGA — Kab. Sikka,Kab. Sikka,DINAS PENDIDIKAN DAN KEPEMUDAAN DAN OLAHRAGA,"Nusa Tenggara Timur, Sikka (Kab.)",EDUCATION,1,33504400,May 2026,DESKTOP,,,,,,,,
DINAS PENDIDIKAN,DINAS PENDIDIKAN — Kota Depok,Kota Depok,DINAS PENDIDIKAN,"Jawa Barat, Depok (Kota)",EDUCATION,113,32785223255,June 2026; May 2026,AUDIO; DESKTOP; IT_HARDWARE; LAPTOP; NETWORKING; OFFICE_FURNITURE; PRINTER,,,,,,,,
"DINAS PENDIDIKAN, KEPEMUDAAN DAN OLAHRAGA","DINAS PENDIDIKAN, KEPEMUDAAN DAN OLAHRAGA — Kab. Sumba Timur",Kab. Sumba Timur,"DINAS PENDIDIKAN, KEPEMUDAAN DAN OLAHRAGA","Nusa Tenggara Timur, Sumba Timur (Kab.)",EDUCATION,20,559577578,June 2026; May 2026,DESKTOP; IT_HARDWARE; OFFICE_FURNITURE,,,,,,,,
"DINAS PENDIDIKAN, PEMUDA & OLAHRAGA","DINAS PENDIDIKAN, PEMUDA & OLAHRAGA — Kab. Pasangkayu",Kab. Pasangkayu,"DINAS PENDIDIKAN, PEMUDA & OLAHRAGA","Sulawesi Barat, Pasangkayu (Kab.)",EDUCATION,2,476625000,May 2026,OFFICE_FURNITURE,,,,,,,,
"DINAS PENDIDIKAN, PEMUDA DAN OLAH RAGA","DINAS PENDIDIKAN, PEMUDA DAN OLAH RAGA — Provinsi DI Yogyakarta",Provinsi DI Yogyakarta,"DINAS PENDIDIKAN, PEMUDA DAN OLAH RAGA","DI Yogyakarta, Yogyakarta (Kota)",PROVINCE,9,238880900,June 2026; May 2026,AUDIO; DESKTOP; IT_HARDWARE; OFFICE_FURNITURE,,,,,,,,
"DINAS PENDIDIKAN, PEMUDA DAN OLAHRAGA","DINAS PENDIDIKAN, PEMUDA DAN OLAHRAGA — Kab. Brebes",Kab. Brebes,"DINAS PENDIDIKAN, PEMUDA DAN OLAHRAGA","Jawa Tengah, Brebes (Kab.)",EDUCATION,3,1400900,June 2026; May 2026,IT_HARDWARE; OFFICE_FURNITURE,,,,,,,,
DINAS PENGENDALIAN PENDUDUK DAN KELUARGA BERENCANA,DINAS PENGENDALIAN PENDUDUK DAN KELUARGA BERENCANA — Kota Bandar Lampung,Kota Bandar Lampung,DINAS PENGENDALIAN PENDUDUK DAN KELUARGA BERENCANA,"Lampung, Bandar Lampung (Kota)",LOCAL_AGENCY,4,57509290,June 2026; May 2026,AUDIO; IT_HARDWARE; OFFICE_FURNITURE,,,,,,,,
"DINAS PENGENDALIAN PENDUDUK, KELUARGA BERENCANA PEMBERDAYAAN PEREMPUAN DAN PERLINDUNGAN ANAK DAERAH","DINAS PENGENDALIAN PENDUDUK, KELUARGA BERENCANA PEMBERDAYAAN PEREMPUAN DAN PERLINDUNGAN ANAK DAERAH — Kab. Morowali Utara",Kab. Morowali Utara,"DINAS PENGENDALIAN PENDUDUK, KELUARGA BERENCANA PEMBERDAYAAN PEREMPUAN DAN PERLINDUNGAN ANAK DAERAH","Sulawesi Tengah, Kabupaten Morowali Utara",LOCAL_AGENCY,1,22500000,May 2026,DESKTOP,,,,,,,,
"DINAS PENGENDALIAN PENDUDUK, KELUARGA BERENCANA, PEMBERDAYAAN PEREMPUAN DAN PERLINDUNGAN ANAK","DINAS PENGENDALIAN PENDUDUK, KELUARGA BERENCANA, PEMBERDAYAAN PEREMPUAN DAN PERLINDUNGAN ANAK — Kab. Flores Timur",Kab. Flores Timur,"DINAS PENGENDALIAN PENDUDUK, KELUARGA BERENCANA, PEMBERDAYAAN PEREMPUAN DAN PERLINDUNGAN ANAK","Nusa Tenggara Timur, Flores Timur (Kab.)",LOCAL_AGENCY,2,11665950,May 2026,DESKTOP,,,,,,,,
DINAS PERDAGANGAN DAN PERINDUSTRIAN,DINAS PERDAGANGAN DAN PERINDUSTRIAN — Kota Tanjung Pinang,Kota Tanjung Pinang,DINAS PERDAGANGAN DAN PERINDUSTRIAN,"Kepulauan Riau, Tanjung Pinang (Kota)",LOCAL_AGENCY,24,214835619,June 2026; May 2026,CCTV; IT_HARDWARE; OFFICE_FURNITURE,,,,,,,,
DINAS PERDAGANGAN,DINAS PERDAGANGAN — Kab. Lahat,Kab. Lahat,DINAS PERDAGANGAN,"Sumatera Selatan, Lahat (Kab.)",LOCAL_AGENCY,7,247980000,June 2026; May 2026,AUDIO; CAMERA_VIDEO; DESKTOP; IT_HARDWARE; OFFICE_FURNITURE; PRINTER,,,,,,,,
"DINAS PERDAGANGAN, KOPERASI, UKM","DINAS PERDAGANGAN, KOPERASI, UKM — Kab. Batanghari",Kab. Batanghari,"DINAS PERDAGANGAN, KOPERASI, UKM","Jambi, Batang Hari (Kab.) | Jambi, Batang Hari (Kab.) | Jambi, Batang Hari (Kab.)",LOCAL_AGENCY,1,7542900,May 2026,IT_HARDWARE,,,,,,,,
"DINAS PERDAGANGAN, KOPERASI, USAHA KECIL DAN MENENGAH","DINAS PERDAGANGAN, KOPERASI, USAHA KECIL DAN MENENGAH — Kab. Magelang",Kab. Magelang,"DINAS PERDAGANGAN, KOPERASI, USAHA KECIL DAN MENENGAH","Jawa Tengah, Magelang (Kab.)",LOCAL_AGENCY,1,402978,May 2026,IT_HARDWARE,,,,,,,,
"DINAS PERDAGANGAN, PERINDUSTRIAN, KOPERASI, USAHA KECIL DAN MENENGAH","DINAS PERDAGANGAN, PERINDUSTRIAN, KOPERASI, USAHA KECIL DAN MENENGAH — Kota Singkawang",Kota Singkawang,"DINAS PERDAGANGAN, PERINDUSTRIAN, KOPERASI, USAHA KECIL DAN MENENGAH","Kalimantan Barat, Singkawang (Kota)",LOCAL_AGENCY,1,762600,May 2026,IT_HARDWARE,,,,,,,,
DINAS PERHUBUNGAN,DINAS PERHUBUNGAN — Provinsi Sumatera Barat,Provinsi Sumatera Barat,DINAS PERHUBUNGAN,"Sumatera Barat, Padang (Kota)",PROVINCE,62,6254058053,June 2026; May 2026,AUDIO; CAMERA_VIDEO; CCTV; DESKTOP; IT_HARDWARE; LAPTOP; NETWORKING; OFFICE_FURNITURE; PRINTER; SERVER,,,,,,,,
DINAS PERIKANAN DAERAH,DINAS PERIKANAN DAERAH — Kab. Morowali Utara,Kab. Morowali Utara,DINAS PERIKANAN DAERAH,"Sulawesi Tengah, Kabupaten Morowali Utara",LOCAL_AGENCY,3,123456950,May 2026,DESKTOP; OFFICE_FURNITURE,,,,,,,,
DINAS PERIKANAN DAN KETAHANAN PANGAN,DINAS PERIKANAN DAN KETAHANAN PANGAN — Kota Denpasar,Kota Denpasar,DINAS PERIKANAN DAN KETAHANAN PANGAN,"Bali, Denpasar (Kota)",LOCAL_AGENCY,1,308000,June 2026,IT_HARDWARE,,,,,,,,
DINAS PERIKANAN DAN PETERNAKAN,DINAS PERIKANAN DAN PETERNAKAN — Kab. Bogor,Kab. Bogor,DINAS PERIKANAN DAN PETERNAKAN,"Jawa Barat, Bogor (Kab.)",LOCAL_AGENCY,15,402939934,June 2026; May 2026,DESKTOP; IT_HARDWARE; OFFICE_FURNITURE,,,,,,,,
DINAS PERIKANAN,DINAS PERIKANAN — Kota Batam,Kota Batam,DINAS PERIKANAN,"Kepulauan Riau, Batam (Kota)",LOCAL_AGENCY,30,402707820,June 2026; May 2026,AUDIO; DESKTOP; IT_HARDWARE; NETWORKING; OFFICE_FURNITURE; PRINTER; STORAGE,,,,,,,,
"DINAS PERIKANAN, PERTANIAN DAN PANGAN","DINAS PERIKANAN, PERTANIAN DAN PANGAN — Kab. Kepulauan Anambas",Kab. Kepulauan Anambas,"DINAS PERIKANAN, PERTANIAN DAN PANGAN","Kepulauan Riau, Kepulauan Anambas (Kab.)",LOCAL_AGENCY,1,6519045,May 2026,IT_HARDWARE,,,,,,,,
"DINAS PERIKANAN, PETERNAKAN DAN KESEHATAN HEWAN","DINAS PERIKANAN, PETERNAKAN DAN KESEHATAN HEWAN — Kab. Sambas",Kab. Sambas,"DINAS PERIKANAN, PETERNAKAN DAN KESEHATAN HEWAN","Kalimantan Barat, Sambas (Kab.)",LOCAL_AGENCY,3,3588836,May 2026,IT_HARDWARE,,,,,,,,
DINAS PERINDUSTRIAN DAN PERDAGANGAN,DINAS PERINDUSTRIAN DAN PERDAGANGAN — Kota Denpasar,Kota Denpasar,DINAS PERINDUSTRIAN DAN PERDAGANGAN,"Bali, Denpasar (Kota)",LOCAL_AGENCY,20,615838100,June 2026; May 2026,AUDIO; CCTV; DESKTOP; IT_HARDWARE; OFFICE_FURNITURE,,,,,,,,
DINAS PERINDUSTRIAN DAN TENAGA KERJA,DINAS PERINDUSTRIAN DAN TENAGA KERJA — Kab. Purbalingga,Kab. Purbalingga,DINAS PERINDUSTRIAN DAN TENAGA KERJA,"Jawa Tengah, Purbalingga (Kab.)",LOCAL_AGENCY,13,25422000,June 2026; May 2026,AUDIO; DESKTOP; IT_HARDWARE; OFFICE_FURNITURE,,,,,,,,
DINAS PERINDUSTRIAN,DINAS PERINDUSTRIAN — Kota Semarang,Kota Semarang,DINAS PERINDUSTRIAN,"Jawa Tengah, Semarang (Kota)",LOCAL_AGENCY,1,67600,June 2026,IT_HARDWARE,,,,,,,,
"DINAS PERINDUSTRIAN, KOPERASI, USAHA KECIL DAN MENENGAH","DINAS PERINDUSTRIAN, KOPERASI, USAHA KECIL DAN MENENGAH — Kota Mataram",Kota Mataram,"DINAS PERINDUSTRIAN, KOPERASI, USAHA KECIL DAN MENENGAH","Nusa Tenggara Barat, Mataram (Kota)",LOCAL_AGENCY,4,17675000,June 2026; May 2026,IT_HARDWARE,,,,,,,,
"DINAS PERINDUSTRIAN, PERDAGANGAN, ENERGI DAN SUMBER DAYA MINERAL","DINAS PERINDUSTRIAN, PERDAGANGAN, ENERGI DAN SUMBER DAYA MINERAL — Provinsi Kalimantan Barat",Provinsi Kalimantan Barat,"DINAS PERINDUSTRIAN, PERDAGANGAN, ENERGI DAN SUMBER DAYA MINERAL","Kalimantan Barat, Pontianak (Kota)",PROVINCE,1,2080000,May 2026,IT_HARDWARE,,,,,,,,
"DINAS PERINDUSTRIAN, PERDAGANGAN, KOPERASI, USAHA KECIL DAN MENENGAH","DINAS PERINDUSTRIAN, PERDAGANGAN, KOPERASI, USAHA KECIL DAN MENENGAH — Provinsi DKI Jakarta",Provinsi DKI Jakarta,"DINAS PERINDUSTRIAN, PERDAGANGAN, KOPERASI, USAHA KECIL DAN MENENGAH","DKI Jakarta, Jakarta Utara (Kota)",PROVINCE,1,7243936,May 2026,IT_HARDWARE,,,,,,,,
"DINAS PERINDUSTRIAN,PERDAGANGAN,KOPERASI,USAHA KECIL DAN MENENGAH","DINAS PERINDUSTRIAN,PERDAGANGAN,KOPERASI,USAHA KECIL DAN MENENGAH — Kota Tangerang",Kota Tangerang,"DINAS PERINDUSTRIAN,PERDAGANGAN,KOPERASI,USAHA KECIL DAN MENENGAH","Banten, Tangerang (Kota)",LOCAL_AGENCY,5,263048300,June 2026; May 2026,DESKTOP; IT_HARDWARE; NETWORKING,,,,,,,,
DINAS PERKEBUNAN DAN HORTIKULTURA,DINAS PERKEBUNAN DAN HORTIKULTURA — Provinsi Sulawesi Tenggara,Provinsi Sulawesi Tenggara,DINAS PERKEBUNAN DAN HORTIKULTURA,"Sulawesi Tenggara, Kendari (Kota)",PROVINCE,3,6155700,June 2026; May 2026,IT_HARDWARE,,,,,,,,
DINAS PERKEBUNAN DAN PETERNAKAN,DINAS PERKEBUNAN DAN PETERNAKAN — Provinsi Kalimantan Selatan,Provinsi Kalimantan Selatan,DINAS PERKEBUNAN DAN PETERNAKAN,"Kalimantan Selatan, Banjar Baru (Kota)",PROVINCE,6,18480000,June 2026; May 2026,DESKTOP; IT_HARDWARE,,,,,,,,
DINAS PERKEBUNAN,DINAS PERKEBUNAN — Provinsi Jawa Timur,Provinsi Jawa Timur,DINAS PERKEBUNAN,"Jawa Timur, Surabaya (Kota)",PROVINCE,2,31029260,May 2026,DESKTOP; IT_HARDWARE,,,,,,,,
"DINAS PERKEBUNAN, TANAMAN PANGAN DAN HOLTIKULTURA","DINAS PERKEBUNAN, TANAMAN PANGAN DAN HOLTIKULTURA — Provinsi Sumatera Barat",Provinsi Sumatera Barat,"DINAS PERKEBUNAN, TANAMAN PANGAN DAN HOLTIKULTURA","Sumatera Barat, Padang (Kota)",PROVINCE,10,141326260,June 2026; May 2026,CCTV; IT_HARDWARE; PRINTER,,,,,,,,
DINAS PERPUSTAKAAN & KEARSIPAN,DINAS PERPUSTAKAAN & KEARSIPAN — Kab. Seram Bagian Timur,Kab. Seram Bagian Timur,DINAS PERPUSTAKAAN & KEARSIPAN,"Maluku, Seram Bagian Timur (Kab.)",LOCAL_AGENCY,1,1500000,June 2026,IT_HARDWARE,,,,,,,,
DINAS PERPUSTAKAAN DAN ARSIP DAERAH,DINAS PERPUSTAKAAN DAN ARSIP DAERAH — Kota Tangerang,Kota Tangerang,DINAS PERPUSTAKAAN DAN ARSIP DAERAH,"Banten, Tangerang (Kota)",LOCAL_AGENCY,9,336260000,June 2026; May 2026,AUDIO; CCTV; DESKTOP; IT_HARDWARE; OFFICE_FURNITURE,,,,,,,,
DINAS PERPUSTAKAAN DAN ARSIP,DINAS PERPUSTAKAAN DAN ARSIP — Kab. Pasuruan,Kab. Pasuruan,DINAS PERPUSTAKAAN DAN ARSIP,"Jawa Timur, Pasuruan (Kab.)",LOCAL_AGENCY,1,6739920,May 2026,IT_HARDWARE,,,,,,,,
DINAS PERPUSTAKAAN DAN KEARSIPAN,DINAS PERPUSTAKAAN DAN KEARSIPAN — Provinsi Kalimantan Selatan,Provinsi Kalimantan Selatan,DINAS PERPUSTAKAAN DAN KEARSIPAN,"Kalimantan Selatan, Banjarmasin (Kota)",PROVINCE,37,2568403063,June 2026; May 2026,AUDIO; DESKTOP; IT_HARDWARE; NETWORKING; OFFICE_FURNITURE; STORAGE,,,,,,,,
DINAS PERTAMANAN DAN HUTAN KOTA,DINAS PERTAMANAN DAN HUTAN KOTA — Provinsi DKI Jakarta,Provinsi DKI Jakarta,DINAS PERTAMANAN DAN HUTAN KOTA,"DKI Jakarta, Jakarta Pusat (Kota)",PROVINCE,4,2107252000,June 2026; May 2026,CCTV; STORAGE,,,,,,,,
DINAS PERTANAHAN DAN TATA RUANG,DINAS PERTANAHAN DAN TATA RUANG — Provinsi DI Yogyakarta,Provinsi DI Yogyakarta,DINAS PERTANAHAN DAN TATA RUANG,"DI Yogyakarta, Yogyakarta (Kota)",PROVINCE,3,2253000,June 2026; May 2026,IT_HARDWARE,,,,,,,,
DINAS PERTANAHAN,DINAS PERTANAHAN — Kab. Aceh Tengah,Kab. Aceh Tengah,DINAS PERTANAHAN,"Aceh, Aceh Tengah (Kab.) | Aceh, Aceh Tengah (Kab.) | Aceh, Aceh Tengah (Kab.)",LOCAL_AGENCY,2,68762710,May 2026,DESKTOP; PRINTER; SCANNER,,,,,,,,
DINAS PERTANIAN DAN KETAHANAN PANGAN,DINAS PERTANIAN DAN KETAHANAN PANGAN — Provinsi Bangka Belitung,Provinsi Bangka Belitung,DINAS PERTANIAN DAN KETAHANAN PANGAN,"Kep. Bangka Belitung, Pangkal Pinang (Kota)",PROVINCE,9,129598900,June 2026; May 2026,AUDIO; IT_HARDWARE; PRINTER,,,,,,,,
DINAS PERTANIAN DAN PANGAN,DINAS PERTANIAN DAN PANGAN — Kab. Kebumen,Kab. Kebumen,DINAS PERTANIAN DAN PANGAN,"Jawa Tengah, Kebumen (Kab.)",LOCAL_AGENCY,10,137394436,June 2026; May 2026,DESKTOP; IT_HARDWARE; OFFICE_FURNITURE,,,,,,,,
DINAS PERTANIAN DAN PERIKANAN,DINAS PERTANIAN DAN PERIKANAN — Kab. Tolikara,Kab. Tolikara,DINAS PERTANIAN DAN PERIKANAN,"Papua Pegunungan, Tolikara (Kab.)",LOCAL_AGENCY,5,53740000,June 2026; May 2026,AUDIO; IT_HARDWARE; OFFICE_FURNITURE,,,,,,,,
DINAS PERTANIAN DAN PETERNAKAN PROVINSI JAWA TENGAH DEKON TANPANG,DINAS PERTANIAN DAN PETERNAKAN PROVINSI JAWA TENGAH DEKON TANPANG — Kementerian Pertanian,Kementerian Pertanian,DINAS PERTANIAN DAN PETERNAKAN PROVINSI JAWA TENGAH DEKON TANPANG,"Jawa Tengah, Sukoharjo (Kab.)",PROVINCE,3,10620000,May 2026,IT_HARDWARE,,,,,,,,
DINAS PERTANIAN PROVINSI MALUKU UTARA DEKON PSP,DINAS PERTANIAN PROVINSI MALUKU UTARA DEKON PSP — Kementerian Pertanian,Kementerian Pertanian,DINAS PERTANIAN PROVINSI MALUKU UTARA DEKON PSP,"Maluku Utara, Maluku Utara",PROVINCE,1,3180000,June 2026,IT_HARDWARE,,,,,,,,
DINAS PERTANIAN TANAMAN PANGAN DAN HORTIKULTURA,DINAS PERTANIAN TANAMAN PANGAN DAN HORTIKULTURA — Kab. Aceh Barat,Kab. Aceh Barat,DINAS PERTANIAN TANAMAN PANGAN DAN HORTIKULTURA,"Aceh, Aceh Barat (Kab.)",LOCAL_AGENCY,1,1200000,June 2026,IT_HARDWARE,,,,,,,,
DINAS PERTANIAN,DINAS PERTANIAN — Kab. Indragiri Hilir,Kab. Indragiri Hilir,DINAS PERTANIAN,"Riau, Indragiri Hilir (Kab.)",LOCAL_AGENCY,38,675734700,June 2026; May 2026,AUDIO; CCTV; DESKTOP; IT_HARDWARE; OFFICE_FURNITURE; PRINTER; STORAGE,,,,,,,,
"DINAS PERTANIAN, KETAHANAN PANGAN DAN PERIKANAN","DINAS PERTANIAN, KETAHANAN PANGAN DAN PERIKANAN — Kota Singkawang",Kota Singkawang,"DINAS PERTANIAN, KETAHANAN PANGAN DAN PERIKANAN","Kalimantan Barat, Singkawang (Kota)",LOCAL_AGENCY,2,12114372,May 2026,IT_HARDWARE; OFFICE_FURNITURE,,,,,,,,
DINAS PERUMAHAN DAN KAWASAN PERMUKIMAN,DINAS PERUMAHAN DAN KAWASAN PERMUKIMAN — Kab. Bogor,Kab. Bogor,DINAS PERUMAHAN DAN KAWASAN PERMUKIMAN,"Jawa Barat, Bogor (Kab.)",LOCAL_AGENCY,21,765432071,June 2026; May 2026,AUDIO; DESKTOP; IT_HARDWARE; LAPTOP; NETWORKING; OFFICE_FURNITURE; PRINTER; SERVER,,,,,,,,
DINAS PERUMAHAN DAN PERMUKIMAN,DINAS PERUMAHAN DAN PERMUKIMAN — Kota Depok,Kota Depok,DINAS PERUMAHAN DAN PERMUKIMAN,"Jawa Barat, Depok (Kota)",LOCAL_AGENCY,3,680022100,June 2026; May 2026,AUDIO; DESKTOP; OFFICE_FURNITURE,,,,,,,,
DINAS PERUMAHAN RAKYAT DAN KAWASAN PEMUKIMAN,DINAS PERUMAHAN RAKYAT DAN KAWASAN PEMUKIMAN — Kota Pasuruan,Kota Pasuruan,DINAS PERUMAHAN RAKYAT DAN KAWASAN PEMUKIMAN,"Jawa Timur, Pasuruan (Kota)",LOCAL_AGENCY,1,2373600,May 2026,IT_HARDWARE,,,,,,,,
DINAS PERUMAHAN RAKYAT DAN KAWASAN PERMUKIMAN KAB. BARITO KUALA,DINAS PERUMAHAN RAKYAT DAN KAWASAN PERMUKIMAN KAB. BARITO KUALA — Kab. Barito Kuala,Kab. Barito Kuala,DINAS PERUMAHAN RAKYAT DAN KAWASAN PERMUKIMAN KAB. BARITO KUALA,"Kalimantan Selatan, Barito Kuala (Kab.) | Kalimantan Selatan, Barito Kuala (Kab.) | Kalimantan Selatan, Barito Kuala (Kab.)",LOCAL_AGENCY,1,58703970,May 2026,IT_HARDWARE,,,,,,,,
DINAS PERUMAHAN RAKYAT DAN KAWASAN PERMUKIMAN,DINAS PERUMAHAN RAKYAT DAN KAWASAN PERMUKIMAN — Kab. Mamberamo Raya,Kab. Mamberamo Raya,DINAS PERUMAHAN RAKYAT DAN KAWASAN PERMUKIMAN,"Papua, Mamberamo Raya (Kab.)",LOCAL_AGENCY,14,100427451,June 2026; May 2026,DESKTOP; IT_HARDWARE; NETWORKING; OFFICE_FURNITURE,,,,,,,,
"DINAS PERUMAHAN RAKYAT, KAWASAN PEMUKIMAN, CIPTA KARYA DAN PENATAAN RUANG","DINAS PERUMAHAN RAKYAT, KAWASAN PEMUKIMAN, CIPTA KARYA DAN PENATAAN RUANG — Kab. Lampung Utara",Kab. Lampung Utara,"DINAS PERUMAHAN RAKYAT, KAWASAN PEMUKIMAN, CIPTA KARYA DAN PENATAAN RUANG","Lampung, Lampung Utara (Kab.) | Lampung, Lampung Utara (Kab.) | Lampung, Lampung Utara (Kab.) | Lampung, Lampung Utara (Kab.) | Lampung, Lampung Utara (Kab.) | Lampung, Lampung Utara (Kab.) | Lampung, Lampung Utara (Kab.)",LOCAL_AGENCY,1,564949750,May 2026,IT_HARDWARE; LAPTOP,,,,,,,,
"DINAS PERUMAHAN RAKYAT, KAWASAN PERMUKIMAN DAN LINGKUNGAN HIDUP","DINAS PERUMAHAN RAKYAT, KAWASAN PERMUKIMAN DAN LINGKUNGAN HIDUP — Kab. Sambas",Kab. Sambas,"DINAS PERUMAHAN RAKYAT, KAWASAN PERMUKIMAN DAN LINGKUNGAN HIDUP","Kalimantan Barat, Sambas (Kab.)",LOCAL_AGENCY,2,599032,May 2026,IT_HARDWARE,,,,,,,,
"DINAS PERUMAHAN RAKYAT, KAWASAN PERMUKIMAN DAN PERHUBUNGAN","DINAS PERUMAHAN RAKYAT, KAWASAN PERMUKIMAN DAN PERHUBUNGAN — Kab. Mojokerto",Kab. Mojokerto,"DINAS PERUMAHAN RAKYAT, KAWASAN PERMUKIMAN DAN PERHUBUNGAN","Jawa Timur, Mojokerto (Kab.)",LOCAL_AGENCY,1,4937950,May 2026,IT_HARDWARE,,,,,,,,
"DINAS PERUMAHAN RAKYAT, KAWASAN PERMUKIMAN DAN PERTANAHAN","DINAS PERUMAHAN RAKYAT, KAWASAN PERMUKIMAN DAN PERTANAHAN — Kota Tangerang Selatan",Kota Tangerang Selatan,"DINAS PERUMAHAN RAKYAT, KAWASAN PERMUKIMAN DAN PERTANAHAN","Banten, Tangerang Selatan (Kota)",LOCAL_AGENCY,2,9432812,June 2026; May 2026,IT_HARDWARE; OFFICE_FURNITURE,,,,,,,,
"DINAS PERUMAHAN, KAWASAN PERMUKIMAN DAN PERHUBUNGAN","DINAS PERUMAHAN, KAWASAN PERMUKIMAN DAN PERHUBUNGAN — Kab. Kebumen",Kab. Kebumen,"DINAS PERUMAHAN, KAWASAN PERMUKIMAN DAN PERHUBUNGAN","Jawa Tengah, Kebumen (Kab.) | Jawa Tengah, Kebumen (Kab.)",LOCAL_AGENCY,3,27211000,May 2026,IT_HARDWARE,,,,,,,,
"DINAS PERUMAHAN, KAWASAN PERMUKIMAN DAN PERTAMANAN","DINAS PERUMAHAN, KAWASAN PERMUKIMAN DAN PERTAMANAN — Kota Batam",Kota Batam,"DINAS PERUMAHAN, KAWASAN PERMUKIMAN DAN PERTAMANAN","Kepulauan Riau, Batam (Kota)",LOCAL_AGENCY,6,18620000,June 2026; May 2026,DESKTOP; IT_HARDWARE,,,,,,,,
"DINAS PERUMAHAN, PERMUKIMAN DAN PERTANAHAN","DINAS PERUMAHAN, PERMUKIMAN DAN PERTANAHAN — Kota Tangerang",Kota Tangerang,"DINAS PERUMAHAN, PERMUKIMAN DAN PERTANAHAN","Banten, Tangerang (Kota)",LOCAL_AGENCY,1,56360000,May 2026,PRINTER,,,,,,,,
DINAS PETERNAKAN DAN KESEHATAN HEWAN,DINAS PETERNAKAN DAN KESEHATAN HEWAN — Provinsi Sumatera Barat,Provinsi Sumatera Barat,DINAS PETERNAKAN DAN KESEHATAN HEWAN,"Sumatera Barat, Pasaman Barat (Kab.)",PROVINCE,16,140803300,June 2026; May 2026,DESKTOP; IT_HARDWARE; LAPTOP; OFFICE_FURNITURE,,,,,,,,
DINAS PETERNAKAN DAN PERIKANAN,DINAS PETERNAKAN DAN PERIKANAN — Kab. Trenggalek,Kab. Trenggalek,DINAS PETERNAKAN DAN PERIKANAN,"Jawa Timur, Terenggalek (Kab.)",LOCAL_AGENCY,1,13741000,May 2026,OFFICE_FURNITURE,,,,,,,,
DINAS PETERNAKAN,DINAS PETERNAKAN — Provinsi Jawa Timur,Provinsi Jawa Timur,DINAS PETERNAKAN,"Jawa Timur, Surabaya (Kota)",PROVINCE,3,2519000,May 2026,DESKTOP; IT_HARDWARE; NETWORKING,,,,,,,,
DINAS SOSIAL KEPENDUDUKAN DAN CATATAN SIPIL,DINAS SOSIAL KEPENDUDUKAN DAN CATATAN SIPIL — Provinsi Papua,Provinsi Papua,DINAS SOSIAL KEPENDUDUKAN DAN CATATAN SIPIL,"Papua, Jayapura (Kab.)",PROVINCE,9,75172600,June 2026; May 2026,DESKTOP; IT_HARDWARE; NETWORKING; OFFICE_FURNITURE,,,,,,,,
DINAS SOSIAL TRANSMIGRASI DAN TENAGA KERJA,DINAS SOSIAL TRANSMIGRASI DAN TENAGA KERJA — Kab. Aceh Jaya,Kab. Aceh Jaya,DINAS SOSIAL TRANSMIGRASI DAN TENAGA KERJA,"Aceh, Aceh Jaya (Kab.)",LOCAL_AGENCY,1,1400000,May 2026,IT_HARDWARE,,,,,,,,
DINAS SOSIAL,DINAS SOSIAL — Kota Depok,Kota Depok,DINAS SOSIAL,"Jawa Barat, Depok (Kota)",LOCAL_AGENCY,36,871941151,June 2026; May 2026,AUDIO; CCTV; DESKTOP; IT_HARDWARE; LAPTOP; NETWORKING; OFFICE_FURNITURE; PRINTER,,,,,,,,
"DINAS SOSIAL, PEMBERDAYAAN MASYARAKAT, DESA, PEREMPUAN DAN PERLINDUNGAN ANAK","DINAS SOSIAL, PEMBERDAYAAN MASYARAKAT, DESA, PEREMPUAN DAN PERLINDUNGAN ANAK — Kota Sawahlunto",Kota Sawahlunto,"DINAS SOSIAL, PEMBERDAYAAN MASYARAKAT, DESA, PEREMPUAN DAN PERLINDUNGAN ANAK","Sumatera Barat, Sawahlunto",LOCAL_AGENCY,1,5426850,May 2026,IT_HARDWARE,,,,,,,,
"DINAS SOSIAL, PEMBERDAYAAN PEREMPUAN DAN PERLINDUNGAN ANAK","DINAS SOSIAL, PEMBERDAYAAN PEREMPUAN DAN PERLINDUNGAN ANAK — Provinsi Papua Barat Daya",Provinsi Papua Barat Daya,"DINAS SOSIAL, PEMBERDAYAAN PEREMPUAN DAN PERLINDUNGAN ANAK","Papua Barat Daya, Sorong (Kota)",PROVINCE,1,22000000,May 2026,OFFICE_FURNITURE,,,,,,,,
"DINAS SOSIAL, PEMBERDAYAAN PEREMPUAN DAN PERLINDUNGAN ANAK, PENGENDALIAN PENDUDUK DAN KELUARGA BERENCANA","DINAS SOSIAL, PEMBERDAYAAN PEREMPUAN DAN PERLINDUNGAN ANAK, PENGENDALIAN PENDUDUK DAN KELUARGA BERENCANA — Kab. Klaten",Kab. Klaten,"DINAS SOSIAL, PEMBERDAYAAN PEREMPUAN DAN PERLINDUNGAN ANAK, PENGENDALIAN PENDUDUK DAN KELUARGA BERENCANA","Jawa Tengah, Klaten (Kab.)",LOCAL_AGENCY,9,323488150,June 2026; May 2026,AUDIO; DESKTOP; IT_HARDWARE,,,,,,,,
"DINAS SOSIAL, PEMBERDAYAAN PEREMPUAN, DAN PERLINDUNGAN ANAK","DINAS SOSIAL, PEMBERDAYAAN PEREMPUAN, DAN PERLINDUNGAN ANAK — Kab. Bengkayang",Kab. Bengkayang,"DINAS SOSIAL, PEMBERDAYAAN PEREMPUAN, DAN PERLINDUNGAN ANAK","Kalimantan Barat, Bengkayang (Kab.)",LOCAL_AGENCY,3,30278400,May 2026,IT_HARDWARE; NETWORKING,,,,,,,,
"DINAS SOSIAL, PEMBERDAYAAN PEREMPUAN, PERLINDUNGAN ANAK, PENGENDALIAN PENDUDUK DAN KELUARGA BERENCANA","DINAS SOSIAL, PEMBERDAYAAN PEREMPUAN, PERLINDUNGAN ANAK, PENGENDALIAN PENDUDUK DAN KELUARGA BERENCANA — Kab. Tabalong",Kab. Tabalong,"DINAS SOSIAL, PEMBERDAYAAN PEREMPUAN, PERLINDUNGAN ANAK, PENGENDALIAN PENDUDUK DAN KELUARGA BERENCANA","Kalimantan Selatan, Tabalong (Kab.)",LOCAL_AGENCY,1,6750000,June 2026,OFFICE_FURNITURE,,,,,,,,
DINAS SUMBER DAYA AIR DAN BINA KONSTRUKSI,DINAS SUMBER DAYA AIR DAN BINA KONSTRUKSI — Provinsi Sumatera Barat,Provinsi Sumatera Barat,DINAS SUMBER DAYA AIR DAN BINA KONSTRUKSI,"Sumatera Barat, Bukit Tinggi (Kota)",PROVINCE,4,146109750,May 2026,IT_HARDWARE; PRINTER,,,,,,,,
DINAS SUMBER DAYA AIR,DINAS SUMBER DAYA AIR — Provinsi DKI Jakarta,Provinsi DKI Jakarta,DINAS SUMBER DAYA AIR,"DKI Jakarta, Jakarta Pusat (Kota)",PROVINCE,11,4554741335,June 2026; May 2026,CCTV; NETWORKING; SCANNER; SERVER; STORAGE,,,,,,,,
DINAS TANAMAN PANGAN DAN HORTIKULTURA PROVINSI KALIMANTAN BARAT,DINAS TANAMAN PANGAN DAN HORTIKULTURA PROVINSI KALIMANTAN BARAT — Provinsi Kalimantan Barat,Provinsi Kalimantan Barat,DINAS TANAMAN PANGAN DAN HORTIKULTURA PROVINSI KALIMANTAN BARAT,"Kalimantan Barat, Pontianak (Kota)",PROVINCE,3,3390000,June 2026; May 2026,IT_HARDWARE,,,,,,,,
DINAS TANAMAN PANGAN DAN HORTIKULTURA PROVINSI SULAWESI TENGAH DEKON TANPANG,DINAS TANAMAN PANGAN DAN HORTIKULTURA PROVINSI SULAWESI TENGAH DEKON TANPANG — Kementerian Pertanian,Kementerian Pertanian,DINAS TANAMAN PANGAN DAN HORTIKULTURA PROVINSI SULAWESI TENGAH DEKON TANPANG,"Sulawesi Tengah, Palu (Kota)",PROVINCE,2,60136000,June 2026; May 2026,IT_HARDWARE,,,,,,,,
DINAS TANAMAN PANGAN DAN HORTIKULTURA,DINAS TANAMAN PANGAN DAN HORTIKULTURA — Kab. Toli Toli,Kab. Toli Toli,DINAS TANAMAN PANGAN DAN HORTIKULTURA,"Sulawesi Tengah, Toli-Toli (Kab.)",LOCAL_AGENCY,1,2760000,June 2026,PRINTER,,,,,,,,
"DINAS TANAMAN PANGAN, HORTIKULTURA DAN PERKEBUNAN","DINAS TANAMAN PANGAN, HORTIKULTURA DAN PERKEBUNAN — Provinsi Sulawesi Selatan",Provinsi Sulawesi Selatan,"DINAS TANAMAN PANGAN, HORTIKULTURA DAN PERKEBUNAN","Sulawesi Selatan, Makassar (Kota)",PROVINCE,17,224070911,June 2026; May 2026,AUDIO; DESKTOP; IT_HARDWARE; OFFICE_FURNITURE,,,,,,,,
DINAS TENAGA KERJA DAN PERINDUSTRIAN,DINAS TENAGA KERJA DAN PERINDUSTRIAN — Kab. Tuban,Kab. Tuban,DINAS TENAGA KERJA DAN PERINDUSTRIAN,"Jawa Timur, Tuban (Kab.)",LOCAL_AGENCY,1,29469115,May 2026,DESKTOP; IT_HARDWARE,,,,,,,,
DINAS TENAGA KERJA DAN SERTIFIKASI KOMPETENSI,DINAS TENAGA KERJA DAN SERTIFIKASI KOMPETENSI — Kota Denpasar,Kota Denpasar,DINAS TENAGA KERJA DAN SERTIFIKASI KOMPETENSI,"Bali, Denpasar (Kota)",LOCAL_AGENCY,3,7830000,May 2026,DESKTOP; IT_HARDWARE,,,,,,,,
DINAS TENAGA KERJA DAN TRANSMIGRASI PROVINSI KALIMANTAN BARAT,DINAS TENAGA KERJA DAN TRANSMIGRASI PROVINSI KALIMANTAN BARAT — Provinsi Kalimantan Barat,Provinsi Kalimantan Barat,DINAS TENAGA KERJA DAN TRANSMIGRASI PROVINSI KALIMANTAN BARAT,"Kalimantan Barat, Pontianak (Kota)",PROVINCE,3,16999000,June 2026; May 2026,IT_HARDWARE,,,,,,,,
DINAS TENAGA KERJA DAN TRANSMIGRASI,DINAS TENAGA KERJA DAN TRANSMIGRASI — Provinsi DI Yogyakarta,Provinsi DI Yogyakarta,DINAS TENAGA KERJA DAN TRANSMIGRASI,"DI Yogyakarta, Sleman (Kab.)",PROVINCE,21,174343300,June 2026; May 2026,AUDIO; CCTV; DESKTOP; IT_HARDWARE; LAPTOP; NETWORKING; OFFICE_FURNITURE; PRINTER,,,,,,,,
DINAS TENAGA KERJA,DINAS TENAGA KERJA — Kab. Kebumen,Kab. Kebumen,DINAS TENAGA KERJA,"Jawa Tengah, Kebumen (Kab.)",LOCAL_AGENCY,12,265692246,June 2026; May 2026,CCTV; DESKTOP; IT_HARDWARE; LAPTOP; NETWORKING; OFFICE_FURNITURE,,,,,,,,
"DINAS TENAGA KERJA, KOPERASI DAN UKM","DINAS TENAGA KERJA, KOPERASI DAN UKM — Provinsi Papua",Provinsi Papua,"DINAS TENAGA KERJA, KOPERASI DAN UKM","Papua, Kepulauan Yapen (Kab.) | Papua, Keerom (Kab.) | Papua, Waropen (Kab.)",PROVINCE,6,16799000,June 2026; May 2026,IT_HARDWARE,,,,,,,,
"DINAS TENAGA KERJA, TRANSMIGRASI, DAN ENERGI","DINAS TENAGA KERJA, TRANSMIGRASI, DAN ENERGI — Provinsi DKI Jakarta",Provinsi DKI Jakarta,"DINAS TENAGA KERJA, TRANSMIGRASI, DAN ENERGI","DKI Jakarta, Jakarta Pusat (Kota)",PROVINCE,1,41487600,June 2026,IT_HARDWARE; LAPTOP,,,,,,,,
"DINAS TENAGA KERJA, TRANSMIGRASI, ENERGI DAN SUMBER DAYA MINERAL","DINAS TENAGA KERJA, TRANSMIGRASI, ENERGI DAN SUMBER DAYA MINERAL — Kab. Subang",Kab. Subang,"DINAS TENAGA KERJA, TRANSMIGRASI, ENERGI DAN SUMBER DAYA MINERAL","Jawa Barat, Subang (Kab.)",LOCAL_AGENCY,1,7500000,June 2026,IT_HARDWARE,,,,,,,,
DIREKTORAT JENDERAL ADMINISTRASI HUKUM UMUM,DIREKTORAT JENDERAL ADMINISTRASI HUKUM UMUM — Kementerian Hukum,Kementerian Hukum,DIREKTORAT JENDERAL ADMINISTRASI HUKUM UMUM,"DKI Jakarta, Jakarta Selatan (Kota)",NATIONAL,8,85530000000,June 2026; May 2026,AUDIO; CAMERA_VIDEO; NETWORKING; PRINTER; SERVER; STORAGE,,,,,,,,
DIREKTORAT JENDERAL BINA ADMINISTRASI KEWILAYAHAN,DIREKTORAT JENDERAL BINA ADMINISTRASI KEWILAYAHAN — Kementerian Dalam Negeri,Kementerian Dalam Negeri,DIREKTORAT JENDERAL BINA ADMINISTRASI KEWILAYAHAN,"DKI Jakarta, Jakarta Pusat (Kota)",NATIONAL,1,200000000,May 2026,NETWORKING,,,,,,,,
DIREKTORAT JENDERAL BINA PEMBANGUNAN DAERAH,DIREKTORAT JENDERAL BINA PEMBANGUNAN DAERAH — Kementerian Dalam Negeri,Kementerian Dalam Negeri,DIREKTORAT JENDERAL BINA PEMBANGUNAN DAERAH,"DKI Jakarta, Jakarta Selatan (Kota)",NATIONAL,1,28000000,May 2026,LAPTOP,,,,,,,,
DIREKTORAT JENDERAL BINA PEMERINTAHAN DESA,DIREKTORAT JENDERAL BINA PEMERINTAHAN DESA — Kementerian Dalam Negeri,Kementerian Dalam Negeri,DIREKTORAT JENDERAL BINA PEMERINTAHAN DESA,"DKI Jakarta, Jakarta Selatan (Kota)",NATIONAL,8,1273980000,June 2026; May 2026,LAPTOP; NETWORKING; PRINTER; SCANNER; STORAGE; UPS,,,,,,,,
DIREKTORAT JENDERAL ENERGI BARU TERBARUKAN DAN KONSERVASI ENERGI,DIREKTORAT JENDERAL ENERGI BARU TERBARUKAN DAN KONSERVASI ENERGI — Kementerian Energi Dan Sumber Daya Mineral,Kementerian Energi Dan Sumber Daya Mineral,DIREKTORAT JENDERAL ENERGI BARU TERBARUKAN DAN KONSERVASI ENERGI,"DKI Jakarta, Jakarta Pusat (Kota)",NATIONAL,3,315088000,May 2026,OFFICE_FURNITURE,,,,,,,,
DIREKTORAT JENDERAL INFORMASI DAN DIPLOMASI PUBLIK,DIREKTORAT JENDERAL INFORMASI DAN DIPLOMASI PUBLIK — Kementerian Luar Negeri,Kementerian Luar Negeri,DIREKTORAT JENDERAL INFORMASI DAN DIPLOMASI PUBLIK,"DKI Jakarta, Jakarta Pusat (Kota)",NATIONAL,2,219000000,May 2026,LAPTOP; NETWORKING; STORAGE,,,,,,,,
DIREKTORAT JENDERAL KEKAYAAN INTELEKTUAL,DIREKTORAT JENDERAL KEKAYAAN INTELEKTUAL — Kementerian Hukum,Kementerian Hukum,DIREKTORAT JENDERAL KEKAYAAN INTELEKTUAL,"DKI Jakarta, Jakarta Selatan (Kota)",NATIONAL,1,140000000,May 2026,UPS,,,,,,,,
DIREKTORAT JENDERAL KEPENDUDUKAN DAN PENCATATAN SIPIL,DIREKTORAT JENDERAL KEPENDUDUKAN DAN PENCATATAN SIPIL — Kementerian Dalam Negeri,Kementerian Dalam Negeri,DIREKTORAT JENDERAL KEPENDUDUKAN DAN PENCATATAN SIPIL,"DKI Jakarta, Jakarta Selatan (Kota)",NATIONAL,3,7020000000,May 2026,LAPTOP; SERVER,,,,,,,,
DIREKTORAT JENDERAL MINYAK DAN GAS BUMI,DIREKTORAT JENDERAL MINYAK DAN GAS BUMI — Kementerian Energi Dan Sumber Daya Mineral,Kementerian Energi Dan Sumber Daya Mineral,DIREKTORAT JENDERAL MINYAK DAN GAS BUMI,"DKI Jakarta, Jakarta Selatan (Kota)",NATIONAL,4,205540000,June 2026; May 2026,IT_HARDWARE,,,,,,,,
DIREKTORAT JENDERAL PEMASYARAKATAN,DIREKTORAT JENDERAL PEMASYARAKATAN — Kementerian Imigrasi dan Pemasyarakatan,Kementerian Imigrasi dan Pemasyarakatan,DIREKTORAT JENDERAL PEMASYARAKATAN,"DKI Jakarta, Jakarta Pusat (Kota)",NATIONAL,1,1550000000,May 2026,NETWORKING,,,,,,,,
DIREKTORAT JENDERAL PEMBANGUNAN DAN PENGEMBANGAN KAWASAN TRANSMIGRASI KEMENTERIAN TRANSMIGRASI,DIREKTORAT JENDERAL PEMBANGUNAN DAN PENGEMBANGAN KAWASAN TRANSMIGRASI KEMENTERIAN TRANSMIGRASI — Kementerian Transmigrasi,Kementerian Transmigrasi,DIREKTORAT JENDERAL PEMBANGUNAN DAN PENGEMBANGAN KAWASAN TRANSMIGRASI KEMENTERIAN TRANSMIGRASI,"DKI Jakarta, Jakarta Selatan (Kota) | DKI Jakarta, Jakarta Selatan (Kota)",NATIONAL,8,157449000,June 2026; May 2026,AUDIO; CAMERA_VIDEO; IT_HARDWARE; LAPTOP; NETWORKING; SCANNER,,,,,,,,
DIREKTORAT JENDERAL PEMBANGUNAN DESA DAN PERDESAAN,DIREKTORAT JENDERAL PEMBANGUNAN DESA DAN PERDESAAN — Kementerian Desa dan Pembangunan Daerah Tertinggal,Kementerian Desa dan Pembangunan Daerah Tertinggal,DIREKTORAT JENDERAL PEMBANGUNAN DESA DAN PERDESAAN,"DKI Jakarta, Jakarta Selatan (Kota)",NATIONAL,1,154000000,May 2026,LAPTOP,,,,,,,,
DIREKTORAT JENDERAL PENGELOLAAN PEMBIAYAAN DAN RISIKO,DIREKTORAT JENDERAL PENGELOLAAN PEMBIAYAAN DAN RISIKO — Kementerian Keuangan,Kementerian Keuangan,DIREKTORAT JENDERAL PENGELOLAAN PEMBIAYAAN DAN RISIKO,"DKI Jakarta, Jakarta Pusat (Kota)",NATIONAL,1,250000000,May 2026,IT_HARDWARE,,,,,,,,
DIREKTORAT JENDERAL PENGEMBANGAN EKONOMI DAN INVESTASI DESA DAN DAERAH TERTINGGAL,DIREKTORAT JENDERAL PENGEMBANGAN EKONOMI DAN INVESTASI DESA DAN DAERAH TERTINGGAL — Kementerian Desa dan Pembangunan Daerah Tertinggal,Kementerian Desa dan Pembangunan Daerah Tertinggal,DIREKTORAT JENDERAL PENGEMBANGAN EKONOMI DAN INVESTASI DESA DAN DAERAH TERTINGGAL,"DKI Jakarta, Jakarta Selatan (Kota)",NATIONAL,7,32168000,June 2026; May 2026,IT_HARDWARE,,,,,,,,
DIREKTORAT JENDERAL STRATEGI EKONOMI DAN FISKAL,DIREKTORAT JENDERAL STRATEGI EKONOMI DAN FISKAL — Kementerian Keuangan,Kementerian Keuangan,DIREKTORAT JENDERAL STRATEGI EKONOMI DAN FISKAL,"DKI Jakarta, Jakarta Pusat (Kota)",NATIONAL,1,93920000,May 2026,OFFICE_FURNITURE,,,,,,,,
DIREKTORAT LALU LINTAS JALAN,DIREKTORAT LALU LINTAS JALAN — Kementerian Perhubungan,Kementerian Perhubungan,DIREKTORAT LALU LINTAS JALAN,"DKI Jakarta, Jakarta Pusat (Kota)",NATIONAL,2,406362000,May 2026,CAMERA_VIDEO; CCTV; SERVER,,,,,,,,
DISTRIK NAVIGASI CILACAP,DISTRIK NAVIGASI CILACAP — Kementerian Perhubungan,Kementerian Perhubungan,DISTRIK NAVIGASI CILACAP,"Jawa Tengah, Cilacap (Kab.)",NATIONAL,2,16500000,May 2026,AUDIO; CCTV,,,,,,,,
DISTRIK SAMOFA,DISTRIK SAMOFA — Kab. Biak Numfor,Kab. Biak Numfor,DISTRIK SAMOFA,"Papua, Biak Numfor (Kab.)",LOCAL_AGENCY,2,13956500,May 2026,DESKTOP; IT_HARDWARE,,,,,,,,
DITINTELKAM POLDA DIY,DITINTELKAM POLDA DIY — Kepolisian Negara Republik Indonesia,Kepolisian Negara Republik Indonesia,DITINTELKAM POLDA DIY,"DI Yogyakarta, Sleman (Kab.)",OTHER,1,120000000,June 2026,LAPTOP,,,,,,,,
DITINTELKAM POLDA KALTIM,DITINTELKAM POLDA KALTIM — Kepolisian Negara Republik Indonesia,Kepolisian Negara Republik Indonesia,DITINTELKAM POLDA KALTIM,"Kalimantan Timur, Balikpapan (Kota) | Kalimantan Timur, Balikpapan (Kota) | Kalimantan Timur, Balikpapan (Kota) | Kalimantan Timur, Balikpapan (Kota) | Kalimantan Timur, Balikpapan (Kota) | Kalimantan Timur, Balikpapan (Kota) | Kalimantan Timur, Balikpapan (Kota) | Kalimantan Timur, Balikpapan (Kota) | Kalimantan Timur, Balikpapan (Kota)",OTHER,5,165609000,May 2026,IT_HARDWARE; LAPTOP; OFFICE_FURNITURE; PRINTER,,,,,,,,
DITINTELKAM POLDA PAPUA TENGAH,DITINTELKAM POLDA PAPUA TENGAH — Kepolisian Negara Republik Indonesia,Kepolisian Negara Republik Indonesia,DITINTELKAM POLDA PAPUA TENGAH,"Papua, Nabire (Kab.)",OTHER,1,315000000,May 2026,LAPTOP,,,,,,,,
DITJEN BIMBINGAN MASYARAKAT KATOLIK 308077,DITJEN BIMBINGAN MASYARAKAT KATOLIK 308077 — Kementerian Agama,Kementerian Agama,DITJEN BIMBINGAN MASYARAKAT KATOLIK 308077,"DKI Jakarta, Jakarta Pusat (Kota)",NATIONAL,1,38596000,June 2026,SERVER,,,,,,,,
DITJEN BIMBINGAN MASYARAKAT KRISTEN 308056,DITJEN BIMBINGAN MASYARAKAT KRISTEN 308056 — Kementerian Agama,Kementerian Agama,DITJEN BIMBINGAN MASYARAKAT KRISTEN 308056,"DKI Jakarta, Jakarta Pusat (Kota)",NATIONAL,5,2625430000,May 2026,IT_HARDWARE; LAPTOP; OFFICE_FURNITURE; PRINTER; SCANNER,,,,,,,,
DITJEN BINA PEMERINTAHAN DESA,DITJEN BINA PEMERINTAHAN DESA — Kementerian Dalam Negeri,Kementerian Dalam Negeri,DITJEN BINA PEMERINTAHAN DESA,"DKI Jakarta, Jakarta Selatan (Kota)",NATIONAL,1,9250000,June 2026,IT_HARDWARE,,,,,,,,
DITJEN MULTILATERAL,DITJEN MULTILATERAL — Kementerian Luar Negeri,Kementerian Luar Negeri,DITJEN MULTILATERAL,"DKI Jakarta, Jakarta Pusat (Kota)",NATIONAL,1,42000000,May 2026,DESKTOP; IT_HARDWARE,,,,,,,,
DITSAMAPTA POLDA METRO JAYA,DITSAMAPTA POLDA METRO JAYA — Kepolisian Negara Republik Indonesia,Kepolisian Negara Republik Indonesia,DITSAMAPTA POLDA METRO JAYA,"DKI Jakarta, Jakarta Selatan (Kota)",OTHER,1,800000,May 2026,PRINTER,,,,,,,,
Deputi Bidang Infrastruktur Riset dan Inovasi,Deputi Bidang Infrastruktur Riset dan Inovasi — Badan Riset dan Inovasi Nasional,Badan Riset dan Inovasi Nasional,Deputi Bidang Infrastruktur Riset dan Inovasi,"Jawa Barat, Bandung (Kota)",NATIONAL,10,39560000000,May 2026,AUDIO; CAMERA_VIDEO; LAPTOP; SERVER; STORAGE; UPS,,,,,,,,
Deputi Bidang Kelembagaan dan Digitalisasi Koperasi,Deputi Bidang Kelembagaan dan Digitalisasi Koperasi — Kementerian Koperasi,Kementerian Koperasi,Deputi Bidang Kelembagaan dan Digitalisasi Koperasi,"DKI Jakarta, Jakarta Selatan (Kota)",NATIONAL,1,240000000,May 2026,LAPTOP,,,,,,,,
Dinas Administrasi Kependudukan dan Pencatatan Sipil,Dinas Administrasi Kependudukan dan Pencatatan Sipil — Kab. Kolaka Timur,Kab. Kolaka Timur,Dinas Administrasi Kependudukan dan Pencatatan Sipil,"Sulawesi Tenggara, Kabupaten Kolaka Timur",LOCAL_AGENCY,3,8656400,June 2026,IT_HARDWARE,,,,,,,,
Dinas Arsip dan Perpustakaan Daerah,Dinas Arsip dan Perpustakaan Daerah — Kab. Buleleng,Kab. Buleleng,Dinas Arsip dan Perpustakaan Daerah,"Bali, Buleleng (Kab.)",LOCAL_AGENCY,5,22965810,June 2026; May 2026,IT_HARDWARE; OFFICE_FURNITURE,,,,,,,,
Dinas Arsip dan Perpustakaan,Dinas Arsip dan Perpustakaan — Kab. Sumedang,Kab. Sumedang,Dinas Arsip dan Perpustakaan,"Jawa Barat, Sumedang (Kab.)",LOCAL_AGENCY,2,62567500,May 2026,NETWORKING; OFFICE_FURNITURE,,,,,,,,
Dinas Bina Marga Dan Sumber Daya Air,Dinas Bina Marga Dan Sumber Daya Air — Kota Bekasi,Kota Bekasi,Dinas Bina Marga Dan Sumber Daya Air,"Jawa Barat, Bekasi (Kota)",LOCAL_AGENCY,1,20000000,May 2026,IT_HARDWARE; LAPTOP; PRINTER,,,,,,,,
Dinas Bina Marga dan Penataan Ruang Provinsi Sulawesi Tengah,Dinas Bina Marga dan Penataan Ruang Provinsi Sulawesi Tengah — Provinsi Sulawesi Tengah,Provinsi Sulawesi Tengah,Dinas Bina Marga dan Penataan Ruang Provinsi Sulawesi Tengah,"Sulawesi Tengah, Palu (Kota)",PROVINCE,5,9535000,June 2026; May 2026,IT_HARDWARE; NETWORKING,,,,,,,,
Dinas Bina Marga dan Penataan Ruang,Dinas Bina Marga dan Penataan Ruang — Provinsi Jawa Barat,Provinsi Jawa Barat,Dinas Bina Marga dan Penataan Ruang,"Jawa Barat, Bandung (Kab.)",PROVINCE,1,8223333,May 2026,NETWORKING,,,,,,,,
Dinas Bina Marga dan Sumber Daya Air,Dinas Bina Marga dan Sumber Daya Air — Kab. Tangerang,Kab. Tangerang,Dinas Bina Marga dan Sumber Daya Air,"Banten, Tangerang (Kab.)",LOCAL_AGENCY,2,716385000,May 2026,DESKTOP; OFFICE_FURNITURE,,,,,,,,
"Dinas Bina Marga, Bina Konstruksi dan Cipta Karya","Dinas Bina Marga, Bina Konstruksi dan Cipta Karya — Provinsi Sumatera Utara",Provinsi Sumatera Utara,"Dinas Bina Marga, Bina Konstruksi dan Cipta Karya","Sumatera Utara, Binjai (Kota)",PROVINCE,4,30364000,May 2026,DESKTOP; IT_HARDWARE; NETWORKING,,,,,,,,
"Dinas Bina Marga, Cipta Karya dan Tata Ruang","Dinas Bina Marga, Cipta Karya dan Tata Ruang — Kab. Lamongan",Kab. Lamongan,"Dinas Bina Marga, Cipta Karya dan Tata Ruang","Jawa Timur, Lamongan (Kab.)",LOCAL_AGENCY,2,2568000,May 2026,IT_HARDWARE,,,,,,,,
Dinas Cipta Karya dan Tata Ruang,Dinas Cipta Karya dan Tata Ruang — Kab. Bekasi,Kab. Bekasi,Dinas Cipta Karya dan Tata Ruang,"Jawa Barat, Bekasi (Kab.)",LOCAL_AGENCY,4,28569500,May 2026,DESKTOP; IT_HARDWARE; OFFICE_FURNITURE,,,,,,,,
"Dinas Cipta Karya, Bina Konstruksi dan Tata Ruang","Dinas Cipta Karya, Bina Konstruksi dan Tata Ruang — Kota Bandung",Kota Bandung,"Dinas Cipta Karya, Bina Konstruksi dan Tata Ruang","Jawa Barat, Bandung (Kota)",LOCAL_AGENCY,3,457227947,June 2026; May 2026,DESKTOP; IT_HARDWARE,,,,,,,,
Dinas Energi dan Sumber Daya Mineral,Dinas Energi dan Sumber Daya Mineral — Provinsi Jawa Barat,Provinsi Jawa Barat,Dinas Energi dan Sumber Daya Mineral,"Jawa Barat, Bandung (Kota)",PROVINCE,8,496286900,June 2026; May 2026,CAMERA_VIDEO; DESKTOP; IT_HARDWARE; LAPTOP; OFFICE_FURNITURE; PRINTER,,,,,,,,
Dinas Kearsipan dan Perpustakaan Daerah,Dinas Kearsipan dan Perpustakaan Daerah — Kab. Lamongan,Kab. Lamongan,Dinas Kearsipan dan Perpustakaan Daerah,"Jawa Timur, Lamongan (Kab.)",LOCAL_AGENCY,5,21173600,June 2026; May 2026,IT_HARDWARE; OFFICE_FURNITURE,,,,,,,,
Dinas Kearsipan dan Perpustakaan,Dinas Kearsipan dan Perpustakaan — Kab. Jepara,Kab. Jepara,Dinas Kearsipan dan Perpustakaan,"Jawa Tengah, Jepara (Kab.) | Jawa Tengah, Jepara (Kab.)",LOCAL_AGENCY,17,136407800,June 2026; May 2026,AUDIO; DESKTOP; IT_HARDWARE; OFFICE_FURNITURE,,,,,,,,
Dinas Kebudayaan (Kundha Kabudayan),Dinas Kebudayaan (Kundha Kabudayan) — Kab. Kulon Progo,Kab. Kulon Progo,Dinas Kebudayaan (Kundha Kabudayan),"DI Yogyakarta, Kulon Progo (Kab.)",LOCAL_AGENCY,6,54315500,June 2026; May 2026,DESKTOP; IT_HARDWARE; OFFICE_FURNITURE,,,,,,,,
Dinas Kebudayaan Kepemudaan dan Olah Raga serta Pariwisata,Dinas Kebudayaan Kepemudaan dan Olah Raga serta Pariwisata — Kota Surabaya,Kota Surabaya,Dinas Kebudayaan Kepemudaan dan Olah Raga serta Pariwisata,"Jawa Timur, Surabaya (Kota)",LOCAL_AGENCY,1,40293000,June 2026,OFFICE_FURNITURE,,,,,,,,
Dinas Kebudayaan dan Pariwisata,Dinas Kebudayaan dan Pariwisata — Kab. Kuantan Singingi,Kab. Kuantan Singingi,Dinas Kebudayaan dan Pariwisata,"Riau, Kuantan Singingi (Kab.)",LOCAL_AGENCY,10,162098650,June 2026; May 2026,AUDIO; CAMERA_VIDEO; DESKTOP; IT_HARDWARE; OFFICE_FURNITURE; STORAGE,,,,,,,,
Dinas Kebudayaan,Dinas Kebudayaan — Kota Makassar,Kota Makassar,Dinas Kebudayaan,"Sulawesi Selatan, Makassar (Kota)",LOCAL_AGENCY,14,118659600,June 2026; May 2026,AUDIO; CCTV; DESKTOP; IT_HARDWARE; OFFICE_FURNITURE,,,,,,,,
"Dinas Kebudayaan, Kepemudaan dan Olah Raga serta Pariwisata","Dinas Kebudayaan, Kepemudaan dan Olah Raga serta Pariwisata — Kota Tarakan",Kota Tarakan,"Dinas Kebudayaan, Kepemudaan dan Olah Raga serta Pariwisata","Kalimantan Utara, Tarakan (Kota)",LOCAL_AGENCY,2,31346000,June 2026; May 2026,DESKTOP; IT_HARDWARE; OFFICE_FURNITURE,,,,,,,,
"Dinas Kebudayaan, Kepemudaan, Olahraga dan Pariwisata Kota Banjarmasin","Dinas Kebudayaan, Kepemudaan, Olahraga dan Pariwisata Kota Banjarmasin — Kota Banjarmasin",Kota Banjarmasin,"Dinas Kebudayaan, Kepemudaan, Olahraga dan Pariwisata Kota Banjarmasin","Kalimantan Selatan, Banjarmasin (Kota)",LOCAL_AGENCY,8,383755000,June 2026; May 2026,AUDIO; DESKTOP; IT_HARDWARE; OFFICE_FURNITURE,,,,,,,,
"Dinas Kebudayaan, Pariwisata dan Ekonomi Kreatif","Dinas Kebudayaan, Pariwisata dan Ekonomi Kreatif — Provinsi Jawa Tengah",Provinsi Jawa Tengah,"Dinas Kebudayaan, Pariwisata dan Ekonomi Kreatif","Jawa Tengah, Semarang (Kota)",PROVINCE,20,1250717118,June 2026; May 2026,CCTV; DESKTOP; IT_HARDWARE; NETWORKING; OFFICE_FURNITURE,,,,,,,,
"Dinas Kebudayaan, Pariwisata, Pemuda dan Olahraga","Dinas Kebudayaan, Pariwisata, Pemuda dan Olahraga — Kab. Dharmasraya",Kab. Dharmasraya,"Dinas Kebudayaan, Pariwisata, Pemuda dan Olahraga","Sumatera Barat, Dharmas Raya (Kab.)",LOCAL_AGENCY,1,6000000,May 2026,AUDIO,,,,,,,,
"Dinas Kebudayaan, Pemuda dan Olahraga dan Pariwisata","Dinas Kebudayaan, Pemuda dan Olahraga dan Pariwisata — Kab. Lamongan",Kab. Lamongan,"Dinas Kebudayaan, Pemuda dan Olahraga dan Pariwisata","Jawa Timur, Lamongan (Kab.)",LOCAL_AGENCY,1,1800000,May 2026,OFFICE_FURNITURE,,,,,,,,
"Dinas Kebudayaan, Pemuda dan Olahraga","Dinas Kebudayaan, Pemuda dan Olahraga — Kab. Bekasi",Kab. Bekasi,"Dinas Kebudayaan, Pemuda dan Olahraga","Jawa Barat, Bekasi (Kab.)",LOCAL_AGENCY,1,15590000,May 2026,DESKTOP,,,,,,,,
Dinas Kehutanan Provinsi Sulawesi Tengah,Dinas Kehutanan Provinsi Sulawesi Tengah — Provinsi Sulawesi Tengah,Provinsi Sulawesi Tengah,Dinas Kehutanan Provinsi Sulawesi Tengah,"Sulawesi Tengah, Palu (Kota)",PROVINCE,3,39505000,May 2026,DESKTOP; IT_HARDWARE,,,,,,,,
Dinas Kehutanan dan Lingkungan Hidup,Dinas Kehutanan dan Lingkungan Hidup — Provinsi Bali,Provinsi Bali,Dinas Kehutanan dan Lingkungan Hidup,"Bali, Denpasar (Kota)",PROVINCE,2,2405488,June 2026,AUDIO; IT_HARDWARE,,,,,,,,
Dinas Kehutanan,Dinas Kehutanan — Provinsi Maluku Utara,Provinsi Maluku Utara,Dinas Kehutanan,"Maluku Utara, Tidore Kepulauan (Kota)",PROVINCE,1,3650000,May 2026,DESKTOP; IT_HARDWARE,,,,,,,,
Dinas Kelautan dan Perikanan Provinsi Sulawesi Tengah,Dinas Kelautan dan Perikanan Provinsi Sulawesi Tengah — Provinsi Sulawesi Tengah,Provinsi Sulawesi Tengah,Dinas Kelautan dan Perikanan Provinsi Sulawesi Tengah,"Sulawesi Tengah, Palu (Kota)",PROVINCE,1,6190000,June 2026,OFFICE_FURNITURE,,,,,,,,
Dinas Kelautan dan Perikanan,Dinas Kelautan dan Perikanan — Provinsi Kepulauan Riau,Provinsi Kepulauan Riau,Dinas Kelautan dan Perikanan,"Kepulauan Riau, Lingga (Kab.)",PROVINCE,11,91377400,June 2026; May 2026,DESKTOP; IT_HARDWARE; OFFICE_FURNITURE,,,,,,,,
"Dinas Kelautan, Perikanan, dan Ketahanan Pangan","Dinas Kelautan, Perikanan, dan Ketahanan Pangan — Kab. Lombok Barat",Kab. Lombok Barat,"Dinas Kelautan, Perikanan, dan Ketahanan Pangan","Nusa Tenggara Barat, Lombok Barat (Kab.)",LOCAL_AGENCY,1,930300,May 2026,IT_HARDWARE,,,,,,,,
Dinas Kepemudaan Dan Olahraga,Dinas Kepemudaan Dan Olahraga — Kota Bekasi,Kota Bekasi,Dinas Kepemudaan Dan Olahraga,"Jawa Barat, Bekasi (Kota)",LOCAL_AGENCY,1,3600000,May 2026,OFFICE_FURNITURE,,,,,,,,
Dinas Kepemudaan Olahraga,Dinas Kepemudaan Olahraga — Kab. Lebak,Kab. Lebak,Dinas Kepemudaan Olahraga,"Banten, Lebak (Kab.)",LOCAL_AGENCY,1,4300000,June 2026,DESKTOP; IT_HARDWARE,,,,,,,,
Dinas Kepemudaan dan Keolahragaan,Dinas Kepemudaan dan Keolahragaan — Provinsi Sumatera Utara,Provinsi Sumatera Utara,Dinas Kepemudaan dan Keolahragaan,"Sumatera Utara, Medan (Kota)",PROVINCE,4,151454500,May 2026,OFFICE_FURNITURE,,,,,,,,
Dinas Kepemudaan dan Olah Raga,Dinas Kepemudaan dan Olah Raga — Kota Salatiga,Kota Salatiga,Dinas Kepemudaan dan Olah Raga,"Jawa Tengah, Salatiga (Kota)",LOCAL_AGENCY,3,30177500,June 2026; May 2026,AUDIO; OFFICE_FURNITURE,,,,,,,,
Dinas Kepemudaan dan Olahraga Kota Kupang,Dinas Kepemudaan dan Olahraga Kota Kupang — Kota Kupang,Kota Kupang,Dinas Kepemudaan dan Olahraga Kota Kupang,"Nusa Tenggara Timur, Kupang (Kota)",LOCAL_AGENCY,3,5825831,May 2026,DESKTOP; IT_HARDWARE,,,,,,,,
Dinas Kepemudaan dan Olahraga,Dinas Kepemudaan dan Olahraga — Provinsi Kepulauan Riau,Provinsi Kepulauan Riau,Dinas Kepemudaan dan Olahraga,"Kepulauan Riau, Tanjung Pinang (Kota)",PROVINCE,8,122166550,June 2026; May 2026,AUDIO; DESKTOP; IT_HARDWARE,,,,,,,,
"Dinas Kepemudaan, Olahraga dan Pariwisata","Dinas Kepemudaan, Olahraga dan Pariwisata — Kab. Sumbawa",Kab. Sumbawa,"Dinas Kepemudaan, Olahraga dan Pariwisata","Nusa Tenggara Barat, Sumbawa (Kab.)",LOCAL_AGENCY,14,129672650,June 2026; May 2026,AUDIO; CCTV; DESKTOP; IT_HARDWARE; OFFICE_FURNITURE,,,,,,,,
"Dinas Kepemudaan, Olahraga, Pariwisata dan Ekonomi Kreatif","Dinas Kepemudaan, Olahraga, Pariwisata dan Ekonomi Kreatif — Kab. Pesisir Barat",Kab. Pesisir Barat,"Dinas Kepemudaan, Olahraga, Pariwisata dan Ekonomi Kreatif","Lampung, Pesisir Barat(Kab.)",LOCAL_AGENCY,1,1500000,May 2026,IT_HARDWARE,,,,,,,,
Dinas Kependudukan Dan Pencatatan Sipil,Dinas Kependudukan Dan Pencatatan Sipil — Kab. Melawi,Kab. Melawi,Dinas Kependudukan Dan Pencatatan Sipil,"Kalimantan Barat, Melawi (Kab.)",LOCAL_AGENCY,17,468432000,June 2026; May 2026,DESKTOP; IT_HARDWARE,,,,,,,,
Dinas Kependudukan dan Pencatatan Sipil Daerah,Dinas Kependudukan dan Pencatatan Sipil Daerah — Provinsi Sulawesi Barat,Provinsi Sulawesi Barat,Dinas Kependudukan dan Pencatatan Sipil Daerah,"Sulawesi Barat, Mamuju (Kab.) | Sulawesi Barat, Mamuju (Kab.)",PROVINCE,1,14658000,May 2026,AUDIO,,,,,,,,
Dinas Kependudukan dan Pencatatan Sipil Kota Banjarmasin,Dinas Kependudukan dan Pencatatan Sipil Kota Banjarmasin — Kota Banjarmasin,Kota Banjarmasin,Dinas Kependudukan dan Pencatatan Sipil Kota Banjarmasin,"Kalimantan Selatan, Banjarmasin (Kota)",LOCAL_AGENCY,2,17067000,May 2026,IT_HARDWARE; OFFICE_FURNITURE,,,,,,,,
Dinas Kependudukan dan Pencatatan Sipil,Dinas Kependudukan dan Pencatatan Sipil — Kota Malang,Kota Malang,Dinas Kependudukan dan Pencatatan Sipil,"Jawa Timur, Malang (Kota)",LOCAL_AGENCY,94,7590440390,June 2026; May 2026,AUDIO; CAMERA_VIDEO; CCTV; DESKTOP; IT_HARDWARE; NETWORKING; OFFICE_FURNITURE; PRINTER; SCANNER; SERVER,,,,,,,,
Dinas Kesehatan Daerah,Dinas Kesehatan Daerah — Kab. Tapanuli Selatan,Kab. Tapanuli Selatan,Dinas Kesehatan Daerah,"Sumatera Utara, Tapanuli Selatan (Kab.)",LOCAL_AGENCY,8,23478200,June 2026; May 2026,IT_HARDWARE,,,,,,,,
Dinas Kesehatan Kota Banjarmasin,Dinas Kesehatan Kota Banjarmasin — Kota Banjarmasin,Kota Banjarmasin,Dinas Kesehatan Kota Banjarmasin,"Kalimantan Selatan, Banjarmasin (Kota)",LOCAL_AGENCY,4,314926420,May 2026,DESKTOP; IT_HARDWARE; OFFICE_FURNITURE; PRINTER,,,,,,,,
Dinas Kesehatan,Dinas Kesehatan — Kab. Sukoharjo,Kab. Sukoharjo,Dinas Kesehatan,"Jawa Tengah, Sukoharjo (Kab.)",LOCAL_AGENCY,202,9900166818,June 2026; May 2026,AUDIO; CCTV; DESKTOP; IT_HARDWARE; LAPTOP; NETWORKING; OFFICE_FURNITURE; PRINTER; STORAGE; UPS,,,,,,,,
"Dinas Kesehatan, Pengendalian Penduduk dan KB","Dinas Kesehatan, Pengendalian Penduduk dan KB — Kab. Mahakam Ulu",Kab. Mahakam Ulu,"Dinas Kesehatan, Pengendalian Penduduk dan KB","Kalimantan Timur, Mahakam Ulu (Kab.) | Kalimantan Timur, Mahakam Ulu (Kab.)",LOCAL_AGENCY,2,103663465,May 2026,DESKTOP; OFFICE_FURNITURE,,,,,,,,
"Dinas Kesehatan, Pengendalian Penduduk dan Keluarga Berencana","Dinas Kesehatan, Pengendalian Penduduk dan Keluarga Berencana — Kab. Cilacap",Kab. Cilacap,"Dinas Kesehatan, Pengendalian Penduduk dan Keluarga Berencana","Jawa Tengah, Cilacap (Kab.)",LOCAL_AGENCY,10,14237500,June 2026; May 2026,AUDIO; IT_HARDWARE; OFFICE_FURNITURE,,,,,,,,
Dinas Ketahanan Pangan Pertanian dan Perikanan Kota Banjarmasin,Dinas Ketahanan Pangan Pertanian dan Perikanan Kota Banjarmasin — Kota Banjarmasin,Kota Banjarmasin,Dinas Ketahanan Pangan Pertanian dan Perikanan Kota Banjarmasin,"Kalimantan Selatan, Banjarmasin (Kota) | Kalimantan Selatan, Banjarmasin (Kota) | Kalimantan Selatan, Banjarmasin (Kota)",LOCAL_AGENCY,1,86238100,May 2026,IT_HARDWARE,,,,,,,,
Dinas Ketahanan Pangan dan Perikanan,Dinas Ketahanan Pangan dan Perikanan — Kab. Tanah Laut,Kab. Tanah Laut,Dinas Ketahanan Pangan dan Perikanan,"Kalimantan Selatan, Tanah Laut (Kab.)",LOCAL_AGENCY,4,119744623,June 2026; May 2026,DESKTOP; IT_HARDWARE; LAPTOP; PRINTER; SCANNER,,,,,,,,
Dinas Ketahanan Pangan dan Pertanian,Dinas Ketahanan Pangan dan Pertanian — Kab. Jepara,Kab. Jepara,Dinas Ketahanan Pangan dan Pertanian,"Jawa Tengah, Jepara (Kab.)",LOCAL_AGENCY,9,443686784,June 2026; May 2026,CCTV; IT_HARDWARE; OFFICE_FURNITURE,,,,,,,,
Dinas Ketahanan Pangan dan Peternakan,Dinas Ketahanan Pangan dan Peternakan — Kab. Kediri,Kab. Kediri,Dinas Ketahanan Pangan dan Peternakan,"Jawa Timur, Kediri (Kab.)",LOCAL_AGENCY,8,464924000,June 2026; May 2026,CCTV; DESKTOP; IT_HARDWARE; NETWORKING; OFFICE_FURNITURE,,,,,,,,
Dinas Ketahanan Pangan,Dinas Ketahanan Pangan — Kab. Ogan Komering Ulu,Kab. Ogan Komering Ulu,Dinas Ketahanan Pangan,"Sumatera Selatan, Ogan Komering Ulu (Kab.)",LOCAL_AGENCY,17,617759703,June 2026; May 2026,DESKTOP; IT_HARDWARE; OFFICE_FURNITURE,,,,,,,,
"Dinas Ketahanan Pangan, Pertanian Dan Perikanan","Dinas Ketahanan Pangan, Pertanian Dan Perikanan — Kota Bekasi",Kota Bekasi,"Dinas Ketahanan Pangan, Pertanian Dan Perikanan","Jawa Barat, Bekasi (Kota)",LOCAL_AGENCY,2,86560000,June 2026; May 2026,IT_HARDWARE,,,,,,,,
"Dinas Ketahanan Pangan, Pertanian dan Kesehatan Hewan","Dinas Ketahanan Pangan, Pertanian dan Kesehatan Hewan — Provinsi Kepulauan Riau",Provinsi Kepulauan Riau,"Dinas Ketahanan Pangan, Pertanian dan Kesehatan Hewan","Kepulauan Riau, Tanjung Pinang (Kota)",PROVINCE,6,40324497,June 2026; May 2026,DESKTOP; IT_HARDWARE,,,,,,,,
"Dinas Ketahanan Pangan, Pertanian dan Perikanan","Dinas Ketahanan Pangan, Pertanian dan Perikanan — Kab. Sekadau",Kab. Sekadau,"Dinas Ketahanan Pangan, Pertanian dan Perikanan","Kalimantan Barat, Sekadau (Kab.)",LOCAL_AGENCY,3,27242593,June 2026,DESKTOP; IT_HARDWARE; OFFICE_FURNITURE,,,,,,,,
"Dinas Ketahanan Pangan, Pertanian, dan Perikanan","Dinas Ketahanan Pangan, Pertanian, dan Perikanan — Kab. Sragen",Kab. Sragen,"Dinas Ketahanan Pangan, Pertanian, dan Perikanan","Jawa Tengah, Sragen (Kab.)",LOCAL_AGENCY,1,157000,June 2026,IT_HARDWARE,,,,,,,,
"Dinas Ketahanan Pangan, Tanaman Pangan dan Hortikultura","Dinas Ketahanan Pangan, Tanaman Pangan dan Hortikultura — Provinsi Gorontalo",Provinsi Gorontalo,"Dinas Ketahanan Pangan, Tanaman Pangan dan Hortikultura","Gorontalo, Bone Bolango (Kab.)",PROVINCE,1,45000000,May 2026,OFFICE_FURNITURE,,,,,,,,
Dinas Ketenagakerjaan Dan Transmigrasi,Dinas Ketenagakerjaan Dan Transmigrasi — Provinsi Nusa Tenggara Timur,Provinsi Nusa Tenggara Timur,Dinas Ketenagakerjaan Dan Transmigrasi,"Nusa Tenggara Timur, Kupang (Kota)",PROVINCE,1,189000,June 2026,IT_HARDWARE,,,,,,,,
Dinas Ketenagakerjaan dan Transmigrasi,Dinas Ketenagakerjaan dan Transmigrasi — Kab. Timor Tengah Selatan,Kab. Timor Tengah Selatan,Dinas Ketenagakerjaan dan Transmigrasi,"Nusa Tenggara Timur, Timor Tengah Selatan (Kab.)",LOCAL_AGENCY,3,26840000,May 2026,IT_HARDWARE,,,,,,,,
Dinas Ketenagakerjaan,Dinas Ketenagakerjaan — Kota Makassar,Kota Makassar,Dinas Ketenagakerjaan,"Sulawesi Selatan, Makassar (Kota)",LOCAL_AGENCY,14,344972123,June 2026; May 2026,DESKTOP; IT_HARDWARE; NETWORKING; OFFICE_FURNITURE,,,,,,,,
Dinas Komunikasi Dan Informatika,Dinas Komunikasi Dan Informatika — Kab. Tegal,Kab. Tegal,Dinas Komunikasi Dan Informatika,"Jawa Tengah, Tegal (Kab.)",LOCAL_AGENCY,4,173389600,June 2026; May 2026,IT_HARDWARE,,,,,,,,
Dinas Komunikasi Informasi dan Statistik Kota Banjarmasin,Dinas Komunikasi Informasi dan Statistik Kota Banjarmasin — Kota Banjarmasin,Kota Banjarmasin,Dinas Komunikasi Informasi dan Statistik Kota Banjarmasin,"Kalimantan Selatan, Banjarmasin (Kota)",LOCAL_AGENCY,1,270875400,May 2026,CCTV; IT_HARDWARE; NETWORKING,,,,,,,,
Dinas Komunikasi Informatika Statistik dan Persandian,Dinas Komunikasi Informatika Statistik dan Persandian — Kab. Rokan Hilir,Kab. Rokan Hilir,Dinas Komunikasi Informatika Statistik dan Persandian,"Riau, Rokan Hilir (Kab.)",LOCAL_AGENCY,1,1190075,May 2026,IT_HARDWARE,,,,,,,,
Dinas Komunikasi dan Informasi,Dinas Komunikasi dan Informasi — Kota Kupang,Kota Kupang,Dinas Komunikasi dan Informasi,"Nusa Tenggara Timur, Kupang (Kota)",LOCAL_AGENCY,3,38586800,May 2026,DESKTOP; IT_HARDWARE,,,,,,,,
Dinas Komunikasi dan Informatika,Dinas Komunikasi dan Informatika — Provinsi Jawa Barat,Provinsi Jawa Barat,Dinas Komunikasi dan Informatika,"Jawa Barat, Bandung (Kota)",PROVINCE,72,9631055378,June 2026; May 2026,AUDIO; CAMERA_VIDEO; CCTV; DESKTOP; IT_HARDWARE; NETWORKING; OFFICE_FURNITURE; SERVER; STORAGE; UPS,,,,,,,,
"Dinas Komunikasi, Informatika dan Digital","Dinas Komunikasi, Informatika dan Digital — Provinsi Jawa Tengah",Provinsi Jawa Tengah,"Dinas Komunikasi, Informatika dan Digital","Jawa Tengah, Semarang (Kota)",PROVINCE,5,18100000000,June 2026; May 2026,CCTV; NETWORKING; SERVER; STORAGE; UPS,,,,,,,,
"Dinas Komunikasi, Informatika dan Persandian Kota Bengkulu","Dinas Komunikasi, Informatika dan Persandian Kota Bengkulu — Kota Bengkulu",Kota Bengkulu,"Dinas Komunikasi, Informatika dan Persandian Kota Bengkulu","Bengkulu, Bengkulu (Kota)",LOCAL_AGENCY,1,50000000,May 2026,DESKTOP; IT_HARDWARE,,,,,,,,
"Dinas Komunikasi, Informatika dan Persandian","Dinas Komunikasi, Informatika dan Persandian — Aceh",Aceh,"Dinas Komunikasi, Informatika dan Persandian","Aceh, Banda Aceh (Kota)",LOCAL_AGENCY,5,1038840000,May 2026,NETWORKING; OFFICE_FURNITURE; SCANNER,,,,,,,,
"Dinas Komunikasi, Informatika dan Statistik","Dinas Komunikasi, Informatika dan Statistik — Kota Metro",Kota Metro,"Dinas Komunikasi, Informatika dan Statistik","Lampung, Metro (Kota)",LOCAL_AGENCY,14,204099700,June 2026; May 2026,AUDIO; CAMERA_VIDEO; DESKTOP; IT_HARDWARE; LAPTOP; NETWORKING; OFFICE_FURNITURE; PRINTER,,,,,,,,
"Dinas Komunikasi, Informatika, Persandian dan Statistik Provinsi Sulawesi Tengah","Dinas Komunikasi, Informatika, Persandian dan Statistik Provinsi Sulawesi Tengah — Provinsi Sulawesi Tengah",Provinsi Sulawesi Tengah,"Dinas Komunikasi, Informatika, Persandian dan Statistik Provinsi Sulawesi Tengah","Sulawesi Tengah, Palu (Kota)",PROVINCE,1,372500000,June 2026,IT_HARDWARE,,,,,,,,
"Dinas Komunikasi, Informatika, Persandian dan Statistik","Dinas Komunikasi, Informatika, Persandian dan Statistik — Kab. Bekasi",Kab. Bekasi,"Dinas Komunikasi, Informatika, Persandian dan Statistik","Jawa Barat, Bekasi (Kab.)",LOCAL_AGENCY,6,1196226400,June 2026; May 2026,DESKTOP; IT_HARDWARE; NETWORKING; SERVER,,,,,,,,
"Dinas Komunikasi, Informatika, Statistik dan Persandian","Dinas Komunikasi, Informatika, Statistik dan Persandian — Kota Bekasi",Kota Bekasi,"Dinas Komunikasi, Informatika, Statistik dan Persandian","Jawa Barat, Bekasi (Kota) | Jawa Barat, Bekasi (Kota) | Jawa Barat, Bekasi (Kota) | Jawa Barat, Bekasi (Kota)",LOCAL_AGENCY,28,9816545015,June 2026; May 2026,CCTV; DESKTOP; IT_HARDWARE; NETWORKING; SERVER; STORAGE,,,,,,,,
Dinas Koperasi Usaha Kecil Menengah dan Tenaga Kerja,Dinas Koperasi Usaha Kecil Menengah dan Tenaga Kerja — Kota Pagar Alam,Kota Pagar Alam,Dinas Koperasi Usaha Kecil Menengah dan Tenaga Kerja,"Sumatera Selatan, Pagar Alam (Kota)",LOCAL_AGENCY,2,4870000,May 2026,AUDIO; IT_HARDWARE,,,,,,,,
"Dinas Koperasi Usaha Kecil Menengah, Perdagangan, dan Tenaga Kerja","Dinas Koperasi Usaha Kecil Menengah, Perdagangan, dan Tenaga Kerja — Kab. Belitung",Kab. Belitung,"Dinas Koperasi Usaha Kecil Menengah, Perdagangan, dan Tenaga Kerja","Kep. Bangka Belitung, Belitung (Kab.)",LOCAL_AGENCY,1,2400000,May 2026,OFFICE_FURNITURE,,,,,,,,
"Dinas Koperasi Usaha Kecil Menengah, Perindustrian dan Perdagangan","Dinas Koperasi Usaha Kecil Menengah, Perindustrian dan Perdagangan — Kota Medan",Kota Medan,"Dinas Koperasi Usaha Kecil Menengah, Perindustrian dan Perdagangan","Sumatera Utara, Medan (Kota)",LOCAL_AGENCY,2,142097480,May 2026,IT_HARDWARE; OFFICE_FURNITURE,,,,,,,,
Dinas Koperasi Usaha Kecil dan Menengah Perdagangan dan Perindustrian,Dinas Koperasi Usaha Kecil dan Menengah Perdagangan dan Perindustrian — Kab. Purwakarta,Kab. Purwakarta,Dinas Koperasi Usaha Kecil dan Menengah Perdagangan dan Perindustrian,"Jawa Barat, Purwakarta (Kab.)",LOCAL_AGENCY,5,3634000,May 2026,IT_HARDWARE,,,,,,,,
Dinas Koperasi Usaha Kecil dan Menengah dan Perdagangan,Dinas Koperasi Usaha Kecil dan Menengah dan Perdagangan — Kota Surabaya,Kota Surabaya,Dinas Koperasi Usaha Kecil dan Menengah dan Perdagangan,"Jawa Timur, Surabaya (Kota)",LOCAL_AGENCY,1,4084800,June 2026,OFFICE_FURNITURE,,,,,,,,
Dinas Koperasi Usaha Kecil dan Menengah,Dinas Koperasi Usaha Kecil dan Menengah — Kota Makassar,Kota Makassar,Dinas Koperasi Usaha Kecil dan Menengah,"Sulawesi Selatan, Makassar (Kota)",LOCAL_AGENCY,3,74250000,June 2026; May 2026,CCTV; OFFICE_FURNITURE,,,,,,,,
"Dinas Koperasi Usaha Kecil dan Menengah, Perindustrian dan Perdagangan","Dinas Koperasi Usaha Kecil dan Menengah, Perindustrian dan Perdagangan — Kab. Lombok Utara",Kab. Lombok Utara,"Dinas Koperasi Usaha Kecil dan Menengah, Perindustrian dan Perdagangan","Nusa Tenggara Barat, Lombok Utara (Kab.)",LOCAL_AGENCY,4,94818000,May 2026,DESKTOP; IT_HARDWARE; LAPTOP,,,,,,,,
Dinas Koperasi dan UKM,Dinas Koperasi dan UKM — Kab. Banggai,Kab. Banggai,Dinas Koperasi dan UKM,"Sulawesi Tengah, Banggai (Kab.)",LOCAL_AGENCY,6,10246600,June 2026,IT_HARDWARE,,,,,,,,
Dinas Koperasi dan Usaha Kecil dan Menengah,Dinas Koperasi dan Usaha Kecil dan Menengah — Kota Palembang,Kota Palembang,Dinas Koperasi dan Usaha Kecil dan Menengah,"Sumatera Selatan, Palembang (Kota)",LOCAL_AGENCY,15,6628800,May 2026,IT_HARDWARE,,,,,,,,
Dinas Koperasi dan Usaha Mikro,Dinas Koperasi dan Usaha Mikro — Kab. Sidoarjo,Kab. Sidoarjo,Dinas Koperasi dan Usaha Mikro,"Jawa Timur, Sidoarjo (Kab.)",LOCAL_AGENCY,1,5000000,May 2026,OFFICE_FURNITURE,,,,,,,,
"Dinas Koperasi, Perindustrian dan Perdagangan","Dinas Koperasi, Perindustrian dan Perdagangan — Kab. Lamongan",Kab. Lamongan,"Dinas Koperasi, Perindustrian dan Perdagangan","Jawa Timur, Lamongan (Kab.)",LOCAL_AGENCY,9,34633200,June 2026; May 2026,IT_HARDWARE; OFFICE_FURNITURE,,,,,,,,
"Dinas Koperasi, Perindustrian, dan Perdagangan","Dinas Koperasi, Perindustrian, dan Perdagangan — Kab. Situbondo",Kab. Situbondo,"Dinas Koperasi, Perindustrian, dan Perdagangan","Jawa Timur, Situbondo (Kab.)",LOCAL_AGENCY,1,2609500,June 2026,IT_HARDWARE,,,,,,,,
"Dinas Koperasi, Tenaga Kerja Dan Transmigrasi","Dinas Koperasi, Tenaga Kerja Dan Transmigrasi — Kab. Belu",Kab. Belu,"Dinas Koperasi, Tenaga Kerja Dan Transmigrasi","Nusa Tenggara Timur, Belu (Kab.)",LOCAL_AGENCY,2,3411000,May 2026,IT_HARDWARE,,,,,,,,
"Dinas Koperasi, UMKM, Perindustrian dan Perdagangan","Dinas Koperasi, UMKM, Perindustrian dan Perdagangan — Provinsi Gorontalo",Provinsi Gorontalo,"Dinas Koperasi, UMKM, Perindustrian dan Perdagangan","Gorontalo, Bone Bolango (Kab.)",PROVINCE,1,19960000,June 2026,DESKTOP; IT_HARDWARE,,,,,,,,
"Dinas Koperasi, Usaha Kecil Menengah dan Perdagangan","Dinas Koperasi, Usaha Kecil Menengah dan Perdagangan — Kab. Badung",Kab. Badung,"Dinas Koperasi, Usaha Kecil Menengah dan Perdagangan","Bali, Badung (Kab.)",LOCAL_AGENCY,5,27748000,June 2026; May 2026,DESKTOP; IT_HARDWARE,,,,,,,,
"Dinas Koperasi, Usaha Kecil Menengah, Perdagangan dan Perindustrian","Dinas Koperasi, Usaha Kecil Menengah, Perdagangan dan Perindustrian — Kab. Ciamis",Kab. Ciamis,"Dinas Koperasi, Usaha Kecil Menengah, Perdagangan dan Perindustrian","Jawa Barat, Ciamis (Kab.)",LOCAL_AGENCY,1,25000000,May 2026,DESKTOP,,,,,,,,
"Dinas Koperasi, Usaha Kecil dan Menengah Provinsi Sulawesi Tengah","Dinas Koperasi, Usaha Kecil dan Menengah Provinsi Sulawesi Tengah — Provinsi Sulawesi Tengah",Provinsi Sulawesi Tengah,"Dinas Koperasi, Usaha Kecil dan Menengah Provinsi Sulawesi Tengah","Sulawesi Tengah, Palu (Kota)",PROVINCE,1,2062500,May 2026,IT_HARDWARE,,,,,,,,
"Dinas Koperasi, Usaha Kecil dan Menengah dan Tenaga Kerja","Dinas Koperasi, Usaha Kecil dan Menengah dan Tenaga Kerja — Kab. Lampung Timur",Kab. Lampung Timur,"Dinas Koperasi, Usaha Kecil dan Menengah dan Tenaga Kerja","Lampung, Lampung Timur (Kab.)",LOCAL_AGENCY,8,63226450,June 2026; May 2026,AUDIO; DESKTOP; IT_HARDWARE; LAPTOP; OFFICE_FURNITURE,,,,,,,,
"Dinas Koperasi, Usaha Kecil dan Menengah","Dinas Koperasi, Usaha Kecil dan Menengah — Provinsi Kepulauan Riau",Provinsi Kepulauan Riau,"Dinas Koperasi, Usaha Kecil dan Menengah","Kepulauan Riau, Tanjung Pinang (Kota)",PROVINCE,26,205573923,June 2026; May 2026,AUDIO; DESKTOP; IT_HARDWARE,,,,,,,,
"Dinas Koperasi, Usaha Kecil dan Menengah, Perindustrian dan Perdagangan","Dinas Koperasi, Usaha Kecil dan Menengah, Perindustrian dan Perdagangan — Kab. Boalemo",Kab. Boalemo,"Dinas Koperasi, Usaha Kecil dan Menengah, Perindustrian dan Perdagangan","Gorontalo, Boalemo (Kab.)",LOCAL_AGENCY,3,1319707,June 2026; May 2026,IT_HARDWARE,,,,,,,,
"Dinas Koperasi, Usaha Kecil dan Menengah, dan Tenaga Kerja","Dinas Koperasi, Usaha Kecil dan Menengah, dan Tenaga Kerja — Kota Blitar",Kota Blitar,"Dinas Koperasi, Usaha Kecil dan Menengah, dan Tenaga Kerja","Jawa Timur, Blitar (Kota) | Jawa Timur, Blitar (Kota) | Jawa Timur, Blitar (Kota) | Jawa Timur, Blitar (Kota) | Jawa Timur, Blitar (Kota) | Jawa Timur, Blitar (Kota)",LOCAL_AGENCY,2,17930200,May 2026,CCTV; IT_HARDWARE,,,,,,,,
"Dinas Koperasi, Usaha Kecil, Menengah dan Tenaga Kerja","Dinas Koperasi, Usaha Kecil, Menengah dan Tenaga Kerja — Kab. Bangli",Kab. Bangli,"Dinas Koperasi, Usaha Kecil, Menengah dan Tenaga Kerja","Bali, Bangli (Kab.)",LOCAL_AGENCY,1,3450000,May 2026,DESKTOP; IT_HARDWARE,,,,,,,,
"Dinas Koperasi, Usaha Mikro, Kecil dan Menengah","Dinas Koperasi, Usaha Mikro, Kecil dan Menengah — Kab. Pati",Kab. Pati,"Dinas Koperasi, Usaha Mikro, Kecil dan Menengah","Jawa Tengah, Pati (Kab.)",LOCAL_AGENCY,1,220000,June 2026,IT_HARDWARE,,,,,,,,
"Dinas Koperasi, Usaha Mikro, Perdagangan Dan Perindustrian","Dinas Koperasi, Usaha Mikro, Perdagangan Dan Perindustrian — Kab. Probolinggo",Kab. Probolinggo,"Dinas Koperasi, Usaha Mikro, Perdagangan Dan Perindustrian","Jawa Timur, Probolinggo (Kab.)",LOCAL_AGENCY,6,185279100,June 2026,DESKTOP; IT_HARDWARE; OFFICE_FURNITURE,,,,,,,,
Dinas Lingkungan Hidup Dan Perhubungan,Dinas Lingkungan Hidup Dan Perhubungan — Kab. Belu,Kab. Belu,Dinas Lingkungan Hidup Dan Perhubungan,"Nusa Tenggara Timur, Belu (Kab.)",LOCAL_AGENCY,3,28508000,May 2026,IT_HARDWARE,,,,,,,,
Dinas Lingkungan Hidup Kab. Poso,Dinas Lingkungan Hidup Kab. Poso — Kab. Poso,Kab. Poso,Dinas Lingkungan Hidup Kab. Poso,"Sulawesi Tengah, Poso (Kab.)",LOCAL_AGENCY,2,25764000,May 2026,DESKTOP,,,,,,,,
Dinas Lingkungan Hidup dan Kebersihan,Dinas Lingkungan Hidup dan Kebersihan — Kab. Badung,Kab. Badung,Dinas Lingkungan Hidup dan Kebersihan,"Bali, Badung (Kab.)",LOCAL_AGENCY,3,51535200,June 2026; May 2026,CCTV; DESKTOP; IT_HARDWARE; PRINTER,,,,,,,,
Dinas Lingkungan Hidup dan Kehutanan,Dinas Lingkungan Hidup dan Kehutanan — Provinsi Sumatera Utara,Provinsi Sumatera Utara,Dinas Lingkungan Hidup dan Kehutanan,"Sumatera Utara, Padang Sidempuan (Kota)",PROVINCE,23,464324689,June 2026; May 2026,DESKTOP; IT_HARDWARE; NETWORKING; OFFICE_FURNITURE; PRINTER; STORAGE,,,,,,,,
Dinas Lingkungan Hidup dan Persampahan,Dinas Lingkungan Hidup dan Persampahan — Kota Ambon,Kota Ambon,Dinas Lingkungan Hidup dan Persampahan,"Maluku, Ambon (Kota)",LOCAL_AGENCY,2,10000000,June 2026,AUDIO; OFFICE_FURNITURE,,,,,,,,
Dinas Lingkungan Hidup,Dinas Lingkungan Hidup — Kab. Banggai,Kab. Banggai,Dinas Lingkungan Hidup,"Sulawesi Tengah, Banggai (Kab.) | Sulawesi Tengah, Banggai (Kab.) | Sulawesi Tengah, Banggai (Kab.)",LOCAL_AGENCY,75,1564012086,June 2026; May 2026,AUDIO; CAMERA_VIDEO; CCTV; DESKTOP; IT_HARDWARE; LAPTOP; NETWORKING; OFFICE_FURNITURE; PRINTER; SCANNER; STORAGE,,,,,,,,
"Dinas Lingkungan Hidup, Kebersihan dan Pertamanan","Dinas Lingkungan Hidup, Kebersihan dan Pertamanan — Kab. Kepulauan Sula",Kab. Kepulauan Sula,"Dinas Lingkungan Hidup, Kebersihan dan Pertamanan","Maluku Utara, Kepulauan Sula (Kab.)",LOCAL_AGENCY,1,68000000,June 2026,IT_HARDWARE,,,,,,,,
"Dinas Lingkungan Hidup, Perumahan, Kawasan Permukiman, dan Pertanahan","Dinas Lingkungan Hidup, Perumahan, Kawasan Permukiman, dan Pertanahan — Kab. Lampung Timur",Kab. Lampung Timur,"Dinas Lingkungan Hidup, Perumahan, Kawasan Permukiman, dan Pertanahan","Lampung, Lampung Timur (Kab.)",LOCAL_AGENCY,3,3385500,June 2026; May 2026,IT_HARDWARE,,,,,,,,
"Dinas Lingkungan Hidup, Perumahan, dan Kawasan Permukiman","Dinas Lingkungan Hidup, Perumahan, dan Kawasan Permukiman — Kab. Jembrana",Kab. Jembrana,"Dinas Lingkungan Hidup, Perumahan, dan Kawasan Permukiman","Bali, Jembrana (Kab.)",LOCAL_AGENCY,1,20000000,June 2026,DESKTOP,,,,,,,,
Dinas Pangan Tanaman Pangan dan Hortikultura,Dinas Pangan Tanaman Pangan dan Hortikultura — Provinsi Kalimantan Timur,Provinsi Kalimantan Timur,Dinas Pangan Tanaman Pangan dan Hortikultura,"Kalimantan Timur, Samarinda (Kota)",PROVINCE,3,3971744,June 2026; May 2026,PRINTER,,,,,,,,
Dinas Pangan dan Perikanan,Dinas Pangan dan Perikanan — Kab. Tanah Datar,Kab. Tanah Datar,Dinas Pangan dan Perikanan,"Sumatera Barat, Tanah Datar (Kab.)",LOCAL_AGENCY,1,18000000,May 2026,DESKTOP,,,,,,,,
Dinas Pangan dan Pertanian,Dinas Pangan dan Pertanian — Kab. Sidoarjo,Kab. Sidoarjo,Dinas Pangan dan Pertanian,"Jawa Timur, Sidoarjo (Kab.)",LOCAL_AGENCY,1,99900000,May 2026,DESKTOP,,,,,,,,
Dinas Pangan,Dinas Pangan — Aceh,Aceh,Dinas Pangan,"Aceh, Banda Aceh (Kota)",LOCAL_AGENCY,1,255000000,May 2026,DESKTOP,,,,,,,,
"Dinas Pangan, Pertanian, Kelautan dan Perikanan","Dinas Pangan, Pertanian, Kelautan dan Perikanan — Kota Banda Aceh",Kota Banda Aceh,"Dinas Pangan, Pertanian, Kelautan dan Perikanan","Aceh, Banda Aceh (Kota)",LOCAL_AGENCY,4,3116900,June 2026; May 2026,IT_HARDWARE,,,,,,,,
Dinas Pariwisata Dan Kebudayaan,Dinas Pariwisata Dan Kebudayaan — Kab. Belu,Kab. Belu,Dinas Pariwisata Dan Kebudayaan,"Nusa Tenggara Timur, Belu (Kab.)",LOCAL_AGENCY,1,4026500,May 2026,IT_HARDWARE,,,,,,,,
Dinas Pariwisata Pemuda dan Olahraga,Dinas Pariwisata Pemuda dan Olahraga — Kab. Agam,Kab. Agam,Dinas Pariwisata Pemuda dan Olahraga,"Sumatera Barat, Agam (Kab.)",LOCAL_AGENCY,1,9000000,June 2026,OFFICE_FURNITURE,,,,,,,,
Dinas Pariwisata dan Ekonomi Kreatif,Dinas Pariwisata dan Ekonomi Kreatif — Provinsi Nusa Tenggara Timur,Provinsi Nusa Tenggara Timur,Dinas Pariwisata dan Ekonomi Kreatif,"Nusa Tenggara Timur, Kupang (Kota)",PROVINCE,3,13804000,June 2026,OFFICE_FURNITURE; PRINTER,,,,,,,,
Dinas Pariwisata dan Kebudayaan,Dinas Pariwisata dan Kebudayaan — Kota Jambi,Kota Jambi,Dinas Pariwisata dan Kebudayaan,"Jambi, Jambi (Kota)",LOCAL_AGENCY,15,1357118496,June 2026; May 2026,AUDIO; DESKTOP; IT_HARDWARE; OFFICE_FURNITURE; PRINTER; UPS,,,,,,,,
Dinas Pariwisata,Dinas Pariwisata — Provinsi Kalimantan Utara,Provinsi Kalimantan Utara,Dinas Pariwisata,"Kalimantan Utara, Bulungan (Kab.)",PROVINCE,17,365798780,June 2026; May 2026,AUDIO; CAMERA_VIDEO; DESKTOP; IT_HARDWARE; NETWORKING; OFFICE_FURNITURE,,,,,,,,
"Dinas Pariwisata, Ekonomi Kreatif, Pemuda, dan Olahraga","Dinas Pariwisata, Ekonomi Kreatif, Pemuda, dan Olahraga — Kab. Gunungkidul",Kab. Gunungkidul,"Dinas Pariwisata, Ekonomi Kreatif, Pemuda, dan Olahraga","DI Yogyakarta, Gunung Kidul (Kab.)",LOCAL_AGENCY,3,211500000,June 2026; May 2026,CCTV,,,,,,,,
"Dinas Pariwisata, Kebudayaan, Kepemudaan dan Olah Raga","Dinas Pariwisata, Kebudayaan, Kepemudaan dan Olah Raga — Kab. Sumedang",Kab. Sumedang,"Dinas Pariwisata, Kebudayaan, Kepemudaan dan Olah Raga","Jawa Barat, Sumedang (Kab.)",LOCAL_AGENCY,1,23383500,May 2026,AUDIO,,,,,,,,
"Dinas Pariwisata, Kebudayaan, Kepemudaan dan Olahraga","Dinas Pariwisata, Kebudayaan, Kepemudaan dan Olahraga — Kota Pekalongan",Kota Pekalongan,"Dinas Pariwisata, Kebudayaan, Kepemudaan dan Olahraga","Jawa Tengah, Pekalongan (Kota)",LOCAL_AGENCY,1,27794000,June 2026,OFFICE_FURNITURE,,,,,,,,
"Dinas Pariwisata, Pemuda dan Olah Raga","Dinas Pariwisata, Pemuda dan Olah Raga — Kab. Tanah Datar",Kab. Tanah Datar,"Dinas Pariwisata, Pemuda dan Olah Raga","Sumatera Barat, Tanah Datar (Kab.)",LOCAL_AGENCY,2,305000000,May 2026,AUDIO; OFFICE_FURNITURE,,,,,,,,
Dinas Pekerjaan Umum Dan Penataan Ruang,Dinas Pekerjaan Umum Dan Penataan Ruang — Kab. Garut,Kab. Garut,Dinas Pekerjaan Umum Dan Penataan Ruang,"Jawa Barat, Garut (Kab.)",LOCAL_AGENCY,1,63664700,May 2026,IT_HARDWARE,,,,,,,,
Dinas Pekerjaan Umum Sumber Daya Air,Dinas Pekerjaan Umum Sumber Daya Air — Kab. Bojonegoro,Kab. Bojonegoro,Dinas Pekerjaan Umum Sumber Daya Air,"Jawa Timur, Bojonegoro (Kab.)",LOCAL_AGENCY,1,18237000,May 2026,IT_HARDWARE,,,,,,,,
Dinas Pekerjaan Umum dan Penataan Ruang Kab. Bungo,Dinas Pekerjaan Umum dan Penataan Ruang Kab. Bungo — Kab. Bungo,Kab. Bungo,Dinas Pekerjaan Umum dan Penataan Ruang Kab. Bungo,"Jambi, Bungo (Kab.)",LOCAL_AGENCY,2,36000000,May 2026,IT_HARDWARE,,,,,,,,
Dinas Pekerjaan Umum dan Penataan Ruang,Dinas Pekerjaan Umum dan Penataan Ruang — Provinsi Banten,Provinsi Banten,Dinas Pekerjaan Umum dan Penataan Ruang,"Banten, Serang (Kota)",PROVINCE,49,4386784016,June 2026; May 2026,AUDIO; CAMERA_VIDEO; CCTV; DESKTOP; IT_HARDWARE; LAPTOP; OFFICE_FURNITURE; PRINTER; SCANNER,,,,,,,,
"Dinas Pekerjaan Umum dan Penataan Ruang, Perumahan dan Kawasan Pemukiman","Dinas Pekerjaan Umum dan Penataan Ruang, Perumahan dan Kawasan Pemukiman — Kab. Mahakam Ulu",Kab. Mahakam Ulu,"Dinas Pekerjaan Umum dan Penataan Ruang, Perumahan dan Kawasan Pemukiman","Kalimantan Timur, Mahakam Ulu (Kab.)",LOCAL_AGENCY,1,17932792,May 2026,IT_HARDWARE,,,,,,,,
"Dinas Pekerjaan Umum dan Penataan Ruang, Perumahan dan Kawasan Permukiman","Dinas Pekerjaan Umum dan Penataan Ruang, Perumahan dan Kawasan Permukiman — Kab. Lombok Utara",Kab. Lombok Utara,"Dinas Pekerjaan Umum dan Penataan Ruang, Perumahan dan Kawasan Permukiman","Nusa Tenggara Barat, Lombok Utara (Kab.)",LOCAL_AGENCY,3,184105760,May 2026,IT_HARDWARE; LAPTOP; PRINTER,,,,,,,,
Dinas Pekerjaan Umum dan Penataan ruang,Dinas Pekerjaan Umum dan Penataan ruang — Kab. Ogan Ilir,Kab. Ogan Ilir,Dinas Pekerjaan Umum dan Penataan ruang,"Sumatera Selatan, Ogan Ilir (Kab.)",LOCAL_AGENCY,1,20980000,May 2026,CCTV,,,,,,,,
Dinas Pekerjaan Umum dan Perumahan Rakyat,Dinas Pekerjaan Umum dan Perumahan Rakyat — Kab. Aceh Barat Daya,Kab. Aceh Barat Daya,Dinas Pekerjaan Umum dan Perumahan Rakyat,"Aceh, Aceh Barat Daya (Kab.)",LOCAL_AGENCY,5,200944536,June 2026; May 2026,IT_HARDWARE; LAPTOP; PRINTER,,,,,,,,
Dinas Pekerjaan Umum dan penataan ruang,Dinas Pekerjaan Umum dan penataan ruang — Kab. Wonosobo,Kab. Wonosobo,Dinas Pekerjaan Umum dan penataan ruang,"Jawa Tengah, Wonosobo (Kab.)",LOCAL_AGENCY,1,42800000,May 2026,IT_HARDWARE,,,,,,,,
Dinas Pekerjaan Umum,Dinas Pekerjaan Umum — Kab. Sragen,Kab. Sragen,Dinas Pekerjaan Umum,"Jawa Tengah, Sragen (Kab.)",LOCAL_AGENCY,3,314093000,May 2026,CCTV; IT_HARDWARE,,,,,,,,
"Dinas Pekerjaan Umum, Penataan Ruang, Perumahan dan Kawasan Permukiman","Dinas Pekerjaan Umum, Penataan Ruang, Perumahan dan Kawasan Permukiman — Kab. Kepulauan Yapen",Kab. Kepulauan Yapen,"Dinas Pekerjaan Umum, Penataan Ruang, Perumahan dan Kawasan Permukiman","Papua, Jayapura (Kota)",LOCAL_AGENCY,2,520000000,May 2026,OFFICE_FURNITURE; PRINTER,,,,,,,,
"Dinas Pekerjaan Umum, Penataan Ruang, dan Perhubungan","Dinas Pekerjaan Umum, Penataan Ruang, dan Perhubungan — Kab. Jembrana",Kab. Jembrana,"Dinas Pekerjaan Umum, Penataan Ruang, dan Perhubungan","Bali, Jembrana (Kab.)",LOCAL_AGENCY,1,16000000,May 2026,OFFICE_FURNITURE,,,,,,,,
"Dinas Pekerjaan Umum, Perumahan dan Kawasan Pemukiman","Dinas Pekerjaan Umum, Perumahan dan Kawasan Pemukiman — Kab. Bantul",Kab. Bantul,"Dinas Pekerjaan Umum, Perumahan dan Kawasan Pemukiman","DI Yogyakarta, Bantul (Kab.)",LOCAL_AGENCY,4,9382000,June 2026; May 2026,AUDIO; IT_HARDWARE; OFFICE_FURNITURE,,,,,,,,
Dinas Pemadam Kebakaran Dan Penyelamatan,Dinas Pemadam Kebakaran Dan Penyelamatan — Kab. Luwu Timur,Kab. Luwu Timur,Dinas Pemadam Kebakaran Dan Penyelamatan,"Sulawesi Selatan, Luwu Timur (Kab.)",LOCAL_AGENCY,2,240375000,May 2026,IT_HARDWARE,,,,,,,,
Dinas Pemadam Kebakaran dan Penyelamatan Kota Banjarmasin,Dinas Pemadam Kebakaran dan Penyelamatan Kota Banjarmasin — Kota Banjarmasin,Kota Banjarmasin,Dinas Pemadam Kebakaran dan Penyelamatan Kota Banjarmasin,"Kalimantan Selatan, Banjarmasin (Kota)",LOCAL_AGENCY,2,70706000,June 2026,DESKTOP,,,,,,,,
Dinas Pemadam Kebakaran dan Penyelamatan,Dinas Pemadam Kebakaran dan Penyelamatan — Kab. Ogan Komering Ulu Selatan,Kab. Ogan Komering Ulu Selatan,Dinas Pemadam Kebakaran dan Penyelamatan,"Sumatera Selatan, Ogan Komering Ulu Selatan (Kab.)",LOCAL_AGENCY,21,1123040270,June 2026; May 2026,AUDIO; CAMERA_VIDEO; DESKTOP; IT_HARDWARE; OFFICE_FURNITURE; PRINTER,,,,,,,,
Dinas Pemadam Kebakaran,Dinas Pemadam Kebakaran — Kota Makassar,Kota Makassar,Dinas Pemadam Kebakaran,"Sulawesi Selatan, Makassar (Kota)",LOCAL_AGENCY,2,36800000,May 2026,DESKTOP; IT_HARDWARE,,,,,,,,
Dinas Pemberdayaan Masyarakat Dan Desa,Dinas Pemberdayaan Masyarakat Dan Desa — Kab. Lamongan,Kab. Lamongan,Dinas Pemberdayaan Masyarakat Dan Desa,"Jawa Timur, Lamongan (Kab.)",LOCAL_AGENCY,17,217830620,June 2026; May 2026,AUDIO; DESKTOP; IT_HARDWARE; OFFICE_FURNITURE,,,,,,,,
"Dinas Pemberdayaan Masyarakat Desa, Pemberdayaan Perempuan dan Perlindungan Anak","Dinas Pemberdayaan Masyarakat Desa, Pemberdayaan Perempuan dan Perlindungan Anak — Kab. Kupang",Kab. Kupang,"Dinas Pemberdayaan Masyarakat Desa, Pemberdayaan Perempuan dan Perlindungan Anak","Nusa Tenggara Timur, Kupang (Kab.)",LOCAL_AGENCY,9,74910200,May 2026,AUDIO; IT_HARDWARE,,,,,,,,
Dinas Pemberdayaan Masyarakat dan Desa,Dinas Pemberdayaan Masyarakat dan Desa — Kab. Sukoharjo,Kab. Sukoharjo,Dinas Pemberdayaan Masyarakat dan Desa,"Jawa Tengah, Sukoharjo (Kab.)",LOCAL_AGENCY,14,491155926,June 2026; May 2026,DESKTOP; IT_HARDWARE; LAPTOP,,,,,,,,
"Dinas Pemberdayaan Masyarakat dan Desa, Kependudukan dan Pencatatan Sipil","Dinas Pemberdayaan Masyarakat dan Desa, Kependudukan dan Pencatatan Sipil — Provinsi Kepulauan Riau",Provinsi Kepulauan Riau,"Dinas Pemberdayaan Masyarakat dan Desa, Kependudukan dan Pencatatan Sipil","Kepulauan Riau, Tanjung Pinang (Kota)",PROVINCE,3,4039600,June 2026; May 2026,IT_HARDWARE,,,,,,,,
"Dinas Pemberdayaan Masyarakat dan Desa, Pengendalian Penduduk dan Keluarga Berencana","Dinas Pemberdayaan Masyarakat dan Desa, Pengendalian Penduduk dan Keluarga Berencana — Kab. Klungkung",Kab. Klungkung,"Dinas Pemberdayaan Masyarakat dan Desa, Pengendalian Penduduk dan Keluarga Berencana","Bali, Klungkung (Kab.)",LOCAL_AGENCY,3,32332500,May 2026,DESKTOP; IT_HARDWARE; LAPTOP; OFFICE_FURNITURE,,,,,,,,
Dinas Pemberdayaan Masyarakat dan Kampung,Dinas Pemberdayaan Masyarakat dan Kampung — Kab. Sorong,Kab. Sorong,Dinas Pemberdayaan Masyarakat dan Kampung,"Papua Barat Daya, Sorong (Kab.)",LOCAL_AGENCY,9,165678520,May 2026,DESKTOP; IT_HARDWARE; LAPTOP; OFFICE_FURNITURE; PRINTER; UPS,,,,,,,,
Dinas Pemberdayaan Masyarakat dan Pemerintahan Desa,Dinas Pemberdayaan Masyarakat dan Pemerintahan Desa — Kab. Pemalang,Kab. Pemalang,Dinas Pemberdayaan Masyarakat dan Pemerintahan Desa,"Jawa Tengah, Pemalang (Kab.)",LOCAL_AGENCY,6,132803860,May 2026,AUDIO; DESKTOP; IT_HARDWARE; OFFICE_FURNITURE,,,,,,,,
"Dinas Pemberdayaan Masyarakat, Perempuan dan Perlindungan Anak","Dinas Pemberdayaan Masyarakat, Perempuan dan Perlindungan Anak — Kota Jambi",Kota Jambi,"Dinas Pemberdayaan Masyarakat, Perempuan dan Perlindungan Anak","Jambi, Jambi (Kota)",LOCAL_AGENCY,3,79438679,June 2026; May 2026,AUDIO; OFFICE_FURNITURE,,,,,,,,
"Dinas Pemberdayaan Perempuan , Perlindungan Anak dan Keluarga Berencana","Dinas Pemberdayaan Perempuan , Perlindungan Anak dan Keluarga Berencana — Kab. Semarang",Kab. Semarang,"Dinas Pemberdayaan Perempuan , Perlindungan Anak dan Keluarga Berencana","Jawa Tengah, Semarang (Kab.)",LOCAL_AGENCY,1,3628000,June 2026,OFFICE_FURNITURE,,,,,,,,
Dinas Pemberdayaan Perempuan Dan Perlindungan Anak,Dinas Pemberdayaan Perempuan Dan Perlindungan Anak — Kota Bekasi,Kota Bekasi,Dinas Pemberdayaan Perempuan Dan Perlindungan Anak,"Jawa Barat, Bekasi (Kota)",LOCAL_AGENCY,1,7276000,May 2026,OFFICE_FURNITURE,,,,,,,,
Dinas Pemberdayaan Perempuan dan Perlindungan Anak Kota Banjarmasin,Dinas Pemberdayaan Perempuan dan Perlindungan Anak Kota Banjarmasin — Kota Banjarmasin,Kota Banjarmasin,Dinas Pemberdayaan Perempuan dan Perlindungan Anak Kota Banjarmasin,"Kalimantan Selatan, Banjarmasin (Kota) | Kalimantan Selatan, Banjarmasin (Kota)",LOCAL_AGENCY,1,29850000,May 2026,OFFICE_FURNITURE,,,,,,,,
Dinas Pemberdayaan Perempuan dan Perlindungan Anak dan Pengendalian Penduduk dan Keluarga Berencana,Dinas Pemberdayaan Perempuan dan Perlindungan Anak dan Pengendalian Penduduk dan Keluarga Berencana — Kab. Pekalongan,Kab. Pekalongan,Dinas Pemberdayaan Perempuan dan Perlindungan Anak dan Pengendalian Penduduk dan Keluarga Berencana,"Jawa Tengah, Pekalongan (Kab.)",LOCAL_AGENCY,1,99585000,June 2026,OFFICE_FURNITURE,,,,,,,,
Dinas Pemberdayaan Perempuan dan Perlindungan Anak serta Pengendalian Penduduk dan Keluarga Berencana,Dinas Pemberdayaan Perempuan dan Perlindungan Anak serta Pengendalian Penduduk dan Keluarga Berencana — Kab. Keerom,Kab. Keerom,Dinas Pemberdayaan Perempuan dan Perlindungan Anak serta Pengendalian Penduduk dan Keluarga Berencana,"Papua, Keerom (Kab.)",LOCAL_AGENCY,3,57574800,May 2026,DESKTOP; IT_HARDWARE; OFFICE_FURNITURE,,,,,,,,
Dinas Pemberdayaan Perempuan dan Perlindungan Anak,Dinas Pemberdayaan Perempuan dan Perlindungan Anak — Kota Makassar,Kota Makassar,Dinas Pemberdayaan Perempuan dan Perlindungan Anak,"Sulawesi Selatan, Makassar (Kota)",LOCAL_AGENCY,19,236350468,June 2026; May 2026,CCTV; DESKTOP; IT_HARDWARE; LAPTOP; NETWORKING; OFFICE_FURNITURE; PRINTER,,,,,,,,
"Dinas Pemberdayaan Perempuan dan Perlindungan Anak, Pengendalian Penduduk dan Keluarga Berencana","Dinas Pemberdayaan Perempuan dan Perlindungan Anak, Pengendalian Penduduk dan Keluarga Berencana — Kab. Gianyar",Kab. Gianyar,"Dinas Pemberdayaan Perempuan dan Perlindungan Anak, Pengendalian Penduduk dan Keluarga Berencana","Bali, Gianyar (Kab.)",LOCAL_AGENCY,1,42000000,June 2026,NETWORKING,,,,,,,,
"Dinas Pemberdayaan Perempuan, Perlindungan Anak dan Keluarga Berencana","Dinas Pemberdayaan Perempuan, Perlindungan Anak dan Keluarga Berencana — Kab. Asmat",Kab. Asmat,"Dinas Pemberdayaan Perempuan, Perlindungan Anak dan Keluarga Berencana","Papua Selatan, Asmat (Kab.)",EDUCATION,3,9579408,June 2026; May 2026,CAMERA_VIDEO; IT_HARDWARE,,,,,,,,
"Dinas Pemberdayaan Perempuan, Perlindungan Anak, Pengendalian Penduduk dan KB","Dinas Pemberdayaan Perempuan, Perlindungan Anak, Pengendalian Penduduk dan KB — Kab. Mimika",Kab. Mimika,"Dinas Pemberdayaan Perempuan, Perlindungan Anak, Pengendalian Penduduk dan KB","Papua Tengah, Mimika (Kab.)",LOCAL_AGENCY,1,26578895,June 2026,IT_HARDWARE,,,,,,,,
"Dinas Pemberdayaan Perempuan, Perlindungan Anak, Pengendalian Penduduk dan Keluarga Berencana","Dinas Pemberdayaan Perempuan, Perlindungan Anak, Pengendalian Penduduk dan Keluarga Berencana — Kab. Tanggamus",Kab. Tanggamus,"Dinas Pemberdayaan Perempuan, Perlindungan Anak, Pengendalian Penduduk dan Keluarga Berencana","Lampung, Tanggamus (Kab.)",LOCAL_AGENCY,7,70625806,June 2026; May 2026,AUDIO; DESKTOP; IT_HARDWARE; OFFICE_FURNITURE,,,,,,,,
Dinas Pemberdayan Masyarakat dan Kampung,Dinas Pemberdayan Masyarakat dan Kampung — Kab. Kaimana,Kab. Kaimana,Dinas Pemberdayan Masyarakat dan Kampung,"Papua Barat, Kaimana (Kab.)",LOCAL_AGENCY,1,11141000,May 2026,IT_HARDWARE,,,,,,,,
Dinas Pemuda dan Olahraga,Dinas Pemuda dan Olahraga — Kota Medan,Kota Medan,Dinas Pemuda dan Olahraga,"Sumatera Utara, Medan (Kota)",LOCAL_AGENCY,32,5144117203,June 2026; May 2026,AUDIO; CAMERA_VIDEO; DESKTOP; IT_HARDWARE; LAPTOP; NETWORKING; OFFICE_FURNITURE,,,,,,,,
"Dinas Pemuda, Olah Raga, dan Pariwisata","Dinas Pemuda, Olah Raga, dan Pariwisata — Kota Bontang",Kota Bontang,"Dinas Pemuda, Olah Raga, dan Pariwisata","Kalimantan Timur, Bontang (Kota)",LOCAL_AGENCY,18,476184200,June 2026; May 2026,AUDIO; CAMERA_VIDEO; DESKTOP; IT_HARDWARE; OFFICE_FURNITURE,,,,,,,,
Dinas Penanaman Modal Dan Pelayanan Terpadu Satu Pintu,Dinas Penanaman Modal Dan Pelayanan Terpadu Satu Pintu — Kota Bekasi,Kota Bekasi,Dinas Penanaman Modal Dan Pelayanan Terpadu Satu Pintu,"Jawa Barat, Bekasi (Kota)",LOCAL_AGENCY,4,289328300,June 2026,IT_HARDWARE,,,,,,,,
Dinas Penanaman Modal Pelayanan Terpadu Satu Pintu Kota Banjarmasin,Dinas Penanaman Modal Pelayanan Terpadu Satu Pintu Kota Banjarmasin — Kota Banjarmasin,Kota Banjarmasin,Dinas Penanaman Modal Pelayanan Terpadu Satu Pintu Kota Banjarmasin,"Kalimantan Selatan, Banjarmasin (Kota)",LOCAL_AGENCY,2,52876500,May 2026,IT_HARDWARE; OFFICE_FURNITURE,,,,,,,,
Dinas Penanaman Modal Pelayanan Terpadu Satu Pintu,Dinas Penanaman Modal Pelayanan Terpadu Satu Pintu — Kab. Takalar,Kab. Takalar,Dinas Penanaman Modal Pelayanan Terpadu Satu Pintu,"Sulawesi Selatan, Takalar (Kab.)",LOCAL_AGENCY,3,68997000,May 2026,IT_HARDWARE; PRINTER; SCANNER,,,,,,,,
Dinas Penanaman Modal dan PTSP,Dinas Penanaman Modal dan PTSP — Provinsi Kepulauan Riau,Provinsi Kepulauan Riau,Dinas Penanaman Modal dan PTSP,"Kepulauan Riau, Tanjung Pinang (Kota)",PROVINCE,7,445128482,June 2026; May 2026,AUDIO; DESKTOP; IT_HARDWARE; OFFICE_FURNITURE,,,,,,,,
Dinas Penanaman Modal dan Pelayanan Perizinan Terpadu Satu Pintu,Dinas Penanaman Modal dan Pelayanan Perizinan Terpadu Satu Pintu — Kab. Lampung Selatan,Kab. Lampung Selatan,Dinas Penanaman Modal dan Pelayanan Perizinan Terpadu Satu Pintu,"Lampung, Lampung Selatan (Kab.)",LOCAL_AGENCY,3,11138600,June 2026; May 2026,IT_HARDWARE; NETWORKING,,,,,,,,
Dinas Penanaman Modal dan Pelayanan Terpadu Satu Pintu,Dinas Penanaman Modal dan Pelayanan Terpadu Satu Pintu — Kota Ambon,Kota Ambon,Dinas Penanaman Modal dan Pelayanan Terpadu Satu Pintu,"Maluku, Ambon (Kota)",LOCAL_AGENCY,33,807868133,June 2026; May 2026,DESKTOP; IT_HARDWARE; LAPTOP; NETWORKING; OFFICE_FURNITURE; UPS,,,,,,,,
Dinas Penanaman Modal dan Perizinan Terpadu Satu Pintu,Dinas Penanaman Modal dan Perizinan Terpadu Satu Pintu — Kota Jambi,Kota Jambi,Dinas Penanaman Modal dan Perizinan Terpadu Satu Pintu,"Jambi, Jambi (Kota)",LOCAL_AGENCY,1,10000000,May 2026,AUDIO,,,,,,,,
"Dinas Penanaman Modal, Pelayanan Perizinan Terpadu Satu Pintu, Koperasi, Usaha Kecil dan Menengah","Dinas Penanaman Modal, Pelayanan Perizinan Terpadu Satu Pintu, Koperasi, Usaha Kecil dan Menengah — Kab. Bangka",Kab. Bangka,"Dinas Penanaman Modal, Pelayanan Perizinan Terpadu Satu Pintu, Koperasi, Usaha Kecil dan Menengah","Kep. Bangka Belitung, Bangka (Kab.) | Kep. Bangka Belitung, Bangka (Kab.) | Kep. Bangka Belitung, Bangka (Kab.)",LOCAL_AGENCY,1,25493650,May 2026,IT_HARDWARE,,,,,,,,
"Dinas Penanaman Modal, Pelayanan Terpadu Satu Pintu","Dinas Penanaman Modal, Pelayanan Terpadu Satu Pintu — Kab. Tanah Datar",Kab. Tanah Datar,"Dinas Penanaman Modal, Pelayanan Terpadu Satu Pintu","Sumatera Barat, Tanah Datar (Kab.)",LOCAL_AGENCY,1,49500000,May 2026,DESKTOP,,,,,,,,
"Dinas Penanaman Modal, Pelayanan Terpadu Satu Pintu, dan Tenaga Kerja","Dinas Penanaman Modal, Pelayanan Terpadu Satu Pintu, dan Tenaga Kerja — Kab. Bondowoso",Kab. Bondowoso,"Dinas Penanaman Modal, Pelayanan Terpadu Satu Pintu, dan Tenaga Kerja","Jawa Timur, Bondowoso (Kab.)",LOCAL_AGENCY,3,80900,May 2026,IT_HARDWARE,,,,,,,,
Dinas Pendidikan Daerah Provinsi Sulawesi Tengah,Dinas Pendidikan Daerah Provinsi Sulawesi Tengah — Provinsi Sulawesi Tengah,Provinsi Sulawesi Tengah,Dinas Pendidikan Daerah Provinsi Sulawesi Tengah,"Sulawesi Tengah, Palu (Kota)",PROVINCE,2,2480564000,June 2026; May 2026,NETWORKING; OFFICE_FURNITURE,,,,,,,,
Dinas Pendidikan Dan Kebudayaan,Dinas Pendidikan Dan Kebudayaan — Kab. Luwu Timur,Kab. Luwu Timur,Dinas Pendidikan Dan Kebudayaan,"Sulawesi Selatan, Luwu Timur (Kab.) | Sulawesi Selatan, Luwu Timur (Kab.) | Sulawesi Selatan, Luwu Timur (Kab.)",EDUCATION,1,87000000,May 2026,OFFICE_FURNITURE,,,,,,,,
Dinas Pendidikan Dayah,Dinas Pendidikan Dayah — Kota Banda Aceh,Kota Banda Aceh,Dinas Pendidikan Dayah,"Aceh, Banda Aceh (Kota)",EDUCATION,4,263885000,June 2026; May 2026,IT_HARDWARE; OFFICE_FURNITURE; PRINTER,,,,,,,,
Dinas Pendidikan Kepemudaan dan Olahraga,Dinas Pendidikan Kepemudaan dan Olahraga — Kab. Rote Ndao,Kab. Rote Ndao,Dinas Pendidikan Kepemudaan dan Olahraga,"Nusa Tenggara Timur, Rote Ndao (Kota)",EDUCATION,5,223350000,June 2026,DESKTOP; OFFICE_FURNITURE,,,,,,,,
Dinas Pendidikan Kota Banjarmasin,Dinas Pendidikan Kota Banjarmasin — Kota Banjarmasin,Kota Banjarmasin,Dinas Pendidikan Kota Banjarmasin,"Kalimantan Selatan, Banjarmasin (Kota) | Kalimantan Selatan, Banjarmasin (Kota)",EDUCATION,3,4024288000,June 2026; May 2026,AUDIO; OFFICE_FURNITURE,,,,,,,,
Dinas Pendidikan Pemuda dan Olahraga,Dinas Pendidikan Pemuda dan Olahraga — Kab. Buleleng,Kab. Buleleng,Dinas Pendidikan Pemuda dan Olahraga,"Bali, Buleleng (Kab.)",EDUCATION,23,9198383865,May 2026,AUDIO; DESKTOP; IT_HARDWARE; OFFICE_FURNITURE; UPS,,,,,,,,
Dinas Pendidikan dan Kebudayaan Kab. Bungo,Dinas Pendidikan dan Kebudayaan Kab. Bungo — Kab. Bungo,Kab. Bungo,Dinas Pendidikan dan Kebudayaan Kab. Bungo,"Jambi, Bungo (Kab.)",EDUCATION,1,914000,May 2026,IT_HARDWARE,,,,,,,,
Dinas Pendidikan dan Kebudayaan,Dinas Pendidikan dan Kebudayaan — Kota Medan,Kota Medan,Dinas Pendidikan dan Kebudayaan,"Sumatera Utara, Medan (Kota)",EDUCATION,197,20075605107,June 2026; May 2026,AUDIO; CAMERA_VIDEO; DESKTOP; IT_HARDWARE; LAPTOP; NETWORKING; OFFICE_FURNITURE; PRINTER; STORAGE,,,,,,,,
Dinas Pendidikan dan Kebudayan,Dinas Pendidikan dan Kebudayan — Kab. Kutai Barat,Kab. Kutai Barat,Dinas Pendidikan dan Kebudayan,"Kalimantan Timur, Kutai Barat (Kab.)",EDUCATION,2,45616500,June 2026,DESKTOP; IT_HARDWARE; NETWORKING,,,,,,,,
Dinas Pendidikan,Dinas Pendidikan — Kota Payakumbuh,Kota Payakumbuh,Dinas Pendidikan,"Sumatera Barat, Payakumbuh (Kota)",EDUCATION,195,65361167983,June 2026; May 2026,AUDIO; CAMERA_VIDEO; CCTV; DESKTOP; IT_HARDWARE; LAPTOP; NETWORKING; OFFICE_FURNITURE; PRINTER; SCANNER; SERVER,,,,,,,,
"Dinas Pendidikan, Kebudayaan, Kepemudaan dan Olahraga","Dinas Pendidikan, Kebudayaan, Kepemudaan dan Olahraga — Kab. Semarang",Kab. Semarang,"Dinas Pendidikan, Kebudayaan, Kepemudaan dan Olahraga","Jawa Tengah, Semarang (Kab.)",EDUCATION,7,15219000,June 2026; May 2026,IT_HARDWARE; OFFICE_FURNITURE,,,,,,,,
"Dinas Pendidikan, Kebudayaan, Pemuda dan Olahraga","Dinas Pendidikan, Kebudayaan, Pemuda dan Olahraga — Kab. Seram Bagian Timur",Kab. Seram Bagian Timur,"Dinas Pendidikan, Kebudayaan, Pemuda dan Olahraga","Maluku, Seram Bagian Timur (Kab.)",EDUCATION,2,7050000,June 2026,AUDIO; OFFICE_FURNITURE,,,,,,,,
"Dinas Pendidikan, Kepemudaan dan Olah Raga","Dinas Pendidikan, Kepemudaan dan Olah Raga — Kab. Badung",Kab. Badung,"Dinas Pendidikan, Kepemudaan dan Olah Raga","Bali, Badung (Kab.)",EDUCATION,8,201045260,June 2026; May 2026,DESKTOP; IT_HARDWARE; OFFICE_FURNITURE,,,,,,,,
"Dinas Pendidikan, Kepemudaan dan Olahraga","Dinas Pendidikan, Kepemudaan dan Olahraga — Provinsi Bali",Provinsi Bali,"Dinas Pendidikan, Kepemudaan dan Olahraga","Bali, Denpasar (Kota)",PROVINCE,21,731269650,June 2026; May 2026,AUDIO; DESKTOP; IT_HARDWARE; LAPTOP; OFFICE_FURNITURE,,,,,,,,
"Dinas Pendidikan, Pemuda dan Olahraga","Dinas Pendidikan, Pemuda dan Olahraga — Provinsi Nusa Tenggara Barat",Provinsi Nusa Tenggara Barat,"Dinas Pendidikan, Pemuda dan Olahraga","Nusa Tenggara Barat, Lombok Utara (Kab.)",PROVINCE,11,2813491000,June 2026; May 2026,AUDIO; DESKTOP; IT_HARDWARE; NETWORKING; OFFICE_FURNITURE,,,,,,,,
"Dinas Pendidikan, Pemuda, Olahraga, dan Pariwisata","Dinas Pendidikan, Pemuda, Olahraga, dan Pariwisata — Kab. Mempawah",Kab. Mempawah,"Dinas Pendidikan, Pemuda, Olahraga, dan Pariwisata","Kalimantan Barat, Mempawah (Kab.)",EDUCATION,2,1639700,May 2026,IT_HARDWARE,,,,,,,,
Dinas Pengelolaan Sumber Daya Air,Dinas Pengelolaan Sumber Daya Air — Kab. Cilacap,Kab. Cilacap,Dinas Pengelolaan Sumber Daya Air,"Jawa Tengah, Cilacap (Kab.)",LOCAL_AGENCY,1,20833000,June 2026,OFFICE_FURNITURE,,,,,,,,
Dinas Pengendalian Penduduk Dan Keluarga Berencana,Dinas Pengendalian Penduduk Dan Keluarga Berencana — Kota Bekasi,Kota Bekasi,Dinas Pengendalian Penduduk Dan Keluarga Berencana,"Jawa Barat, Bekasi (Kota)",LOCAL_AGENCY,2,84080000,June 2026,OFFICE_FURNITURE,,,,,,,,
Dinas Pengendalian Penduduk Keluarga Berencana Dan Pemberdayaan Masyarakat kota Banjarmasin,Dinas Pengendalian Penduduk Keluarga Berencana Dan Pemberdayaan Masyarakat kota Banjarmasin — Kota Banjarmasin,Kota Banjarmasin,Dinas Pengendalian Penduduk Keluarga Berencana Dan Pemberdayaan Masyarakat kota Banjarmasin,"Kalimantan Selatan, Banjarmasin (Kota)",LOCAL_AGENCY,1,6900000,June 2026,DESKTOP; IT_HARDWARE,,,,,,,,
Dinas Pengendalian Penduduk dan Keluarga Berencana,Dinas Pengendalian Penduduk dan Keluarga Berencana — Kab. Tangerang,Kab. Tangerang,Dinas Pengendalian Penduduk dan Keluarga Berencana,"Banten, Tangerang (Kab.)",LOCAL_AGENCY,1,106738000,June 2026,OFFICE_FURNITURE,,,,,,,,
"Dinas Pengendalian Penduduk, KB, Pemberdayaan Perempuan dan Perlindungan Anak","Dinas Pengendalian Penduduk, KB, Pemberdayaan Perempuan dan Perlindungan Anak — Kota Gorontalo",Kota Gorontalo,"Dinas Pengendalian Penduduk, KB, Pemberdayaan Perempuan dan Perlindungan Anak","Gorontalo, Gorontalo (Kota)",LOCAL_AGENCY,1,1512600,June 2026,IT_HARDWARE,,,,,,,,
"Dinas Pengendalian Penduduk, Keluarga Berencana, Pemberdayaan Perempuan dan Perlindungan Anak","Dinas Pengendalian Penduduk, Keluarga Berencana, Pemberdayaan Perempuan dan Perlindungan Anak — Kab. Badung",Kab. Badung,"Dinas Pengendalian Penduduk, Keluarga Berencana, Pemberdayaan Perempuan dan Perlindungan Anak","Bali, Badung (Kab.)",LOCAL_AGENCY,2,1817300,June 2026; May 2026,IT_HARDWARE,,,,,,,,
Dinas Perdagangan Dan Perindustrian Kota Banjarmasin,Dinas Perdagangan Dan Perindustrian Kota Banjarmasin — Kota Banjarmasin,Kota Banjarmasin,Dinas Perdagangan Dan Perindustrian Kota Banjarmasin,"Kalimantan Selatan, Banjarmasin (Kota)",LOCAL_AGENCY,3,100000000,May 2026,AUDIO; OFFICE_FURNITURE,,,,,,,,
Dinas Perdagangan dan Perindustrian,Dinas Perdagangan dan Perindustrian — Kab. Musi Banyuasin,Kab. Musi Banyuasin,Dinas Perdagangan dan Perindustrian,"Sumatera Selatan, Musi Banyu Asin (Kab.)",LOCAL_AGENCY,13,177984568,June 2026; May 2026,AUDIO; CAMERA_VIDEO; DESKTOP; IT_HARDWARE; NETWORKING; OFFICE_FURNITURE,,,,,,,,
Dinas Perdagangan dan Tenaga Kerja,Dinas Perdagangan dan Tenaga Kerja — Kab. Gunungkidul,Kab. Gunungkidul,Dinas Perdagangan dan Tenaga Kerja,"DI Yogyakarta, Gunung Kidul (Kab.)",LOCAL_AGENCY,3,25297500,June 2026; May 2026,AUDIO; IT_HARDWARE; OFFICE_FURNITURE,,,,,,,,
Dinas Perdagangan,Dinas Perdagangan — Kab. Ogan Komering Ilir,Kab. Ogan Komering Ilir,Dinas Perdagangan,"Sumatera Selatan, Ogan Komering Ilir (Kab.)",LOCAL_AGENCY,10,117287520,June 2026; May 2026,AUDIO; CCTV; IT_HARDWARE; OFFICE_FURNITURE; UPS,,,,,,,,
"Dinas Perdagangan, Koperasi, UKM Dan Perindustrian","Dinas Perdagangan, Koperasi, UKM Dan Perindustrian — Kab. Luwu Timur",Kab. Luwu Timur,"Dinas Perdagangan, Koperasi, UKM Dan Perindustrian","Sulawesi Selatan, Luwu Timur (Kab.)",LOCAL_AGENCY,2,1592100,June 2026,IT_HARDWARE,,,,,,,,
"Dinas Perdagangan, Perindustrian dan Tenaga Kerja","Dinas Perdagangan, Perindustrian dan Tenaga Kerja — Kab. Sekadau",Kab. Sekadau,"Dinas Perdagangan, Perindustrian dan Tenaga Kerja","Kalimantan Barat, Sekadau (Kab.)",LOCAL_AGENCY,9,92479127,June 2026; May 2026,DESKTOP; IT_HARDWARE,,,,,,,,
"Dinas Perdagangan, Perindustrian, Koperasi, dan Usaha Mikro","Dinas Perdagangan, Perindustrian, Koperasi, dan Usaha Mikro — Kota Magelang",Kota Magelang,"Dinas Perdagangan, Perindustrian, Koperasi, dan Usaha Mikro","Jawa Tengah, Magelang (Kota)",LOCAL_AGENCY,1,173500,May 2026,IT_HARDWARE,,,,,,,,
"Dinas Perdagangan,Koperasi, Usaha Kecil dan Menengah","Dinas Perdagangan,Koperasi, Usaha Kecil dan Menengah — Kota Pekalongan",Kota Pekalongan,"Dinas Perdagangan,Koperasi, Usaha Kecil dan Menengah","Jawa Tengah, Pekalongan (Kota)",LOCAL_AGENCY,1,56000000,June 2026,CCTV,,,,,,,,
Dinas Perhubungan Kota Banjarmasin,Dinas Perhubungan Kota Banjarmasin — Kota Banjarmasin,Kota Banjarmasin,Dinas Perhubungan Kota Banjarmasin,"Kalimantan Selatan, Banjarmasin (Kota) | Kalimantan Selatan, Banjarmasin (Kota) | Kalimantan Selatan, Banjarmasin (Kota) | Kalimantan Selatan, Banjarmasin (Kota)",LOCAL_AGENCY,1,76695000,May 2026,OFFICE_FURNITURE,,,,,,,,
Dinas Perhubungan,Dinas Perhubungan — Kab. Purwakarta,Kab. Purwakarta,Dinas Perhubungan,"Jawa Barat, Purwakarta (Kab.)",LOCAL_AGENCY,114,5228936746,June 2026; May 2026,AUDIO; CAMERA_VIDEO; CCTV; DESKTOP; IT_HARDWARE; LAPTOP; NETWORKING; OFFICE_FURNITURE; PRINTER,,,,,,,,
Dinas Perikanan Kota Bengkulu,Dinas Perikanan Kota Bengkulu — Kota Bengkulu,Kota Bengkulu,Dinas Perikanan Kota Bengkulu,"Bengkulu, Bengkulu (Kota)",LOCAL_AGENCY,1,10407000,May 2026,PRINTER,,,,,,,,
Dinas Perikanan Kota Samarinda,Dinas Perikanan Kota Samarinda — Kota Samarinda,Kota Samarinda,Dinas Perikanan Kota Samarinda,"Kalimantan Timur, Samarinda (Kota)",LOCAL_AGENCY,1,3000000,June 2026,OFFICE_FURNITURE,,,,,,,,
Dinas Perikanan dan Ketahanan Pangan,Dinas Perikanan dan Ketahanan Pangan — Kab. Kotawaringin Barat,Kab. Kotawaringin Barat,Dinas Perikanan dan Ketahanan Pangan,"Kalimantan Tengah, Kotawaringin Barat (Kab.)",LOCAL_AGENCY,1,25147050,May 2026,OFFICE_FURNITURE,,,,,,,,
Dinas Perikanan dan Peternakan,Dinas Perikanan dan Peternakan — Kab. Ogan Komering Ulu Timur,Kab. Ogan Komering Ulu Timur,Dinas Perikanan dan Peternakan,"Sumatera Selatan, Ogan Komering Ulu Timur (Kab.)",LOCAL_AGENCY,4,94143400,June 2026; May 2026,DESKTOP; IT_HARDWARE; OFFICE_FURNITURE,,,,,,,,
Dinas Perikanan,Dinas Perikanan — Kab. Muara Enim,Kab. Muara Enim,Dinas Perikanan,"Sumatera Selatan, Muara Enim (Kab.)",LOCAL_AGENCY,37,1027785460,June 2026; May 2026,CAMERA_VIDEO; DESKTOP; IT_HARDWARE; OFFICE_FURNITURE; PRINTER; SCANNER; STORAGE,,,,,,,,
Dinas Perindustrian Koperasi Usaha Kecil dan Menengah,Dinas Perindustrian Koperasi Usaha Kecil dan Menengah — Kota Yogyakarta,Kota Yogyakarta,Dinas Perindustrian Koperasi Usaha Kecil dan Menengah,"DI Yogyakarta, Yogyakarta (Kota)",LOCAL_AGENCY,1,65000000,May 2026,DESKTOP,,,,,,,,
Dinas Perindustrian Perdagangan Koperasi dan Usaha Kecil Menengah,Dinas Perindustrian Perdagangan Koperasi dan Usaha Kecil Menengah — Kab. Banjarnegara,Kab. Banjarnegara,Dinas Perindustrian Perdagangan Koperasi dan Usaha Kecil Menengah,"Jawa Tengah, Banjarnegara (Kab.)",LOCAL_AGENCY,1,675000,May 2026,IT_HARDWARE,,,,,,,,
Dinas Perindustrian dan Perdagangan Provinsi Sulawesi Tengah,Dinas Perindustrian dan Perdagangan Provinsi Sulawesi Tengah — Provinsi Sulawesi Tengah,Provinsi Sulawesi Tengah,Dinas Perindustrian dan Perdagangan Provinsi Sulawesi Tengah,"Sulawesi Tengah, Palu (Kota)",PROVINCE,2,26330000,May 2026,IT_HARDWARE,,,,,,,,
Dinas Perindustrian dan Perdagangan,Dinas Perindustrian dan Perdagangan — Provinsi Bali,Provinsi Bali,Dinas Perindustrian dan Perdagangan,"Bali, Denpasar (Kota) | Bali, Denpasar (Kota)",PROVINCE,22,2894797250,June 2026; May 2026,DESKTOP; IT_HARDWARE; OFFICE_FURNITURE,,,,,,,,
Dinas Perindustrian dan Tenaga Kerja,Dinas Perindustrian dan Tenaga Kerja — Kota Tarakan,Kota Tarakan,Dinas Perindustrian dan Tenaga Kerja,"Kalimantan Utara, Tarakan (Kota)",LOCAL_AGENCY,5,62590900,June 2026,IT_HARDWARE; OFFICE_FURNITURE; PRINTER,,,,,,,,
"Dinas Perindustrian, Koperasi, Usaha Kecil dan Menengah","Dinas Perindustrian, Koperasi, Usaha Kecil dan Menengah — Kab. Gunungkidul",Kab. Gunungkidul,"Dinas Perindustrian, Koperasi, Usaha Kecil dan Menengah","DI Yogyakarta, Gunung Kidul (Kab.)",LOCAL_AGENCY,1,232000,June 2026,IT_HARDWARE,,,,,,,,
"Dinas Perindustrian, Perdagangan, Koperasi, Usaha Kecil dan Menengah","Dinas Perindustrian, Perdagangan, Koperasi, Usaha Kecil dan Menengah — Kab. Kupang",Kab. Kupang,"Dinas Perindustrian, Perdagangan, Koperasi, Usaha Kecil dan Menengah","Nusa Tenggara Timur, Kupang (Kab.)",LOCAL_AGENCY,15,96023290,May 2026,AUDIO; CCTV; DESKTOP; IT_HARDWARE,,,,,,,,
"Dinas Perindustrian, Tenaga Kerja dan Transmigrasi","Dinas Perindustrian, Tenaga Kerja dan Transmigrasi — Kab. Aceh Timur",Kab. Aceh Timur,"Dinas Perindustrian, Tenaga Kerja dan Transmigrasi","Aceh, Aceh Timur (Kab.)",LOCAL_AGENCY,1,80000000,June 2026,OFFICE_FURNITURE,,,,,,,,
Dinas Perkebunan & Peternakan,Dinas Perkebunan & Peternakan — Kab. Ogan Komering Ilir,Kab. Ogan Komering Ilir,Dinas Perkebunan & Peternakan,"Sumatera Selatan, Ogan Komering Ilir (Kab.)",LOCAL_AGENCY,2,5450000,May 2026,IT_HARDWARE,,,,,,,,
Dinas Perkebunan Daerah,Dinas Perkebunan Daerah — Provinsi Sulawesi Barat,Provinsi Sulawesi Barat,Dinas Perkebunan Daerah,"Sulawesi Barat, Mamuju (Kab.)",PROVINCE,1,690000,May 2026,DESKTOP; IT_HARDWARE,,,,,,,,
Dinas Perkebunan dan Peternakan,Dinas Perkebunan dan Peternakan — Kab. Banyuasin,Kab. Banyuasin,Dinas Perkebunan dan Peternakan,"Sumatera Selatan, Banyuasin (Kab.)",LOCAL_AGENCY,1,13575000,May 2026,OFFICE_FURNITURE,,,,,,,,
Dinas Perkebunan,Dinas Perkebunan — Provinsi Jambi,Provinsi Jambi,Dinas Perkebunan,"Jambi, Jambi (Kota)",PROVINCE,6,106799500,June 2026; May 2026,CCTV; IT_HARDWARE; PRINTER,,,,,,,,
"Dinas Perkebunan, Peternakan dan Kesehatan Hewan","Dinas Perkebunan, Peternakan dan Kesehatan Hewan — Kab. Aceh Utara",Kab. Aceh Utara,"Dinas Perkebunan, Peternakan dan Kesehatan Hewan","Aceh, Aceh Utara (Kab.)",LOCAL_AGENCY,1,23754000,May 2026,DESKTOP,,,,,,,,
Dinas Perpustakaan Daerah dan Kearsipan,Dinas Perpustakaan Daerah dan Kearsipan — Provinsi Kepulauan Riau,Provinsi Kepulauan Riau,Dinas Perpustakaan Daerah dan Kearsipan,"Kepulauan Riau, Tanjung Pinang (Kota)",PROVINCE,1,3399900,May 2026,AUDIO,,,,,,,,
Dinas Perpustakaan Umum dan Arsip Daerah,Dinas Perpustakaan Umum dan Arsip Daerah — Kota Malang,Kota Malang,Dinas Perpustakaan Umum dan Arsip Daerah,"Jawa Timur, Malang (Kota)",LOCAL_AGENCY,1,2250300,June 2026,IT_HARDWARE,,,,,,,,
Dinas Perpustakaan dan Arsip,Dinas Perpustakaan dan Arsip — Kab. Ciamis,Kab. Ciamis,Dinas Perpustakaan dan Arsip,"Jawa Barat, Ciamis (Kab.)",LOCAL_AGENCY,1,300000,May 2026,STORAGE,,,,,,,,
Dinas Perpustakaan dan Kearsipan Daerah,Dinas Perpustakaan dan Kearsipan Daerah — Kab. Luwu Utara,Kab. Luwu Utara,Dinas Perpustakaan dan Kearsipan Daerah,"Sulawesi Selatan, Luwu Utara (Kab.)",LOCAL_AGENCY,1,150000,June 2026,IT_HARDWARE,,,,,,,,
Dinas Perpustakaan dan Kearsipan,Dinas Perpustakaan dan Kearsipan — Kota Bukittinggi,Kota Bukittinggi,Dinas Perpustakaan dan Kearsipan,"Sumatera Barat, Bukit Tinggi (Kota)",LOCAL_AGENCY,30,1152062217,June 2026; May 2026,AUDIO; CCTV; DESKTOP; IT_HARDWARE; LAPTOP; NETWORKING; OFFICE_FURNITURE; SCANNER; STORAGE,,,,,,,,
Dinas Pertanahan,Dinas Pertanahan — Kab. Ogan Komering Ilir,Kab. Ogan Komering Ilir,Dinas Pertanahan,"Sumatera Selatan, Ogan Komering Ilir (Kab.)",LOCAL_AGENCY,3,9597000,May 2026,IT_HARDWARE,,,,,,,,
Dinas Pertanian Kab. Poso,Dinas Pertanian Kab. Poso — Kab. Poso,Kab. Poso,Dinas Pertanian Kab. Poso,"Sulawesi Tengah, Poso (Kab.)",LOCAL_AGENCY,4,23765900,June 2026; May 2026,LAPTOP; OFFICE_FURNITURE; PRINTER,,,,,,,,
Dinas Pertanian Perikanan dan Ketahanan Pangan,Dinas Pertanian Perikanan dan Ketahanan Pangan — Kab. Banjarnegara,Kab. Banjarnegara,Dinas Pertanian Perikanan dan Ketahanan Pangan,"Jawa Tengah, Banjarnegara (Kab.)",LOCAL_AGENCY,1,33895000,May 2026,OFFICE_FURNITURE,,,,,,,,
Dinas Pertanian dan Ketahanan Pangan,Dinas Pertanian dan Ketahanan Pangan — Kab. Situbondo,Kab. Situbondo,Dinas Pertanian dan Ketahanan Pangan,"Jawa Timur, Situbondo (Kab.) | Jawa Timur, Situbondo (Kab.)",LOCAL_AGENCY,20,644627159,June 2026; May 2026,AUDIO; CCTV; DESKTOP; IT_HARDWARE; LAPTOP; OFFICE_FURNITURE; PRINTER,,,,,,,,
Dinas Pertanian dan Pangan,Dinas Pertanian dan Pangan — Kab. Gunungkidul,Kab. Gunungkidul,Dinas Pertanian dan Pangan,"DI Yogyakarta, Gunung Kidul (Kab.)",LOCAL_AGENCY,11,485732300,June 2026; May 2026,DESKTOP; IT_HARDWARE; OFFICE_FURNITURE,,,,,,,,
Dinas Pertanian dan Perikanan,Dinas Pertanian dan Perikanan — Kab. Madiun,Kab. Madiun,Dinas Pertanian dan Perikanan,"Jawa Timur, Madiun (Kab.)",LOCAL_AGENCY,1,242000,May 2026,OFFICE_FURNITURE,,,,,,,,
Dinas Pertanian dan Peternakan,Dinas Pertanian dan Peternakan — Provinsi Jawa Tengah,Provinsi Jawa Tengah,Dinas Pertanian dan Peternakan,"Jawa Tengah, Semarang (Kab.)",PROVINCE,12,513900000,June 2026; May 2026,AUDIO; CAMERA_VIDEO; CCTV; IT_HARDWARE; OFFICE_FURNITURE; PRINTER; SCANNER,,,,,,,,
Dinas Pertanian,Dinas Pertanian — Kab. Ogan Komering Ulu,Kab. Ogan Komering Ulu,Dinas Pertanian,"Sumatera Selatan, Ogan Komering Ulu (Kab.) | Sumatera Selatan, Ogan Komering Ulu (Kab.) | Sumatera Selatan, Ogan Komering Ulu (Kab.)",LOCAL_AGENCY,38,750799528,June 2026; May 2026,AUDIO; DESKTOP; IT_HARDWARE; LAPTOP; OFFICE_FURNITURE; PRINTER,,,,,,,,
"Dinas Pertanian, Kelautan dan Perikanan","Dinas Pertanian, Kelautan dan Perikanan — Kota Manado",Kota Manado,"Dinas Pertanian, Kelautan dan Perikanan","Sulawesi Utara, Manado (Kota)",LOCAL_AGENCY,1,3507000,June 2026,AUDIO,,,,,,,,
"Dinas Pertanian, Perikanan dan Pangan","Dinas Pertanian, Perikanan dan Pangan — Kab. Semarang",Kab. Semarang,"Dinas Pertanian, Perikanan dan Pangan","Jawa Tengah, Semarang (Kab.)",LOCAL_AGENCY,1,3800000,May 2026,OFFICE_FURNITURE,,,,,,,,
"Dinas Pertanian, Perikanan, dan Pangan","Dinas Pertanian, Perikanan, dan Pangan — Kab. Jembrana",Kab. Jembrana,"Dinas Pertanian, Perikanan, dan Pangan","Bali, Jembrana (Kab.)",LOCAL_AGENCY,2,15500000,May 2026,DESKTOP; IT_HARDWARE,,,,,,,,
Dinas Perumahan Kawasan Permukiman dan Cipta Karya,Dinas Perumahan Kawasan Permukiman dan Cipta Karya — Kab. Bojonegoro,Kab. Bojonegoro,Dinas Perumahan Kawasan Permukiman dan Cipta Karya,"Jawa Timur, Bojonegoro (Kab.) | Jawa Timur, Bojonegoro (Kab.) | Jawa Timur, Bojonegoro (Kab.)",LOCAL_AGENCY,5,114051900,May 2026,IT_HARDWARE,,,,,,,,
Dinas Perumahan Kawasan Permukiman dan Lingkungan Hidup,Dinas Perumahan Kawasan Permukiman dan Lingkungan Hidup — Kab. Banjarnegara,Kab. Banjarnegara,Dinas Perumahan Kawasan Permukiman dan Lingkungan Hidup,"Jawa Tengah, Banjarnegara (Kab.)",LOCAL_AGENCY,1,330000,May 2026,IT_HARDWARE,,,,,,,,
Dinas Perumahan Rakyat dan Kawasan Pemukiman,Dinas Perumahan Rakyat dan Kawasan Pemukiman — Kota Ambon,Kota Ambon,Dinas Perumahan Rakyat dan Kawasan Pemukiman,"Maluku, Ambon (Kota)",LOCAL_AGENCY,1,203905000,June 2026,OFFICE_FURNITURE,,,,,,,,
Dinas Perumahan Rakyat dan Kawasan Permukiman dan Lingkungan Hidup,Dinas Perumahan Rakyat dan Kawasan Permukiman dan Lingkungan Hidup — Kab. Pekalongan,Kab. Pekalongan,Dinas Perumahan Rakyat dan Kawasan Permukiman dan Lingkungan Hidup,"Jawa Tengah, Pekalongan (Kab.)",LOCAL_AGENCY,2,20152000,June 2026,OFFICE_FURNITURE,,,,,,,,
Dinas Perumahan Rakyat dan Kawasan Permukiman serta Pertanahan,Dinas Perumahan Rakyat dan Kawasan Permukiman serta Pertanahan — Kota Surabaya,Kota Surabaya,Dinas Perumahan Rakyat dan Kawasan Permukiman serta Pertanahan,"Jawa Timur, Surabaya (Kota)",LOCAL_AGENCY,4,293627139,June 2026; May 2026,IT_HARDWARE; LAPTOP; OFFICE_FURNITURE; PRINTER,,,,,,,,
Dinas Perumahan Rakyat dan Kawasan Permukiman,Dinas Perumahan Rakyat dan Kawasan Permukiman — Kab. Sumbawa,Kab. Sumbawa,Dinas Perumahan Rakyat dan Kawasan Permukiman,"Nusa Tenggara Barat, Sumbawa (Kab.)",LOCAL_AGENCY,13,117199800,June 2026; May 2026,CCTV; IT_HARDWARE; SCANNER,,,,,,,,
"Dinas Perumahan Rakyat dan Kawasan Permukiman, Lingkungan Hidup, dan Pertanahan","Dinas Perumahan Rakyat dan Kawasan Permukiman, Lingkungan Hidup, dan Pertanahan — Kab. Hulu Sungai Selatan",Kab. Hulu Sungai Selatan,"Dinas Perumahan Rakyat dan Kawasan Permukiman, Lingkungan Hidup, dan Pertanahan","Kalimantan Selatan, Hulu Sungai Selatan (Kab.)",LOCAL_AGENCY,3,10750000,June 2026,AUDIO; OFFICE_FURNITURE,,,,,,,,
"Dinas Perumahan Rakyat, Kawasan Pemukiman Dan Pertanahan","Dinas Perumahan Rakyat, Kawasan Pemukiman Dan Pertanahan — Kab. Ende",Kab. Ende,"Dinas Perumahan Rakyat, Kawasan Pemukiman Dan Pertanahan","Nusa Tenggara Timur, Ende (Kab.)",LOCAL_AGENCY,1,387200,June 2026,IT_HARDWARE,,,,,,,,
"Dinas Perumahan Rakyat, Kawasan Permukiman dan Lingkungan Hidup","Dinas Perumahan Rakyat, Kawasan Permukiman dan Lingkungan Hidup — Kab. Temanggung",Kab. Temanggung,"Dinas Perumahan Rakyat, Kawasan Permukiman dan Lingkungan Hidup","Jawa Tengah, Temanggung (Kab.)",LOCAL_AGENCY,1,236000,May 2026,IT_HARDWARE,,,,,,,,
"Dinas Perumahan Rakyat, Kawasan Permukiman, dan Pertanahan","Dinas Perumahan Rakyat, Kawasan Permukiman, dan Pertanahan — Kab. Bekasi",Kab. Bekasi,"Dinas Perumahan Rakyat, Kawasan Permukiman, dan Pertanahan","Jawa Barat, Bekasi (Kab.)",LOCAL_AGENCY,1,6752000,May 2026,OFFICE_FURNITURE,,,,,,,,
Dinas Perumahan dan Kawasan Permukiman,Dinas Perumahan dan Kawasan Permukiman — Kota Cimahi,Kota Cimahi,Dinas Perumahan dan Kawasan Permukiman,"Jawa Barat, Cimahi (Kota) | Jawa Barat, Cimahi (Kota) | Jawa Barat, Cimahi (Kota)",LOCAL_AGENCY,10,409279604,June 2026; May 2026,IT_HARDWARE; OFFICE_FURNITURE; PRINTER; STORAGE,,,,,,,,
Dinas Perumahan dan Permukiman,Dinas Perumahan dan Permukiman — Provinsi Jawa Barat,Provinsi Jawa Barat,Dinas Perumahan dan Permukiman,"Jawa Barat, Bandung (Kota) | Jawa Barat, Bandung (Kab.) | Jawa Barat, Bandung (Kab.) | Jawa Barat, Bandung Barat (Kab.) | Jawa Barat, Purwakarta (Kab.)",PROVINCE,5,82146500,June 2026; May 2026,CCTV; DESKTOP; IT_HARDWARE; LAPTOP; PRINTER,,,,,,,,
"Dinas Perumahan, Kawasan Permukiman dan Pertanahan","Dinas Perumahan, Kawasan Permukiman dan Pertanahan — Kab. Tapin",Kab. Tapin,"Dinas Perumahan, Kawasan Permukiman dan Pertanahan","Kalimantan Selatan, Tapin (Kab.)",LOCAL_AGENCY,6,248547000,June 2026; May 2026,CAMERA_VIDEO; DESKTOP; IT_HARDWARE; LAPTOP,,,,,,,,
Dinas Peternakan Dan Kesehatan Hewan,Dinas Peternakan Dan Kesehatan Hewan — Kab. Lamongan,Kab. Lamongan,Dinas Peternakan Dan Kesehatan Hewan,"Jawa Timur, Lamongan (Kab.)",LOCAL_AGENCY,1,11557600,May 2026,OFFICE_FURNITURE,,,,,,,,
Dinas Peternakan dan Kesehatan Hewan,Dinas Peternakan dan Kesehatan Hewan — Kab. Sumbawa,Kab. Sumbawa,Dinas Peternakan dan Kesehatan Hewan,"Nusa Tenggara Barat, Sumbawa (Kab.)",LOCAL_AGENCY,4,9350000,June 2026; May 2026,IT_HARDWARE; OFFICE_FURNITURE,,,,,,,,
Dinas Peternakan dan Perikanan,Dinas Peternakan dan Perikanan — Kab. Bojonegoro,Kab. Bojonegoro,Dinas Peternakan dan Perikanan,"Jawa Timur, Bojonegoro (Kab.)",LOCAL_AGENCY,5,86889800,June 2026; May 2026,CAMERA_VIDEO; CCTV; IT_HARDWARE; OFFICE_FURNITURE; PRINTER,,,,,,,,
Dinas Peternakan,Dinas Peternakan — Kab. Sukabumi,Kab. Sukabumi,Dinas Peternakan,"Jawa Barat, Sukabumi (Kab.)",LOCAL_AGENCY,2,59000000,May 2026,DESKTOP; IT_HARDWARE,,,,,,,,
Dinas Satuan Polisi Pamong Praja dan Pemadam Kebakaran,Dinas Satuan Polisi Pamong Praja dan Pemadam Kebakaran — Kab. Buton Tengah,Kab. Buton Tengah,Dinas Satuan Polisi Pamong Praja dan Pemadam Kebakaran,"Sulawesi Tenggara, Buton Tengah (Kab.)",LOCAL_AGENCY,3,2156400,June 2026,IT_HARDWARE,,,,,,,,
Dinas Sosial Kota Banjarmasin,Dinas Sosial Kota Banjarmasin — Kota Banjarmasin,Kota Banjarmasin,Dinas Sosial Kota Banjarmasin,"Kalimantan Selatan, Banjarmasin (Kota) | Kalimantan Selatan, Banjarmasin (Kota)",LOCAL_AGENCY,2,91700000,May 2026,IT_HARDWARE; LAPTOP; OFFICE_FURNITURE; PRINTER,,,,,,,,
Dinas Sosial Pemberdayaan Masyarakat dan Desa,Dinas Sosial Pemberdayaan Masyarakat dan Desa — Kab. Solok Selatan,Kab. Solok Selatan,Dinas Sosial Pemberdayaan Masyarakat dan Desa,"Sumatera Barat, Solok Selatan (Kab.)",LOCAL_AGENCY,2,52938000,June 2026; May 2026,DESKTOP,,,,,,,,
Dinas Sosial Pemberdayaan Perempuan dan Perlindungan Anak,Dinas Sosial Pemberdayaan Perempuan dan Perlindungan Anak — Kab. Purwakarta,Kab. Purwakarta,Dinas Sosial Pemberdayaan Perempuan dan Perlindungan Anak,"Jawa Barat, Purwakarta (Kab.)",LOCAL_AGENCY,4,4905000,June 2026; May 2026,IT_HARDWARE,,,,,,,,
Dinas Sosial Provinsi Sulawesi Tengah,Dinas Sosial Provinsi Sulawesi Tengah — Provinsi Sulawesi Tengah,Provinsi Sulawesi Tengah,Dinas Sosial Provinsi Sulawesi Tengah,"Sulawesi Tengah, Palu (Kota)",PROVINCE,1,275000,May 2026,IT_HARDWARE; PRINTER,,,,,,,,
Dinas Sosial Tenaga Kerja dan Transmigrasi,Dinas Sosial Tenaga Kerja dan Transmigrasi — Kota Yogyakarta,Kota Yogyakarta,Dinas Sosial Tenaga Kerja dan Transmigrasi,"DI Yogyakarta, Yogyakarta (Kota)",LOCAL_AGENCY,6,55750000,June 2026,DESKTOP; IT_HARDWARE; PRINTER; SCANNER; STORAGE,,,,,,,,
Dinas Sosial,Dinas Sosial — Kota Pariaman,Kota Pariaman,Dinas Sosial,"Sumatera Barat, Pariaman (Kota)",LOCAL_AGENCY,46,3213705135,June 2026; May 2026,AUDIO; DESKTOP; IT_HARDWARE; LAPTOP; OFFICE_FURNITURE; PRINTER,,,,,,,,
"Dinas Sosial, Pemberdayaan Masyarakat dan Desa","Dinas Sosial, Pemberdayaan Masyarakat dan Desa — Kab. Barito Utara",Kab. Barito Utara,"Dinas Sosial, Pemberdayaan Masyarakat dan Desa","Kalimantan Tengah, Barito Utara (Kab.)",LOCAL_AGENCY,2,37504000,June 2026; May 2026,DESKTOP; IT_HARDWARE,,,,,,,,
"Dinas Sosial, Pemberdayaan Perempuan dan Perlindungan Anak","Dinas Sosial, Pemberdayaan Perempuan dan Perlindungan Anak — Kab. Klungkung",Kab. Klungkung,"Dinas Sosial, Pemberdayaan Perempuan dan Perlindungan Anak","Bali, Klungkung (Kab.)",LOCAL_AGENCY,1,15972600,June 2026,DESKTOP,,,,,,,,
"Dinas Sosial, Pemberdayaan Perempuan, Perlindungan Anak dan Keluarga Berencana","Dinas Sosial, Pemberdayaan Perempuan, Perlindungan Anak dan Keluarga Berencana — Kab. Pati",Kab. Pati,"Dinas Sosial, Pemberdayaan Perempuan, Perlindungan Anak dan Keluarga Berencana","Jawa Tengah, Pati (Kab.) | Jawa Tengah, Pati (Kab.) | Jawa Tengah, Pati (Kab.) | Jawa Tengah, Pati (Kab.)",LOCAL_AGENCY,1,122380000,May 2026,IT_HARDWARE; PRINTER,,,,,,,,
"Dinas Sosial, Pemberdayaan Perempuan, Perlindungan Anak, Pengendalian Penduduk dan Keluarga Berencana","Dinas Sosial, Pemberdayaan Perempuan, Perlindungan Anak, Pengendalian Penduduk dan Keluarga Berencana — Kota Malang",Kota Malang,"Dinas Sosial, Pemberdayaan Perempuan, Perlindungan Anak, Pengendalian Penduduk dan Keluarga Berencana","Jawa Timur, Malang (Kota)",LOCAL_AGENCY,9,27257100,June 2026; May 2026,AUDIO; OFFICE_FURNITURE,,,,,,,,
"Dinas Sosial, Pemberdayaan Perempuan, dan Perlindungan Anak","Dinas Sosial, Pemberdayaan Perempuan, dan Perlindungan Anak — Kab. Lombok Barat",Kab. Lombok Barat,"Dinas Sosial, Pemberdayaan Perempuan, dan Perlindungan Anak","Nusa Tenggara Barat, Lombok Barat (Kab.)",LOCAL_AGENCY,7,212016000,May 2026,OFFICE_FURNITURE,,,,,,,,
Dinas Sumber Daya Air dan Bina Marga,Dinas Sumber Daya Air dan Bina Marga — Kota Surabaya,Kota Surabaya,Dinas Sumber Daya Air dan Bina Marga,"Jawa Timur, Surabaya (Kota)",LOCAL_AGENCY,4,359550658,May 2026,CCTV; IT_HARDWARE; PRINTER,,,,,,,,
Dinas Sumber Daya Air,Dinas Sumber Daya Air — Provinsi Jawa Barat,Provinsi Jawa Barat,Dinas Sumber Daya Air,"Jawa Barat, Bandung (Kota)",PROVINCE,1,4993650,May 2026,IT_HARDWARE,,,,,,,,
"Dinas Sumber Daya Air, Bina Marga dan Bina Konstruksi","Dinas Sumber Daya Air, Bina Marga dan Bina Konstruksi — Kab. Bekasi",Kab. Bekasi,"Dinas Sumber Daya Air, Bina Marga dan Bina Konstruksi","Jawa Barat, Bekasi (Kab.)",LOCAL_AGENCY,2,5640000,June 2026,IT_HARDWARE; LAPTOP; PRINTER,,,,,,,,
Dinas Syariat Islam Aceh,Dinas Syariat Islam Aceh — Aceh,Aceh,Dinas Syariat Islam Aceh,"Aceh, Aceh Besar (Kab.)",LOCAL_AGENCY,18,10638206700,May 2026,AUDIO; NETWORKING,,,,,,,,
Dinas Syariat Islam,Dinas Syariat Islam — Kab. Aceh Tenggara,Kab. Aceh Tenggara,Dinas Syariat Islam,"Aceh, Aceh Tenggara (Kab.)",LOCAL_AGENCY,2,4600000,May 2026,LAPTOP; PRINTER,,,,,,,,
Dinas Tanaman Pangan dan Holtikultura,Dinas Tanaman Pangan dan Holtikultura — Kab. Aceh Timur,Kab. Aceh Timur,Dinas Tanaman Pangan dan Holtikultura,"Aceh, Aceh Timur (Kab.)",LOCAL_AGENCY,1,50000000,May 2026,LAPTOP,,,,,,,,
Dinas Tanaman Pangan dan Hortikultura Provinsi Sulawesi Tengah,Dinas Tanaman Pangan dan Hortikultura Provinsi Sulawesi Tengah — Provinsi Sulawesi Tengah,Provinsi Sulawesi Tengah,Dinas Tanaman Pangan dan Hortikultura Provinsi Sulawesi Tengah,"Sulawesi Tengah, Palu (Kota)",PROVINCE,3,26125000,June 2026,DESKTOP; IT_HARDWARE; PRINTER,,,,,,,,
Dinas Tanaman Pangan dan Hortikultura,Dinas Tanaman Pangan dan Hortikultura — Kab. Maluku Tengah,Kab. Maluku Tengah,Dinas Tanaman Pangan dan Hortikultura,"Maluku, Maluku Tengah (Kab.)",LOCAL_AGENCY,5,909875266,May 2026,AUDIO; DESKTOP; IT_HARDWARE; OFFICE_FURNITURE,,,,,,,,
"Dinas Tanaman Pangan, Holtikultura dan Perkebunan","Dinas Tanaman Pangan, Holtikultura dan Perkebunan — Kab. Banggai",Kab. Banggai,"Dinas Tanaman Pangan, Holtikultura dan Perkebunan","Sulawesi Tengah, Banggai (Kab.)",LOCAL_AGENCY,6,8840000,June 2026; May 2026,IT_HARDWARE,,,,,,,,
"Dinas Tanaman Pangan, Hortikultura dan Peternakan","Dinas Tanaman Pangan, Hortikultura dan Peternakan — Kab. Muara Enim",Kab. Muara Enim,"Dinas Tanaman Pangan, Hortikultura dan Peternakan","Sumatera Selatan, Muara Enim (Kab.)",LOCAL_AGENCY,6,114841333,June 2026; May 2026,IT_HARDWARE; OFFICE_FURNITURE; SCANNER; UPS,,,,,,,,
"Dinas Tanaman Pangan, Hortikultura, Perkebunan Dan Ketahanan Pangan","Dinas Tanaman Pangan, Hortikultura, Perkebunan Dan Ketahanan Pangan — Kab. Takalar",Kab. Takalar,"Dinas Tanaman Pangan, Hortikultura, Perkebunan Dan Ketahanan Pangan","Sulawesi Selatan, Takalar (Kab.)",LOCAL_AGENCY,1,127000,May 2026,IT_HARDWARE,,,,,,,,
Dinas Tenaga Kerja & Transmigrasi,Dinas Tenaga Kerja & Transmigrasi — Kab. Ogan Komering Ilir,Kab. Ogan Komering Ilir,Dinas Tenaga Kerja & Transmigrasi,"Sumatera Selatan, Ogan Komering Ilir (Kab.)",LOCAL_AGENCY,4,7044000,June 2026; May 2026,IT_HARDWARE,,,,,,,,
Dinas Tenaga Kerja dan Mobilitas Penduduk,Dinas Tenaga Kerja dan Mobilitas Penduduk — Aceh,Aceh,Dinas Tenaga Kerja dan Mobilitas Penduduk,"Aceh, Banda Aceh (Kota)",LOCAL_AGENCY,2,132000000,June 2026,DESKTOP; IT_HARDWARE,,,,,,,,
Dinas Tenaga Kerja dan Perindustrian,Dinas Tenaga Kerja dan Perindustrian — Kab. Jembrana,Kab. Jembrana,Dinas Tenaga Kerja dan Perindustrian,"Bali, Jembrana (Kab.)",LOCAL_AGENCY,4,4070000,June 2026,DESKTOP; IT_HARDWARE,,,,,,,,
Dinas Tenaga Kerja dan Transmigrasi,Dinas Tenaga Kerja dan Transmigrasi — Provinsi Banten,Provinsi Banten,Dinas Tenaga Kerja dan Transmigrasi,"Banten, Serang (Kota)",PROVINCE,18,1023103782,June 2026; May 2026,AUDIO; DESKTOP; IT_HARDWARE; OFFICE_FURNITURE; PRINTER,,,,,,,,
Dinas Tenaga Kerja,Dinas Tenaga Kerja — Kab. Kediri,Kab. Kediri,Dinas Tenaga Kerja,"Jawa Timur, Kediri (Kab.) | Jawa Timur, Kediri (Kab.)",LOCAL_AGENCY,13,369306740,June 2026; May 2026,AUDIO; DESKTOP; IT_HARDWARE; OFFICE_FURNITURE; PRINTER,,,,,,,,
"Dinas Tenaga Kerja, Koperasi dan Usaha Kecil Menengah","Dinas Tenaga Kerja, Koperasi dan Usaha Kecil Menengah — Kota Jambi",Kota Jambi,"Dinas Tenaga Kerja, Koperasi dan Usaha Kecil Menengah","Jambi, Jambi (Kota)",LOCAL_AGENCY,1,532800,May 2026,IT_HARDWARE,,,,,,,,
"Dinas Tenaga Kerja, Koperasi, Usaha Kecil dan Menengah","Dinas Tenaga Kerja, Koperasi, Usaha Kecil dan Menengah — Kab. Tebo",Kab. Tebo,"Dinas Tenaga Kerja, Koperasi, Usaha Kecil dan Menengah","Jambi, Tebo (Kab.)",LOCAL_AGENCY,15,266242300,May 2026,AUDIO; DESKTOP; IT_HARDWARE; NETWORKING; OFFICE_FURNITURE,,,,,,,,
Dinas Transmigrasi dan Tenaga Kerja,Dinas Transmigrasi dan Tenaga Kerja — Kab. Luwu Utara,Kab. Luwu Utara,Dinas Transmigrasi dan Tenaga Kerja,"Sulawesi Selatan, Luwu Utara (Kab.)",LOCAL_AGENCY,9,315000000,June 2026,OFFICE_FURNITURE,,,,,,,,
"Dinas Transmigrasi, Dan Tenaga Kerja","Dinas Transmigrasi, Dan Tenaga Kerja — Kab. Luwu Timur",Kab. Luwu Timur,"Dinas Transmigrasi, Dan Tenaga Kerja","Sulawesi Selatan, Luwu Timur (Kab.)",LOCAL_AGENCY,1,250000,June 2026,IT_HARDWARE,,,,,,,,
Direktorat Bina Sumber Daya Manusia Lembaga dan Pranata Kebudayaan,Direktorat Bina Sumber Daya Manusia Lembaga dan Pranata Kebudayaan — Kementerian Kebudayaan,Kementerian Kebudayaan,Direktorat Bina Sumber Daya Manusia Lembaga dan Pranata Kebudayaan,"DKI Jakarta, Jakarta Pusat (Kota)",NATIONAL,1,12350000,June 2026,NETWORKING,,,,,,,,
Direktorat Diplomasi Kebudayaan,Direktorat Diplomasi Kebudayaan — Kementerian Kebudayaan,Kementerian Kebudayaan,Direktorat Diplomasi Kebudayaan,"DKI Jakarta, Jakarta Pusat (Kota)",NATIONAL,1,50000000,May 2026,NETWORKING,,,,,,,,
Direktorat Jenderal Ekosistem Digital,Direktorat Jenderal Ekosistem Digital — Kementerian Komunikasi dan Digital,Kementerian Komunikasi dan Digital,Direktorat Jenderal Ekosistem Digital,"DKI Jakarta, Jakarta Pusat (Kota)",NATIONAL,3,2154416000,June 2026; May 2026,CCTV; SERVER,,,,,,,,
Direktorat Jenderal Industri Kecil Menengah dan Aneka,Direktorat Jenderal Industri Kecil Menengah dan Aneka — Kementerian Perindustrian,Kementerian Perindustrian,Direktorat Jenderal Industri Kecil Menengah dan Aneka,"DKI Jakarta, Jakarta Selatan (Kota)",NATIONAL,2,541000000,May 2026,OFFICE_FURNITURE,,,,,,,,
Direktorat Jenderal Infrastruktur Digital,Direktorat Jenderal Infrastruktur Digital — Kementerian Komunikasi dan Digital,Kementerian Komunikasi dan Digital,Direktorat Jenderal Infrastruktur Digital,"DKI Jakarta, Jakarta Pusat (Kota)",NATIONAL,7,987522000,May 2026,CAMERA_VIDEO; NETWORKING; STORAGE,,,,,,,,
Direktorat Jenderal Ketahanan Perwilayahan dan Akses Industri Internasional,Direktorat Jenderal Ketahanan Perwilayahan dan Akses Industri Internasional — Kementerian Perindustrian,Kementerian Perindustrian,Direktorat Jenderal Ketahanan Perwilayahan dan Akses Industri Internasional,"DKI Jakarta, Jakarta Selatan (Kota)",NATIONAL,1,140000000,May 2026,OFFICE_FURNITURE,,,,,,,,
Direktorat Jenderal Penataan Agraria,Direktorat Jenderal Penataan Agraria — Kementerian Agraria dan Tata Ruang/BPN,Kementerian Agraria dan Tata Ruang/BPN,Direktorat Jenderal Penataan Agraria,"DKI Jakarta, Jakarta Pusat (Kota)",NATIONAL,1,30000000,May 2026,IT_HARDWARE,,,,,,,,
Direktorat Jenderal Pengawasan Ruang Digital,Direktorat Jenderal Pengawasan Ruang Digital — Kementerian Komunikasi dan Digital,Kementerian Komunikasi dan Digital,Direktorat Jenderal Pengawasan Ruang Digital,"DKI Jakarta, Jakarta Pusat (Kota)",NATIONAL,3,123630226000,June 2026; May 2026,LAPTOP; NETWORKING; SERVER,,,,,,,,
Direktorat Jenderal Perumahan Perkotaan Kementerian Perumahan dan Kawasan Permukiman,Direktorat Jenderal Perumahan Perkotaan Kementerian Perumahan dan Kawasan Permukiman — Kementerian Perumahan dan Kawasan Permukiman,Kementerian Perumahan dan Kawasan Permukiman,Direktorat Jenderal Perumahan Perkotaan Kementerian Perumahan dan Kawasan Permukiman,"DKI Jakarta, Jakarta Selatan (Kota)",NATIONAL,1,20000000,May 2026,IT_HARDWARE,,,,,,,,
Direktorat Jenderal Survei dan Pemetaan Pertanahan dan Ruang,Direktorat Jenderal Survei dan Pemetaan Pertanahan dan Ruang — Kementerian Agraria dan Tata Ruang/BPN,Kementerian Agraria dan Tata Ruang/BPN,Direktorat Jenderal Survei dan Pemetaan Pertanahan dan Ruang,"DKI Jakarta, Jakarta Selatan (Kota)",NATIONAL,2,21237000,May 2026,IT_HARDWARE,,,,,,,,
Direktorat Jenderal Teknologi Pemerintah Digital,Direktorat Jenderal Teknologi Pemerintah Digital — Kementerian Komunikasi dan Digital,Kementerian Komunikasi dan Digital,Direktorat Jenderal Teknologi Pemerintah Digital,"Jawa Barat, Bekasi (Kab.)",NATIONAL,5,24497064000,June 2026; May 2026,IT_HARDWARE; NETWORKING; SERVER; STORAGE,,,,,,,,
Disjasad TNI AD,Disjasad TNI AD — Kementerian Pertahanan,Kementerian Pertahanan,Disjasad TNI AD,"Jawa Barat, Cimahi (Kota)",NATIONAL,2,23000000,June 2026,NETWORKING,,,,,,,,
Distrik Arso Barat,Distrik Arso Barat — Kab. Keerom,Kab. Keerom,Distrik Arso Barat,"Papua, Keerom (Kab.)",LOCAL_AGENCY,2,27269600,May 2026,AUDIO; DESKTOP,,,,,,,,
Distrik Malind,Distrik Malind — Kab. Merauke,Kab. Merauke,Distrik Malind,"Papua Selatan, Merauke (Kab.)",LOCAL_AGENCY,1,3140100,May 2026,IT_HARDWARE,,,,,,,,
Distrik Yaffi,Distrik Yaffi — Kab. Keerom,Kab. Keerom,Distrik Yaffi,"Papua, Keerom (Kab.)",LOCAL_AGENCY,1,40852000,May 2026,DESKTOP,,,,,,,,
Ditjen Pembinaan Hubungan Industrial dan Jaminan Sosial Tenaga Kerja,Ditjen Pembinaan Hubungan Industrial dan Jaminan Sosial Tenaga Kerja — Kementerian Ketenagakerjaan,Kementerian Ketenagakerjaan,Ditjen Pembinaan Hubungan Industrial dan Jaminan Sosial Tenaga Kerja,"DKI Jakarta, Jakarta Selatan (Kota)",NATIONAL,3,39000000,June 2026,IT_HARDWARE,,,,,,,,
Ditjen Pembinaan Pelatihan Vokasi dan Produktivitas,Ditjen Pembinaan Pelatihan Vokasi dan Produktivitas — Kementerian Ketenagakerjaan,Kementerian Ketenagakerjaan,Ditjen Pembinaan Pelatihan Vokasi dan Produktivitas,"DKI Jakarta, Jakarta Selatan (Kota)",NATIONAL,3,15000000,June 2026; May 2026,IT_HARDWARE,,,,,,,,
Ditjen Pembinaan Penempatan Tenaga Kerja dan Perluasan Kesempatan Kerja,Ditjen Pembinaan Penempatan Tenaga Kerja dan Perluasan Kesempatan Kerja — Kementerian Ketenagakerjaan,Kementerian Ketenagakerjaan,Ditjen Pembinaan Penempatan Tenaga Kerja dan Perluasan Kesempatan Kerja,"DKI Jakarta, Jakarta Selatan (Kota)",NATIONAL,2,7000000,May 2026,IT_HARDWARE,,,,,,,,
FKTP Cermee,FKTP Cermee — Kab. Bondowoso,Kab. Bondowoso,FKTP Cermee,"Jawa Timur, Bondowoso (Kab.)",LOCAL_AGENCY,2,107500000,May 2026,DESKTOP,,,,,,,,
FKTP Kotakulon,FKTP Kotakulon — Kab. Bondowoso,Kab. Bondowoso,FKTP Kotakulon,"Jawa Timur, Bondowoso (Kab.)",LOCAL_AGENCY,1,1213200,May 2026,IT_HARDWARE,,,,,,,,
FKTP PUSKESMAS SINIU,FKTP PUSKESMAS SINIU — Kab. Parigi Moutong,Kab. Parigi Moutong,FKTP PUSKESMAS SINIU,"Sulawesi Tengah, Parigi Moutong (Kab.)",HEALTH_UNIT,1,58975000,June 2026,DESKTOP,,,,,,,,
FKTP Tapen,FKTP Tapen — Kab. Bondowoso,Kab. Bondowoso,FKTP Tapen,"Jawa Timur, Bondowoso (Kab.)",LOCAL_AGENCY,3,132254500,June 2026; May 2026,DESKTOP; IT_HARDWARE; OFFICE_FURNITURE,,,,,,,,
FKTP Tenggarang,FKTP Tenggarang — Kab. Bondowoso,Kab. Bondowoso,FKTP Tenggarang,"Jawa Timur, Bondowoso (Kab.)",LOCAL_AGENCY,1,12519000,June 2026,IT_HARDWARE,,,,,,,,
FKTP Tlogosari,FKTP Tlogosari — Kab. Bondowoso,Kab. Bondowoso,FKTP Tlogosari,"Jawa Timur, Bondowoso (Kab.)",LOCAL_AGENCY,1,16000000,May 2026,DESKTOP,,,,,,,,
IAIN BONE 307335,IAIN BONE 307335 — Kementerian Agama,Kementerian Agama,IAIN BONE 307335,"Sulawesi Selatan, Bone (Kab.)",NATIONAL,1,873328000,May 2026,NETWORKING,,,,,,,,
IAIN CIREBON,IAIN CIREBON — Kementerian Agama,Kementerian Agama,IAIN CIREBON,"Jawa Barat, Cirebon (Kota)",NATIONAL,1,150000000,May 2026,IT_HARDWARE; LAPTOP,,,,,,,,
IAIN KENDARI 307665,IAIN KENDARI 307665 — Kementerian Agama,Kementerian Agama,IAIN KENDARI 307665,"Sulawesi Tenggara, Kendari (Kota)",NATIONAL,5,744404000,June 2026; May 2026,AUDIO; CCTV; LAPTOP; NETWORKING; OFFICE_FURNITURE,,,,,,,,
IAIN METRO 439491,IAIN METRO 439491 — Kementerian Agama,Kementerian Agama,IAIN METRO 439491,"Lampung, Metro (Kota)",NATIONAL,1,338000000,May 2026,OFFICE_FURNITURE,,,,,,,,
IAIN PADANGSIDIMPUAN 424013,IAIN PADANGSIDIMPUAN 424013 — Kementerian Agama,Kementerian Agama,IAIN PADANGSIDIMPUAN 424013,"Sumatera Utara, Padang Sidempuan (Kota)",NATIONAL,1,390000000,June 2026,OFFICE_FURNITURE,,,,,,,,
IAIN PAREPARE 307381,IAIN PAREPARE 307381 — Kementerian Agama,Kementerian Agama,IAIN PAREPARE 307381,"Sulawesi Selatan, Pare-Pare (Kota)",NATIONAL,1,785500000,May 2026,CAMERA_VIDEO,,,,,,,,
IAIN PONTIANAK 424302,IAIN PONTIANAK 424302 — Kementerian Agama,Kementerian Agama,IAIN PONTIANAK 424302,"Kalimantan Barat, Pontianak (Kota)",NATIONAL,1,67000000,May 2026,SERVER,,,,,,,,
IM01 KANTOR IMIGRASI KELAS I TPI BANDA ACEH,IM01 KANTOR IMIGRASI KELAS I TPI BANDA ACEH — Kementerian Imigrasi dan Pemasyarakatan,Kementerian Imigrasi dan Pemasyarakatan,IM01 KANTOR IMIGRASI KELAS I TPI BANDA ACEH,"Aceh, Banda Aceh (Kota) | Aceh, Banda Aceh (Kota)",NATIONAL,1,236750000,May 2026,OFFICE_FURNITURE,,,,,,,,
IM05 KANTOR IMIGRASI KELAS I TPI JAMBI,IM05 KANTOR IMIGRASI KELAS I TPI JAMBI — Kementerian Imigrasi dan Pemasyarakatan,Kementerian Imigrasi dan Pemasyarakatan,IM05 KANTOR IMIGRASI KELAS I TPI JAMBI,"Jambi, Jambi (Kota)",NATIONAL,3,102430000,May 2026,OFFICE_FURNITURE,,,,,,,,
IM06 KANTOR IMIGRASI KELAS I TPI PALEMBANG,IM06 KANTOR IMIGRASI KELAS I TPI PALEMBANG — Kementerian Imigrasi dan Pemasyarakatan,Kementerian Imigrasi dan Pemasyarakatan,IM06 KANTOR IMIGRASI KELAS I TPI PALEMBANG,"Sumatera Selatan, Palembang (Kota)",NATIONAL,1,5000000,May 2026,CAMERA_VIDEO,,,,,,,,
IM10 KANTOR WILAYAH DIREKTORAT JENDERAL IMIGRASI DAERAH KHUSUS JAKARTA,IM10 KANTOR WILAYAH DIREKTORAT JENDERAL IMIGRASI DAERAH KHUSUS JAKARTA — Kementerian Imigrasi dan Pemasyarakatan,Kementerian Imigrasi dan Pemasyarakatan,IM10 KANTOR WILAYAH DIREKTORAT JENDERAL IMIGRASI DAERAH KHUSUS JAKARTA,"DKI Jakarta, Jakarta Timur (Kota)",NATIONAL,4,46845000,May 2026,CAMERA_VIDEO; IT_HARDWARE; LAPTOP; PRINTER,,,,,,,,
IM11 KANTOR IMIGRASI KELAS I TPI CIREBON,IM11 KANTOR IMIGRASI KELAS I TPI CIREBON — Kementerian Imigrasi dan Pemasyarakatan,Kementerian Imigrasi dan Pemasyarakatan,IM11 KANTOR IMIGRASI KELAS I TPI CIREBON,"Jawa Barat, Cirebon (Kab.)",NATIONAL,1,71058000,May 2026,PRINTER,,,,,,,,
IM11 KANTOR WILAYAH DIREKTORAT JENDERAL IMIGRASI JAWA BARAT,IM11 KANTOR WILAYAH DIREKTORAT JENDERAL IMIGRASI JAWA BARAT — Kementerian Imigrasi dan Pemasyarakatan,Kementerian Imigrasi dan Pemasyarakatan,IM11 KANTOR WILAYAH DIREKTORAT JENDERAL IMIGRASI JAWA BARAT,"Jawa Barat, Bandung (Kota) | Jawa Barat, Bandung (Kota)",NATIONAL,1,54387000,May 2026,CAMERA_VIDEO,,,,,,,,
IM12 KANTOR WILAYAH DIREKTORAT JENDERAL IMIGRASI BANTEN,IM12 KANTOR WILAYAH DIREKTORAT JENDERAL IMIGRASI BANTEN — Kementerian Imigrasi dan Pemasyarakatan,Kementerian Imigrasi dan Pemasyarakatan,IM12 KANTOR WILAYAH DIREKTORAT JENDERAL IMIGRASI BANTEN,"Banten, Serang (Kota)",NATIONAL,1,353100000,May 2026,OFFICE_FURNITURE,,,,,,,,
IM15 KANTOR IMIGRASI KELAS II NON TPI PAMEKASAN,IM15 KANTOR IMIGRASI KELAS II NON TPI PAMEKASAN — Kementerian Imigrasi dan Pemasyarakatan,Kementerian Imigrasi dan Pemasyarakatan,IM15 KANTOR IMIGRASI KELAS II NON TPI PAMEKASAN,"Jawa Timur, Pamekasan (Kab.)",NATIONAL,16,651161000,May 2026,CAMERA_VIDEO; CCTV; NETWORKING; OFFICE_FURNITURE; PRINTER,,,,,,,,
IM15 KANTOR WILAYAH DIREKTORAT JENDERAL IMIGRASI JAWA TIMUR,IM15 KANTOR WILAYAH DIREKTORAT JENDERAL IMIGRASI JAWA TIMUR — Kementerian Imigrasi dan Pemasyarakatan,Kementerian Imigrasi dan Pemasyarakatan,IM15 KANTOR WILAYAH DIREKTORAT JENDERAL IMIGRASI JAWA TIMUR,"Jawa Timur, Surabaya (Kota)",NATIONAL,4,429900000,May 2026,OFFICE_FURNITURE,,,,,,,,
IM16 KANTOR IMIGRASI KELAS II TPI SAMBAS,IM16 KANTOR IMIGRASI KELAS II TPI SAMBAS — Kementerian Imigrasi dan Pemasyarakatan,Kementerian Imigrasi dan Pemasyarakatan,IM16 KANTOR IMIGRASI KELAS II TPI SAMBAS,"Kalimantan Barat, Sambas (Kab.) | Kalimantan Barat, Sambas (Kab.) | Kalimantan Barat, Sambas (Kab.)",NATIONAL,2,1417000000,May 2026,CAMERA_VIDEO; OFFICE_FURNITURE; PRINTER,,,,,,,,
IM23 KANTOR WILAYAH DIREKTORAT JENDERAL IMIGRASI SULAWESI SELATAN,IM23 KANTOR WILAYAH DIREKTORAT JENDERAL IMIGRASI SULAWESI SELATAN — Kementerian Imigrasi dan Pemasyarakatan,Kementerian Imigrasi dan Pemasyarakatan,IM23 KANTOR WILAYAH DIREKTORAT JENDERAL IMIGRASI SULAWESI SELATAN,"Sulawesi Selatan, Makassar (Kota)",NATIONAL,3,211800000,May 2026,OFFICE_FURNITURE; PRINTER,,,,,,,,
IM33 KANTOR IMIGRASI KELAS II NON TPI POLEWALI MANDAR,IM33 KANTOR IMIGRASI KELAS II NON TPI POLEWALI MANDAR — Kementerian Imigrasi dan Pemasyarakatan,Kementerian Imigrasi dan Pemasyarakatan,IM33 KANTOR IMIGRASI KELAS II NON TPI POLEWALI MANDAR,"Sulawesi Barat, Polewali Mandar (Kab.)",NATIONAL,2,59986000,May 2026,OFFICE_FURNITURE,,,,,,,,
INSPEKTORAT DAERAH,INSPEKTORAT DAERAH — Kab. Kebumen,Kab. Kebumen,INSPEKTORAT DAERAH,"Jawa Tengah, Kebumen (Kab.) | Jawa Tengah, Kebumen (Kab.) | Jawa Tengah, Kebumen (Kab.) | Jawa Tengah, Kebumen (Kab.) | Jawa Tengah, Kebumen (Kab.) | Jawa Tengah, Kebumen (Kab.) | Jawa Tengah, Kebumen (Kab.) | Jawa Tengah, Kebumen (Kab.) | Jawa Tengah, Kebumen (Kab.) | Jawa Tengah, Kebumen (Kab.) | Jawa Tengah, Kebumen (Kab.) | Jawa Tengah, Kebumen (Kab.) | Jawa Tengah, Kebumen (Kab.) | Jawa Tengah, Kebumen (Kab.)",LOCAL_AGENCY,8,502512200,June 2026; May 2026,CCTV; DESKTOP; IT_HARDWARE; LAPTOP; OFFICE_FURNITURE,,,,,,,,
INSPEKTORAT JENDERAL,INSPEKTORAT JENDERAL — Kementerian Desa dan Pembangunan Daerah Tertinggal,Kementerian Desa dan Pembangunan Daerah Tertinggal,INSPEKTORAT JENDERAL,"DKI Jakarta, Jakarta Selatan (Kota)",NATIONAL,2,152100000,May 2026,IT_HARDWARE; LAPTOP; OFFICE_FURNITURE,,,,,,,,
INSPEKTORAT KABUPATEN KONAWE,INSPEKTORAT KABUPATEN KONAWE — Kab. Konawe,Kab. Konawe,INSPEKTORAT KABUPATEN KONAWE,"Sulawesi Tenggara, Konawe (Kab.)",LOCAL_AGENCY,7,27079000,June 2026,IT_HARDWARE,,,,,,,,
INSPEKTORAT KABUPATEN,INSPEKTORAT KABUPATEN — Kab. Deli Serdang,Kab. Deli Serdang,INSPEKTORAT KABUPATEN,"Sumatera Utara, Deli Serdang (Kab.)",LOCAL_AGENCY,3,3492536,May 2026,IT_HARDWARE,,,,,,,,
INSPEKTORAT PEMBANTU WILAYAH KOTA - JAKPUS,INSPEKTORAT PEMBANTU WILAYAH KOTA - JAKPUS — Provinsi DKI Jakarta,Provinsi DKI Jakarta,INSPEKTORAT PEMBANTU WILAYAH KOTA - JAKPUS,"DKI Jakarta, Jakarta Pusat (Kota)",PROVINCE,1,1525104,May 2026,IT_HARDWARE,,,,,,,,
INSPEKTORAT PEMBANTU WILAYAH KOTA - JAKSEL,INSPEKTORAT PEMBANTU WILAYAH KOTA - JAKSEL — Provinsi DKI Jakarta,Provinsi DKI Jakarta,INSPEKTORAT PEMBANTU WILAYAH KOTA - JAKSEL,"DKI Jakarta, Jakarta Selatan (Kota)",PROVINCE,1,19230000,June 2026,IT_HARDWARE; PRINTER,,,,,,,,
INSPEKTORAT UTAMA KEMENTERIAN LINGKUNGAN HIDUP/BPLH,INSPEKTORAT UTAMA KEMENTERIAN LINGKUNGAN HIDUP/BPLH — Kementerian Lingkungan Hidup/Badan Pengendalian Lingkungan Hidup,Kementerian Lingkungan Hidup/Badan Pengendalian Lingkungan Hidup,INSPEKTORAT UTAMA KEMENTERIAN LINGKUNGAN HIDUP/BPLH,"DKI Jakarta, Jakarta Selatan (Kota)",NATIONAL,14,24786000,June 2026; May 2026,IT_HARDWARE,,,,,,,,
INSPEKTORAT,INSPEKTORAT — Kota Surakarta,Kota Surakarta,INSPEKTORAT,"Jawa Tengah, Surakarta (Kota)",LOCAL_AGENCY,40,2433946547,June 2026; May 2026,AUDIO; CCTV; DESKTOP; IT_HARDWARE; LAPTOP; NETWORKING; OFFICE_FURNITURE; PRINTER; SCANNER; SERVER; STORAGE,,,,,,,,
INSTALASI FARMASI,INSTALASI FARMASI — Provinsi Kalimantan Selatan,Provinsi Kalimantan Selatan,INSTALASI FARMASI,"Kalimantan Selatan, Banjar Baru (Kota)",PROVINCE,2,7180000,May 2026,DESKTOP; IT_HARDWARE; LAPTOP; PRINTER,,,,,,,,
INSTITUT AGAMA KRISTEN NEGERI AMBON 579323,INSTITUT AGAMA KRISTEN NEGERI AMBON 579323 — Kementerian Agama,Kementerian Agama,INSTITUT AGAMA KRISTEN NEGERI AMBON 579323,"Maluku, Ambon (Kota)",NATIONAL,2,163404000,May 2026,SERVER,,,,,,,,
INSTITUT SENI INDONESIA PADANGPANJANG,"INSTITUT SENI INDONESIA PADANGPANJANG — Kementerian Pendidikan Tinggi, Sains, dan Teknologi","Kementerian Pendidikan Tinggi, Sains, dan Teknologi",INSTITUT SENI INDONESIA PADANGPANJANG,"Sumatera Barat, Padang Panjang (Kota)",NATIONAL,1,441041000,May 2026,AUDIO,,,,,,,,
INSTITUT SENI INDONESIA SURAKARTA,"INSTITUT SENI INDONESIA SURAKARTA — Kementerian Pendidikan Tinggi, Sains, dan Teknologi","Kementerian Pendidikan Tinggi, Sains, dan Teknologi",INSTITUT SENI INDONESIA SURAKARTA,"Jawa Tengah, Surakarta (Kota)",NATIONAL,1,20000000,June 2026,STORAGE,,,,,,,,
INSTITUT TEKNOLOGI BACHARUDDIN JUSUF HABIBIE,"INSTITUT TEKNOLOGI BACHARUDDIN JUSUF HABIBIE — Kementerian Pendidikan Tinggi, Sains, dan Teknologi","Kementerian Pendidikan Tinggi, Sains, dan Teknologi",INSTITUT TEKNOLOGI BACHARUDDIN JUSUF HABIBIE,"Sulawesi Selatan, Pare-Pare (Kota)",NATIONAL,1,66496000,May 2026,OFFICE_FURNITURE,,,,,,,,
IPDN KAMPUS JATINANGOR,IPDN KAMPUS JATINANGOR — Kementerian Dalam Negeri,Kementerian Dalam Negeri,IPDN KAMPUS JATINANGOR,"Jawa Barat, Sumedang (Kab.)",NATIONAL,6,225648000,May 2026,AUDIO; CCTV; OFFICE_FURNITURE,,,,,,,,
ISTANA KEPRESIDENAN CIPANAS,ISTANA KEPRESIDENAN CIPANAS — Kementerian Sekretariat Negara,Kementerian Sekretariat Negara,ISTANA KEPRESIDENAN CIPANAS,"Jawa Barat, Cianjur (Kab.)",NATIONAL,1,81669000,June 2026,CCTV,,,,,,,,
Inspektorat Daerah Provinsi NTT,Inspektorat Daerah Provinsi NTT — Provinsi Nusa Tenggara Timur,Provinsi Nusa Tenggara Timur,Inspektorat Daerah Provinsi NTT,"Nusa Tenggara Timur, Kupang (Kota)",PROVINCE,4,242612000,June 2026; May 2026,AUDIO; CCTV; DESKTOP; OFFICE_FURNITURE,,,,,,,,
Inspektorat Daerah,Inspektorat Daerah — Kab. Lampung Barat,Kab. Lampung Barat,Inspektorat Daerah,"Lampung, Lampung Barat (Kab.) | Lampung, Lampung Barat (Kab.) | Lampung, Lampung Barat (Kab.) | Lampung, Lampung Barat (Kab.) | Lampung, Lampung Barat (Kab.) | Lampung, Lampung Barat (Kab.) | Lampung, Lampung Barat (Kab.) | Lampung, Lampung Barat (Kab.) | Lampung, Lampung Barat (Kab.) | Lampung, Lampung Barat (Kab.) | Lampung, Lampung Barat (Kab.) | Lampung, Lampung Barat (Kab.) | Lampung, Lampung Barat (Kab.) | Lampung, Lampung Barat (Kab.) | Lampung, Lampung Barat (Kab.) | Lampung, Lampung Barat (Kab.) | Lampung, Lampung Barat (Kab.) | Lampung, Lampung Barat (Kab.) | Lampung, Lampung Barat (Kab.) | Lampung, Lampung Barat (Kab.) | Lampung, Lampung Barat (Kab.) | Lampung, Lampung Barat (Kab.) | Lampung, Lampung Barat (Kab.) | Lampung, Lampung Barat (Kab.)",LOCAL_AGENCY,8,174093897,June 2026; May 2026,CCTV; DESKTOP; IT_HARDWARE; OFFICE_FURNITURE,,,,,,,,
Inspektorat Jenderal Kementerian Perumahan dan Kawasan Permukiman,Inspektorat Jenderal Kementerian Perumahan dan Kawasan Permukiman — Kementerian Perumahan dan Kawasan Permukiman,Kementerian Perumahan dan Kawasan Permukiman,Inspektorat Jenderal Kementerian Perumahan dan Kawasan Permukiman,"DKI Jakarta, Jakarta Pusat (Kota)",NATIONAL,2,37220000,May 2026,AUDIO; NETWORKING; STORAGE,,,,,,,,
Inspektorat Kabupaten,Inspektorat Kabupaten — Kab. Aceh Utara,Kab. Aceh Utara,Inspektorat Kabupaten,"Aceh, Aceh Utara (Kab.)",LOCAL_AGENCY,7,223005922,June 2026,DESKTOP; IT_HARDWARE,,,,,,,,
Inspektorat Kota Banjarmasin,Inspektorat Kota Banjarmasin — Kota Banjarmasin,Kota Banjarmasin,Inspektorat Kota Banjarmasin,"Kalimantan Selatan, Banjarmasin (Kota)",LOCAL_AGENCY,1,4740000,June 2026,OFFICE_FURNITURE; STORAGE,,,,,,,,
Inspektorat,Inspektorat — Kab. Lingga,Kab. Lingga,Inspektorat,"Kepulauan Riau, Lingga (Kab.)",LOCAL_AGENCY,36,1360480676,June 2026; May 2026,AUDIO; CCTV; DESKTOP; IT_HARDWARE; NETWORKING; OFFICE_FURNITURE; PRINTER; SCANNER,,,,,,,,
Instalasi Farmasi Kabupaten,Instalasi Farmasi Kabupaten — Kab. Kutai Timur,Kab. Kutai Timur,Instalasi Farmasi Kabupaten,"Kalimantan Timur, Kutai Timur (Kab.)",LOCAL_AGENCY,1,3650000,May 2026,DESKTOP; IT_HARDWARE,,,,,,,,
Institut Teknologi Sepuluh Nopember PTNBH,Institut Teknologi Sepuluh Nopember PTNBH — Institut Teknologi Sepuluh Nopember,Institut Teknologi Sepuluh Nopember,Institut Teknologi Sepuluh Nopember PTNBH,"Jawa Timur, Surabaya (Kota)",EDUCATION,2,131648000,May 2026,IT_HARDWARE; LAPTOP,,,,,,,,
KANTOR KEMENTERIAN AGAMA KAB BLITAR 299098,KANTOR KEMENTERIAN AGAMA KAB BLITAR 299098 — Kementerian Agama,Kementerian Agama,KANTOR KEMENTERIAN AGAMA KAB BLITAR 299098,"Jawa Timur, Blitar (Kab.)",NATIONAL,2,149800000,May 2026,DESKTOP; IT_HARDWARE; PRINTER,,,,,,,,
KANTOR KEMENTERIAN AGAMA KAB BULELENG 419883,KANTOR KEMENTERIAN AGAMA KAB BULELENG 419883 — Kementerian Agama,Kementerian Agama,KANTOR KEMENTERIAN AGAMA KAB BULELENG 419883,"Bali, Buleleng (Kab.)",NATIONAL,2,90000000,June 2026,LAPTOP,,,,,,,,
KANTOR KEMENTERIAN AGAMA KAB CIAMIS 416496,KANTOR KEMENTERIAN AGAMA KAB CIAMIS 416496 — Kementerian Agama,Kementerian Agama,KANTOR KEMENTERIAN AGAMA KAB CIAMIS 416496,"Jawa Barat, Ciamis (Kab.)",NATIONAL,1,1500000,May 2026,PRINTER,,,,,,,,
KANTOR KEMENTERIAN AGAMA KAB INDRAGIRI HULU 418167,KANTOR KEMENTERIAN AGAMA KAB INDRAGIRI HULU 418167 — Kementerian Agama,Kementerian Agama,KANTOR KEMENTERIAN AGAMA KAB INDRAGIRI HULU 418167,"Riau, Indragiri Hulu (Kab.)",NATIONAL,1,9500000,June 2026,OFFICE_FURNITURE,,,,,,,,
KANTOR KEMENTERIAN AGAMA KAB JEMBRANA 419886,KANTOR KEMENTERIAN AGAMA KAB JEMBRANA 419886 — Kementerian Agama,Kementerian Agama,KANTOR KEMENTERIAN AGAMA KAB JEMBRANA 419886,"Bali, Jembrana (Kab.)",NATIONAL,3,77540000,June 2026; May 2026,IT_HARDWARE; LAPTOP; PRINTER,,,,,,,,
KANTOR KEMENTERIAN AGAMA KAB NGANJUK 299118,KANTOR KEMENTERIAN AGAMA KAB NGANJUK 299118 — Kementerian Agama,Kementerian Agama,KANTOR KEMENTERIAN AGAMA KAB NGANJUK 299118,"Jawa Timur, Nganjuk (Kab.)",NATIONAL,1,179000000,May 2026,IT_HARDWARE,,,,,,,,
KANTOR KEMENTERIAN AGAMA KAB PASAMAN BARAT 663962,KANTOR KEMENTERIAN AGAMA KAB PASAMAN BARAT 663962 — Kementerian Agama,Kementerian Agama,KANTOR KEMENTERIAN AGAMA KAB PASAMAN BARAT 663962,"Sumatera Barat, Pasaman Barat (Kab.)",NATIONAL,1,6000000,May 2026,AUDIO,,,,,,,,
KANTOR KEMENTERIAN AGAMA KAB PONOROGO 299161,KANTOR KEMENTERIAN AGAMA KAB PONOROGO 299161 — Kementerian Agama,Kementerian Agama,KANTOR KEMENTERIAN AGAMA KAB PONOROGO 299161,"Jawa Timur, Ponorogo (Kab.)",NATIONAL,1,194450000,May 2026,IT_HARDWARE,,,,,,,,
KANTOR KEMENTERIAN AGAMA KAB SUKABUMI 416699,KANTOR KEMENTERIAN AGAMA KAB SUKABUMI 416699 — Kementerian Agama,Kementerian Agama,KANTOR KEMENTERIAN AGAMA KAB SUKABUMI 416699,"Jawa Barat, Sukabumi (Kab.)",NATIONAL,1,12150000,May 2026,LAPTOP,,,,,,,,
KANTOR KEMENTERIAN AGAMA KABUPATEN BENGKAYANG 622649,KANTOR KEMENTERIAN AGAMA KABUPATEN BENGKAYANG 622649 — Kementerian Agama,Kementerian Agama,KANTOR KEMENTERIAN AGAMA KABUPATEN BENGKAYANG 622649,"Kalimantan Barat, Bengkayang (Kab.)",NATIONAL,1,20000000,May 2026,LAPTOP,,,,,,,,
KANTOR KEMENTERIAN AGAMA KABUPATEN MUARO JAMBI 635246,KANTOR KEMENTERIAN AGAMA KABUPATEN MUARO JAMBI 635246 — Kementerian Agama,Kementerian Agama,KANTOR KEMENTERIAN AGAMA KABUPATEN MUARO JAMBI 635246,"Jambi, Muaro Jambi (Kab.)",NATIONAL,1,37000000,May 2026,LAPTOP; PRINTER,,,,,,,,
KANTOR KEMENTERIAN AGAMA KOTA BALIKPAPAN 419188,KANTOR KEMENTERIAN AGAMA KOTA BALIKPAPAN 419188 — Kementerian Agama,Kementerian Agama,KANTOR KEMENTERIAN AGAMA KOTA BALIKPAPAN 419188,"Kalimantan Timur, Balikpapan (Kota)",NATIONAL,1,59500000,May 2026,OFFICE_FURNITURE,,,,,,,,
KANTOR KEMENTERIAN AGAMA KOTA JAMBI 418202,KANTOR KEMENTERIAN AGAMA KOTA JAMBI 418202 — Kementerian Agama,Kementerian Agama,KANTOR KEMENTERIAN AGAMA KOTA JAMBI 418202,"Jambi, Jambi (Kota)",NATIONAL,1,19692000,May 2026,LAPTOP,,,,,,,,
KANTOR KEMENTERIAN AGAMA KOTA JAMBI 418208,KANTOR KEMENTERIAN AGAMA KOTA JAMBI 418208 — Kementerian Agama,Kementerian Agama,KANTOR KEMENTERIAN AGAMA KOTA JAMBI 418208,"Jambi, Jambi (Kota)",NATIONAL,1,89400000,May 2026,LAPTOP; PRINTER,,,,,,,,
KANTOR KEMENTERIAN AGAMA KOTA PEKALONGAN 416950,KANTOR KEMENTERIAN AGAMA KOTA PEKALONGAN 416950 — Kementerian Agama,Kementerian Agama,KANTOR KEMENTERIAN AGAMA KOTA PEKALONGAN 416950,"Jawa Tengah, Pekalongan (Kota)",NATIONAL,1,8000000,May 2026,LAPTOP,,,,,,,,
KANTOR KEMENTERIAN AGAMA KOTA SURABAYA 417818,KANTOR KEMENTERIAN AGAMA KOTA SURABAYA 417818 — Kementerian Agama,Kementerian Agama,KANTOR KEMENTERIAN AGAMA KOTA SURABAYA 417818,"Jawa Timur, Surabaya (Kota)",NATIONAL,1,30250000,May 2026,OFFICE_FURNITURE,,,,,,,,
KANTOR KEMENTERIAN HAJI DAN UMRAH KAB BOJONEGORO,KANTOR KEMENTERIAN HAJI DAN UMRAH KAB BOJONEGORO — Kementerian Haji Dan Umrah Republik Indonesia,Kementerian Haji Dan Umrah Republik Indonesia,KANTOR KEMENTERIAN HAJI DAN UMRAH KAB BOJONEGORO,"Jawa Timur, Bojonegoro (Kab.)",NATIONAL,1,18000000,May 2026,LAPTOP,,,,,,,,
KANTOR KEMENTERIAN HAJI DAN UMRAH KAB INDRAGIRI HULU,KANTOR KEMENTERIAN HAJI DAN UMRAH KAB INDRAGIRI HULU — Kementerian Haji Dan Umrah Republik Indonesia,Kementerian Haji Dan Umrah Republik Indonesia,KANTOR KEMENTERIAN HAJI DAN UMRAH KAB INDRAGIRI HULU,"Riau, Indragiri Hulu (Kab.)",NATIONAL,1,18000000,May 2026,LAPTOP,,,,,,,,
KANTOR KEMENTERIAN HAJI DAN UMRAH KAB JEMBER,KANTOR KEMENTERIAN HAJI DAN UMRAH KAB JEMBER — Kementerian Haji Dan Umrah Republik Indonesia,Kementerian Haji Dan Umrah Republik Indonesia,KANTOR KEMENTERIAN HAJI DAN UMRAH KAB JEMBER,"Jawa Timur, Jember (Kab.)",NATIONAL,1,36000000,May 2026,LAPTOP,,,,,,,,
KANTOR KEMENTERIAN HAJI DAN UMRAH KAB KEPULAUAN MERANTI_________________________________________________________________________________________________________________________________________________,KANTOR KEMENTERIAN HAJI DAN UMRAH KAB KEPULAUAN MERANTI_________________________________________________________________________________________________________________________________________________ — Kementerian Haji Dan Umrah Republik Indonesia,Kementerian Haji Dan Umrah Republik Indonesia,KANTOR KEMENTERIAN HAJI DAN UMRAH KAB KEPULAUAN MERANTI_________________________________________________________________________________________________________________________________________________,"Riau, Meranti (Kab.)",NATIONAL,1,18000000,May 2026,LAPTOP,,,,,,,,
KANTOR KEMENTERIAN HAJI DAN UMRAH KAB MAGETAN,KANTOR KEMENTERIAN HAJI DAN UMRAH KAB MAGETAN — Kementerian Haji Dan Umrah Republik Indonesia,Kementerian Haji Dan Umrah Republik Indonesia,KANTOR KEMENTERIAN HAJI DAN UMRAH KAB MAGETAN,"Jawa Timur, Magetan (Kab.)",NATIONAL,2,30000000,May 2026,CAMERA_VIDEO; LAPTOP,,,,,,,,
KANTOR KEMENTERIAN HAJI DAN UMRAH KAB MAJALENGKA,KANTOR KEMENTERIAN HAJI DAN UMRAH KAB MAJALENGKA — Kementerian Haji Dan Umrah Republik Indonesia,Kementerian Haji Dan Umrah Republik Indonesia,KANTOR KEMENTERIAN HAJI DAN UMRAH KAB MAJALENGKA,"Jawa Barat, Majalengka (Kab.)",NATIONAL,2,27000000,May 2026,LAPTOP; NETWORKING,,,,,,,,
KANTOR KEMENTERIAN HAJI DAN UMRAH KAB MAJENE,KANTOR KEMENTERIAN HAJI DAN UMRAH KAB MAJENE — Kementerian Haji Dan Umrah Republik Indonesia,Kementerian Haji Dan Umrah Republik Indonesia,KANTOR KEMENTERIAN HAJI DAN UMRAH KAB MAJENE,"Sulawesi Barat, Majene (Kab.)",NATIONAL,1,18000000,May 2026,LAPTOP,,,,,,,,
KANTOR KEMENTERIAN HAJI DAN UMRAH KAB MANDAILING NATAL,KANTOR KEMENTERIAN HAJI DAN UMRAH KAB MANDAILING NATAL — Kementerian Haji Dan Umrah Republik Indonesia,Kementerian Haji Dan Umrah Republik Indonesia,KANTOR KEMENTERIAN HAJI DAN UMRAH KAB MANDAILING NATAL,"Sumatera Utara, Mandailing Natal (Kab.)",NATIONAL,1,18000000,May 2026,LAPTOP,,,,,,,,
KANTOR KEMENTERIAN HAJI DAN UMRAH KAB NGANJUK,KANTOR KEMENTERIAN HAJI DAN UMRAH KAB NGANJUK — Kementerian Haji Dan Umrah Republik Indonesia,Kementerian Haji Dan Umrah Republik Indonesia,KANTOR KEMENTERIAN HAJI DAN UMRAH KAB NGANJUK,"Jawa Timur, Nganjuk (Kab.)",NATIONAL,1,18000000,May 2026,LAPTOP,,,,,,,,
KANTOR KEMENTERIAN HAJI DAN UMRAH KAB OGAN KOMERING ULU SELATAN,KANTOR KEMENTERIAN HAJI DAN UMRAH KAB OGAN KOMERING ULU SELATAN — Kementerian Haji Dan Umrah Republik Indonesia,Kementerian Haji Dan Umrah Republik Indonesia,KANTOR KEMENTERIAN HAJI DAN UMRAH KAB OGAN KOMERING ULU SELATAN,"Sumatera Selatan, Ogan Komering Ulu Selatan (Kab.)",NATIONAL,1,18000000,May 2026,LAPTOP,,,,,,,,
KANTOR KEMENTERIAN HAJI DAN UMRAH KAB PASURUAN__________________________________________________________________________________________________________________________________________________________,KANTOR KEMENTERIAN HAJI DAN UMRAH KAB PASURUAN__________________________________________________________________________________________________________________________________________________________ — Kementerian Haji Dan Umrah Republik Indonesia,Kementerian Haji Dan Umrah Republik Indonesia,KANTOR KEMENTERIAN HAJI DAN UMRAH KAB PASURUAN__________________________________________________________________________________________________________________________________________________________,"Jawa Timur, Pasuruan (Kab.)",NATIONAL,2,30000000,May 2026,LAPTOP; PRINTER,,,,,,,,
KANTOR KEMENTERIAN HAJI DAN UMRAH KAB POLEWALI MANDAR,KANTOR KEMENTERIAN HAJI DAN UMRAH KAB POLEWALI MANDAR — Kementerian Haji Dan Umrah Republik Indonesia,Kementerian Haji Dan Umrah Republik Indonesia,KANTOR KEMENTERIAN HAJI DAN UMRAH KAB POLEWALI MANDAR,"Sulawesi Barat, Polewali Mandar (Kab.)",NATIONAL,1,12000000,May 2026,LAPTOP,,,,,,,,
KANTOR KEMENTERIAN HAJI DAN UMRAH KAB ROKAN HILIR,KANTOR KEMENTERIAN HAJI DAN UMRAH KAB ROKAN HILIR — Kementerian Haji Dan Umrah Republik Indonesia,Kementerian Haji Dan Umrah Republik Indonesia,KANTOR KEMENTERIAN HAJI DAN UMRAH KAB ROKAN HILIR,"Riau, Rokan Hilir (Kab.)",NATIONAL,1,18000000,June 2026,LAPTOP,,,,,,,,
KANTOR KEMENTERIAN HAJI DAN UMRAH KAB TRENGGALEK,KANTOR KEMENTERIAN HAJI DAN UMRAH KAB TRENGGALEK — Kementerian Haji Dan Umrah Republik Indonesia,Kementerian Haji Dan Umrah Republik Indonesia,KANTOR KEMENTERIAN HAJI DAN UMRAH KAB TRENGGALEK,"Jawa Timur, Terenggalek (Kab.)",NATIONAL,1,18000000,May 2026,LAPTOP,,,,,,,,
KANTOR KEMENTERIAN HAJI DAN UMRAH KAB TUBAN,KANTOR KEMENTERIAN HAJI DAN UMRAH KAB TUBAN — Kementerian Haji Dan Umrah Republik Indonesia,Kementerian Haji Dan Umrah Republik Indonesia,KANTOR KEMENTERIAN HAJI DAN UMRAH KAB TUBAN,"Jawa Timur, Tuban (Kab.)",NATIONAL,1,181920000,May 2026,LAPTOP,,,,,,,,
KANTOR KEMENTERIAN HAJI DAN UMRAH KOTA BAUBAU,KANTOR KEMENTERIAN HAJI DAN UMRAH KOTA BAUBAU — Kementerian Haji Dan Umrah Republik Indonesia,Kementerian Haji Dan Umrah Republik Indonesia,KANTOR KEMENTERIAN HAJI DAN UMRAH KOTA BAUBAU,"Sulawesi Tenggara, Baubau (Kota)",NATIONAL,1,18000000,June 2026,LAPTOP,,,,,,,,
KANTOR KEMENTERIAN HAJI DAN UMRAH KOTA KENDARI,KANTOR KEMENTERIAN HAJI DAN UMRAH KOTA KENDARI — Kementerian Haji Dan Umrah Republik Indonesia,Kementerian Haji Dan Umrah Republik Indonesia,KANTOR KEMENTERIAN HAJI DAN UMRAH KOTA KENDARI,"Sulawesi Tenggara, Kendari (Kota)",NATIONAL,1,18000000,May 2026,LAPTOP,,,,,,,,
KANTOR KESYAHBANDARAN DAN OTORITAS PELABUHAN BANJARMASIN,KANTOR KESYAHBANDARAN DAN OTORITAS PELABUHAN BANJARMASIN — Kementerian Perhubungan,Kementerian Perhubungan,KANTOR KESYAHBANDARAN DAN OTORITAS PELABUHAN BANJARMASIN,"Kalimantan Selatan, Banjarmasin (Kota)",NATIONAL,1,100000000,May 2026,NETWORKING,,,,,,,,
KANTOR KESYAHBANDARAN DAN OTORITAS PELABUHAN KUALA TANJUNG,KANTOR KESYAHBANDARAN DAN OTORITAS PELABUHAN KUALA TANJUNG — Kementerian Perhubungan,Kementerian Perhubungan,KANTOR KESYAHBANDARAN DAN OTORITAS PELABUHAN KUALA TANJUNG,"Sumatera Utara, Batubara (Kab.)",NATIONAL,12,200058000,June 2026,CAMERA_VIDEO; CCTV; DESKTOP; LAPTOP; PRINTER; SCANNER,,,,,,,,
KANTOR KESYAHBANDARAN DAN OTORITAS PELABUHAN LEMBAR,KANTOR KESYAHBANDARAN DAN OTORITAS PELABUHAN LEMBAR — Kementerian Perhubungan,Kementerian Perhubungan,KANTOR KESYAHBANDARAN DAN OTORITAS PELABUHAN LEMBAR,"Nusa Tenggara Barat, Lombok Barat (Kab.)",NATIONAL,1,200000000,May 2026,CCTV,,,,,,,,
KANTOR KESYAHBANDARAN DAN OTORITAS PELABUHAN PALEMBANG,KANTOR KESYAHBANDARAN DAN OTORITAS PELABUHAN PALEMBANG — Kementerian Perhubungan,Kementerian Perhubungan,KANTOR KESYAHBANDARAN DAN OTORITAS PELABUHAN PALEMBANG,"Sumatera Selatan, Palembang (Kota)",NATIONAL,1,47472000,May 2026,PRINTER,,,,,,,,
KANTOR KESYAHBANDARAN DAN OTORITAS PELABUHAN SORONG,KANTOR KESYAHBANDARAN DAN OTORITAS PELABUHAN SORONG — Kementerian Perhubungan,Kementerian Perhubungan,KANTOR KESYAHBANDARAN DAN OTORITAS PELABUHAN SORONG,"Papua Barat Daya, Sorong (Kota)",NATIONAL,1,102629000,May 2026,NETWORKING,,,,,,,,
KANTOR KESYAHBANDARAN DAN OTORITAS PELABUHAN TANJUNG BALAI KARIMUN,KANTOR KESYAHBANDARAN DAN OTORITAS PELABUHAN TANJUNG BALAI KARIMUN — Kementerian Perhubungan,Kementerian Perhubungan,KANTOR KESYAHBANDARAN DAN OTORITAS PELABUHAN TANJUNG BALAI KARIMUN,"Kepulauan Riau, Karimun (Kab.)",NATIONAL,8,264760000,June 2026; May 2026,CAMERA_VIDEO; CCTV; IT_HARDWARE; LAPTOP; PRINTER; UPS,,,,,,,,
KANTOR KESYAHBANDARAN DAN OTORITAS PELABUHAN TERNATE,KANTOR KESYAHBANDARAN DAN OTORITAS PELABUHAN TERNATE — Kementerian Perhubungan,Kementerian Perhubungan,KANTOR KESYAHBANDARAN DAN OTORITAS PELABUHAN TERNATE,"Maluku Utara, Ternate (Kota)",NATIONAL,1,50000000,May 2026,PRINTER,,,,,,,,
KANTOR MENTERI NEGARA PPN BAPPENAS,KANTOR MENTERI NEGARA PPN BAPPENAS — Kementerian Perencanaan Pembangunan Nasional,Kementerian Perencanaan Pembangunan Nasional,KANTOR MENTERI NEGARA PPN BAPPENAS,"DKI Jakarta, Jakarta Selatan (Kota)",NATIONAL,8,4092340000,June 2026; May 2026,IT_HARDWARE; LAPTOP; NETWORKING; OFFICE_FURNITURE; PRINTER; STORAGE,,,,,,,,
KANTOR OTORITAS BANDAR UDARA WILAYAH I,KANTOR OTORITAS BANDAR UDARA WILAYAH I — Kementerian Perhubungan,Kementerian Perhubungan,KANTOR OTORITAS BANDAR UDARA WILAYAH I,"Banten, Tangerang (Kab.)",NATIONAL,3,5045000,June 2026; May 2026,CCTV,,,,,,,,
KANTOR OTORITAS BANDAR UDARA WILAYAH V MAKASSAR,KANTOR OTORITAS BANDAR UDARA WILAYAH V MAKASSAR — Kementerian Perhubungan,Kementerian Perhubungan,KANTOR OTORITAS BANDAR UDARA WILAYAH V MAKASSAR,"Sulawesi Selatan, Maros (Kab.)",NATIONAL,1,60000000,May 2026,IT_HARDWARE; PRINTER,,,,,,,,
KANTOR PELAYANAN PAJAK DAERAH DIY DI KABUPATEN SLEMAN,KANTOR PELAYANAN PAJAK DAERAH DIY DI KABUPATEN SLEMAN — Provinsi DI Yogyakarta,Provinsi DI Yogyakarta,KANTOR PELAYANAN PAJAK DAERAH DIY DI KABUPATEN SLEMAN,"DI Yogyakarta, Yogyakarta (Kota)",PROVINCE,2,567264000,June 2026,DESKTOP; IT_HARDWARE; NETWORKING,,,,,,,,
KANTOR PELAYANAN PAJAK DAERAH DIY DI KOTA YOGYAKARTA,KANTOR PELAYANAN PAJAK DAERAH DIY DI KOTA YOGYAKARTA — Provinsi DI Yogyakarta,Provinsi DI Yogyakarta,KANTOR PELAYANAN PAJAK DAERAH DIY DI KOTA YOGYAKARTA,"DI Yogyakarta, Yogyakarta (Kota)",PROVINCE,1,48645000,June 2026,PRINTER,,,,,,,,
KANTOR PELAYANAN PERBENDAHARAAN NEGARA MERAUKE,KANTOR PELAYANAN PERBENDAHARAAN NEGARA MERAUKE — Kementerian Keuangan,Kementerian Keuangan,KANTOR PELAYANAN PERBENDAHARAAN NEGARA MERAUKE,"Papua, Merauke (Kab.)",NATIONAL,1,25775000,May 2026,IT_HARDWARE,,,,,,,,
KANTOR PENGAWASAN DAN PELAYANAN BC PASURUAN,KANTOR PENGAWASAN DAN PELAYANAN BC PASURUAN — Kementerian Keuangan,Kementerian Keuangan,KANTOR PENGAWASAN DAN PELAYANAN BC PASURUAN,"Jawa Timur, Pasuruan (Kab.)",NATIONAL,1,67932000,June 2026,CCTV,,,,,,,,
KANTOR PENGAWASAN DAN PELAYANAN BC SAMPIT,KANTOR PENGAWASAN DAN PELAYANAN BC SAMPIT — Kementerian Keuangan,Kementerian Keuangan,KANTOR PENGAWASAN DAN PELAYANAN BC SAMPIT,"Kalimantan Tengah, Kotawaringin Timur (Kab.)",NATIONAL,1,163026000,May 2026,CCTV,,,,,,,,
KANTOR PENGAWASAN DAN PELAYANAN BC TELUK BAYUR,KANTOR PENGAWASAN DAN PELAYANAN BC TELUK BAYUR — Kementerian Keuangan,Kementerian Keuangan,KANTOR PENGAWASAN DAN PELAYANAN BC TELUK BAYUR,"Sumatera Barat, Padang (Kota)",NATIONAL,1,56000000,May 2026,LAPTOP,,,,,,,,
KANTOR PENGAWASAN DAN PELAYANAN BEA DAN CUKAI TIPE MADYA CUKAI KUDUS,KANTOR PENGAWASAN DAN PELAYANAN BEA DAN CUKAI TIPE MADYA CUKAI KUDUS — Kementerian Keuangan,Kementerian Keuangan,KANTOR PENGAWASAN DAN PELAYANAN BEA DAN CUKAI TIPE MADYA CUKAI KUDUS,"Jawa Tengah, Kudus (Kab.)",NATIONAL,1,26000000,May 2026,CCTV,,,,,,,,
KANTOR PENGELOLAAN TIK DAN BMN MAKASSAR,KANTOR PENGELOLAAN TIK DAN BMN MAKASSAR — Kementerian Keuangan,Kementerian Keuangan,KANTOR PENGELOLAAN TIK DAN BMN MAKASSAR,"Sulawesi Barat, Mamuju (Kab.)",NATIONAL,2,163300000,May 2026,NETWORKING; OFFICE_FURNITURE,,,,,,,,
KANTOR PERTANAHAN KAB BANDUNG,KANTOR PERTANAHAN KAB BANDUNG — Kementerian Agraria dan Tata Ruang/BPN,Kementerian Agraria dan Tata Ruang/BPN,KANTOR PERTANAHAN KAB BANDUNG,"Jawa Barat, Bandung (Kab.)",NATIONAL,11,96940000,June 2026; May 2026,IT_HARDWARE; PRINTER; STORAGE,,,,,,,,
KANTOR PERTANAHAN KAB CIAMIS,KANTOR PERTANAHAN KAB CIAMIS — Kementerian Agraria dan Tata Ruang/BPN,Kementerian Agraria dan Tata Ruang/BPN,KANTOR PERTANAHAN KAB CIAMIS,"Jawa Barat, Ciamis (Kab.)",NATIONAL,4,251480000,May 2026,IT_HARDWARE,,,,,,,,
KANTOR PERTANAHAN KOTA MAKASSAR,KANTOR PERTANAHAN KOTA MAKASSAR — Kementerian Agraria dan Tata Ruang/BPN,Kementerian Agraria dan Tata Ruang/BPN,KANTOR PERTANAHAN KOTA MAKASSAR,"Sulawesi Selatan, Makassar (Kota)",NATIONAL,3,10140000,June 2026; May 2026,IT_HARDWARE; STORAGE,,,,,,,,
KANTOR PUSAT BADAN PENGAWASAN KEUANGAN DAN PEMBANGUNAN,KANTOR PUSAT BADAN PENGAWASAN KEUANGAN DAN PEMBANGUNAN — Badan Pengawasan Keuangan Dan Pembangunan,Badan Pengawasan Keuangan Dan Pembangunan,KANTOR PUSAT BADAN PENGAWASAN KEUANGAN DAN PEMBANGUNAN,"DKI Jakarta, Jakarta Timur (Kota)",NATIONAL,2,585000000,May 2026,OFFICE_FURNITURE; STORAGE,,,,,,,,
KANTOR PUSAT BADAN PERTANAHAN NASIONAL REPUBLIK INDONESIA,KANTOR PUSAT BADAN PERTANAHAN NASIONAL REPUBLIK INDONESIA — Kementerian Agraria dan Tata Ruang/BPN,Kementerian Agraria dan Tata Ruang/BPN,KANTOR PUSAT BADAN PERTANAHAN NASIONAL REPUBLIK INDONESIA,"Jawa Barat, Bogor (Kab.)",NATIONAL,5,51981414000,June 2026; May 2026,AUDIO; CAMERA_VIDEO; IT_HARDWARE; NETWORKING; SERVER; STORAGE,,,,,,,,
KANTOR PUSAT DIREKTORAT JENDERAL BEA DAN CUKAI,KANTOR PUSAT DIREKTORAT JENDERAL BEA DAN CUKAI — Kementerian Keuangan,Kementerian Keuangan,KANTOR PUSAT DIREKTORAT JENDERAL BEA DAN CUKAI,"Kepulauan Riau, Batam (Kota)",NATIONAL,2,1850187000,June 2026; May 2026,CCTV; OFFICE_FURNITURE,,,,,,,,
KANTOR PUSAT LPP RRI,KANTOR PUSAT LPP RRI — Lembaga Penyiaran Radio Republik Indonesia,Lembaga Penyiaran Radio Republik Indonesia,KANTOR PUSAT LPP RRI,"DKI Jakarta, Jakarta Pusat (Kota)",NATIONAL,6,15344000000,May 2026,AUDIO; NETWORKING; UPS,,,,,,,,
KANTOR PUSAT PENGOLAHAN DATA DAN DOKUMEN PERPAJAKAN,KANTOR PUSAT PENGOLAHAN DATA DAN DOKUMEN PERPAJAKAN — Kementerian Keuangan,Kementerian Keuangan,KANTOR PUSAT PENGOLAHAN DATA DAN DOKUMEN PERPAJAKAN,"DKI Jakarta, Jakarta Barat (Kota)",NATIONAL,1,962307840,May 2026,SERVER; STORAGE,,,,,,,,
KANTOR PUSAT TVRI,KANTOR PUSAT TVRI — Lembaga Penyiaran Publik Televisi Republik Indonesia,Lembaga Penyiaran Publik Televisi Republik Indonesia,KANTOR PUSAT TVRI,"DKI Jakarta, Jakarta Pusat (Kota)",NATIONAL,1,521700000,May 2026,NETWORKING,,,,,,,,
KANTOR REGIONAL I BADAN KEPEGAWAIAN NEGARA YOGYAKARTA,KANTOR REGIONAL I BADAN KEPEGAWAIAN NEGARA YOGYAKARTA — Badan Kepegawaian Negara,Badan Kepegawaian Negara,KANTOR REGIONAL I BADAN KEPEGAWAIAN NEGARA YOGYAKARTA,"DI Yogyakarta, Sleman (Kab.)",NATIONAL,1,19980000,May 2026,IT_HARDWARE,,,,,,,,
KANTOR REGIONAL V BADAN KEPEGAWAIAN NEGARA JAKARTA,KANTOR REGIONAL V BADAN KEPEGAWAIAN NEGARA JAKARTA — Badan Kepegawaian Negara,Badan Kepegawaian Negara,KANTOR REGIONAL V BADAN KEPEGAWAIAN NEGARA JAKARTA,"DKI Jakarta, Jakarta Timur (Kota)",NATIONAL,1,67847000,May 2026,IT_HARDWARE,,,,,,,,
KANTOR REGIONAL XI BADAN KEPEGAWAIAN NEGARA MANADO,KANTOR REGIONAL XI BADAN KEPEGAWAIAN NEGARA MANADO — Badan Kepegawaian Negara,Badan Kepegawaian Negara,KANTOR REGIONAL XI BADAN KEPEGAWAIAN NEGARA MANADO,"Sulawesi Utara, Manado (Kota)",NATIONAL,1,25592000,May 2026,IT_HARDWARE,,,,,,,,
KANTOR STAF PRESIDEN,KANTOR STAF PRESIDEN — Kementerian Sekretariat Negara,Kementerian Sekretariat Negara,KANTOR STAF PRESIDEN,"DKI Jakarta, Jakarta Pusat (Kota)",NATIONAL,1,2879309000,June 2026,IT_HARDWARE; NETWORKING,,,,,,,,
KANTOR TERMINAL TIPE A TIRTONADI,KANTOR TERMINAL TIPE A TIRTONADI — Kementerian Perhubungan,Kementerian Perhubungan,KANTOR TERMINAL TIPE A TIRTONADI,"Jawa Tengah, Surakarta (Kota)",NATIONAL,2,125000000,June 2026; May 2026,NETWORKING; OFFICE_FURNITURE,,,,,,,,
KANTOR WILAYAH BPN PROV DKI JAKARTA,KANTOR WILAYAH BPN PROV DKI JAKARTA — Kementerian Agraria dan Tata Ruang/BPN,Kementerian Agraria dan Tata Ruang/BPN,KANTOR WILAYAH BPN PROV DKI JAKARTA,"DKI Jakarta, Jakarta Pusat (Kota)",PROVINCE,9,33224000,June 2026; May 2026,IT_HARDWARE,,,,,,,,
KANTOR WILAYAH BPN PROV KALIMANTAN SELATAN,KANTOR WILAYAH BPN PROV KALIMANTAN SELATAN — Kementerian Agraria dan Tata Ruang/BPN,Kementerian Agraria dan Tata Ruang/BPN,KANTOR WILAYAH BPN PROV KALIMANTAN SELATAN,"Kalimantan Selatan, Banjar Baru (Kota)",PROVINCE,1,10000000,May 2026,CAMERA_VIDEO,,,,,,,,
KANTOR WILAYAH BPN PROV KALIMANTAN TIMUR,KANTOR WILAYAH BPN PROV KALIMANTAN TIMUR — Kementerian Agraria dan Tata Ruang/BPN,Kementerian Agraria dan Tata Ruang/BPN,KANTOR WILAYAH BPN PROV KALIMANTAN TIMUR,"Kalimantan Timur, Samarinda (Kota)",PROVINCE,31,161013000,June 2026; May 2026,IT_HARDWARE; PRINTER,,,,,,,,
KANTOR WILAYAH BPN PROV KALIMANTAN UTARA,KANTOR WILAYAH BPN PROV KALIMANTAN UTARA — Kementerian Agraria dan Tata Ruang/BPN,Kementerian Agraria dan Tata Ruang/BPN,KANTOR WILAYAH BPN PROV KALIMANTAN UTARA,"Kalimantan Utara, Bulungan (Kab.)",PROVINCE,10,138045000,June 2026; May 2026,IT_HARDWARE; OFFICE_FURNITURE,,,,,,,,
KANTOR WILAYAH DJBC JAWA TENGAH DAN DAERAH ISTIMEWA YOGYAKARTA,KANTOR WILAYAH DJBC JAWA TENGAH DAN DAERAH ISTIMEWA YOGYAKARTA — Kementerian Keuangan,Kementerian Keuangan,KANTOR WILAYAH DJBC JAWA TENGAH DAN DAERAH ISTIMEWA YOGYAKARTA,"Jawa Tengah, Semarang (Kota)",NATIONAL,1,70200000,May 2026,CCTV,,,,,,,,
KANTOR WILAYAH JAMBI IDP,KANTOR WILAYAH JAMBI IDP — Kementerian Hak Asasi Manusia,Kementerian Hak Asasi Manusia,KANTOR WILAYAH JAMBI IDP,"Jambi, Jambi (Kota)",NATIONAL,11,11190000,May 2026,IT_HARDWARE,,,,,,,,
KANTOR WILAYAH JAMBI PDK,KANTOR WILAYAH JAMBI PDK — Kementerian Hak Asasi Manusia,Kementerian Hak Asasi Manusia,KANTOR WILAYAH JAMBI PDK,"Jambi, Jambi (Kota)",NATIONAL,1,500000,May 2026,IT_HARDWARE,,,,,,,,
KANTOR WILAYAH LAMPUNG,KANTOR WILAYAH LAMPUNG — Kementerian Hak Asasi Manusia,Kementerian Hak Asasi Manusia,KANTOR WILAYAH LAMPUNG,"Lampung, Bandar Lampung (Kota)",NATIONAL,5,1136000,June 2026; May 2026,IT_HARDWARE,,,,,,,,
KANTOR WILAYAH SUMATERA UTARA IDP,KANTOR WILAYAH SUMATERA UTARA IDP — Kementerian Hak Asasi Manusia,Kementerian Hak Asasi Manusia,KANTOR WILAYAH SUMATERA UTARA IDP,"Sumatera Utara, Medan (Kota)",NATIONAL,2,1100000,June 2026; May 2026,IT_HARDWARE,,,,,,,,
KANWIL KEMENTERIAN AGAMA DI YOGYAKARTA 417596,KANWIL KEMENTERIAN AGAMA DI YOGYAKARTA 417596 — Kementerian Agama,Kementerian Agama,KANWIL KEMENTERIAN AGAMA DI YOGYAKARTA 417596,"DI Yogyakarta, Yogyakarta (Kota)",NATIONAL,1,53700000,June 2026,IT_HARDWARE,,,,,,,,
KANWIL KEMENTERIAN AGAMA PROP BENGKULU 423396,KANWIL KEMENTERIAN AGAMA PROP BENGKULU 423396 — Kementerian Agama,Kementerian Agama,KANWIL KEMENTERIAN AGAMA PROP BENGKULU 423396,"Bengkulu, Bengkulu (Kota)",NATIONAL,1,86627000,May 2026,LAPTOP,,,,,,,,
KANWIL KEMENTERIAN AGAMA PROP KALIMANTAN TIMUR 419148,KANWIL KEMENTERIAN AGAMA PROP KALIMANTAN TIMUR 419148 — Kementerian Agama,Kementerian Agama,KANWIL KEMENTERIAN AGAMA PROP KALIMANTAN TIMUR 419148,"Kalimantan Timur, Samarinda (Kota)",NATIONAL,1,554900000,May 2026,IT_HARDWARE,,,,,,,,
KANWIL KEMENTERIAN AGAMA PROP KALIMANTAN TIMUR 419150,KANWIL KEMENTERIAN AGAMA PROP KALIMANTAN TIMUR 419150 — Kementerian Agama,Kementerian Agama,KANWIL KEMENTERIAN AGAMA PROP KALIMANTAN TIMUR 419150,"Kalimantan Timur, Samarinda (Kota)",NATIONAL,1,100000000,May 2026,IT_HARDWARE,,,,,,,,
KANWIL KEMENTERIAN AGAMA PROP KALIMANTAN UTARA 417694,KANWIL KEMENTERIAN AGAMA PROP KALIMANTAN UTARA 417694 — Kementerian Agama,Kementerian Agama,KANWIL KEMENTERIAN AGAMA PROP KALIMANTAN UTARA 417694,"Kalimantan Utara, Bulungan (Kab.)",NATIONAL,1,5000000,June 2026,CCTV; NETWORKING,,,,,,,,
KANWIL KEMENTERIAN AGAMA PROP KALIMANTAN UTARA 417695,KANWIL KEMENTERIAN AGAMA PROP KALIMANTAN UTARA 417695 — Kementerian Agama,Kementerian Agama,KANWIL KEMENTERIAN AGAMA PROP KALIMANTAN UTARA 417695,"Kalimantan Utara, Bulungan (Kab.)",NATIONAL,1,50000000,May 2026,LAPTOP,,,,,,,,
KANWIL KEMENTERIAN AGAMA PROP SUMATERA UTARA 299219,KANWIL KEMENTERIAN AGAMA PROP SUMATERA UTARA 299219 — Kementerian Agama,Kementerian Agama,KANWIL KEMENTERIAN AGAMA PROP SUMATERA UTARA 299219,"Sumatera Utara, Medan (Kota)",NATIONAL,5,5026000000,June 2026,IT_HARDWARE; LAPTOP; PRINTER,,,,,,,,
KANWIL KEMENTERIAN AGAMA PROV JAWA BARAT 416379,KANWIL KEMENTERIAN AGAMA PROV JAWA BARAT 416379 — Kementerian Agama,Kementerian Agama,KANWIL KEMENTERIAN AGAMA PROV JAWA BARAT 416379,"Jawa Barat, Bandung (Kota)",PROVINCE,1,14160000,May 2026,LAPTOP,,,,,,,,
KANWIL KEMENTERIAN AGAMA PROV NUSA TENGGARA BARAT 419958,KANWIL KEMENTERIAN AGAMA PROV NUSA TENGGARA BARAT 419958 — Kementerian Agama,Kementerian Agama,KANWIL KEMENTERIAN AGAMA PROV NUSA TENGGARA BARAT 419958,"Nusa Tenggara Barat, Mataram (Kota)",PROVINCE,1,537000000,May 2026,IT_HARDWARE,,,,,,,,
KANWIL KEMENTERIAN AGAMA PROV SULAWESI UTARA 419232,KANWIL KEMENTERIAN AGAMA PROV SULAWESI UTARA 419232 — Kementerian Agama,Kementerian Agama,KANWIL KEMENTERIAN AGAMA PROV SULAWESI UTARA 419232,"Sulawesi Utara, Manado (Kota)",PROVINCE,1,30000000,May 2026,LAPTOP,,,,,,,,
KANWIL KEMENTERIAN AGAMA PROVINSI BANGKA BELITUNG 648658,KANWIL KEMENTERIAN AGAMA PROVINSI BANGKA BELITUNG 648658 — Kementerian Agama,Kementerian Agama,KANWIL KEMENTERIAN AGAMA PROVINSI BANGKA BELITUNG 648658,"Kep. Bangka Belitung, Pangkal Pinang (Kota)",PROVINCE,2,513340000,June 2026; May 2026,IT_HARDWARE; LAPTOP,,,,,,,,
KANWIL KEMENTERIAN AGAMA PROVINSI PAPUA BARAT 568556,KANWIL KEMENTERIAN AGAMA PROVINSI PAPUA BARAT 568556 — Kementerian Agama,Kementerian Agama,KANWIL KEMENTERIAN AGAMA PROVINSI PAPUA BARAT 568556,"Papua Barat, Manokwari (Kab.)",PROVINCE,1,390000000,June 2026,IT_HARDWARE,,,,,,,,
KANWIL KEMENTERIAN HAJI DAN UMRAH PROVINSI DI YOGYAKARTA,KANWIL KEMENTERIAN HAJI DAN UMRAH PROVINSI DI YOGYAKARTA — Kementerian Haji Dan Umrah Republik Indonesia,Kementerian Haji Dan Umrah Republik Indonesia,KANWIL KEMENTERIAN HAJI DAN UMRAH PROVINSI DI YOGYAKARTA,"DI Yogyakarta, Sleman (Kab.)",PROVINCE,1,100000000,June 2026,LAPTOP,,,,,,,,
KEC. SEBUKU,KEC. SEBUKU — Kab. Nunukan,Kab. Nunukan,KEC. SEBUKU,"Kalimantan Utara, Nunukan (Kab.)",LOCAL_AGENCY,1,8228000,June 2026,DESKTOP,,,,,,,,
KEC. SEI MENGGARIS,KEC. SEI MENGGARIS — Kab. Nunukan,Kab. Nunukan,KEC. SEI MENGGARIS,"Kalimantan Utara, Nunukan (Kab.)",LOCAL_AGENCY,1,18000000,June 2026,LAPTOP,,,,,,,,
KECAMATAN ARUNGKEKE,KECAMATAN ARUNGKEKE — Kab. Jeneponto,Kab. Jeneponto,KECAMATAN ARUNGKEKE,"Sulawesi Selatan, Jeneponto (Kab.)",LOCAL_AGENCY,1,375000,June 2026,OFFICE_FURNITURE,,,,,,,,
KECAMATAN BAJAWA,KECAMATAN BAJAWA — Kab. Ngada,Kab. Ngada,KECAMATAN BAJAWA,"Nusa Tenggara Timur, Ngada (Kab.) | Nusa Tenggara Timur, Ngada (Kab.)",LOCAL_AGENCY,3,51666500,May 2026,DESKTOP; IT_HARDWARE,,,,,,,,
KECAMATAN BALIKPAPAN SELATAN,KECAMATAN BALIKPAPAN SELATAN — Kota Balikpapan,Kota Balikpapan,KECAMATAN BALIKPAPAN SELATAN,"Kalimantan Timur, Balikpapan (Kota)",LOCAL_AGENCY,3,5641440,May 2026,IT_HARDWARE; PRINTER,,,,,,,,
KECAMATAN BALIKPAPAN TENGAH,KECAMATAN BALIKPAPAN TENGAH — Kota Balikpapan,Kota Balikpapan,KECAMATAN BALIKPAPAN TENGAH,"Kalimantan Timur, Balikpapan (Kota)",LOCAL_AGENCY,3,1284360,May 2026,IT_HARDWARE; PRINTER,,,,,,,,
KECAMATAN BAOLAN,KECAMATAN BAOLAN — Kab. Toli Toli,Kab. Toli Toli,KECAMATAN BAOLAN,"Sulawesi Tengah, Toli-Toli (Kab.)",LOCAL_AGENCY,3,18500000,June 2026; May 2026,IT_HARDWARE; OFFICE_FURNITURE; PRINTER,,,,,,,,
KECAMATAN BARUMUN BARU,KECAMATAN BARUMUN BARU — Kab. Padang Lawas,Kab. Padang Lawas,KECAMATAN BARUMUN BARU,"Sumatera Utara, Padang Lawas (Kab.)",LOCAL_AGENCY,2,26971812,May 2026,DESKTOP; IT_HARDWARE,,,,,,,,
KECAMATAN BATANG CENAKU,KECAMATAN BATANG CENAKU — Kab. Indragiri Hulu,Kab. Indragiri Hulu,KECAMATAN BATANG CENAKU,"Riau, Indragiri Hulu (Kab.)",LOCAL_AGENCY,1,550000,May 2026,IT_HARDWARE,,,,,,,,
KECAMATAN BATANG,KECAMATAN BATANG — Kab. Jeneponto,Kab. Jeneponto,KECAMATAN BATANG,"Sulawesi Selatan, Jeneponto (Kab.)",LOCAL_AGENCY,2,690000,June 2026,IT_HARDWARE,,,,,,,,
KECAMATAN BATU AMPAR,KECAMATAN BATU AMPAR — Kota Batam,Kota Batam,KECAMATAN BATU AMPAR,"Kepulauan Riau, Batam (Kota)",LOCAL_AGENCY,1,59869800,May 2026,AUDIO,,,,,,,,
KECAMATAN BAULA,KECAMATAN BAULA — Kab. Kolaka,Kab. Kolaka,KECAMATAN BAULA,"Sulawesi Tenggara, Kolaka (Kab.)",LOCAL_AGENCY,1,28369000,May 2026,OFFICE_FURNITURE,,,,,,,,
KECAMATAN BENDA,KECAMATAN BENDA — Kota Tangerang,Kota Tangerang,KECAMATAN BENDA,"Banten, Tangerang (Kota)",LOCAL_AGENCY,1,3750000,June 2026,OFFICE_FURNITURE,,,,,,,,
KECAMATAN BETOAMBARI,KECAMATAN BETOAMBARI — Kota Bau Bau,Kota Bau Bau,KECAMATAN BETOAMBARI,"Sulawesi Tenggara, Baubau (Kota)",LOCAL_AGENCY,1,200000,June 2026,PRINTER,,,,,,,,
KECAMATAN BINTANG,KECAMATAN BINTANG — Kab. Aceh Tengah,Kab. Aceh Tengah,KECAMATAN BINTANG,"Aceh, Aceh Tengah (Kab.) | Aceh, Aceh Tengah (Kab.) | Aceh, Aceh Tengah (Kab.)",LOCAL_AGENCY,2,60290300,May 2026,DESKTOP; IT_HARDWARE; OFFICE_FURNITURE,,,,,,,,
KECAMATAN BLAMBANGAN UMPU,KECAMATAN BLAMBANGAN UMPU — Kab. Way Kanan,Kab. Way Kanan,KECAMATAN BLAMBANGAN UMPU,"Lampung, Way Kanan (Kab.)",LOCAL_AGENCY,3,40500000,May 2026,AUDIO; LAPTOP; OFFICE_FURNITURE,,,,,,,,
KECAMATAN BOKONDINI,KECAMATAN BOKONDINI — Kab. Tolikara,Kab. Tolikara,KECAMATAN BOKONDINI,"Papua Pegunungan, Tolikara (Kab.)",LOCAL_AGENCY,1,76611000,June 2026,DESKTOP,,,,,,,,
KECAMATAN BONANG,KECAMATAN BONANG — Kab. Demak,Kab. Demak,KECAMATAN BONANG,"Jawa Tengah, Demak (Kab.)",LOCAL_AGENCY,1,2500000,June 2026,OFFICE_FURNITURE,,,,,,,,
KECAMATAN BULU,KECAMATAN BULU — Kab. Rembang,Kab. Rembang,KECAMATAN BULU,"Jawa Tengah, Rembang (Kab.)",LOCAL_AGENCY,1,1600000,May 2026,AUDIO,,,,,,,,
KECAMATAN CANDISARI,KECAMATAN CANDISARI — Kota Semarang,Kota Semarang,KECAMATAN CANDISARI,"Jawa Tengah, Semarang (Kota)",LOCAL_AGENCY,1,15132570,June 2026,PRINTER,,,,,,,,
KECAMATAN CAWAS,KECAMATAN CAWAS — Kab. Klaten,Kab. Klaten,KECAMATAN CAWAS,"Jawa Tengah, Klaten (Kab.)",LOCAL_AGENCY,6,66988500,June 2026; May 2026,DESKTOP; IT_HARDWARE; OFFICE_FURNITURE,,,,,,,,
KECAMATAN CIBEBER,KECAMATAN CIBEBER — Kota Cilegon,Kota Cilegon,KECAMATAN CIBEBER,"Banten, Cilegon (Kota)",LOCAL_AGENCY,2,25640000,June 2026; May 2026,IT_HARDWARE; PRINTER,,,,,,,,
KECAMATAN CIBINONG,KECAMATAN CIBINONG — Kab. Cianjur,Kab. Cianjur,KECAMATAN CIBINONG,"Jawa Barat, Cianjur (Kab.)",LOCAL_AGENCY,3,10249475,May 2026,DESKTOP; IT_HARDWARE,,,,,,,,
KECAMATAN CINERE,KECAMATAN CINERE — Kota Depok,Kota Depok,KECAMATAN CINERE,"Jawa Barat, Depok (Kota)",LOCAL_AGENCY,1,150000,June 2026,PRINTER,,,,,,,,
KECAMATAN CIWARINGIN,KECAMATAN CIWARINGIN — Kab. Cirebon,Kab. Cirebon,KECAMATAN CIWARINGIN,"Jawa Barat, Cirebon (Kab.)",LOCAL_AGENCY,5,12571800,June 2026; May 2026,AUDIO; OFFICE_FURNITURE,,,,,,,,
KECAMATAN CIWARU,KECAMATAN CIWARU — Kab. Kuningan,Kab. Kuningan,KECAMATAN CIWARU,"Jawa Barat, Kuningan (Kab.)",LOCAL_AGENCY,1,26000000,May 2026,OFFICE_FURNITURE,,,,,,,,
KECAMATAN DARUL MAKMUR,KECAMATAN DARUL MAKMUR — Kab. Nagan Raya,Kab. Nagan Raya,KECAMATAN DARUL MAKMUR,"Aceh, Nagan Raya (Kab.)",LOCAL_AGENCY,2,51171000,May 2026,IT_HARDWARE,,,,,,,,
KECAMATAN DENPASAR BARAT,KECAMATAN DENPASAR BARAT — Kota Denpasar,Kota Denpasar,KECAMATAN DENPASAR BARAT,"Bali, Denpasar (Kota)",LOCAL_AGENCY,5,35631000,June 2026; May 2026,AUDIO; OFFICE_FURNITURE,,,,,,,,
KECAMATAN DENPASAR SELATAN,KECAMATAN DENPASAR SELATAN — Kota Denpasar,Kota Denpasar,KECAMATAN DENPASAR SELATAN,"Bali, Denpasar (Kota)",LOCAL_AGENCY,5,86164000,June 2026; May 2026,AUDIO; IT_HARDWARE; OFFICE_FURNITURE,,,,,,,,
KECAMATAN DENPASAR TIMUR,KECAMATAN DENPASAR TIMUR — Kota Denpasar,Kota Denpasar,KECAMATAN DENPASAR TIMUR,"Bali, Denpasar (Kota)",LOCAL_AGENCY,4,13817000,June 2026; May 2026,AUDIO; OFFICE_FURNITURE,,,,,,,,
KECAMATAN DUDUKSAMPEYAN,KECAMATAN DUDUKSAMPEYAN — Kab. Gresik,Kab. Gresik,KECAMATAN DUDUKSAMPEYAN,"Jawa Timur, Gresik (Kab.)",LOCAL_AGENCY,2,29996800,June 2026,DESKTOP,,,,,,,,
KECAMATAN FORDATA,KECAMATAN FORDATA — Kab. Kepulauan Tanimbar,Kab. Kepulauan Tanimbar,KECAMATAN FORDATA,"Maluku, Maluku Tenggara Barat (Kab.)",LOCAL_AGENCY,1,10709000,May 2026,IT_HARDWARE,,,,,,,,
KECAMATAN GAJAHMUNGKUR,KECAMATAN GAJAHMUNGKUR — Kota Semarang,Kota Semarang,KECAMATAN GAJAHMUNGKUR,"Jawa Tengah, Semarang (Kota)",LOCAL_AGENCY,1,25602006,May 2026,DESKTOP; IT_HARDWARE,,,,,,,,
KECAMATAN GAMBIR - JAKPUS,KECAMATAN GAMBIR - JAKPUS — Provinsi DKI Jakarta,Provinsi DKI Jakarta,KECAMATAN GAMBIR - JAKPUS,"DKI Jakarta, Jakarta Pusat (Kota)",PROVINCE,1,14738528,June 2026,IT_HARDWARE,,,,,,,,
KECAMATAN GANDUSARI,KECAMATAN GANDUSARI — Kab. Trenggalek,Kab. Trenggalek,KECAMATAN GANDUSARI,"Jawa Timur, Terenggalek (Kab.)",LOCAL_AGENCY,1,1339000,May 2026,IT_HARDWARE,,,,,,,,
KECAMATAN GANTIWARNO,KECAMATAN GANTIWARNO — Kab. Klaten,Kab. Klaten,KECAMATAN GANTIWARNO,"Jawa Tengah, Klaten (Kab.)",LOCAL_AGENCY,1,500000,June 2026,OFFICE_FURNITURE,,,,,,,,
KECAMATAN GREGED,KECAMATAN GREGED — Kab. Cirebon,Kab. Cirebon,KECAMATAN GREGED,"Jawa Barat, Cirebon (Kab.)",LOCAL_AGENCY,2,13177000,June 2026,OFFICE_FURNITURE,,,,,,,,
KECAMATAN GROGOL,KECAMATAN GROGOL — Kota Cilegon,Kota Cilegon,KECAMATAN GROGOL,"Banten, Cilegon (Kota)",LOCAL_AGENCY,3,18498000,June 2026,DESKTOP; IT_HARDWARE; PRINTER,,,,,,,,
KECAMATAN GUMAY TALANG,KECAMATAN GUMAY TALANG — Kab. Lahat,Kab. Lahat,KECAMATAN GUMAY TALANG,"Sumatera Selatan, Lahat (Kab.)",LOCAL_AGENCY,1,13764000,June 2026,AUDIO,,,,,,,,
KECAMATAN GUNTUR,KECAMATAN GUNTUR — Kab. Demak,Kab. Demak,KECAMATAN GUNTUR,"Jawa Tengah, Demak (Kab.)",LOCAL_AGENCY,1,37500000,June 2026,OFFICE_FURNITURE,,,,,,,,
KECAMATAN GUNUNG LABUHAN,KECAMATAN GUNUNG LABUHAN — Kab. Way Kanan,Kab. Way Kanan,KECAMATAN GUNUNG LABUHAN,"Lampung, Way Kanan (Kab.)",LOCAL_AGENCY,1,39500000,May 2026,IT_HARDWARE,,,,,,,,
KECAMATAN GUNUNG PATI,KECAMATAN GUNUNG PATI — Kota Semarang,Kota Semarang,KECAMATAN GUNUNG PATI,"Jawa Tengah, Semarang (Kota) | Jawa Tengah, Semarang (Kota) | Jawa Tengah, Semarang (Kota)",LOCAL_AGENCY,1,6500693,May 2026,OFFICE_FURNITURE,,,,,,,,
KECAMATAN GUNUNG TERANG,KECAMATAN GUNUNG TERANG — Kab. Tulang Bawang Barat,Kab. Tulang Bawang Barat,KECAMATAN GUNUNG TERANG,"Lampung, Tulang Bawang Barat (Kab.)",LOCAL_AGENCY,1,3000000,May 2026,DESKTOP,,,,,,,,
KECAMATAN HANAU,KECAMATAN HANAU — Kab. Seruyan,Kab. Seruyan,KECAMATAN HANAU,"Kalimantan Tengah, Seruyan (Kab.)",LOCAL_AGENCY,1,1260000,May 2026,NETWORKING,,,,,,,,
KECAMATAN ILE APE TIMUR,KECAMATAN ILE APE TIMUR — Kab. Lembata,Kab. Lembata,KECAMATAN ILE APE TIMUR,"Nusa Tenggara Timur, Lembata (Kab.)",LOCAL_AGENCY,2,438449,June 2026; May 2026,IT_HARDWARE,,,,,,,,
KECAMATAN JAGAKARSA - JAKSEL,KECAMATAN JAGAKARSA - JAKSEL — Provinsi DKI Jakarta,Provinsi DKI Jakarta,KECAMATAN JAGAKARSA - JAKSEL,"DKI Jakarta, Jakarta Selatan (Kota)",PROVINCE,2,64751904,June 2026; May 2026,CCTV; OFFICE_FURNITURE; PRINTER,,,,,,,,
KECAMATAN JAMBLANG,KECAMATAN JAMBLANG — Kab. Cirebon,Kab. Cirebon,KECAMATAN JAMBLANG,"Jawa Barat, Cirebon (Kab.)",LOCAL_AGENCY,3,30958000,June 2026,AUDIO; OFFICE_FURNITURE,,,,,,,,
KECAMATAN JASINGA,KECAMATAN JASINGA — Kab. Bogor,Kab. Bogor,KECAMATAN JASINGA,"Jawa Barat, Bogor (Kab.)",LOCAL_AGENCY,5,2426600,June 2026; May 2026,IT_HARDWARE,,,,,,,,
KECAMATAN JATINOM,KECAMATAN JATINOM — Kab. Klaten,Kab. Klaten,KECAMATAN JATINOM,"Jawa Tengah, Klaten (Kab.)",LOCAL_AGENCY,1,7200000,May 2026,OFFICE_FURNITURE,,,,,,,,
KECAMATAN JATIROTO,KECAMATAN JATIROTO — Kab. Lumajang,Kab. Lumajang,KECAMATAN JATIROTO,"Jawa Timur, Lumajang (Kab.)",LOCAL_AGENCY,2,19835145,June 2026,DESKTOP; OFFICE_FURNITURE,,,,,,,,
KECAMATAN JOGONALAN,KECAMATAN JOGONALAN — Kab. Klaten,Kab. Klaten,KECAMATAN JOGONALAN,"Jawa Tengah, Klaten (Kab.)",LOCAL_AGENCY,2,67700000,June 2026,DESKTOP,,,,,,,,
KECAMATAN JOMBANG,KECAMATAN JOMBANG — Kota Cilegon,Kota Cilegon,KECAMATAN JOMBANG,"Banten, Cilegon (Kota)",LOCAL_AGENCY,2,1808000,June 2026; May 2026,IT_HARDWARE,,,,,,,,
KECAMATAN KAMPAK,KECAMATAN KAMPAK — Kab. Trenggalek,Kab. Trenggalek,KECAMATAN KAMPAK,"Jawa Timur, Terenggalek (Kab.)",LOCAL_AGENCY,3,3627600,May 2026,DESKTOP; IT_HARDWARE,,,,,,,,
KECAMATAN KAPETAKAN,KECAMATAN KAPETAKAN — Kab. Cirebon,Kab. Cirebon,KECAMATAN KAPETAKAN,"Jawa Barat, Cirebon (Kab.)",LOCAL_AGENCY,1,2695400,June 2026,AUDIO,,,,,,,,
KECAMATAN KARANGTENGAH,KECAMATAN KARANGTENGAH — Kab. Demak,Kab. Demak,KECAMATAN KARANGTENGAH,"Jawa Tengah, Demak (Kab.)",LOCAL_AGENCY,1,1000000,June 2026,OFFICE_FURNITURE,,,,,,,,
KECAMATAN KARAS,KECAMATAN KARAS — Kab. Magetan,Kab. Magetan,KECAMATAN KARAS,"Jawa Timur, Magetan (Kab.)",LOCAL_AGENCY,2,2325000,June 2026,AUDIO; OFFICE_FURNITURE,,,,,,,,
KECAMATAN KARAWACI,KECAMATAN KARAWACI — Kota Tangerang,Kota Tangerang,KECAMATAN KARAWACI,"Banten, Tangerang (Kota)",LOCAL_AGENCY,1,81934000,May 2026,OFFICE_FURNITURE,,,,,,,,
KECAMATAN KASUI,KECAMATAN KASUI — Kab. Way Kanan,Kab. Way Kanan,KECAMATAN KASUI,"Lampung, Way Kanan (Kab.)",LOCAL_AGENCY,1,10000000,May 2026,IT_HARDWARE,,,,,,,,
KECAMATAN KEBAYORAN LAMA - JAKSEL,KECAMATAN KEBAYORAN LAMA - JAKSEL — Provinsi DKI Jakarta,Provinsi DKI Jakarta,KECAMATAN KEBAYORAN LAMA - JAKSEL,"DKI Jakarta, Jakarta Selatan (Kota)",PROVINCE,1,6611136,May 2026,DESKTOP; IT_HARDWARE,,,,,,,,
KECAMATAN KEBONAGUNG,KECAMATAN KEBONAGUNG — Kab. Demak,Kab. Demak,KECAMATAN KEBONAGUNG,"Jawa Tengah, Demak (Kab.)",LOCAL_AGENCY,3,66000000,May 2026,DESKTOP; OFFICE_FURNITURE,,,,,,,,
KECAMATAN KEBONARUM,KECAMATAN KEBONARUM — Kab. Klaten,Kab. Klaten,KECAMATAN KEBONARUM,"Jawa Tengah, Klaten (Kab.)",LOCAL_AGENCY,1,2000000,June 2026,OFFICE_FURNITURE,,,,,,,,
KECAMATAN KEDAWUNG,KECAMATAN KEDAWUNG — Kab. Cirebon,Kab. Cirebon,KECAMATAN KEDAWUNG,"Jawa Barat, Cirebon (Kab.)",LOCAL_AGENCY,1,68674000,June 2026,OFFICE_FURNITURE,,,,,,,,
KECAMATAN KEMBANGAN - JAKBAR,KECAMATAN KEMBANGAN - JAKBAR — Provinsi DKI Jakarta,Provinsi DKI Jakarta,KECAMATAN KEMBANGAN - JAKBAR,"DKI Jakarta, Jakarta Barat (Kota)",PROVINCE,1,9246272,June 2026,PRINTER,,,,,,,,
KECAMATAN KEP.SERIBU SELATAN - KEP. SERIBU,KECAMATAN KEP.SERIBU SELATAN - KEP. SERIBU — Provinsi DKI Jakarta,Provinsi DKI Jakarta,KECAMATAN KEP.SERIBU SELATAN - KEP. SERIBU,"DKI Jakarta, Adm. Kepulauan Seribu (Kab.)",PROVINCE,1,8331456,June 2026,IT_HARDWARE; PRINTER,,,,,,,,
KECAMATAN KESUI WATUBELA,KECAMATAN KESUI WATUBELA — Kab. Seram Bagian Timur,Kab. Seram Bagian Timur,KECAMATAN KESUI WATUBELA,"Maluku, Seram Bagian Timur (Kab.)",LOCAL_AGENCY,1,5000000,June 2026,IT_HARDWARE,,,,,,,,
KECAMATAN KLANGENAN,KECAMATAN KLANGENAN — Kab. Cirebon,Kab. Cirebon,KECAMATAN KLANGENAN,"Jawa Barat, Cirebon (Kab.)",LOCAL_AGENCY,1,11081000,May 2026,DESKTOP,,,,,,,,
KECAMATAN KLATEN SELATAN,KECAMATAN KLATEN SELATAN — Kab. Klaten,Kab. Klaten,KECAMATAN KLATEN SELATAN,"Jawa Tengah, Klaten (Kab.)",LOCAL_AGENCY,2,18000000,June 2026,OFFICE_FURNITURE,,,,,,,,
KECAMATAN KUTA BARO,KECAMATAN KUTA BARO — Kab. Aceh Besar,Kab. Aceh Besar,KECAMATAN KUTA BARO,"Aceh, Aceh Besar (Kab.)",LOCAL_AGENCY,1,3795000,June 2026,IT_HARDWARE,,,,,,,,
KECAMATAN KUTE SIANTAN,KECAMATAN KUTE SIANTAN — Kab. Kepulauan Anambas,Kab. Kepulauan Anambas,KECAMATAN KUTE SIANTAN,"Kepulauan Riau, Kepulauan Anambas (Kab.)",LOCAL_AGENCY,1,5661000,May 2026,IT_HARDWARE,,,,,,,,
KECAMATAN LAMPASIO,KECAMATAN LAMPASIO — Kab. Toli Toli,Kab. Toli Toli,KECAMATAN LAMPASIO,"Sulawesi Tengah, Toli-Toli (Kab.)",LOCAL_AGENCY,1,7021800,June 2026,DESKTOP,,,,,,,,
KECAMATAN LEGONKULON,KECAMATAN LEGONKULON — Kab. Subang,Kab. Subang,KECAMATAN LEGONKULON,"Jawa Barat, Subang (Kab.)",LOCAL_AGENCY,2,4900000,May 2026,AUDIO; IT_HARDWARE; PRINTER,,,,,,,,
KECAMATAN LEMAHABANG,KECAMATAN LEMAHABANG — Kab. Cirebon,Kab. Cirebon,KECAMATAN LEMAHABANG,"Jawa Barat, Cirebon (Kab.)",LOCAL_AGENCY,1,8500000,May 2026,AUDIO,,,,,,,,
KECAMATAN LOSARI,KECAMATAN LOSARI — Kab. Cirebon,Kab. Cirebon,KECAMATAN LOSARI,"Jawa Barat, Cirebon (Kab.)",LOCAL_AGENCY,2,12121200,May 2026,AUDIO; OFFICE_FURNITURE,,,,,,,,
KECAMATAN LUBUK BAJA,KECAMATAN LUBUK BAJA — Kota Batam,Kota Batam,KECAMATAN LUBUK BAJA,"Kepulauan Riau, Batam (Kota)",LOCAL_AGENCY,4,76725712,June 2026; May 2026,AUDIO; OFFICE_FURNITURE,,,,,,,,
KECAMATAN MALLUSETASI,KECAMATAN MALLUSETASI — Kab. Barru,Kab. Barru,KECAMATAN MALLUSETASI,"Sulawesi Selatan, Barru (Kab.)",LOCAL_AGENCY,2,32576675,May 2026,LAPTOP; OFFICE_FURNITURE; PRINTER,,,,,,,,
KECAMATAN MANYAK PAYED,KECAMATAN MANYAK PAYED — Kab. Aceh Tamiang,Kab. Aceh Tamiang,KECAMATAN MANYAK PAYED,"Aceh, Aceh Tamiang (Kab.)",LOCAL_AGENCY,1,12000000,May 2026,DESKTOP,,,,,,,,
KECAMATAN MENTAYA HILIR UTARA,KECAMATAN MENTAYA HILIR UTARA — Kab. Kotawaringin Timur,Kab. Kotawaringin Timur,KECAMATAN MENTAYA HILIR UTARA,"Kalimantan Tengah, Kotawaringin Timur (Kab.)",LOCAL_AGENCY,2,12104500,June 2026; May 2026,DESKTOP; IT_HARDWARE,,,,,,,,
KECAMATAN MUNTILAN,KECAMATAN MUNTILAN — Kab. Magelang,Kab. Magelang,KECAMATAN MUNTILAN,"Jawa Tengah, Magelang (Kab.)",LOCAL_AGENCY,6,13723942,June 2026; May 2026,DESKTOP; IT_HARDWARE; OFFICE_FURNITURE,,,,,,,,
KECAMATAN MURUNG PUDAK,KECAMATAN MURUNG PUDAK — Kab. Tabalong,Kab. Tabalong,KECAMATAN MURUNG PUDAK,"Kalimantan Selatan, Tabalong (Kab.)",LOCAL_AGENCY,2,37889850,May 2026,DESKTOP; IT_HARDWARE,,,,,,,,
KECAMATAN NEGERI AGUNG,KECAMATAN NEGERI AGUNG — Kab. Way Kanan,Kab. Way Kanan,KECAMATAN NEGERI AGUNG,"Lampung, Way Kanan (Kab.)",LOCAL_AGENCY,1,3500000,May 2026,NETWORKING,,,,,,,,
KECAMATAN OMBEN,KECAMATAN OMBEN — Kab. Sampang,Kab. Sampang,KECAMATAN OMBEN,"Jawa Timur, Sampang (Kab.)",LOCAL_AGENCY,3,8900000,June 2026; May 2026,AUDIO; DESKTOP; IT_HARDWARE; OFFICE_FURNITURE,,,,,,,,
KECAMATAN PADURESO,KECAMATAN PADURESO — Kab. Kebumen,Kab. Kebumen,KECAMATAN PADURESO,"Jawa Tengah, Kebumen (Kab.)",LOCAL_AGENCY,5,12401000,June 2026; May 2026,DESKTOP; IT_HARDWARE,,,,,,,,
KECAMATAN PALMERAH - JAKBAR,KECAMATAN PALMERAH - JAKBAR — Provinsi DKI Jakarta,Provinsi DKI Jakarta,KECAMATAN PALMERAH - JAKBAR,"DKI Jakarta, Jakarta Barat (Kota)",PROVINCE,2,36892800,June 2026,IT_HARDWARE; LAPTOP; PRINTER,,,,,,,,
KECAMATAN PANCORAN - JAKSEL,KECAMATAN PANCORAN - JAKSEL — Provinsi DKI Jakarta,Provinsi DKI Jakarta,KECAMATAN PANCORAN - JAKSEL,"DKI Jakarta, Jakarta Selatan (Kota)",PROVINCE,1,41068384,June 2026,IT_HARDWARE,,,,,,,,
KECAMATAN PANCUR BATU,KECAMATAN PANCUR BATU — Kab. Deli Serdang,Kab. Deli Serdang,KECAMATAN PANCUR BATU,"Sumatera Utara, Deli Serdang (Kab.)",LOCAL_AGENCY,2,9860000,May 2026,LAPTOP; PRINTER,,,,,,,,
KECAMATAN PANGURAGAN,KECAMATAN PANGURAGAN — Kab. Cirebon,Kab. Cirebon,KECAMATAN PANGURAGAN,"Jawa Barat, Cirebon (Kab.)",LOCAL_AGENCY,1,2920000,June 2026,DESKTOP; IT_HARDWARE,,,,,,,,
KECAMATAN PARANG,KECAMATAN PARANG — Kab. Magetan,Kab. Magetan,KECAMATAN PARANG,"Jawa Timur, Magetan (Kab.)",LOCAL_AGENCY,1,1135100,June 2026,AUDIO,,,,,,,,
KECAMATAN PARON,KECAMATAN PARON — Kab. Ngawi,Kab. Ngawi,KECAMATAN PARON,"Jawa Timur, Ngawi (Kab.)",LOCAL_AGENCY,1,3000000,June 2026,IT_HARDWARE,,,,,,,,
KECAMATAN PASALEMAN,KECAMATAN PASALEMAN — Kab. Cirebon,Kab. Cirebon,KECAMATAN PASALEMAN,"Jawa Barat, Cirebon (Kab.)",LOCAL_AGENCY,4,12385800,June 2026; May 2026,AUDIO; OFFICE_FURNITURE,,,,,,,,
KECAMATAN PASREPAN,KECAMATAN PASREPAN — Kab. Pasuruan,Kab. Pasuruan,KECAMATAN PASREPAN,"Jawa Timur, Pasuruan (Kab.)",LOCAL_AGENCY,2,16432500,May 2026,AUDIO; OFFICE_FURNITURE,,,,,,,,
KECAMATAN PAYAKUMBUH,KECAMATAN PAYAKUMBUH — Kab. Lima Puluh Kota,Kab. Lima Puluh Kota,KECAMATAN PAYAKUMBUH,"Sumatera Barat, Lima Puluh Kota (Kab.)",LOCAL_AGENCY,3,53425000,June 2026,DESKTOP; IT_HARDWARE; OFFICE_FURNITURE,,,,,,,,
KECAMATAN PEKALIPAN,KECAMATAN PEKALIPAN — Kota Cirebon,Kota Cirebon,KECAMATAN PEKALIPAN,"Jawa Barat, Cirebon (Kota)",LOCAL_AGENCY,8,72951600,June 2026; May 2026,AUDIO; OFFICE_FURNITURE,,,,,,,,
KECAMATAN PESANGGRAHAN - JAKSEL,KECAMATAN PESANGGRAHAN - JAKSEL — Provinsi DKI Jakarta,Provinsi DKI Jakarta,KECAMATAN PESANGGRAHAN - JAKSEL,"DKI Jakarta, Jakarta Selatan (Kota)",PROVINCE,2,75594736,June 2026,DESKTOP; SCANNER,,,,,,,,
KECAMATAN POLLUNG,KECAMATAN POLLUNG — Kab. Humbang Hasundutan,Kab. Humbang Hasundutan,KECAMATAN POLLUNG,"Sumatera Utara, Humbang Hasundutan (Kab.)",LOCAL_AGENCY,1,16000000,June 2026,DESKTOP,,,,,,,,
KECAMATAN PONCOWARNO,KECAMATAN PONCOWARNO — Kab. Kebumen,Kab. Kebumen,KECAMATAN PONCOWARNO,"Jawa Tengah, Kebumen (Kab.)",LOCAL_AGENCY,4,4231000,June 2026; May 2026,IT_HARDWARE,,,,,,,,
KECAMATAN PONDOK AREN,KECAMATAN PONDOK AREN — Kota Tangerang Selatan,Kota Tangerang Selatan,KECAMATAN PONDOK AREN,"Banten, Tangerang Selatan (Kota)",LOCAL_AGENCY,1,49940103,June 2026,OFFICE_FURNITURE,,,,,,,,
KECAMATAN PONTIANAK SELATAN,KECAMATAN PONTIANAK SELATAN — Kota Pontianak,Kota Pontianak,KECAMATAN PONTIANAK SELATAN,"Kalimantan Barat, Pontianak (Kota)",LOCAL_AGENCY,1,2230000,May 2026,IT_HARDWARE,,,,,,,,
KECAMATAN PONTIANAK TIMUR,KECAMATAN PONTIANAK TIMUR — Kota Pontianak,Kota Pontianak,KECAMATAN PONTIANAK TIMUR,"Kalimantan Barat, Pontianak (Kota)",LOCAL_AGENCY,6,15350000,June 2026; May 2026,AUDIO; DESKTOP; IT_HARDWARE,,,,,,,,
KECAMATAN PRAMBANAN,KECAMATAN PRAMBANAN — Kab. Klaten,Kab. Klaten,KECAMATAN PRAMBANAN,"Jawa Tengah, Klaten (Kab.)",LOCAL_AGENCY,1,210000,June 2026,IT_HARDWARE,,,,,,,,
KECAMATAN PREMBUN,KECAMATAN PREMBUN — Kab. Kebumen,Kab. Kebumen,KECAMATAN PREMBUN,"Jawa Tengah, Kebumen (Kab.)",LOCAL_AGENCY,1,10000000,May 2026,OFFICE_FURNITURE,,,,,,,,
KECAMATAN PUGAAN,KECAMATAN PUGAAN — Kab. Tabalong,Kab. Tabalong,KECAMATAN PUGAAN,"Kalimantan Selatan, Tabalong (Kab.)",LOCAL_AGENCY,1,15892425,June 2026,DESKTOP,,,,,,,,
KECAMATAN PURING,KECAMATAN PURING — Kab. Kebumen,Kab. Kebumen,KECAMATAN PURING,"Jawa Tengah, Kebumen (Kab.)",LOCAL_AGENCY,6,6915000,June 2026; May 2026,AUDIO; DESKTOP; IT_HARDWARE; OFFICE_FURNITURE,,,,,,,,
KECAMATAN PURWAKARTA,KECAMATAN PURWAKARTA — Kota Cilegon,Kota Cilegon,KECAMATAN PURWAKARTA,"Banten, Cilegon (Kota)",LOCAL_AGENCY,3,11087890,June 2026; May 2026,NETWORKING; PRINTER,,,,,,,,
KECAMATAN RANCABUNGUR,KECAMATAN RANCABUNGUR — Kab. Bogor,Kab. Bogor,KECAMATAN RANCABUNGUR,"Jawa Barat, Bogor (Kab.)",LOCAL_AGENCY,4,1769451,June 2026; May 2026,IT_HARDWARE,,,,,,,,
KECAMATAN RANCAEKEK,KECAMATAN RANCAEKEK — Kab. Bandung,Kab. Bandung,KECAMATAN RANCAEKEK,"Jawa Barat, Bandung (Kab.)",LOCAL_AGENCY,1,1460000,June 2026,DESKTOP; IT_HARDWARE,,,,,,,,
KECAMATAN RIUNG,KECAMATAN RIUNG — Kab. Ngada,Kab. Ngada,KECAMATAN RIUNG,"Nusa Tenggara Timur, Ngada (Kab.)",LOCAL_AGENCY,1,6125000,May 2026,OFFICE_FURNITURE,,,,,,,,
KECAMATAN SAGALAHERANG,KECAMATAN SAGALAHERANG — Kab. Subang,Kab. Subang,KECAMATAN SAGALAHERANG,"Jawa Barat, Subang (Kab.) | Jawa Barat, Subang (Kab.) | Jawa Barat, Subang (Kab.)",LOCAL_AGENCY,1,14743000,May 2026,IT_HARDWARE,,,,,,,,
KECAMATAN SALAM,KECAMATAN SALAM — Kab. Magelang,Kab. Magelang,KECAMATAN SALAM,"Jawa Tengah, Magelang (Kab.)",LOCAL_AGENCY,4,1856209,June 2026,DESKTOP; IT_HARDWARE,,,,,,,,
KECAMATAN SELARU,KECAMATAN SELARU — Kab. Kepulauan Tanimbar,Kab. Kepulauan Tanimbar,KECAMATAN SELARU,"Maluku, Maluku Tenggara Barat (Kab.)",LOCAL_AGENCY,2,1420800,May 2026,IT_HARDWARE,,,,,,,,
KECAMATAN SERANAU,KECAMATAN SERANAU — Kab. Kotawaringin Timur,Kab. Kotawaringin Timur,KECAMATAN SERANAU,"Kalimantan Tengah, Kotawaringin Timur (Kab.)",LOCAL_AGENCY,2,71660000,June 2026,DESKTOP,,,,,,,,
KECAMATAN SETU,KECAMATAN SETU — Kota Tangerang Selatan,Kota Tangerang Selatan,KECAMATAN SETU,"Banten, Tangerang Selatan (Kota)",LOCAL_AGENCY,1,43817800,May 2026,DESKTOP; IT_HARDWARE,,,,,,,,
KECAMATAN SIWALALAT,KECAMATAN SIWALALAT — Kab. Seram Bagian Timur,Kab. Seram Bagian Timur,KECAMATAN SIWALALAT,"Maluku, Seram Bagian Timur (Kab.)",LOCAL_AGENCY,1,578000,June 2026,IT_HARDWARE,,,,,,,,
KECAMATAN SUNGAI BEDUK,KECAMATAN SUNGAI BEDUK — Kota Batam,Kota Batam,KECAMATAN SUNGAI BEDUK,"Kepulauan Riau, Batam (Kota)",LOCAL_AGENCY,2,19327800,June 2026,OFFICE_FURNITURE,,,,,,,,
KECAMATAN TANTA,KECAMATAN TANTA — Kab. Tabalong,Kab. Tabalong,KECAMATAN TANTA,"Kalimantan Selatan, Tabalong (Kab.)",LOCAL_AGENCY,2,48481655,May 2026,IT_HARDWARE,,,,,,,,
KECAMATAN TEKUNG,KECAMATAN TEKUNG — Kab. Lumajang,Kab. Lumajang,KECAMATAN TEKUNG,"Jawa Timur, Lumajang (Kab.)",LOCAL_AGENCY,2,2700000,June 2026,DESKTOP; IT_HARDWARE,,,,,,,,
KECAMATAN TEMPURAN,KECAMATAN TEMPURAN — Kab. Magelang,Kab. Magelang,KECAMATAN TEMPURAN,"Jawa Tengah, Magelang (Kab.)",LOCAL_AGENCY,3,1795760,May 2026,IT_HARDWARE; OFFICE_FURNITURE,,,,,,,,
KECAMATAN TERUSAN NUNYAI,KECAMATAN TERUSAN NUNYAI — Kab. Lampung Tengah,Kab. Lampung Tengah,KECAMATAN TERUSAN NUNYAI,"Lampung, Lampung Tengah (Kab.)",LOCAL_AGENCY,1,1380000,June 2026,IT_HARDWARE,,,,,,,,
KECAMATAN TEWAH,KECAMATAN TEWAH — Kab. Gunung Mas,Kab. Gunung Mas,KECAMATAN TEWAH,"Kalimantan Tengah, Gunung Mas (Kab.)",LOCAL_AGENCY,1,145000,June 2026,IT_HARDWARE,,,,,,,,
KECAMATAN TILONGKABILA,KECAMATAN TILONGKABILA — Kab. Bone Bolango,Kab. Bone Bolango,KECAMATAN TILONGKABILA,"Gorontalo, Bone Bolango (Kab.)",LOCAL_AGENCY,1,3450000,June 2026,PRINTER,,,,,,,,
KECAMATAN TINOMBO SELATAN,KECAMATAN TINOMBO SELATAN — Kab. Parigi Moutong,Kab. Parigi Moutong,KECAMATAN TINOMBO SELATAN,"Sulawesi Tengah, Parigi Moutong (Kab.)",LOCAL_AGENCY,1,14137500,May 2026,OFFICE_FURNITURE,,,,,,,,
KECAMATAN TRENGGALEK,KECAMATAN TRENGGALEK — Kab. Trenggalek,Kab. Trenggalek,KECAMATAN TRENGGALEK,"Jawa Timur, Terenggalek (Kab.)",LOCAL_AGENCY,1,8658000,June 2026,DESKTOP,,,,,,,,
KECAMATAN TULANG BAWANG TENGAH,KECAMATAN TULANG BAWANG TENGAH — Kab. Tulang Bawang Barat,Kab. Tulang Bawang Barat,KECAMATAN TULANG BAWANG TENGAH,"Lampung, Tulang Bawang Barat (Kab.)",LOCAL_AGENCY,1,7500000,May 2026,DESKTOP,,,,,,,,
KECAMATAN TULUNG,KECAMATAN TULUNG — Kab. Klaten,Kab. Klaten,KECAMATAN TULUNG,"Jawa Tengah, Klaten (Kab.)",LOCAL_AGENCY,3,3864000,June 2026; May 2026,AUDIO; IT_HARDWARE,,,,,,,,
KECAMATAN UJUNGPANGKAH,KECAMATAN UJUNGPANGKAH — Kab. Gresik,Kab. Gresik,KECAMATAN UJUNGPANGKAH,"Jawa Timur, Gresik (Kab.)",LOCAL_AGENCY,1,6694600,May 2026,IT_HARDWARE,,,,,,,,
KECAMATAN WATULIMO,KECAMATAN WATULIMO — Kab. Trenggalek,Kab. Trenggalek,KECAMATAN WATULIMO,"Jawa Timur, Terenggalek (Kab.)",LOCAL_AGENCY,1,12799999,June 2026,DESKTOP,,,,,,,,
KECAMATAN WEDI,KECAMATAN WEDI — Kab. Klaten,Kab. Klaten,KECAMATAN WEDI,"Jawa Tengah, Klaten (Kab.)",LOCAL_AGENCY,1,535500,June 2026,IT_HARDWARE,,,,,,,,
KECAMATAN WERMAKTIAN,KECAMATAN WERMAKTIAN — Kab. Kepulauan Tanimbar,Kab. Kepulauan Tanimbar,KECAMATAN WERMAKTIAN,"Maluku, Maluku Tenggara Barat (Kab.)",LOCAL_AGENCY,2,19503500,June 2026,IT_HARDWARE,,,,,,,,
KECAMATAN WONGGEDUKU,KECAMATAN WONGGEDUKU — Kab. Konawe,Kab. Konawe,KECAMATAN WONGGEDUKU,"Sulawesi Tenggara, Konawe (Kab.)",LOCAL_AGENCY,3,1185000,June 2026; May 2026,IT_HARDWARE,,,,,,,,
KECAMATAN WONOSALAM,KECAMATAN WONOSALAM — Kab. Demak,Kab. Demak,KECAMATAN WONOSALAM,"Jawa Tengah, Demak (Kab.)",LOCAL_AGENCY,1,15000000,May 2026,DESKTOP,,,,,,,,
KECAMATAN WONOSARI,KECAMATAN WONOSARI — Kab. Klaten,Kab. Klaten,KECAMATAN WONOSARI,"Jawa Tengah, Klaten (Kab.)",LOCAL_AGENCY,1,3000000,June 2026,OFFICE_FURNITURE,,,,,,,,
KECAMATAN WONOTUNGGAL,KECAMATAN WONOTUNGGAL — Kab. Batang,Kab. Batang,KECAMATAN WONOTUNGGAL,"Jawa Tengah, Batang (Kab.)",LOCAL_AGENCY,2,20957000,June 2026; May 2026,DESKTOP; IT_HARDWARE,,,,,,,,
KEDUTAAN BESAR RI DI BOGOTA,KEDUTAAN BESAR RI DI BOGOTA — Kementerian Luar Negeri,Kementerian Luar Negeri,KEDUTAAN BESAR RI DI BOGOTA,"LAINNYA, Luar Indonesia",NATIONAL,1,50000000,June 2026,LAPTOP,,,,,,,,
KEDUTAAN BESAR RI DI KOPENHAGEN,KEDUTAAN BESAR RI DI KOPENHAGEN — Kementerian Luar Negeri,Kementerian Luar Negeri,KEDUTAAN BESAR RI DI KOPENHAGEN,"LAINNYA, Luar Indonesia",NATIONAL,1,13000000,June 2026,OFFICE_FURNITURE,,,,,,,,
KEDUTAAN BESAR RI DI MEXICO CITY,KEDUTAAN BESAR RI DI MEXICO CITY — Kementerian Luar Negeri,Kementerian Luar Negeri,KEDUTAAN BESAR RI DI MEXICO CITY,"LAINNYA, Luar Indonesia",NATIONAL,3,298969000,June 2026; May 2026,NETWORKING; SERVER,,,,,,,,
KEDUTAAN BESAR RI DI OTTAWA,KEDUTAAN BESAR RI DI OTTAWA — Kementerian Luar Negeri,Kementerian Luar Negeri,KEDUTAAN BESAR RI DI OTTAWA,"LAINNYA, Luar Indonesia",NATIONAL,1,21890000,June 2026,PRINTER,,,,,,,,
KEDUTAAN BESAR RI DI PHNOM PENH,KEDUTAAN BESAR RI DI PHNOM PENH — Kementerian Luar Negeri,Kementerian Luar Negeri,KEDUTAAN BESAR RI DI PHNOM PENH,"LAINNYA, Luar Indonesia",NATIONAL,3,28875000,June 2026; May 2026,AUDIO; CAMERA_VIDEO,,,,,,,,
KEDUTAAN BESAR RI DI ZAGREB,KEDUTAAN BESAR RI DI ZAGREB — Kementerian Luar Negeri,Kementerian Luar Negeri,KEDUTAAN BESAR RI DI ZAGREB,"LAINNYA, Luar Indonesia",NATIONAL,1,34060000,June 2026,PRINTER,,,,,,,,
KEJAKSAAN NEGERI KOTA MALANG,KEJAKSAAN NEGERI KOTA MALANG — Kejaksaan Republik Indonesia,Kejaksaan Republik Indonesia,KEJAKSAAN NEGERI KOTA MALANG,"Jawa Timur, Malang (Kota)",NATIONAL,1,50377264,May 2026,OFFICE_FURNITURE,,,,,,,,
KEJAKSAAN TINGGI RIAU,KEJAKSAAN TINGGI RIAU — Kejaksaan Republik Indonesia,Kejaksaan Republik Indonesia,KEJAKSAAN TINGGI RIAU,"Riau, Pekanbaru (Kota)",NATIONAL,2,59825000,May 2026,CAMERA_VIDEO; LAPTOP,,,,,,,,
KELURAHAN ARCAWINANGUN,KELURAHAN ARCAWINANGUN — Kab. Banyumas,Kab. Banyumas,KELURAHAN ARCAWINANGUN,"Jawa Tengah, Banyumas (Kab.)",LOCAL_AGENCY,1,10000000,May 2026,DESKTOP,,,,,,,,
KELURAHAN BAGENDUNG,KELURAHAN BAGENDUNG — Kota Cilegon,Kota Cilegon,KELURAHAN BAGENDUNG,"Banten, Cilegon (Kota)",LOCAL_AGENCY,4,10242890,June 2026; May 2026,LAPTOP; PRINTER,,,,,,,,
KELURAHAN BANJARSARI,KELURAHAN BANJARSARI — Kota Surakarta,Kota Surakarta,KELURAHAN BANJARSARI,"Jawa Tengah, Surakarta (Kota)",LOCAL_AGENCY,1,6742000,May 2026,DESKTOP; IT_HARDWARE; PRINTER,,,,,,,,
KELURAHAN BENTENG,KELURAHAN BENTENG — Kab. Wajo,Kab. Wajo,KELURAHAN BENTENG,"Sulawesi Selatan, Wajo (Kab.)",LOCAL_AGENCY,1,4800000,June 2026,NETWORKING,,,,,,,,
KELURAHAN BINTORO,KELURAHAN BINTORO — Kab. Jember,Kab. Jember,KELURAHAN BINTORO,"Jawa Timur, Jember (Kab.)",LOCAL_AGENCY,2,25199000,June 2026,DESKTOP; OFFICE_FURNITURE,,,,,,,,
KELURAHAN BUKIT DURI - JAKSEL,KELURAHAN BUKIT DURI - JAKSEL — Provinsi DKI Jakarta,Provinsi DKI Jakarta,KELURAHAN BUKIT DURI - JAKSEL,"DKI Jakarta, Jakarta Selatan (Kota)",PROVINCE,1,53617872,June 2026,DESKTOP,,,,,,,,
KELURAHAN BUNTALAN,KELURAHAN BUNTALAN — Kab. Klaten,Kab. Klaten,KELURAHAN BUNTALAN,"Jawa Tengah, Klaten (Kab.)",LOCAL_AGENCY,2,6000000,May 2026,DESKTOP; IT_HARDWARE; OFFICE_FURNITURE,,,,,,,,
KELURAHAN CAKUNG TIMUR - JAKTIM,KELURAHAN CAKUNG TIMUR - JAKTIM — Provinsi DKI Jakarta,Provinsi DKI Jakarta,KELURAHAN CAKUNG TIMUR - JAKTIM,"DKI Jakarta, Jakarta Timur (Kota)",PROVINCE,2,51385936,June 2026,AUDIO; DESKTOP,,,,,,,,
KELURAHAN CAWANG - JAKTIM,KELURAHAN CAWANG - JAKTIM — Provinsi DKI Jakarta,Provinsi DKI Jakarta,KELURAHAN CAWANG - JAKTIM,"DKI Jakarta, Jakarta Timur (Kota)",PROVINCE,1,5857488,June 2026,PRINTER,,,,,,,,
KELURAHAN CIBADAK,KELURAHAN CIBADAK — Kota Bogor,Kota Bogor,KELURAHAN CIBADAK,"Jawa Barat, Bogor (Kota)",LOCAL_AGENCY,1,4070000,May 2026,IT_HARDWARE,,,,,,,,
KELURAHAN CIJANTUNG - JAKTIM,KELURAHAN CIJANTUNG - JAKTIM — Provinsi DKI Jakarta,Provinsi DKI Jakarta,KELURAHAN CIJANTUNG - JAKTIM,"DKI Jakarta, Jakarta Timur (Kota)",PROVINCE,2,157799376,June 2026; May 2026,DESKTOP; OFFICE_FURNITURE,,,,,,,,
KELURAHAN CIKOKO - JAKSEL,KELURAHAN CIKOKO - JAKSEL — Provinsi DKI Jakarta,Provinsi DKI Jakarta,KELURAHAN CIKOKO - JAKSEL,"DKI Jakarta, Jakarta Selatan (Kota)",PROVINCE,1,37218720,June 2026,LAPTOP,,,,,,,,
KELURAHAN CIPINANG BESAR SELATAN - JAKTIM,KELURAHAN CIPINANG BESAR SELATAN - JAKTIM — Provinsi DKI Jakarta,Provinsi DKI Jakarta,KELURAHAN CIPINANG BESAR SELATAN - JAKTIM,"DKI Jakarta, Jakarta Timur (Kota)",PROVINCE,1,19493824,May 2026,OFFICE_FURNITURE,,,,,,,,
KELURAHAN CIPINANG BESAR UTARA - JAKTIM,KELURAHAN CIPINANG BESAR UTARA - JAKTIM — Provinsi DKI Jakarta,Provinsi DKI Jakarta,KELURAHAN CIPINANG BESAR UTARA - JAKTIM,"DKI Jakarta, Jakarta Timur (Kota)",PROVINCE,4,57435728,June 2026,DESKTOP; IT_HARDWARE; LAPTOP; OFFICE_FURNITURE; PRINTER,,,,,,,,
KELURAHAN DODUNG,KELURAHAN DODUNG — Kab. Banggai Laut,Kab. Banggai Laut,KELURAHAN DODUNG,"Sulawesi Tengah, Banggai Laut (Kab.)",LOCAL_AGENCY,3,28047000,May 2026,DESKTOP; IT_HARDWARE; OFFICE_FURNITURE,,,,,,,,
KELURAHAN DURI PULO - JAKPUS,KELURAHAN DURI PULO - JAKPUS — Provinsi DKI Jakarta,Provinsi DKI Jakarta,KELURAHAN DURI PULO - JAKPUS,"DKI Jakarta, Jakarta Pusat (Kota)",PROVINCE,1,74805584,June 2026,LAPTOP; PRINTER,,,,,,,,
KELURAHAN DURIANGKANG,KELURAHAN DURIANGKANG — Kota Batam,Kota Batam,KELURAHAN DURIANGKANG,"Kepulauan Riau, Batam (Kota)",LOCAL_AGENCY,1,3150000,May 2026,AUDIO,,,,,,,,
KELURAHAN GANDEKAN,KELURAHAN GANDEKAN — Kota Surakarta,Kota Surakarta,KELURAHAN GANDEKAN,"Jawa Tengah, Surakarta (Kota)",LOCAL_AGENCY,1,4128000,May 2026,OFFICE_FURNITURE,,,,,,,,
KELURAHAN GONDANGDIA - JAKPUS,KELURAHAN GONDANGDIA - JAKPUS — Provinsi DKI Jakarta,Provinsi DKI Jakarta,KELURAHAN GONDANGDIA - JAKPUS,"DKI Jakarta, Jakarta Pusat (Kota)",PROVINCE,2,9834048,June 2026,IT_HARDWARE; LAPTOP,,,,,,,,
KELURAHAN HUTATORUAN IX,KELURAHAN HUTATORUAN IX — Kab. Tapanuli Utara,Kab. Tapanuli Utara,KELURAHAN HUTATORUAN IX,"Sumatera Utara, Tapanuli Utara (Kab.)",LOCAL_AGENCY,1,12000000,June 2026,IT_HARDWARE,,,,,,,,
KELURAHAN JATILUHUR,KELURAHAN JATILUHUR — Kab. Kebumen,Kab. Kebumen,KELURAHAN JATILUHUR,"Jawa Tengah, Kebumen (Kab.)",LOCAL_AGENCY,2,9702000,May 2026,DESKTOP; IT_HARDWARE,,,,,,,,
KELURAHAN JAYENGAN,KELURAHAN JAYENGAN — Kota Surakarta,Kota Surakarta,KELURAHAN JAYENGAN,"Jawa Tengah, Surakarta (Kota)",LOCAL_AGENCY,1,2094000,May 2026,OFFICE_FURNITURE,,,,,,,,
KELURAHAN JEMBER LOR,KELURAHAN JEMBER LOR — Kab. Jember,Kab. Jember,KELURAHAN JEMBER LOR,"Jawa Timur, Jember (Kab.)",LOCAL_AGENCY,2,4000000,May 2026,DESKTOP; IT_HARDWARE,,,,,,,,
KELURAHAN KADIDI,KELURAHAN KADIDI — Kab. Sidenreng Rappang,Kab. Sidenreng Rappang,KELURAHAN KADIDI,"Sulawesi Selatan, Sidenreng Rappang (Kab.)",LOCAL_AGENCY,1,42308000,May 2026,DESKTOP,,,,,,,,
KELURAHAN KAMPUNG PELITA,KELURAHAN KAMPUNG PELITA — Kota Batam,Kota Batam,KELURAHAN KAMPUNG PELITA,"Kepulauan Riau, Batam (Kota)",LOCAL_AGENCY,1,3150000,May 2026,AUDIO,,,,,,,,
KELURAHAN KARANGANYAR,KELURAHAN KARANGANYAR — Kab. Kebumen,Kab. Kebumen,KELURAHAN KARANGANYAR,"Jawa Tengah, Kebumen (Kab.)",LOCAL_AGENCY,1,3756925,May 2026,IT_HARDWARE,,,,,,,,
KELURAHAN KAYU PUTIH - JAKTIM,KELURAHAN KAYU PUTIH - JAKTIM — Provinsi DKI Jakarta,Provinsi DKI Jakarta,KELURAHAN KAYU PUTIH - JAKTIM,"DKI Jakarta, Jakarta Timur (Kota)",PROVINCE,1,53863152,June 2026,IT_HARDWARE,,,,,,,,
KELURAHAN KEBAYORAN LAMA SELATAN - JAKSEL,KELURAHAN KEBAYORAN LAMA SELATAN - JAKSEL — Provinsi DKI Jakarta,Provinsi DKI Jakarta,KELURAHAN KEBAYORAN LAMA SELATAN - JAKSEL,"DKI Jakarta, Jakarta Selatan (Kota)",PROVINCE,2,22949360,May 2026,AUDIO; IT_HARDWARE,,,,,,,,
KELURAHAN KEBAYORAN LAMA UTARA - JAKSEL,KELURAHAN KEBAYORAN LAMA UTARA - JAKSEL — Provinsi DKI Jakarta,Provinsi DKI Jakarta,KELURAHAN KEBAYORAN LAMA UTARA - JAKSEL,"DKI Jakarta, Jakarta Selatan (Kota)",PROVINCE,1,42975983,June 2026,OFFICE_FURNITURE,,,,,,,,
KELURAHAN KEBON KOSONG - JAKPUS,KELURAHAN KEBON KOSONG - JAKPUS — Provinsi DKI Jakarta,Provinsi DKI Jakarta,KELURAHAN KEBON KOSONG - JAKPUS,"DKI Jakarta, Jakarta Pusat (Kota)",PROVINCE,2,24632384,June 2026,IT_HARDWARE; PRINTER,,,,,,,,
KELURAHAN KEBON SIRIH - JAKPUS,KELURAHAN KEBON SIRIH - JAKPUS — Provinsi DKI Jakarta,Provinsi DKI Jakarta,KELURAHAN KEBON SIRIH - JAKPUS,"DKI Jakarta, Jakarta Pusat (Kota)",PROVINCE,1,4905600,May 2026,IT_HARDWARE; LAPTOP,,,,,,,,
KELURAHAN KEBUMEN,KELURAHAN KEBUMEN — Kab. Kebumen,Kab. Kebumen,KELURAHAN KEBUMEN,"Jawa Tengah, Kebumen (Kab.) | Jawa Tengah, Kebumen (Kab.) | Jawa Tengah, Kebumen (Kab.) | Jawa Tengah, Kebumen (Kab.) | Jawa Tengah, Kebumen (Kab.)",LOCAL_AGENCY,1,1871000,June 2026,IT_HARDWARE,,,,,,,,
KELURAHAN KEDAUNG KALI ANGKE - JAKBAR,KELURAHAN KEDAUNG KALI ANGKE - JAKBAR — Provinsi DKI Jakarta,Provinsi DKI Jakarta,KELURAHAN KEDAUNG KALI ANGKE - JAKBAR,"DKI Jakarta, Jakarta Barat (Kota)",PROVINCE,3,66452960,May 2026,LAPTOP; OFFICE_FURNITURE; PRINTER,,,,,,,,
KELURAHAN KEDOYA UTARA - JAKBAR,KELURAHAN KEDOYA UTARA - JAKBAR — Provinsi DKI Jakarta,Provinsi DKI Jakarta,KELURAHAN KEDOYA UTARA - JAKBAR,"DKI Jakarta, Jakarta Barat (Kota)",PROVINCE,1,19251120,June 2026,IT_HARDWARE,,,,,,,,
KELURAHAN KEPATIHAN WETAN,KELURAHAN KEPATIHAN WETAN — Kota Surakarta,Kota Surakarta,KELURAHAN KEPATIHAN WETAN,"Jawa Tengah, Surakarta (Kota)",LOCAL_AGENCY,1,24524000,May 2026,DESKTOP,,,,,,,,
KELURAHAN KERTEN,KELURAHAN KERTEN — Kota Surakarta,Kota Surakarta,KELURAHAN KERTEN,"Jawa Tengah, Surakarta (Kota)",LOCAL_AGENCY,2,24739000,May 2026,IT_HARDWARE; OFFICE_FURNITURE; PRINTER,,,,,,,,
KELURAHAN KRAMAT PELA - JAKSEL,KELURAHAN KRAMAT PELA - JAKSEL — Provinsi DKI Jakarta,Provinsi DKI Jakarta,KELURAHAN KRAMAT PELA - JAKSEL,"DKI Jakarta, Jakarta Selatan (Kota)",PROVINCE,1,44136400,June 2026,OFFICE_FURNITURE,,,,,,,,
KELURAHAN KUALA PEMBUANG II,KELURAHAN KUALA PEMBUANG II — Kab. Seruyan,Kab. Seruyan,KELURAHAN KUALA PEMBUANG II,"Kalimantan Tengah, Seruyan (Kab.)",LOCAL_AGENCY,3,100388600,May 2026,DESKTOP; IT_HARDWARE; OFFICE_FURNITURE,,,,,,,,
KELURAHAN MAGERSARI,KELURAHAN MAGERSARI — Kota Mojokerto,Kota Mojokerto,KELURAHAN MAGERSARI,"Jawa Timur, Mojokerto (Kota)",LOCAL_AGENCY,1,37624000,June 2026,CCTV,,,,,,,,
KELURAHAN MANGSANG,KELURAHAN MANGSANG — Kota Batam,Kota Batam,KELURAHAN MANGSANG,"Kepulauan Riau, Batam (Kota)",LOCAL_AGENCY,1,4200000,May 2026,AUDIO,,,,,,,,
KELURAHAN MARUNDA - JAKUT,KELURAHAN MARUNDA - JAKUT — Provinsi DKI Jakarta,Provinsi DKI Jakarta,KELURAHAN MARUNDA - JAKUT,"DKI Jakarta, Jakarta Utara (Kota)",PROVINCE,1,27464640,June 2026,IT_HARDWARE; STORAGE,,,,,,,,
KELURAHAN MATTIROTAPPARENG,KELURAHAN MATTIROTAPPARENG — Kab. Wajo,Kab. Wajo,KELURAHAN MATTIROTAPPARENG,"Sulawesi Selatan, Wajo (Kab.)",LOCAL_AGENCY,1,12500000,May 2026,DESKTOP,,,,,,,,
KELURAHAN MOJAYAN,KELURAHAN MOJAYAN — Kab. Klaten,Kab. Klaten,KELURAHAN MOJAYAN,"Jawa Tengah, Klaten (Kab.)",LOCAL_AGENCY,1,2000000,May 2026,OFFICE_FURNITURE,,,,,,,,
KELURAHAN MOJO,KELURAHAN MOJO — Kota Surakarta,Kota Surakarta,KELURAHAN MOJO,"Jawa Tengah, Surakarta (Kota)",LOCAL_AGENCY,1,37397000,May 2026,OFFICE_FURNITURE,,,,,,,,
KELURAHAN MUNTILAN,KELURAHAN MUNTILAN — Kab. Magelang,Kab. Magelang,KELURAHAN MUNTILAN,"Jawa Tengah, Magelang (Kota)",LOCAL_AGENCY,2,1820000,May 2026,DESKTOP; IT_HARDWARE; OFFICE_FURNITURE,,,,,,,,
KELURAHAN NANGAMETING,KELURAHAN NANGAMETING — Kab. Sikka,Kab. Sikka,KELURAHAN NANGAMETING,"Nusa Tenggara Timur, Sikka (Kab.)",LOCAL_AGENCY,3,2558300,May 2026,DESKTOP; IT_HARDWARE; OFFICE_FURNITURE,,,,,,,,
KELURAHAN P.KELAPA - KEP. SERIBU,KELURAHAN P.KELAPA - KEP. SERIBU — Provinsi DKI Jakarta,Provinsi DKI Jakarta,KELURAHAN P.KELAPA - KEP. SERIBU,"DKI Jakarta, Adm. Kepulauan Seribu (Kab.)",PROVINCE,3,105437696,May 2026,IT_HARDWARE; OFFICE_FURNITURE,,,,,,,,
KELURAHAN P.PANGGANG - KEP. SERIBU,KELURAHAN P.PANGGANG - KEP. SERIBU — Provinsi DKI Jakarta,Provinsi DKI Jakarta,KELURAHAN P.PANGGANG - KEP. SERIBU,"DKI Jakarta, Adm. Kepulauan Seribu (Kab.)",PROVINCE,1,33717824,May 2026,PRINTER,,,,,,,,
KELURAHAN P.TIDUNG - KEP. SERIBU,KELURAHAN P.TIDUNG - KEP. SERIBU — Provinsi DKI Jakarta,Provinsi DKI Jakarta,KELURAHAN P.TIDUNG - KEP. SERIBU,"DKI Jakarta, Adm. Kepulauan Seribu (Kab.)",PROVINCE,1,7901321,May 2026,LAPTOP,,,,,,,,
KELURAHAN P.UNTUNG JAWA - KEP. SERIBU,KELURAHAN P.UNTUNG JAWA - KEP. SERIBU — Provinsi DKI Jakarta,Provinsi DKI Jakarta,KELURAHAN P.UNTUNG JAWA - KEP. SERIBU,"DKI Jakarta, Adm. Kepulauan Seribu (Kab.)",PROVINCE,1,15220800,June 2026,IT_HARDWARE; PRINTER,,,,,,,,
KELURAHAN PANJATAN,KELURAHAN PANJATAN — Kab. Kebumen,Kab. Kebumen,KELURAHAN PANJATAN,"Jawa Tengah, Kebumen (Kab.)",LOCAL_AGENCY,1,1386000,June 2026,IT_HARDWARE,,,,,,,,
KELURAHAN PARIT,KELURAHAN PARIT — Kab. Belitung,Kab. Belitung,KELURAHAN PARIT,"Kep. Bangka Belitung, Belitung (Kab.)",LOCAL_AGENCY,1,9000000,June 2026,AUDIO,,,,,,,,
KELURAHAN PASAR SIBORONGBORONG,KELURAHAN PASAR SIBORONGBORONG — Kab. Tapanuli Utara,Kab. Tapanuli Utara,KELURAHAN PASAR SIBORONGBORONG,"Sumatera Utara, Tapanuli Utara (Kab.)",LOCAL_AGENCY,1,712800,May 2026,IT_HARDWARE,,,,,,,,
KELURAHAN PEJATEN BARAT - JAKSEL,KELURAHAN PEJATEN BARAT - JAKSEL — Provinsi DKI Jakarta,Provinsi DKI Jakarta,KELURAHAN PEJATEN BARAT - JAKSEL,"DKI Jakarta, Jakarta Selatan (Kota)",PROVINCE,2,29119776,May 2026,AUDIO; DESKTOP; IT_HARDWARE; NETWORKING,,,,,,,,
KELURAHAN PEKUNCEN,KELURAHAN PEKUNCEN — Kota Pasuruan,Kota Pasuruan,KELURAHAN PEKUNCEN,"Jawa Timur, Pasuruan (Kota)",LOCAL_AGENCY,4,16470100,May 2026,CAMERA_VIDEO; CCTV; IT_HARDWARE,,,,,,,,
KELURAHAN PENGGILINGAN - JAKTIM,KELURAHAN PENGGILINGAN - JAKTIM — Provinsi DKI Jakarta,Provinsi DKI Jakarta,KELURAHAN PENGGILINGAN - JAKTIM,"DKI Jakarta, Jakarta Timur (Kota)",PROVINCE,2,46079040,May 2026,IT_HARDWARE; OFFICE_FURNITURE; PRINTER,,,,,,,,
KELURAHAN PINANG RANTI - JAKTIM,KELURAHAN PINANG RANTI - JAKTIM — Provinsi DKI Jakarta,Provinsi DKI Jakarta,KELURAHAN PINANG RANTI - JAKTIM,"DKI Jakarta, Jakarta Timur (Kota)",PROVINCE,3,34018096,June 2026,CCTV; IT_HARDWARE; LAPTOP; PRINTER,,,,,,,,
KELURAHAN PLARANGAN,KELURAHAN PLARANGAN — Kab. Kebumen,Kab. Kebumen,KELURAHAN PLARANGAN,"Jawa Tengah, Kebumen (Kab.)",LOCAL_AGENCY,1,2017000,May 2026,IT_HARDWARE,,,,,,,,
KELURAHAN PULO GEBANG - JAKTIM,KELURAHAN PULO GEBANG - JAKTIM — Provinsi DKI Jakarta,Provinsi DKI Jakarta,KELURAHAN PULO GEBANG - JAKTIM,"DKI Jakarta, Jakarta Timur (Kota)",PROVINCE,1,66630144,June 2026,OFFICE_FURNITURE,,,,,,,,
KELURAHAN PULOGADUNG - JAKTIM,KELURAHAN PULOGADUNG - JAKTIM — Provinsi DKI Jakarta,Provinsi DKI Jakarta,KELURAHAN PULOGADUNG - JAKTIM,"DKI Jakarta, Jakarta Timur (Kota)",PROVINCE,1,20279280,June 2026,AUDIO; CAMERA_VIDEO,,,,,,,,
KELURAHAN PURWAKARTA,KELURAHAN PURWAKARTA — Kota Cilegon,Kota Cilegon,KELURAHAN PURWAKARTA,"Banten, Cilegon (Kota)",LOCAL_AGENCY,2,9840000,June 2026; May 2026,IT_HARDWARE; LAPTOP; PRINTER,,,,,,,,
KELURAHAN PURWOSARI,KELURAHAN PURWOSARI — Kota Surakarta,Kota Surakarta,KELURAHAN PURWOSARI,"Jawa Tengah, Surakarta (Kota)",LOCAL_AGENCY,1,174000,June 2026,DESKTOP; IT_HARDWARE,,,,,,,,
KELURAHAN RAPPANG,KELURAHAN RAPPANG — Kab. Sidenreng Rappang,Kab. Sidenreng Rappang,KELURAHAN RAPPANG,"Sulawesi Selatan, Sidenreng Rappang (Kab.)",LOCAL_AGENCY,2,31434000,June 2026,DESKTOP; LAPTOP,,,,,,,,
KELURAHAN SELONG - JAKSEL,KELURAHAN SELONG - JAKSEL — Provinsi DKI Jakarta,Provinsi DKI Jakarta,KELURAHAN SELONG - JAKSEL,"DKI Jakarta, Jakarta Selatan (Kota)",PROVINCE,2,23391200,May 2026,AUDIO; IT_HARDWARE,,,,,,,,
KELURAHAN SERENGAN,KELURAHAN SERENGAN — Kota Surakarta,Kota Surakarta,KELURAHAN SERENGAN,"Jawa Tengah, Surakarta (Kota)",LOCAL_AGENCY,2,24785000,May 2026,DESKTOP; IT_HARDWARE,,,,,,,,
KELURAHAN SEWU,KELURAHAN SEWU — Kota Surakarta,Kota Surakarta,KELURAHAN SEWU,"Jawa Tengah, Surakarta (Kota)",LOCAL_AGENCY,1,3000000,June 2026,OFFICE_FURNITURE,,,,,,,,
KELURAHAN SIDUAN,KELURAHAN SIDUAN — Kab. Pohuwato,Kab. Pohuwato,KELURAHAN SIDUAN,"Gorontalo, Pohuwato (Kab.)",LOCAL_AGENCY,1,15000000,May 2026,DESKTOP,,,,,,,,
KELURAHAN SIWA,KELURAHAN SIWA — Kab. Wajo,Kab. Wajo,KELURAHAN SIWA,"Sulawesi Selatan, Wajo (Kab.)",LOCAL_AGENCY,1,4800000,June 2026,NETWORKING,,,,,,,,
KELURAHAN SUNTER AGUNG - JAKUT,KELURAHAN SUNTER AGUNG - JAKUT — Provinsi DKI Jakarta,Provinsi DKI Jakarta,KELURAHAN SUNTER AGUNG - JAKUT,"DKI Jakarta, Jakarta Utara (Kota)",PROVINCE,3,53595696,June 2026; May 2026,DESKTOP; IT_HARDWARE,,,,,,,,
KELURAHAN TANJUNG PRIOK - JAKUT,KELURAHAN TANJUNG PRIOK - JAKUT — Provinsi DKI Jakarta,Provinsi DKI Jakarta,KELURAHAN TANJUNG PRIOK - JAKUT,"DKI Jakarta, Jakarta Utara (Kota)",PROVINCE,2,45872512,May 2026,CCTV; IT_HARDWARE,,,,,,,,
KELURAHAN TANJUNG SENGKUANG,KELURAHAN TANJUNG SENGKUANG — Kota Batam,Kota Batam,KELURAHAN TANJUNG SENGKUANG,"Kepulauan Riau, Batam (Kota)",LOCAL_AGENCY,1,12180000,June 2026,AUDIO,,,,,,,,
KELURAHAN TIBAN BARU,KELURAHAN TIBAN BARU — Kota Batam,Kota Batam,KELURAHAN TIBAN BARU,"Kepulauan Riau, Batam (Kota)",LOCAL_AGENCY,1,4200000,May 2026,AUDIO,,,,,,,,
KELURAHAN TIPES,KELURAHAN TIPES — Kota Surakarta,Kota Surakarta,KELURAHAN TIPES,"Jawa Tengah, Surakarta (Kota)",LOCAL_AGENCY,1,17829000,May 2026,OFFICE_FURNITURE,,,,,,,,
KELURAHAN TONGGALAN,KELURAHAN TONGGALAN — Kab. Klaten,Kab. Klaten,KELURAHAN TONGGALAN,"Jawa Tengah, Klaten (Kab.)",LOCAL_AGENCY,3,55590000,May 2026,DESKTOP; IT_HARDWARE; OFFICE_FURNITURE,,,,,,,,
KELURAHAN WONOKRIYO,KELURAHAN WONOKRIYO — Kab. Kebumen,Kab. Kebumen,KELURAHAN WONOKRIYO,"Jawa Tengah, Kebumen (Kab.)",LOCAL_AGENCY,1,4125000,May 2026,IT_HARDWARE,,,,,,,,
KEMENTERIAN BADAN USAHA MILIK NEGARA,KEMENTERIAN BADAN USAHA MILIK NEGARA,Kementerian Badan Usaha Milik Negara,KEMENTERIAN BADAN USAHA MILIK NEGARA,"DKI Jakarta, Jakarta Pusat (Kota)",NATIONAL,4,2133664000,June 2026; May 2026,LAPTOP; NETWORKING; STORAGE; UPS,,,,,,,,
KOMISI PEMBERANTASAN KORUPSI KPK,KOMISI PEMBERANTASAN KORUPSI KPK — Komisi Pemberantasan Korupsi,Komisi Pemberantasan Korupsi,KOMISI PEMBERANTASAN KORUPSI KPK,"DKI Jakarta, Jakarta Selatan (Kota)",NATIONAL,4,1532816573,May 2026,LAPTOP; NETWORKING; OFFICE_FURNITURE; SERVER; UPS,,,,,,,,
KOMISI PEMILIHAN UMUM,KOMISI PEMILIHAN UMUM,Komisi Pemilihan Umum,KOMISI PEMILIHAN UMUM,"DKI Jakarta, Jakarta Pusat (Kota)",NATIONAL,2,221550000,June 2026; May 2026,IT_HARDWARE; OFFICE_FURNITURE,,,,,,,,
KONSULAT JENDERAL RI DI JOHOR BAHRU,KONSULAT JENDERAL RI DI JOHOR BAHRU — Kementerian Luar Negeri,Kementerian Luar Negeri,KONSULAT JENDERAL RI DI JOHOR BAHRU,"LAINNYA, Luar Indonesia",NATIONAL,1,6600000,May 2026,OFFICE_FURNITURE,,,,,,,,
KOTA ADMINISTRASI JAKARTA BARAT,KOTA ADMINISTRASI JAKARTA BARAT — Provinsi DKI Jakarta,Provinsi DKI Jakarta,KOTA ADMINISTRASI JAKARTA BARAT,"DKI Jakarta, Jakarta Barat (Kota)",PROVINCE,2,162274672,May 2026,CCTV; IT_HARDWARE,,,,,,,,
KOTA ADMINISTRASI JAKARTA PUSAT,KOTA ADMINISTRASI JAKARTA PUSAT — Provinsi DKI Jakarta,Provinsi DKI Jakarta,KOTA ADMINISTRASI JAKARTA PUSAT,"DKI Jakarta, Jakarta Pusat (Kota)",PROVINCE,1,5108096,June 2026,AUDIO,,,,,,,,
KOTA ADMINISTRASI JAKARTA TIMUR,KOTA ADMINISTRASI JAKARTA TIMUR — Provinsi DKI Jakarta,Provinsi DKI Jakarta,KOTA ADMINISTRASI JAKARTA TIMUR,"DKI Jakarta, Jakarta Timur (Kota)",PROVINCE,2,68084800,June 2026; May 2026,IT_HARDWARE; OFFICE_FURNITURE,,,,,,,,
KOTA ADMINISTRASI JAKARTA UTARA,KOTA ADMINISTRASI JAKARTA UTARA — Provinsi DKI Jakarta,Provinsi DKI Jakarta,KOTA ADMINISTRASI JAKARTA UTARA,"DKI Jakarta, Jakarta Utara (Kota)",PROVINCE,4,384155211,June 2026; May 2026,AUDIO; IT_HARDWARE; OFFICE_FURNITURE; PRINTER,,,,,,,,
KPHP BARITO TENGAH,KPHP BARITO TENGAH — Provinsi Kalimantan Tengah,Provinsi Kalimantan Tengah,KPHP BARITO TENGAH,"Kalimantan Tengah, Barito Utara (Kab.)",PROVINCE,1,51852000,May 2026,DESKTOP,,,,,,,,
KPHP KAPUAS HULU,KPHP KAPUAS HULU — Provinsi Kalimantan Tengah,Provinsi Kalimantan Tengah,KPHP KAPUAS HULU,"Kalimantan Tengah, Kapuas (Kab.)",PROVINCE,1,88500000,May 2026,DESKTOP,,,,,,,,
KPHP UNIT XXVIII KOTA JAYAPURA,KPHP UNIT XXVIII KOTA JAYAPURA — Provinsi Papua,Provinsi Papua,KPHP UNIT XXVIII KOTA JAYAPURA,"Papua, Jayapura (Kota)",PROVINCE,2,39244700,June 2026,DESKTOP; PRINTER,,,,,,,,
KPU KABUPATEN MUSI BANYU ASIN,KPU KABUPATEN MUSI BANYU ASIN — Komisi Pemilihan Umum,Komisi Pemilihan Umum,KPU KABUPATEN MUSI BANYU ASIN,"Sumatera Selatan, Musi Banyu Asin (Kab.)",NATIONAL,1,1219000,May 2026,OFFICE_FURNITURE,,,,,,,,
KPU KABUPATEN NUNUKAN,KPU KABUPATEN NUNUKAN — Komisi Pemilihan Umum,Komisi Pemilihan Umum,KPU KABUPATEN NUNUKAN,"Kalimantan Utara, Nunukan (Kab.)",NATIONAL,1,2103000,June 2026,OFFICE_FURNITURE,,,,,,,,
KPU KABUPATEN SERANG,KPU KABUPATEN SERANG — Komisi Pemilihan Umum,Komisi Pemilihan Umum,KPU KABUPATEN SERANG,"Banten, Serang (Kab.)",NATIONAL,1,883000,May 2026,OFFICE_FURNITURE,,,,,,,,
KPU KOTA BLITAR,KPU KOTA BLITAR — Komisi Pemilihan Umum,Komisi Pemilihan Umum,KPU KOTA BLITAR,"Jawa Timur, Blitar (Kota)",NATIONAL,1,3870000,May 2026,STORAGE,,,,,,,,
KPU KOTA MALANG,KPU KOTA MALANG — Komisi Pemilihan Umum,Komisi Pemilihan Umum,KPU KOTA MALANG,"Jawa Timur, Malang (Kota)",NATIONAL,1,2103000,June 2026,OFFICE_FURNITURE,,,,,,,,
KPU KOTA SAMARINDA,KPU KOTA SAMARINDA — Komisi Pemilihan Umum,Komisi Pemilihan Umum,KPU KOTA SAMARINDA,"Kalimantan Timur, Samarinda (Kota)",NATIONAL,1,240000000,May 2026,STORAGE,,,,,,,,
Kantor Camat Muara Ancalong,Kantor Camat Muara Ancalong — Kab. Kutai Timur,Kab. Kutai Timur,Kantor Camat Muara Ancalong,"Kalimantan Timur, Kutai Timur (Kab.)",LOCAL_AGENCY,2,11227948,May 2026,IT_HARDWARE,,,,,,,,
Kantor Camat Telen,Kantor Camat Telen — Kab. Kutai Timur,Kab. Kutai Timur,Kantor Camat Telen,"Kalimantan Timur, Kutai Timur (Kab.)",LOCAL_AGENCY,2,7077625,June 2026; May 2026,DESKTOP; IT_HARDWARE,,,,,,,,
Kantor Kecamatan Bati-Bati,Kantor Kecamatan Bati-Bati — Kab. Tanah Laut,Kab. Tanah Laut,Kantor Kecamatan Bati-Bati,"Kalimantan Selatan, Tanah Laut (Kab.)",LOCAL_AGENCY,2,6515000,May 2026,AUDIO; OFFICE_FURNITURE,,,,,,,,
Kantor Kementerian Haji Kabupaten Kotabaru,Kantor Kementerian Haji Kabupaten Kotabaru — Kementerian Haji Dan Umrah Republik Indonesia,Kementerian Haji Dan Umrah Republik Indonesia,Kantor Kementerian Haji Kabupaten Kotabaru,"Kalimantan Selatan, Kota Baru (Kab.)",NATIONAL,1,12000000,May 2026,LAPTOP,,,,,,,,
Kantor Pencarian dan Pertolongan Mataram,Kantor Pencarian dan Pertolongan Mataram — Badan Nasional Pencarian dan Pertolongan,Badan Nasional Pencarian dan Pertolongan,Kantor Pencarian dan Pertolongan Mataram,"Nusa Tenggara Barat, Lombok Barat (Kab.)",NATIONAL,1,18834000,June 2026,DESKTOP; LAPTOP,,,,,,,,
Kantor Pertanahan KAB BANGKA,Kantor Pertanahan KAB BANGKA — Kementerian Agraria dan Tata Ruang/BPN,Kementerian Agraria dan Tata Ruang/BPN,Kantor Pertanahan KAB BANGKA,"Kep. Bangka Belitung, Bangka (Kab.)",NATIONAL,1,4000000,May 2026,STORAGE,,,,,,,,
Kantor Pertanahan KAB BENGKULU UTARA,Kantor Pertanahan KAB BENGKULU UTARA — Kementerian Agraria dan Tata Ruang/BPN,Kementerian Agraria dan Tata Ruang/BPN,Kantor Pertanahan KAB BENGKULU UTARA,"Bengkulu, Bengkulu Utara (Kab.)",NATIONAL,3,40240000,June 2026; May 2026,IT_HARDWARE,,,,,,,,
Kantor Pertanahan KAB BIMA,Kantor Pertanahan KAB BIMA — Kementerian Agraria dan Tata Ruang/BPN,Kementerian Agraria dan Tata Ruang/BPN,Kantor Pertanahan KAB BIMA,"Nusa Tenggara Barat, Bima (Kab.)",NATIONAL,3,17563000,May 2026,IT_HARDWARE; STORAGE,,,,,,,,
Kantor Pertanahan KAB BREBES,Kantor Pertanahan KAB BREBES — Kementerian Agraria dan Tata Ruang/BPN,Kementerian Agraria dan Tata Ruang/BPN,Kantor Pertanahan KAB BREBES,"Jawa Tengah, Brebes (Kab.)",NATIONAL,2,11670000,May 2026,IT_HARDWARE; STORAGE,,,,,,,,
Kantor Pertanahan KAB KEDIRI,Kantor Pertanahan KAB KEDIRI — Kementerian Agraria dan Tata Ruang/BPN,Kementerian Agraria dan Tata Ruang/BPN,Kantor Pertanahan KAB KEDIRI,"Jawa Timur, Kediri (Kota)",NATIONAL,1,10000000,May 2026,IT_HARDWARE,,,,,,,,
Kantor Pertanahan KAB KLUNGKUNG,Kantor Pertanahan KAB KLUNGKUNG — Kementerian Agraria dan Tata Ruang/BPN,Kementerian Agraria dan Tata Ruang/BPN,Kantor Pertanahan KAB KLUNGKUNG,"Bali, Klungkung (Kab.)",NATIONAL,4,5800000,May 2026,IT_HARDWARE,,,,,,,,
Kantor Pertanahan KAB LUWU,Kantor Pertanahan KAB LUWU — Kementerian Agraria dan Tata Ruang/BPN,Kementerian Agraria dan Tata Ruang/BPN,Kantor Pertanahan KAB LUWU,"Sulawesi Selatan, Luwu (Kab.)",NATIONAL,6,27700000,June 2026,IT_HARDWARE,,,,,,,,
Kantor Pertanahan KAB MADIUN,Kantor Pertanahan KAB MADIUN — Kementerian Agraria dan Tata Ruang/BPN,Kementerian Agraria dan Tata Ruang/BPN,Kantor Pertanahan KAB MADIUN,"Jawa Timur, Madiun (Kota)",NATIONAL,8,26417000,June 2026; May 2026,IT_HARDWARE,,,,,,,,
Kantor Pertanahan KAB MALINAU,Kantor Pertanahan KAB MALINAU — Kementerian Agraria dan Tata Ruang/BPN,Kementerian Agraria dan Tata Ruang/BPN,Kantor Pertanahan KAB MALINAU,"Kalimantan Utara, Malinau (Kab.)",NATIONAL,5,15912000,June 2026; May 2026,IT_HARDWARE,,,,,,,,
Kantor Pertanahan KAB MALUKU TENGAH,Kantor Pertanahan KAB MALUKU TENGAH — Kementerian Agraria dan Tata Ruang/BPN,Kementerian Agraria dan Tata Ruang/BPN,Kantor Pertanahan KAB MALUKU TENGAH,"Maluku, Maluku Tengah (Kab.)",NATIONAL,3,3915000,June 2026,IT_HARDWARE; STORAGE,,,,,,,,
Kantor Pertanahan KAB MOJOKERTO,Kantor Pertanahan KAB MOJOKERTO — Kementerian Agraria dan Tata Ruang/BPN,Kementerian Agraria dan Tata Ruang/BPN,Kantor Pertanahan KAB MOJOKERTO,"Jawa Timur, Mojokerto (Kab.)",NATIONAL,3,158547000,May 2026,IT_HARDWARE,,,,,,,,
Kantor Pertanahan KAB NUNUKAN,Kantor Pertanahan KAB NUNUKAN — Kementerian Agraria dan Tata Ruang/BPN,Kementerian Agraria dan Tata Ruang/BPN,Kantor Pertanahan KAB NUNUKAN,"Kalimantan Utara, Nunukan (Kab.)",NATIONAL,2,469000,June 2026,IT_HARDWARE,,,,,,,,
Kantor Pertanahan KAB PATI,Kantor Pertanahan KAB PATI — Kementerian Agraria dan Tata Ruang/BPN,Kementerian Agraria dan Tata Ruang/BPN,Kantor Pertanahan KAB PATI,"Jawa Tengah, Pati (Kab.)",NATIONAL,24,344388000,June 2026; May 2026,IT_HARDWARE; STORAGE,,,,,,,,
Kantor Pertanahan KAB PELALAWAN,Kantor Pertanahan KAB PELALAWAN — Kementerian Agraria dan Tata Ruang/BPN,Kementerian Agraria dan Tata Ruang/BPN,Kantor Pertanahan KAB PELALAWAN,"Riau, Pelalawan (Kab.)",NATIONAL,3,6014000,June 2026; May 2026,IT_HARDWARE,,,,,,,,
Kantor Pertanahan KAB PENAJAM PASER UTARA PROV KALIMANTAN TIMUR,Kantor Pertanahan KAB PENAJAM PASER UTARA PROV KALIMANTAN TIMUR — Kementerian Agraria dan Tata Ruang/BPN,Kementerian Agraria dan Tata Ruang/BPN,Kantor Pertanahan KAB PENAJAM PASER UTARA PROV KALIMANTAN TIMUR,"Kalimantan Timur, Penajem Paser Utara (Kab.)",PROVINCE,10,34544000,June 2026,IT_HARDWARE,,,,,,,,
Kantor Pertanahan KAB PONOROGO,Kantor Pertanahan KAB PONOROGO — Kementerian Agraria dan Tata Ruang/BPN,Kementerian Agraria dan Tata Ruang/BPN,Kantor Pertanahan KAB PONOROGO,"Jawa Timur, Ponorogo (Kab.)",NATIONAL,5,3255000,May 2026,IT_HARDWARE,,,,,,,,
Kantor Pertanahan KAB ROKAN HILIR,Kantor Pertanahan KAB ROKAN HILIR — Kementerian Agraria dan Tata Ruang/BPN,Kementerian Agraria dan Tata Ruang/BPN,Kantor Pertanahan KAB ROKAN HILIR,"Riau, Rokan Hilir (Kab.)",NATIONAL,1,16000000,May 2026,OFFICE_FURNITURE,,,,,,,,
Kantor Pertanahan KAB SAMPANG,Kantor Pertanahan KAB SAMPANG — Kementerian Agraria dan Tata Ruang/BPN,Kementerian Agraria dan Tata Ruang/BPN,Kantor Pertanahan KAB SAMPANG,"Jawa Timur, Sampang (Kab.) | Jawa Timur, Sampang (Kab.) | Jawa Timur, Sampang (Kab.) | Jawa Timur, Sampang (Kab.)",NATIONAL,3,18000000,May 2026,IT_HARDWARE; OFFICE_FURNITURE,,,,,,,,
Kantor Pertanahan KAB SUKABUMI,Kantor Pertanahan KAB SUKABUMI — Kementerian Agraria dan Tata Ruang/BPN,Kementerian Agraria dan Tata Ruang/BPN,Kantor Pertanahan KAB SUKABUMI,"Jawa Barat, Sukabumi (Kab.)",NATIONAL,9,82101000,June 2026; May 2026,IT_HARDWARE; STORAGE,,,,,,,,
Kantor Pertanahan KAB TABALONG,Kantor Pertanahan KAB TABALONG — Kementerian Agraria dan Tata Ruang/BPN,Kementerian Agraria dan Tata Ruang/BPN,Kantor Pertanahan KAB TABALONG,"Kalimantan Selatan, Tabalong (Kab.)",NATIONAL,7,33443000,June 2026; May 2026,IT_HARDWARE,,,,,,,,
Kantor Pertanahan KAB TANGERANG,Kantor Pertanahan KAB TANGERANG — Kementerian Agraria dan Tata Ruang/BPN,Kementerian Agraria dan Tata Ruang/BPN,Kantor Pertanahan KAB TANGERANG,"Banten, Tangerang (Kab.)",NATIONAL,1,10000,June 2026,IT_HARDWARE; STORAGE,,,,,,,,
Kantor Pertanahan KAB TASIKMALAYA,Kantor Pertanahan KAB TASIKMALAYA — Kementerian Agraria dan Tata Ruang/BPN,Kementerian Agraria dan Tata Ruang/BPN,Kantor Pertanahan KAB TASIKMALAYA,"Jawa Barat, Tasikmalaya (Kab.)",NATIONAL,11,40084000,June 2026; May 2026,IT_HARDWARE,,,,,,,,
Kantor Pertanahan KAB TIMOR TENGAH SELATAN,Kantor Pertanahan KAB TIMOR TENGAH SELATAN — Kementerian Agraria dan Tata Ruang/BPN,Kementerian Agraria dan Tata Ruang/BPN,Kantor Pertanahan KAB TIMOR TENGAH SELATAN,"Nusa Tenggara Timur, Timor Tengah Selatan (Kab.)",NATIONAL,3,2950000,May 2026,IT_HARDWARE,,,,,,,,
Kantor Pertanahan KABUPATEN BENGKULU TENGAH,Kantor Pertanahan KABUPATEN BENGKULU TENGAH — Kementerian Agraria dan Tata Ruang/BPN,Kementerian Agraria dan Tata Ruang/BPN,Kantor Pertanahan KABUPATEN BENGKULU TENGAH,"Bengkulu, Bengkulu Tengah (Kab.)",NATIONAL,1,600000,May 2026,IT_HARDWARE,,,,,,,,
Kantor Pertanahan KABUPATEN SUMBA BARAT DAYA,Kantor Pertanahan KABUPATEN SUMBA BARAT DAYA — Kementerian Agraria dan Tata Ruang/BPN,Kementerian Agraria dan Tata Ruang/BPN,Kantor Pertanahan KABUPATEN SUMBA BARAT DAYA,"Nusa Tenggara Timur, Sumba Barat Daya (Kab.)",NATIONAL,1,8000000,May 2026,IT_HARDWARE,,,,,,,,
Kantor Pertanahan KOTA BALIKPAPAN,Kantor Pertanahan KOTA BALIKPAPAN — Kementerian Agraria dan Tata Ruang/BPN,Kementerian Agraria dan Tata Ruang/BPN,Kantor Pertanahan KOTA BALIKPAPAN,"Kalimantan Timur, Balikpapan (Kota)",NATIONAL,1,1077000,June 2026,IT_HARDWARE,,,,,,,,
Kantor Pertanahan KOTA BONTANG DI PROV KALIMANTAN TIMUR,Kantor Pertanahan KOTA BONTANG DI PROV KALIMANTAN TIMUR — Kementerian Agraria dan Tata Ruang/BPN,Kementerian Agraria dan Tata Ruang/BPN,Kantor Pertanahan KOTA BONTANG DI PROV KALIMANTAN TIMUR,"Kalimantan Timur, Bontang (Kota)",PROVINCE,2,1018000,June 2026,IT_HARDWARE,,,,,,,,
Kantor Pertanahan KOTA MADIUN,Kantor Pertanahan KOTA MADIUN — Kementerian Agraria dan Tata Ruang/BPN,Kementerian Agraria dan Tata Ruang/BPN,Kantor Pertanahan KOTA MADIUN,"Jawa Timur, Madiun (Kota)",NATIONAL,1,6100000,May 2026,IT_HARDWARE,,,,,,,,
Kantor Pertanahan KOTA PEKALONGAN,Kantor Pertanahan KOTA PEKALONGAN — Kementerian Agraria dan Tata Ruang/BPN,Kementerian Agraria dan Tata Ruang/BPN,Kantor Pertanahan KOTA PEKALONGAN,"Jawa Tengah, Pekalongan (Kota)",NATIONAL,4,15053000,June 2026; May 2026,IT_HARDWARE; STORAGE,,,,,,,,
Kantor Pertanahan KOTA SAMARINDA,Kantor Pertanahan KOTA SAMARINDA — Kementerian Agraria dan Tata Ruang/BPN,Kementerian Agraria dan Tata Ruang/BPN,Kantor Pertanahan KOTA SAMARINDA,"Kalimantan Timur, Samarinda (Kota)",NATIONAL,1,7300000,June 2026,DESKTOP; LAPTOP,,,,,,,,
Kantor Pertanahan KOTA SEMARANG,Kantor Pertanahan KOTA SEMARANG — Kementerian Agraria dan Tata Ruang/BPN,Kementerian Agraria dan Tata Ruang/BPN,Kantor Pertanahan KOTA SEMARANG,"Jawa Tengah, Semarang (Kota)",NATIONAL,1,17000000,June 2026,OFFICE_FURNITURE,,,,,,,,
Kantor Pertanahan Kabupaten Cirebon,Kantor Pertanahan Kabupaten Cirebon — Kementerian Agraria dan Tata Ruang/BPN,Kementerian Agraria dan Tata Ruang/BPN,Kantor Pertanahan Kabupaten Cirebon,"Jawa Barat, Cirebon (Kab.)",NATIONAL,7,7877000,June 2026; May 2026,IT_HARDWARE,,,,,,,,
Kantor Pertanahan Kabupaten Halmahera Barat,Kantor Pertanahan Kabupaten Halmahera Barat — Kementerian Agraria dan Tata Ruang/BPN,Kementerian Agraria dan Tata Ruang/BPN,Kantor Pertanahan Kabupaten Halmahera Barat,"Maluku Utara, Halmahera Barat (Kab.)",NATIONAL,4,9760000,June 2026,IT_HARDWARE; PRINTER,,,,,,,,
Kanwil Kemenhaj Provinsi Sulawesi Utara 695237,Kanwil Kemenhaj Provinsi Sulawesi Utara 695237 — Kementerian Haji Dan Umrah Republik Indonesia,Kementerian Haji Dan Umrah Republik Indonesia,Kanwil Kemenhaj Provinsi Sulawesi Utara 695237,"Sulawesi Utara, Manado (Kota)",PROVINCE,2,312000000,May 2026,LAPTOP,,,,,,,,
Kanwil Kemenhaj Provinsi Sumatera Barat 695142,Kanwil Kemenhaj Provinsi Sumatera Barat 695142 — Kementerian Haji Dan Umrah Republik Indonesia,Kementerian Haji Dan Umrah Republik Indonesia,Kanwil Kemenhaj Provinsi Sumatera Barat 695142,"Sumatera Barat, Padang (Kota)",PROVINCE,1,2500000,May 2026,IT_HARDWARE; LAPTOP,,,,,,,,
Kanwil Kemenhaj Provinsi Sumatera Selatan 695174,Kanwil Kemenhaj Provinsi Sumatera Selatan 695174 — Kementerian Haji Dan Umrah Republik Indonesia,Kementerian Haji Dan Umrah Republik Indonesia,Kanwil Kemenhaj Provinsi Sumatera Selatan 695174,"Sumatera Selatan, Palembang (Kota)",PROVINCE,1,100000000,May 2026,LAPTOP,,,,,,,,
Kanwil Kementerian Haji Dan Umrah Prov Sulawesi Barat,Kanwil Kementerian Haji Dan Umrah Prov Sulawesi Barat — Kementerian Haji Dan Umrah Republik Indonesia,Kementerian Haji Dan Umrah Republik Indonesia,Kanwil Kementerian Haji Dan Umrah Prov Sulawesi Barat,"Sulawesi Barat, Mamuju (Kab.)",PROVINCE,2,149000000,May 2026,LAPTOP; PRINTER,,,,,,,,
Kanwil Kementerian Haji dan Umrah Prov Gorontalo,Kanwil Kementerian Haji dan Umrah Prov Gorontalo — Kementerian Haji Dan Umrah Republik Indonesia,Kementerian Haji Dan Umrah Republik Indonesia,Kanwil Kementerian Haji dan Umrah Prov Gorontalo,"Gorontalo, Gorontalo (Kota)",PROVINCE,1,3720128000,May 2026,LAPTOP,,,,,,,,
Kapanewon Kokap,Kapanewon Kokap — Kab. Kulon Progo,Kab. Kulon Progo,Kapanewon Kokap,"DI Yogyakarta, Kulon Progo (Kab.)",LOCAL_AGENCY,1,167200,June 2026,IT_HARDWARE,,,,,,,,
Kapanewon Ngawen,Kapanewon Ngawen — Kab. Gunungkidul,Kab. Gunungkidul,Kapanewon Ngawen,"DI Yogyakarta, Gunung Kidul (Kab.)",LOCAL_AGENCY,1,2000000,June 2026,NETWORKING,,,,,,,,
Kapanewon Pajangan,Kapanewon Pajangan — Kab. Bantul,Kab. Bantul,Kapanewon Pajangan,"DI Yogyakarta, Bantul (Kab.) | DI Yogyakarta, Bantul (Kab.) | DI Yogyakarta, Bantul (Kab.)",LOCAL_AGENCY,1,3140000,May 2026,OFFICE_FURNITURE,,,,,,,,
Kapanewon Ponjong,Kapanewon Ponjong — Kab. Gunungkidul,Kab. Gunungkidul,Kapanewon Ponjong,"DI Yogyakarta, Gunung Kidul (Kab.)",LOCAL_AGENCY,1,700000,May 2026,OFFICE_FURNITURE,,,,,,,,
Kapanewon Rongkop,Kapanewon Rongkop — Kab. Gunungkidul,Kab. Gunungkidul,Kapanewon Rongkop,"DI Yogyakarta, Gunung Kidul (Kab.)",LOCAL_AGENCY,2,23638000,May 2026,DESKTOP,,,,,,,,
Kecamatan Abiansemal,Kecamatan Abiansemal — Kab. Badung,Kab. Badung,Kecamatan Abiansemal,"Bali, Badung (Kab.)",LOCAL_AGENCY,3,217925100,June 2026; May 2026,DESKTOP; IT_HARDWARE,,,,,,,,
Kecamatan Ambarawa,Kecamatan Ambarawa — Kab. Semarang,Kab. Semarang,Kecamatan Ambarawa,"Jawa Tengah, Semarang (Kab.)",LOCAL_AGENCY,1,270000,May 2026,IT_HARDWARE,,,,,,,,
Kecamatan Ampelgading,Kecamatan Ampelgading — Kab. Pemalang,Kab. Pemalang,Kecamatan Ampelgading,"Jawa Tengah, Pemalang (Kab.)",LOCAL_AGENCY,2,49879800,May 2026,DESKTOP; IT_HARDWARE,,,,,,,,
Kecamatan Amurang Timur,Kecamatan Amurang Timur — Kab. Minahasa Selatan,Kab. Minahasa Selatan,Kecamatan Amurang Timur,"Sulawesi Utara, Minahasa Selatan (Kab.)",LOCAL_AGENCY,2,15600000,June 2026,IT_HARDWARE; OFFICE_FURNITURE,,,,,,,,
Kecamatan Antapani,Kecamatan Antapani — Kota Bandung,Kota Bandung,Kecamatan Antapani,"Jawa Barat, Bandung (Kota)",LOCAL_AGENCY,1,6000000,June 2026,AUDIO,,,,,,,,
Kecamatan Arcamanik,Kecamatan Arcamanik — Kota Bandung,Kota Bandung,Kecamatan Arcamanik,"Jawa Barat, Bandung (Kota)",LOCAL_AGENCY,8,730997700,June 2026; May 2026,CCTV; OFFICE_FURNITURE,,,,,,,,
Kecamatan Asemrowo,Kecamatan Asemrowo — Kota Surabaya,Kota Surabaya,Kecamatan Asemrowo,"Jawa Timur, Surabaya (Kota)",LOCAL_AGENCY,10,541087327,June 2026; May 2026,AUDIO; CCTV; DESKTOP; IT_HARDWARE; LAPTOP; NETWORKING; OFFICE_FURNITURE,,,,,,,,
Kecamatan Astana Anyar,Kecamatan Astana Anyar — Kota Bandung,Kota Bandung,Kecamatan Astana Anyar,"Jawa Barat, Bandung (Kota)",LOCAL_AGENCY,3,231788657,May 2026,CCTV; OFFICE_FURNITURE,,,,,,,,
Kecamatan Atambua Barat,Kecamatan Atambua Barat — Kab. Belu,Kab. Belu,Kecamatan Atambua Barat,"Nusa Tenggara Timur, Belu (Kab.)",LOCAL_AGENCY,2,7120000,May 2026,CCTV; NETWORKING,,,,,,,,
Kecamatan Babakan Ciparay,Kecamatan Babakan Ciparay — Kota Bandung,Kota Bandung,Kecamatan Babakan Ciparay,"Jawa Barat, Bandung (Kota)",LOCAL_AGENCY,1,11000000,June 2026,IT_HARDWARE,,,,,,,,
Kecamatan Babakancikao,Kecamatan Babakancikao — Kab. Purwakarta,Kab. Purwakarta,Kecamatan Babakancikao,"Jawa Barat, Purwakarta (Kab.)",LOCAL_AGENCY,4,46273000,June 2026,DESKTOP; OFFICE_FURNITURE,,,,,,,,
Kecamatan Badas,Kecamatan Badas — Kab. Kediri,Kab. Kediri,Kecamatan Badas,"Jawa Timur, Kediri (Kab.)",LOCAL_AGENCY,1,10608000,May 2026,DESKTOP,,,,,,,,
Kecamatan Bahorok,Kecamatan Bahorok — Kab. Langkat,Kab. Langkat,Kecamatan Bahorok,"Sumatera Utara, Langkat (Kab.)",LOCAL_AGENCY,2,11200000,June 2026; May 2026,DESKTOP; NETWORKING,,,,,,,,
Kecamatan Balaraja,Kecamatan Balaraja — Kab. Tangerang,Kab. Tangerang,Kecamatan Balaraja,"Banten, Tangerang (Kab.)",LOCAL_AGENCY,1,32850000,June 2026,OFFICE_FURNITURE,,,,,,,,
Kecamatan Bancak,Kecamatan Bancak — Kab. Semarang,Kab. Semarang,Kecamatan Bancak,"Jawa Tengah, Semarang (Kab.)",LOCAL_AGENCY,1,402000,May 2026,IT_HARDWARE,,,,,,,,
Kecamatan Banda Baro,Kecamatan Banda Baro — Kab. Aceh Utara,Kab. Aceh Utara,Kecamatan Banda Baro,"Aceh, Aceh Utara (Kab.)",LOCAL_AGENCY,2,1070000,June 2026,IT_HARDWARE,,,,,,,,
Kecamatan Bandung Kulon,Kecamatan Bandung Kulon — Kota Bandung,Kota Bandung,Kecamatan Bandung Kulon,"Jawa Barat, Bandung (Kota)",LOCAL_AGENCY,1,10127973,May 2026,CCTV,,,,,,,,
Kecamatan Bandung Wetan,Kecamatan Bandung Wetan — Kota Bandung,Kota Bandung,Kecamatan Bandung Wetan,"Jawa Barat, Bandung (Kota)",LOCAL_AGENCY,3,264824893,May 2026,AUDIO; OFFICE_FURNITURE,,,,,,,,
Kecamatan Banjarmasin Selatan,Kecamatan Banjarmasin Selatan — Kota Banjarmasin,Kota Banjarmasin,Kecamatan Banjarmasin Selatan,"Kalimantan Selatan, Banjarmasin (Kota)",LOCAL_AGENCY,2,27508000,May 2026,IT_HARDWARE; OFFICE_FURNITURE,,,,,,,,
Kecamatan Banjarmasin Timur,Kecamatan Banjarmasin Timur — Kota Banjarmasin,Kota Banjarmasin,Kecamatan Banjarmasin Timur,"Kalimantan Selatan, Banjarmasin (Kota)",LOCAL_AGENCY,1,114000,May 2026,OFFICE_FURNITURE,,,,,,,,
Kecamatan Banjarmasin Utara,Kecamatan Banjarmasin Utara — Kota Banjarmasin,Kota Banjarmasin,Kecamatan Banjarmasin Utara,"Kalimantan Selatan, Banjarmasin (Kota)",LOCAL_AGENCY,2,44735000,June 2026; May 2026,IT_HARDWARE; OFFICE_FURNITURE,,,,,,,,
Kecamatan Banjarnegara,Kecamatan Banjarnegara — Kab. Banjarnegara,Kab. Banjarnegara,Kecamatan Banjarnegara,"Jawa Tengah, Banjarnegara (Kab.)",LOCAL_AGENCY,3,4540000,May 2026,DESKTOP; IT_HARDWARE,,,,,,,,
Kecamatan Bantarbolang,Kecamatan Bantarbolang — Kab. Pemalang,Kab. Pemalang,Kecamatan Bantarbolang,"Jawa Tengah, Pemalang (Kab.)",LOCAL_AGENCY,1,25000000,June 2026,OFFICE_FURNITURE,,,,,,,,
Kecamatan Bantargebang,Kecamatan Bantargebang — Kota Bekasi,Kota Bekasi,Kecamatan Bantargebang,"Jawa Barat, Bekasi (Kota)",LOCAL_AGENCY,1,22950000,May 2026,OFFICE_FURNITURE,,,,,,,,
Kecamatan Banyakan,Kecamatan Banyakan — Kab. Kediri,Kab. Kediri,Kecamatan Banyakan,"Jawa Timur, Kediri (Kab.)",LOCAL_AGENCY,1,6000000,June 2026,DESKTOP; IT_HARDWARE,,,,,,,,
Kecamatan Baraka,Kecamatan Baraka — Kab. Enrekang,Kab. Enrekang,Kecamatan Baraka,"Sulawesi Selatan, Enrekang (Kab.)",LOCAL_AGENCY,1,66003000,June 2026,IT_HARDWARE,,,,,,,,
Kecamatan Batu Brak,Kecamatan Batu Brak — Kab. Lampung Barat,Kab. Lampung Barat,Kecamatan Batu Brak,"Lampung, Lampung Barat (Kab.)",LOCAL_AGENCY,8,18375000,June 2026; May 2026,DESKTOP; IT_HARDWARE,,,,,,,,
Kecamatan Bekasi Utara,Kecamatan Bekasi Utara — Kota Bekasi,Kota Bekasi,Kecamatan Bekasi Utara,"Jawa Barat, Bekasi (Kota)",LOCAL_AGENCY,3,123512000,June 2026; May 2026,AUDIO; CAMERA_VIDEO; IT_HARDWARE,,,,,,,,
Kecamatan Belalau,Kecamatan Belalau — Kab. Lampung Barat,Kab. Lampung Barat,Kecamatan Belalau,"Lampung, Lampung Barat (Kab.)",LOCAL_AGENCY,2,875000,June 2026; May 2026,IT_HARDWARE,,,,,,,,
Kecamatan Belawang,Kecamatan Belawang — Kab. Barito Kuala,Kab. Barito Kuala,Kecamatan Belawang,"Kalimantan Selatan, Barito Kuala (Kab.)",LOCAL_AGENCY,1,945000,June 2026,OFFICE_FURNITURE,,,,,,,,
Kecamatan Benowo,Kecamatan Benowo — Kota Surabaya,Kota Surabaya,Kecamatan Benowo,"Jawa Timur, Surabaya (Kota)",LOCAL_AGENCY,2,13486500,June 2026,DESKTOP; IT_HARDWARE; PRINTER,,,,,,,,
Kecamatan Binjai Utara Kota Binjai,Kecamatan Binjai Utara Kota Binjai — Kota Binjai,Kota Binjai,Kecamatan Binjai Utara Kota Binjai,"Sumatera Utara, Binjai (Kota)",LOCAL_AGENCY,2,11000000,June 2026,IT_HARDWARE,,,,,,,,
Kecamatan Biringkanaya,Kecamatan Biringkanaya — Kota Makassar,Kota Makassar,Kecamatan Biringkanaya,"Sulawesi Selatan, Makassar (Kota)",LOCAL_AGENCY,1,786455800,May 2026,OFFICE_FURNITURE,,,,,,,,
Kecamatan Bojongloa Kaler,Kecamatan Bojongloa Kaler — Kota Bandung,Kota Bandung,Kecamatan Bojongloa Kaler,"Jawa Barat, Bandung (Kota)",LOCAL_AGENCY,3,309459363,May 2026,CCTV; OFFICE_FURNITURE,,,,,,,,
Kecamatan Bojongloa Kidul,Kecamatan Bojongloa Kidul — Kota Bandung,Kota Bandung,Kecamatan Bojongloa Kidul,"Jawa Barat, Bandung (Kota)",LOCAL_AGENCY,1,121535676,May 2026,CCTV,,,,,,,,
Kecamatan Bolaang Timur,Kecamatan Bolaang Timur — Kab. Bolaang Mongondow,Kab. Bolaang Mongondow,Kecamatan Bolaang Timur,"Sulawesi Utara, Bolaang Mengondow (Kab.)",LOCAL_AGENCY,1,21367500,May 2026,DESKTOP,,,,,,,,
Kecamatan Bontang Barat,Kecamatan Bontang Barat — Kota Bontang,Kota Bontang,Kecamatan Bontang Barat,"Kalimantan Timur, Bontang (Kota)",LOCAL_AGENCY,1,2132808,June 2026,IT_HARDWARE,,,,,,,,
Kecamatan Bubutan,Kecamatan Bubutan — Kota Surabaya,Kota Surabaya,Kecamatan Bubutan,"Jawa Timur, Surabaya (Kota)",LOCAL_AGENCY,3,25447194,June 2026; May 2026,IT_HARDWARE; LAPTOP; OFFICE_FURNITURE; PRINTER,,,,,,,,
Kecamatan Bula,Kecamatan Bula — Kab. Seram Bagian Timur,Kab. Seram Bagian Timur,Kecamatan Bula,"Maluku, Seram Bagian Timur (Kab.)",LOCAL_AGENCY,1,975150,June 2026,IT_HARDWARE,,,,,,,,
Kecamatan Bunobogu,Kecamatan Bunobogu — Kab. Buol,Kab. Buol,Kecamatan Bunobogu,"Sulawesi Tengah, Buol (Kab.)",LOCAL_AGENCY,1,2723000,May 2026,IT_HARDWARE,,,,,,,,
Kecamatan Busungbiu,Kecamatan Busungbiu — Kab. Buleleng,Kab. Buleleng,Kecamatan Busungbiu,"Bali, Buleleng (Kab.)",LOCAL_AGENCY,1,8880000,June 2026,AUDIO,,,,,,,,
Kecamatan Candipuro,Kecamatan Candipuro — Kab. Lampung Selatan,Kab. Lampung Selatan,Kecamatan Candipuro,"Lampung, Lampung Selatan (Kab.)",LOCAL_AGENCY,5,8326100,June 2026; May 2026,IT_HARDWARE,,,,,,,,
Kecamatan Cempa,Kecamatan Cempa — Kab. Pinrang,Kab. Pinrang,Kecamatan Cempa,"Sulawesi Selatan, Pinrang (Kab.)",LOCAL_AGENCY,2,18200000,June 2026,OFFICE_FURNITURE,,,,,,,,
Kecamatan Ciamis,Kecamatan Ciamis — Kab. Ciamis,Kab. Ciamis,Kecamatan Ciamis,"Jawa Barat, Ciamis (Kab.)",LOCAL_AGENCY,11,50590000,June 2026; May 2026,IT_HARDWARE; LAPTOP; PRINTER,,,,,,,,
Kecamatan Cibadak,Kecamatan Cibadak — Kab. Sukabumi,Kab. Sukabumi,Kecamatan Cibadak,"Jawa Barat, Sukabumi (Kab.) | Jawa Barat, Sukabumi (Kab.)",LOCAL_AGENCY,2,37311284,May 2026,DESKTOP; OFFICE_FURNITURE,,,,,,,,
Kecamatan Cibatu,Kecamatan Cibatu — Kab. Purwakarta,Kab. Purwakarta,Kecamatan Cibatu,"Jawa Barat, Purwakarta (Kab.)",LOCAL_AGENCY,3,26032000,May 2026,DESKTOP; IT_HARDWARE,,,,,,,,
Kecamatan Cibeureum,Kecamatan Cibeureum — Kota Sukabumi,Kota Sukabumi,Kecamatan Cibeureum,"Jawa Barat, Sukabumi (Kota)",LOCAL_AGENCY,1,4400000,May 2026,IT_HARDWARE,,,,,,,,
Kecamatan Cicendo,Kecamatan Cicendo — Kota Bandung,Kota Bandung,Kecamatan Cicendo,"Jawa Barat, Bandung (Kota)",LOCAL_AGENCY,2,112268730,June 2026,CCTV; OFFICE_FURNITURE,,,,,,,,
Kecamatan Cidolog,Kecamatan Cidolog — Kab. Ciamis,Kab. Ciamis,Kecamatan Cidolog,"Jawa Barat, Ciamis (Kab.)",LOCAL_AGENCY,2,43500000,June 2026; May 2026,AUDIO; CAMERA_VIDEO; CCTV; IT_HARDWARE; NETWORKING,,,,,,,,
Kecamatan Cihaurbeuti,Kecamatan Cihaurbeuti — Kab. Ciamis,Kab. Ciamis,Kecamatan Cihaurbeuti,"Jawa Barat, Ciamis (Kab.)",LOCAL_AGENCY,2,1540000,June 2026; May 2026,IT_HARDWARE,,,,,,,,
Kecamatan Cikajang,Kecamatan Cikajang — Kab. Garut,Kab. Garut,Kecamatan Cikajang,"Jawa Barat, Garut (Kab.)",LOCAL_AGENCY,1,67947500,June 2026,OFFICE_FURNITURE,,,,,,,,
Kecamatan Cikarang Pusat,Kecamatan Cikarang Pusat — Kab. Bekasi,Kab. Bekasi,Kecamatan Cikarang Pusat,"Jawa Barat, Bekasi (Kab.)",LOCAL_AGENCY,2,30788000,June 2026,OFFICE_FURNITURE,,,,,,,,
Kecamatan Cikelet,Kecamatan Cikelet — Kab. Garut,Kab. Garut,Kecamatan Cikelet,"Jawa Barat, Garut (Kab.)",LOCAL_AGENCY,1,2530000,June 2026,AUDIO,,,,,,,,
Kecamatan Cikembar,Kecamatan Cikembar — Kab. Sukabumi,Kab. Sukabumi,Kecamatan Cikembar,"Jawa Barat, Sukabumi (Kab.) | Jawa Barat, Sukabumi (Kab.)",LOCAL_AGENCY,1,23500000,June 2026,OFFICE_FURNITURE,,,,,,,,
Kecamatan Cimahi Utara,Kecamatan Cimahi Utara — Kota Cimahi,Kota Cimahi,Kecamatan Cimahi Utara,"Jawa Barat, Cimahi (Kota)",LOCAL_AGENCY,2,30812000,June 2026; May 2026,IT_HARDWARE; OFFICE_FURNITURE,,,,,,,,
Kecamatan Cimaragas,Kecamatan Cimaragas — Kab. Ciamis,Kab. Ciamis,Kecamatan Cimaragas,"Jawa Barat, Ciamis (Kab.)",LOCAL_AGENCY,1,1100000,June 2026,IT_HARDWARE,,,,,,,,
Kecamatan Cisaga,Kecamatan Cisaga — Kab. Ciamis,Kab. Ciamis,Kecamatan Cisaga,"Jawa Barat, Ciamis (Kab.)",LOCAL_AGENCY,1,990000,June 2026,IT_HARDWARE,,,,,,,,
Kecamatan Cisauk,Kecamatan Cisauk — Kab. Tangerang,Kab. Tangerang,Kecamatan Cisauk,"Banten, Tangerang (Kab.)",LOCAL_AGENCY,1,32155800,June 2026,OFFICE_FURNITURE,,,,,,,,
Kecamatan Cisoka,Kecamatan Cisoka — Kab. Tangerang,Kab. Tangerang,Kecamatan Cisoka,"Banten, Tangerang (Kab.)",LOCAL_AGENCY,1,10000000,May 2026,IT_HARDWARE; NETWORKING,,,,,,,,
Kecamatan Comal,Kecamatan Comal — Kab. Pemalang,Kab. Pemalang,Kecamatan Comal,"Jawa Tengah, Pemalang (Kab.)",LOCAL_AGENCY,5,87515000,May 2026,DESKTOP; OFFICE_FURNITURE,,,,,,,,
Kecamatan Curug,Kecamatan Curug — Kab. Tangerang,Kab. Tangerang,Kecamatan Curug,"Banten, Tangerang (Kab.)",LOCAL_AGENCY,3,49720000,May 2026,AUDIO; OFFICE_FURNITURE,,,,,,,,
Kecamatan Danau Sipin,Kecamatan Danau Sipin — Kota Jambi,Kota Jambi,Kecamatan Danau Sipin,"Jambi, Jambi (Kota)",LOCAL_AGENCY,7,81600000,May 2026,AUDIO; NETWORKING; OFFICE_FURNITURE,,,,,,,,
Kecamatan Dawan,Kecamatan Dawan — Kab. Klungkung,Kab. Klungkung,Kecamatan Dawan,"Bali, Klungkung (Kab.)",LOCAL_AGENCY,2,10060000,May 2026,DESKTOP; IT_HARDWARE,,,,,,,,
Kecamatan Detusoko,Kecamatan Detusoko — Kab. Ende,Kab. Ende,Kecamatan Detusoko,"Nusa Tenggara Timur, Ende (Kab.)",LOCAL_AGENCY,1,1200000,June 2026,OFFICE_FURNITURE,,,,,,,,
Kecamatan Dua Boccoe,Kecamatan Dua Boccoe — Kab. Bone,Kab. Bone,Kecamatan Dua Boccoe,"Sulawesi Selatan, Bone (Kab.)",LOCAL_AGENCY,1,8400000,May 2026,IT_HARDWARE,,,,,,,,
Kecamatan Ende Timur,Kecamatan Ende Timur — Kab. Ende,Kab. Ende,Kecamatan Ende Timur,"Nusa Tenggara Timur, Ende (Kab.)",LOCAL_AGENCY,1,27280000,May 2026,DESKTOP,,,,,,,,
Kecamatan Galesong,Kecamatan Galesong — Kab. Takalar,Kab. Takalar,Kecamatan Galesong,"Sulawesi Selatan, Takalar (Kab.)",LOCAL_AGENCY,7,13455600,June 2026; May 2026,DESKTOP; IT_HARDWARE; OFFICE_FURNITURE,,,,,,,,
Kecamatan Gambut,Kecamatan Gambut — Kab. Banjar,Kab. Banjar,Kecamatan Gambut,"Kalimantan Selatan, Banjar (Kab.)",LOCAL_AGENCY,1,2000000,June 2026,CCTV,,,,,,,,
Kecamatan Gampengrejo,Kecamatan Gampengrejo — Kab. Kediri,Kab. Kediri,Kecamatan Gampengrejo,"Jawa Timur, Kediri (Kab.)",LOCAL_AGENCY,2,4000000,June 2026,DESKTOP; IT_HARDWARE; OFFICE_FURNITURE,,,,,,,,
Kecamatan Gedebage,Kecamatan Gedebage — Kota Bandung,Kota Bandung,Kecamatan Gedebage,"Jawa Barat, Bandung (Kota)",LOCAL_AGENCY,7,69191775,June 2026; May 2026,OFFICE_FURNITURE; PRINTER,,,,,,,,
Kecamatan Gedung Surian,Kecamatan Gedung Surian — Kab. Lampung Barat,Kab. Lampung Barat,Kecamatan Gedung Surian,"Lampung, Lampung Barat (Kab.)",LOCAL_AGENCY,1,750000,May 2026,IT_HARDWARE,,,,,,,,
Kecamatan Geger,Kecamatan Geger — Kab. Madiun,Kab. Madiun,Kecamatan Geger,"Jawa Timur, Madiun (Kab.)",LOCAL_AGENCY,1,5354640,June 2026,OFFICE_FURNITURE,,,,,,,,
Kecamatan Genteng,Kecamatan Genteng — Kota Surabaya,Kota Surabaya,Kecamatan Genteng,"Jawa Timur, Surabaya (Kota)",LOCAL_AGENCY,2,49075417,June 2026; May 2026,PRINTER,,,,,,,,
Kecamatan Guguk Panjang,Kecamatan Guguk Panjang — Kota Bukittinggi,Kota Bukittinggi,Kecamatan Guguk Panjang,"Sumatera Barat, Bukit Tinggi (Kota)",LOCAL_AGENCY,1,14150000,May 2026,OFFICE_FURNITURE,,,,,,,,
Kecamatan Gunung Puyuh,Kecamatan Gunung Puyuh — Kota Sukabumi,Kota Sukabumi,Kecamatan Gunung Puyuh,"Jawa Barat, Sukabumi (Kota)",LOCAL_AGENCY,1,2000000,May 2026,IT_HARDWARE,,,,,,,,
Kecamatan Ilir Barat Dua,Kecamatan Ilir Barat Dua — Kota Palembang,Kota Palembang,Kecamatan Ilir Barat Dua,"Sumatera Selatan, Palembang (Kota)",LOCAL_AGENCY,6,371288000,June 2026,AUDIO; IT_HARDWARE; OFFICE_FURNITURE,,,,,,,,
Kecamatan Jabiren Raya,Kecamatan Jabiren Raya — Kab. Pulang Pisau,Kab. Pulang Pisau,Kecamatan Jabiren Raya,"Kalimantan Tengah, Pulang Pisau (Kab.)",LOCAL_AGENCY,2,25000000,June 2026; May 2026,DESKTOP; IT_HARDWARE,,,,,,,,
Kecamatan Jambe,Kecamatan Jambe — Kab. Tangerang,Kab. Tangerang,Kecamatan Jambe,"Banten, Tangerang (Kab.)",LOCAL_AGENCY,1,2920000,May 2026,DESKTOP; IT_HARDWARE,,,,,,,,
Kecamatan Jambi Selatan,Kecamatan Jambi Selatan — Kota Jambi,Kota Jambi,Kecamatan Jambi Selatan,"Jambi, Jambi (Kota)",LOCAL_AGENCY,3,219429110,May 2026,AUDIO; OFFICE_FURNITURE; PRINTER,,,,,,,,
Kecamatan Jangkar,Kecamatan Jangkar — Kab. Situbondo,Kab. Situbondo,Kecamatan Jangkar,"Jawa Timur, Situbondo (Kab.) | Jawa Timur, Situbondo (Kab.) | Jawa Timur, Situbondo (Kab.)",LOCAL_AGENCY,2,19867934,May 2026,AUDIO; DESKTOP; IT_HARDWARE,,,,,,,,
Kecamatan Jati Agung,Kecamatan Jati Agung — Kab. Lampung Selatan,Kab. Lampung Selatan,Kecamatan Jati Agung,"Lampung, Lampung Selatan (Kab.)",LOCAL_AGENCY,3,21569800,June 2026; May 2026,DESKTOP; IT_HARDWARE; OFFICE_FURNITURE,,,,,,,,
Kecamatan Jatigede,Kecamatan Jatigede — Kab. Sumedang,Kab. Sumedang,Kecamatan Jatigede,"Jawa Barat, Sumedang (Kab.)",LOCAL_AGENCY,1,6854500,June 2026,OFFICE_FURNITURE,,,,,,,,
Kecamatan Jatinagara,Kecamatan Jatinagara — Kab. Ciamis,Kab. Ciamis,Kecamatan Jatinagara,"Jawa Barat, Ciamis (Kab.)",LOCAL_AGENCY,2,300000,June 2026; May 2026,IT_HARDWARE,,,,,,,,
Kecamatan Jatinegara,Kecamatan Jatinegara — Kab. Tegal,Kab. Tegal,Kecamatan Jatinegara,"Jawa Tengah, Tegal (Kab.)",LOCAL_AGENCY,1,1460000,June 2026,DESKTOP; IT_HARDWARE,,,,,,,,
Kecamatan Jayanti,Kecamatan Jayanti — Kab. Tangerang,Kab. Tangerang,Kecamatan Jayanti,"Banten, Tangerang (Kab.)",LOCAL_AGENCY,4,86063000,June 2026; May 2026,AUDIO; CCTV; DESKTOP; LAPTOP; PRINTER,,,,,,,,
Kecamatan Jepara,Kecamatan Jepara — Kab. Jepara,Kab. Jepara,Kecamatan Jepara,"Jawa Tengah, Jepara (Kab.)",LOCAL_AGENCY,1,2900000,May 2026,OFFICE_FURNITURE,,,,,,,,
Kecamatan Jiwan,Kecamatan Jiwan — Kab. Madiun,Kab. Madiun,Kecamatan Jiwan,"Jawa Timur, Madiun (Kab.)",LOCAL_AGENCY,2,5808700,June 2026,AUDIO; OFFICE_FURNITURE,,,,,,,,
Kecamatan Juwangi,Kecamatan Juwangi — Kab. Boyolali,Kab. Boyolali,Kecamatan Juwangi,"Jawa Tengah, Boyolali (Kab.)",LOCAL_AGENCY,1,320000,June 2026,OFFICE_FURNITURE,,,,,,,,
Kecamatan Kabanjahe,Kecamatan Kabanjahe — Kab. Karo,Kab. Karo,Kecamatan Kabanjahe,"Sumatera Utara, Karo (Kab.)",LOCAL_AGENCY,1,10668000,May 2026,IT_HARDWARE,,,,,,,,
Kecamatan Kabat,Kecamatan Kabat — Kab. Banyuwangi,Kab. Banyuwangi,Kecamatan Kabat,"Jawa Timur, Banyuwangi (Kab.)",LOCAL_AGENCY,1,2786000,June 2026,IT_HARDWARE,,,,,,,,
Kecamatan Kadia,Kecamatan Kadia — Kota Kendari,Kota Kendari,Kecamatan Kadia,"Sulawesi Tenggara, Kendari (Kota)",LOCAL_AGENCY,1,22800000,June 2026,DESKTOP,,,,,,,,
Kecamatan Kadudampit,Kecamatan Kadudampit — Kab. Sukabumi,Kab. Sukabumi,Kecamatan Kadudampit,"Jawa Barat, Sukabumi (Kab.)",LOCAL_AGENCY,3,31100000,May 2026,DESKTOP; IT_HARDWARE; OFFICE_FURNITURE,,,,,,,,
Kecamatan Kajen,Kecamatan Kajen — Kab. Pekalongan,Kab. Pekalongan,Kecamatan Kajen,"Jawa Tengah, Pekalongan (Kab.)",LOCAL_AGENCY,2,31890000,May 2026,LAPTOP; OFFICE_FURNITURE,,,,,,,,
Kecamatan Kalianda,Kecamatan Kalianda — Kab. Lampung Selatan,Kab. Lampung Selatan,Kecamatan Kalianda,"Lampung, Lampung Selatan (Kab.)",LOCAL_AGENCY,2,15657600,May 2026,DESKTOP; OFFICE_FURNITURE,,,,,,,,
Kecamatan Kandat,Kecamatan Kandat — Kab. Kediri,Kab. Kediri,Kecamatan Kandat,"Jawa Timur, Kediri (Kab.)",LOCAL_AGENCY,1,1479000,June 2026,IT_HARDWARE,,,,,,,,
Kecamatan Karangdadap,Kecamatan Karangdadap — Kab. Pekalongan,Kab. Pekalongan,Kecamatan Karangdadap,"Jawa Tengah, Pekalongan (Kab.)",LOCAL_AGENCY,2,20458000,June 2026,DESKTOP; OFFICE_FURNITURE; PRINTER,,,,,,,,
Kecamatan Karangpilang,Kecamatan Karangpilang — Kota Surabaya,Kota Surabaya,Kecamatan Karangpilang,"Jawa Timur, Surabaya (Kota)",LOCAL_AGENCY,7,1054208256,June 2026; May 2026,AUDIO; CCTV; OFFICE_FURNITURE,,,,,,,,
Kecamatan Kedondong,Kecamatan Kedondong — Kab. Pesawaran,Kab. Pesawaran,Kecamatan Kedondong,"Lampung, Pesawaran (Kab.)",LOCAL_AGENCY,1,730000,June 2026,IT_HARDWARE,,,,,,,,
Kecamatan Kedung,Kecamatan Kedung — Kab. Jepara,Kab. Jepara,Kecamatan Kedung,"Jawa Tengah, Jepara (Kab.)",LOCAL_AGENCY,2,14094300,June 2026,IT_HARDWARE; OFFICE_FURNITURE,,,,,,,,
Kecamatan Kedungjati,Kecamatan Kedungjati — Kab. Grobogan,Kab. Grobogan,Kecamatan Kedungjati,"Jawa Tengah, Grobogan (Kab.)",LOCAL_AGENCY,1,2070000,June 2026,DESKTOP; IT_HARDWARE,,,,,,,,
Kecamatan Kedungpring,Kecamatan Kedungpring — Kab. Lamongan,Kab. Lamongan,Kecamatan Kedungpring,"Jawa Timur, Lamongan (Kab.)",LOCAL_AGENCY,1,13960200,May 2026,OFFICE_FURNITURE,,,,,,,,
Kecamatan Kedungwuni,Kecamatan Kedungwuni — Kab. Pekalongan,Kab. Pekalongan,Kecamatan Kedungwuni,"Jawa Tengah, Pekalongan (Kab.)",LOCAL_AGENCY,1,22000000,May 2026,LAPTOP; SCANNER,,,,,,,,
Kecamatan Kelapa Dua,Kecamatan Kelapa Dua — Kab. Tangerang,Kab. Tangerang,Kecamatan Kelapa Dua,"Banten, Tangerang (Kab.)",LOCAL_AGENCY,4,49864000,June 2026; May 2026,DESKTOP; IT_HARDWARE; OFFICE_FURNITURE,,,,,,,,
Kecamatan Kelimutu,Kecamatan Kelimutu — Kab. Ende,Kab. Ende,Kecamatan Kelimutu,"Nusa Tenggara Timur, Ende (Kab.)",LOCAL_AGENCY,2,29979000,June 2026; May 2026,DESKTOP; OFFICE_FURNITURE,,,,,,,,
Kecamatan Kemiri,Kecamatan Kemiri — Kab. Tangerang,Kab. Tangerang,Kecamatan Kemiri,"Banten, Tangerang (Kab.)",LOCAL_AGENCY,3,34247000,May 2026,DESKTOP; IT_HARDWARE; OFFICE_FURNITURE,,,,,,,,
Kecamatan Kepulauan Banda,Kecamatan Kepulauan Banda — Kab. Maluku Tengah,Kab. Maluku Tengah,Kecamatan Kepulauan Banda,"Maluku, Maluku Tengah (Kab.)",LOCAL_AGENCY,2,7360000,May 2026,IT_HARDWARE; OFFICE_FURNITURE,,,,,,,,
Kecamatan Kepung,Kecamatan Kepung — Kab. Kediri,Kab. Kediri,Kecamatan Kepung,"Jawa Timur, Kediri (Kab.)",LOCAL_AGENCY,1,96000,June 2026,IT_HARDWARE,,,,,,,,
Kecamatan Kesamben,Kecamatan Kesamben — Kab. Blitar,Kab. Blitar,Kecamatan Kesamben,"Jawa Timur, Blitar (Kab.)",LOCAL_AGENCY,1,5055500,June 2026,PRINTER,,,,,,,,
Kecamatan Kesesi,Kecamatan Kesesi — Kab. Pekalongan,Kab. Pekalongan,Kecamatan Kesesi,"Jawa Tengah, Pekalongan (Kab.)",LOCAL_AGENCY,1,10270000,May 2026,OFFICE_FURNITURE,,,,,,,,
Kecamatan Kiaracondong,Kecamatan Kiaracondong — Kota Bandung,Kota Bandung,Kecamatan Kiaracondong,"Jawa Barat, Bandung (Kota)",LOCAL_AGENCY,6,776209514,May 2026,CCTV; IT_HARDWARE; OFFICE_FURNITURE,,,,,,,,
Kecamatan Kiarapedes,Kecamatan Kiarapedes — Kab. Purwakarta,Kab. Purwakarta,Kecamatan Kiarapedes,"Jawa Barat, Purwakarta (Kab.)",LOCAL_AGENCY,1,999000,June 2026,IT_HARDWARE,,,,,,,,
Kecamatan Klungkung,Kecamatan Klungkung — Kab. Klungkung,Kab. Klungkung,Kecamatan Klungkung,"Bali, Klungkung (Kab.)",LOCAL_AGENCY,5,25993000,June 2026; May 2026,DESKTOP; IT_HARDWARE,,,,,,,,
Kecamatan Kota Barat,Kecamatan Kota Barat — Kota Gorontalo,Kota Gorontalo,Kecamatan Kota Barat,"Gorontalo, Gorontalo (Kota)",LOCAL_AGENCY,1,2064100,May 2026,IT_HARDWARE,,,,,,,,
Kecamatan Kotawaringin Lama,Kecamatan Kotawaringin Lama — Kab. Kotawaringin Barat,Kab. Kotawaringin Barat,Kecamatan Kotawaringin Lama,"Kalimantan Tengah, Kotawaringin Barat (Kab.)",LOCAL_AGENCY,1,6210000,May 2026,DESKTOP; IT_HARDWARE,,,,,,,,
Kecamatan Krembangan,Kecamatan Krembangan — Kota Surabaya,Kota Surabaya,Kecamatan Krembangan,"Jawa Timur, Surabaya (Kota)",LOCAL_AGENCY,8,865773315,June 2026; May 2026,AUDIO; CCTV; DESKTOP; IT_HARDWARE; OFFICE_FURNITURE; PRINTER; STORAGE,,,,,,,,
Kecamatan Kresek,Kecamatan Kresek — Kab. Tangerang,Kab. Tangerang,Kecamatan Kresek,"Banten, Tangerang (Kab.)",LOCAL_AGENCY,2,28348000,June 2026; May 2026,AUDIO; DESKTOP,,,,,,,,
Kecamatan Kumai,Kecamatan Kumai — Kab. Kotawaringin Barat,Kab. Kotawaringin Barat,Kecamatan Kumai,"Kalimantan Tengah, Kotawaringin Barat (Kab.)",LOCAL_AGENCY,1,10531125,May 2026,STORAGE,,,,,,,,
Kecamatan Kumpeh,Kecamatan Kumpeh — Kab. Muaro Jambi,Kab. Muaro Jambi,Kecamatan Kumpeh,"Jambi, Muaro Jambi (Kab.)",LOCAL_AGENCY,2,33398000,June 2026,DESKTOP; OFFICE_FURNITURE,,,,,,,,
Kecamatan Kuta Raja,Kecamatan Kuta Raja — Kota Banda Aceh,Kota Banda Aceh,Kecamatan Kuta Raja,"Aceh, Banda Aceh (Kota)",LOCAL_AGENCY,2,37237200,May 2026,DESKTOP; IT_HARDWARE,,,,,,,,
Kecamatan Kuta Selatan,Kecamatan Kuta Selatan — Kab. Badung,Kab. Badung,Kecamatan Kuta Selatan,"Bali, Badung (Kab.)",LOCAL_AGENCY,2,59268200,May 2026,DESKTOP; IT_HARDWARE,,,,,,,,
Kecamatan Kuta Utara,Kecamatan Kuta Utara — Kab. Badung,Kab. Badung,Kecamatan Kuta Utara,"Bali, Badung (Kab.)",LOCAL_AGENCY,5,221274100,June 2026; May 2026,DESKTOP; IT_HARDWARE,,,,,,,,
Kecamatan Lakarsantri,Kecamatan Lakarsantri — Kota Surabaya,Kota Surabaya,Kecamatan Lakarsantri,"Jawa Timur, Surabaya (Kota)",LOCAL_AGENCY,1,16816500,June 2026,OFFICE_FURNITURE,,,,,,,,
Kecamatan Lamandau,Kecamatan Lamandau — Kab. Lamandau,Kab. Lamandau,Kecamatan Lamandau,"Kalimantan Tengah, Lamandau (Kab.)",LOCAL_AGENCY,1,12410000,May 2026,IT_HARDWARE; LAPTOP; PRINTER,,,,,,,,
Kecamatan Lamongan,Kecamatan Lamongan — Kab. Lamongan,Kab. Lamongan,Kecamatan Lamongan,"Jawa Timur, Lamongan (Kab.)",LOCAL_AGENCY,5,39746300,May 2026,DESKTOP; IT_HARDWARE,,,,,,,,
Kecamatan Leitimur Selatan,Kecamatan Leitimur Selatan — Kota Ambon,Kota Ambon,Kecamatan Leitimur Selatan,"Maluku, Ambon (Kota)",LOCAL_AGENCY,2,8750000,June 2026,AUDIO; OFFICE_FURNITURE,,,,,,,,
Kecamatan Lembur Situ,Kecamatan Lembur Situ — Kota Sukabumi,Kota Sukabumi,Kecamatan Lembur Situ,"Jawa Barat, Sukabumi (Kota)",LOCAL_AGENCY,2,625000,May 2026,IT_HARDWARE,,,,,,,,
Kecamatan Madapangga,Kecamatan Madapangga — Kab. Bima,Kab. Bima,Kecamatan Madapangga,"Nusa Tenggara Barat, Bima (Kab.)",LOCAL_AGENCY,1,1200000,May 2026,DESKTOP; IT_HARDWARE,,,,,,,,
Kecamatan Maja,Kecamatan Maja — Kab. Lebak,Kab. Lebak,Kecamatan Maja,"Banten, Lebak (Kab.)",LOCAL_AGENCY,2,6700000,June 2026,AUDIO; OFFICE_FURNITURE,,,,,,,,
Kecamatan Majalengka,Kecamatan Majalengka — Kab. Majalengka,Kab. Majalengka,Kecamatan Majalengka,"Jawa Barat, Majalengka (Kab.)",LOCAL_AGENCY,1,30000000,June 2026,DESKTOP,,,,,,,,
Kecamatan Manggis,Kecamatan Manggis — Kab. Karangasem,Kab. Karangasem,Kecamatan Manggis,"Bali, Karang Asem (Kab.)",LOCAL_AGENCY,1,5000000,June 2026,AUDIO,,,,,,,,
Kecamatan Mariso,Kecamatan Mariso — Kota Makassar,Kota Makassar,Kecamatan Mariso,"Sulawesi Selatan, Makassar (Kota)",LOCAL_AGENCY,4,497660800,May 2026,DESKTOP; IT_HARDWARE; NETWORKING; OFFICE_FURNITURE,,,,,,,,
Kecamatan Masalembu,Kecamatan Masalembu — Kab. Sumenep,Kab. Sumenep,Kecamatan Masalembu,"Jawa Timur, Sumenep (Kab.)",LOCAL_AGENCY,3,69076539,May 2026,DESKTOP; IT_HARDWARE,,,,,,,,
Kecamatan Mauk,Kecamatan Mauk — Kab. Tangerang,Kab. Tangerang,Kecamatan Mauk,"Banten, Tangerang (Kab.)",LOCAL_AGENCY,1,95221000,May 2026,DESKTOP,,,,,,,,
Kecamatan Mayong,Kecamatan Mayong — Kab. Jepara,Kab. Jepara,Kecamatan Mayong,"Jawa Tengah, Jepara (Kab.)",LOCAL_AGENCY,1,13154000,June 2026,DESKTOP,,,,,,,,
Kecamatan Medan Labuhan,Kecamatan Medan Labuhan — Kota Medan,Kota Medan,Kecamatan Medan Labuhan,"Sumatera Utara, Medan (Kota)",LOCAL_AGENCY,1,1100000,May 2026,OFFICE_FURNITURE,,,,,,,,
Kecamatan Medan Polonia,Kecamatan Medan Polonia — Kota Medan,Kota Medan,Kecamatan Medan Polonia,"Sumatera Utara, Medan (Kota)",LOCAL_AGENCY,1,3451950,June 2026,IT_HARDWARE,,,,,,,,
Kecamatan Medan Tuntungan,Kecamatan Medan Tuntungan — Kota Medan,Kota Medan,Kecamatan Medan Tuntungan,"Sumatera Utara, Medan (Kota)",LOCAL_AGENCY,2,28400000,May 2026,DESKTOP; IT_HARDWARE,,,,,,,,
Kecamatan Meliau,Kecamatan Meliau — Kab. Sanggau,Kab. Sanggau,Kecamatan Meliau,"Kalimantan Barat, Sanggau (Kab.)",LOCAL_AGENCY,1,452000,June 2026,IT_HARDWARE,,,,,,,,
Kecamatan Mengwi,Kecamatan Mengwi — Kab. Badung,Kab. Badung,Kecamatan Mengwi,"Bali, Badung (Kab.)",LOCAL_AGENCY,7,587148555,June 2026; May 2026,AUDIO; DESKTOP; IT_HARDWARE; OFFICE_FURNITURE,,,,,,,,
Kecamatan Merbau Mataram,Kecamatan Merbau Mataram — Kab. Lampung Selatan,Kab. Lampung Selatan,Kecamatan Merbau Mataram,"Lampung, Lampung Selatan (Kab.)",LOCAL_AGENCY,1,300900,June 2026,IT_HARDWARE,,,,,,,,
Kecamatan Metro Utara,Kecamatan Metro Utara — Kota Metro,Kota Metro,Kecamatan Metro Utara,"Lampung, Metro (Kota)",LOCAL_AGENCY,1,4500000,June 2026,OFFICE_FURNITURE,,,,,,,,
Kecamatan Momunu,Kecamatan Momunu — Kab. Buol,Kab. Buol,Kecamatan Momunu,"Sulawesi Tengah, Buol (Kab.)",LOCAL_AGENCY,2,5164250,June 2026; May 2026,IT_HARDWARE,,,,,,,,
Kecamatan Monta,Kecamatan Monta — Kab. Bima,Kab. Bima,Kecamatan Monta,"Nusa Tenggara Barat, Bima (Kab.)",LOCAL_AGENCY,1,800000,May 2026,OFFICE_FURNITURE,,,,,,,,
Kecamatan Namanteran,Kecamatan Namanteran — Kab. Karo,Kab. Karo,Kecamatan Namanteran,"Sumatera Utara, Karo (Kab.)",LOCAL_AGENCY,2,6436000,June 2026,DESKTOP; IT_HARDWARE,,,,,,,,
Kecamatan Nanga Mahap,Kecamatan Nanga Mahap — Kab. Sekadau,Kab. Sekadau,Kecamatan Nanga Mahap,"Kalimantan Barat, Sekadau (Kab.)",LOCAL_AGENCY,9,6854472,June 2026; May 2026,IT_HARDWARE,,,,,,,,
Kecamatan Nanga Taman,Kecamatan Nanga Taman — Kab. Sekadau,Kab. Sekadau,Kecamatan Nanga Taman,"Kalimantan Barat, Sekadau (Kab.)",LOCAL_AGENCY,1,2331888,May 2026,IT_HARDWARE,,,,,,,,
Kecamatan Nangapanda,Kecamatan Nangapanda — Kab. Ende,Kab. Ende,Kecamatan Nangapanda,"Nusa Tenggara Timur, Ende (Kab.)",LOCAL_AGENCY,1,1250000,June 2026,DESKTOP; IT_HARDWARE,,,,,,,,
Kecamatan Ngancar,Kecamatan Ngancar — Kab. Kediri,Kab. Kediri,Kecamatan Ngancar,"Jawa Timur, Kediri (Kab.)",LOCAL_AGENCY,1,3000000,June 2026,AUDIO,,,,,,,,
Kecamatan Ngaringan,Kecamatan Ngaringan — Kab. Grobogan,Kab. Grobogan,Kecamatan Ngaringan,"Jawa Tengah, Grobogan (Kab.)",LOCAL_AGENCY,1,12865000,May 2026,IT_HARDWARE,,,,,,,,
Kecamatan Ngasem,Kecamatan Ngasem — Kab. Kediri,Kab. Kediri,Kecamatan Ngasem,"Jawa Timur, Kediri (Kab.)",LOCAL_AGENCY,2,384000,June 2026,IT_HARDWARE,,,,,,,,
Kecamatan Nusaniwe,Kecamatan Nusaniwe — Kota Ambon,Kota Ambon,Kecamatan Nusaniwe,"Maluku, Ambon (Kota)",LOCAL_AGENCY,2,11700000,June 2026,AUDIO; OFFICE_FURNITURE,,,,,,,,
Kecamatan Pabean Cantian,Kecamatan Pabean Cantian — Kota Surabaya,Kota Surabaya,Kecamatan Pabean Cantian,"Jawa Timur, Surabaya (Kota)",LOCAL_AGENCY,1,288820090,June 2026,CCTV,,,,,,,,
Kecamatan Paguyaman Pantai,Kecamatan Paguyaman Pantai — Kab. Boalemo,Kab. Boalemo,Kecamatan Paguyaman Pantai,"Gorontalo, Boalemo (Kab.)",LOCAL_AGENCY,2,9264400,May 2026,DESKTOP; IT_HARDWARE,,,,,,,,
Kecamatan Pakal,Kecamatan Pakal — Kota Surabaya,Kota Surabaya,Kecamatan Pakal,"Jawa Timur, Surabaya (Kota)",LOCAL_AGENCY,4,577390621,June 2026,CCTV; OFFICE_FURNITURE,,,,,,,,
Kecamatan Palas,Kecamatan Palas — Kab. Lampung Selatan,Kab. Lampung Selatan,Kecamatan Palas,"Lampung, Lampung Selatan (Kab.)",LOCAL_AGENCY,4,4316000,June 2026,AUDIO; IT_HARDWARE; OFFICE_FURNITURE,,,,,,,,
Kecamatan Paleleh,Kecamatan Paleleh — Kab. Buol,Kab. Buol,Kecamatan Paleleh,"Sulawesi Tengah, Buol (Kab.)",LOCAL_AGENCY,1,2400000,May 2026,NETWORKING,,,,,,,,
Kecamatan Palu Selatan,Kecamatan Palu Selatan — Kota Palu,Kota Palu,Kecamatan Palu Selatan,"Sulawesi Tengah, Palu (Kota)",LOCAL_AGENCY,1,8970000,June 2026,DESKTOP; IT_HARDWARE,,,,,,,,
Kecamatan Pangkalan Banteng,Kecamatan Pangkalan Banteng — Kab. Kotawaringin Barat,Kab. Kotawaringin Barat,Kecamatan Pangkalan Banteng,"Kalimantan Tengah, Kotawaringin Barat (Kab.)",LOCAL_AGENCY,1,1614600,May 2026,PRINTER,,,,,,,,
Kecamatan Panongan,Kecamatan Panongan — Kab. Tangerang,Kab. Tangerang,Kecamatan Panongan,"Banten, Tangerang (Kab.)",LOCAL_AGENCY,8,142526000,May 2026,IT_HARDWARE; OFFICE_FURNITURE,,,,,,,,
Kecamatan Panyileukan,Kecamatan Panyileukan — Kota Bandung,Kota Bandung,Kecamatan Panyileukan,"Jawa Barat, Bandung (Kota)",LOCAL_AGENCY,1,13516300,June 2026,IT_HARDWARE,,,,,,,,
Kecamatan Papar,Kecamatan Papar — Kab. Kediri,Kab. Kediri,Kecamatan Papar,"Jawa Timur, Kediri (Kab.)",LOCAL_AGENCY,1,300000,June 2026,OFFICE_FURNITURE,,,,,,,,
Kecamatan Parakansalak,Kecamatan Parakansalak — Kab. Sukabumi,Kab. Sukabumi,Kecamatan Parakansalak,"Jawa Barat, Sukabumi (Kab.)",LOCAL_AGENCY,1,25000000,May 2026,OFFICE_FURNITURE,,,,,,,,
Kecamatan Parungkuda,Kecamatan Parungkuda — Kab. Sukabumi,Kab. Sukabumi,Kecamatan Parungkuda,"Jawa Barat, Sukabumi (Kab.) | Jawa Barat, Sukabumi (Kab.) | Jawa Barat, Sukabumi (Kab.)",LOCAL_AGENCY,3,39134428,May 2026,IT_HARDWARE; OFFICE_FURNITURE,,,,,,,,
Kecamatan Payangan,Kecamatan Payangan — Kab. Gianyar,Kab. Gianyar,Kecamatan Payangan,"Bali, Gianyar (Kab.)",LOCAL_AGENCY,1,7300000,May 2026,DESKTOP; IT_HARDWARE,,,,,,,,
Kecamatan Pecangaan,Kecamatan Pecangaan — Kab. Jepara,Kab. Jepara,Kecamatan Pecangaan,"Jawa Tengah, Jepara (Kab.)",LOCAL_AGENCY,2,4008000,June 2026; May 2026,OFFICE_FURNITURE,,,,,,,,
Kecamatan Pekalongan Barat,Kecamatan Pekalongan Barat — Kota Pekalongan,Kota Pekalongan,Kecamatan Pekalongan Barat,"Jawa Tengah, Pekalongan (Kota)",LOCAL_AGENCY,1,25241000,May 2026,AUDIO,,,,,,,,
Kecamatan Pekat,Kecamatan Pekat — Kab. Dompu,Kab. Dompu,Kecamatan Pekat,"Nusa Tenggara Barat, Dompu (Kab.)",LOCAL_AGENCY,1,1000000,May 2026,DESKTOP; IT_HARDWARE,,,,,,,,
Kecamatan Penengahan,Kecamatan Penengahan — Kab. Lampung Selatan,Kab. Lampung Selatan,Kecamatan Penengahan,"Lampung, Lampung Selatan (Kab.)",LOCAL_AGENCY,2,12303300,June 2026; May 2026,DESKTOP; IT_HARDWARE,,,,,,,,
Kecamatan Peusangan,Kecamatan Peusangan — Kab. Bireuen,Kab. Bireuen,Kecamatan Peusangan,"Aceh, Bireuen (Kab.)",LOCAL_AGENCY,1,1000000,May 2026,AUDIO,,,,,,,,
Kecamatan Plosoklaten,Kecamatan Plosoklaten — Kab. Kediri,Kab. Kediri,Kecamatan Plosoklaten,"Jawa Timur, Kediri (Kab.)",LOCAL_AGENCY,1,375000,June 2026,OFFICE_FURNITURE,,,,,,,,
Kecamatan Pulau Ende,Kecamatan Pulau Ende — Kab. Ende,Kab. Ende,Kecamatan Pulau Ende,"Nusa Tenggara Timur, Ende (Kab.)",LOCAL_AGENCY,2,5839900,May 2026,IT_HARDWARE; OFFICE_FURNITURE,,,,,,,,
Kecamatan Pulau Laut Tengah,Kecamatan Pulau Laut Tengah — Kab. Kotabaru,Kab. Kotabaru,Kecamatan Pulau Laut Tengah,"Kalimantan Selatan, Kota Baru (Kab.)",LOCAL_AGENCY,1,605000,May 2026,IT_HARDWARE,,,,,,,,
Kecamatan Pulau Tiga Barat,Kecamatan Pulau Tiga Barat — Kab. Natuna,Kab. Natuna,Kecamatan Pulau Tiga Barat,"Kepulauan Riau, Natuna (Kab.)",LOCAL_AGENCY,1,8480000,June 2026,DESKTOP; IT_HARDWARE,,,,,,,,
Kecamatan Pulosari,Kecamatan Pulosari — Kab. Pemalang,Kab. Pemalang,Kecamatan Pulosari,"Jawa Tengah, Pemalang (Kab.)",LOCAL_AGENCY,1,4819000,May 2026,IT_HARDWARE,,,,,,,,
Kecamatan Puncu,Kecamatan Puncu — Kab. Kediri,Kab. Kediri,Kecamatan Puncu,"Jawa Timur, Kediri (Kab.)",LOCAL_AGENCY,1,19000000,May 2026,AUDIO,,,,,,,,
Kecamatan Purwadadi,Kecamatan Purwadadi — Kab. Ciamis,Kab. Ciamis,Kecamatan Purwadadi,"Jawa Barat, Ciamis (Kab.)",LOCAL_AGENCY,2,8017500,June 2026; May 2026,IT_HARDWARE,,,,,,,,
Kecamatan Purwoharjo,Kecamatan Purwoharjo — Kab. Banyuwangi,Kab. Banyuwangi,Kecamatan Purwoharjo,"Jawa Timur, Banyuwangi (Kab.)",LOCAL_AGENCY,1,15680500,May 2026,OFFICE_FURNITURE,,,,,,,,
Kecamatan Rajadesa,Kecamatan Rajadesa — Kab. Ciamis,Kab. Ciamis,Kecamatan Rajadesa,"Jawa Barat, Ciamis (Kab.)",LOCAL_AGENCY,1,11000000,June 2026,OFFICE_FURNITURE,,,,,,,,
Kecamatan Rambang Niru,Kecamatan Rambang Niru — Kab. Muara Enim,Kab. Muara Enim,Kecamatan Rambang Niru,"Sumatera Selatan, Muara Enim (Kab.)",LOCAL_AGENCY,2,102000000,June 2026,DESKTOP; OFFICE_FURNITURE,,,,,,,,
Kecamatan Rancah,Kecamatan Rancah — Kab. Ciamis,Kab. Ciamis,Kecamatan Rancah,"Jawa Barat, Ciamis (Kab.)",LOCAL_AGENCY,2,14000000,May 2026,DESKTOP,,,,,,,,
Kecamatan Randudongkal,Kecamatan Randudongkal — Kab. Pemalang,Kab. Pemalang,Kecamatan Randudongkal,"Jawa Tengah, Pemalang (Kab.)",LOCAL_AGENCY,1,25220000,May 2026,OFFICE_FURNITURE,,,,,,,,
Kecamatan Rappocini,Kecamatan Rappocini — Kota Makassar,Kota Makassar,Kecamatan Rappocini,"Sulawesi Selatan, Makassar (Kota)",LOCAL_AGENCY,1,13530000,June 2026,OFFICE_FURNITURE,,,,,,,,
Kecamatan Rindingallo,Kecamatan Rindingallo — Kab. Toraja Utara,Kab. Toraja Utara,Kecamatan Rindingallo,"Sulawesi Selatan, Toraja utara (Kab.)",LOCAL_AGENCY,1,8280000,May 2026,DESKTOP,,,,,,,,
Kecamatan Rogojampi,Kecamatan Rogojampi — Kab. Banyuwangi,Kab. Banyuwangi,Kecamatan Rogojampi,"Jawa Timur, Banyuwangi (Kab.)",LOCAL_AGENCY,1,2000000,May 2026,DESKTOP; IT_HARDWARE,,,,,,,,
Kecamatan Rumbia,Kecamatan Rumbia — Kab. Bombana,Kab. Bombana,Kecamatan Rumbia,"Sulawesi Tenggara, Bombana (Kab.)",LOCAL_AGENCY,4,80370800,May 2026,AUDIO; DESKTOP; IT_HARDWARE; OFFICE_FURNITURE,,,,,,,,
Kecamatan Rundeng,Kecamatan Rundeng — Kota Subulussalam,Kota Subulussalam,Kecamatan Rundeng,"Aceh, Subulussalam (Kota)",LOCAL_AGENCY,1,16068000,May 2026,DESKTOP,,,,,,,,
Kecamatan Sadananya,Kecamatan Sadananya — Kab. Ciamis,Kab. Ciamis,Kecamatan Sadananya,"Jawa Barat, Ciamis (Kab.)",LOCAL_AGENCY,1,1200000,May 2026,IT_HARDWARE,,,,,,,,
Kecamatan Sape,Kecamatan Sape — Kab. Bima,Kab. Bima,Kecamatan Sape,"Nusa Tenggara Barat, Bima (Kab.)",LOCAL_AGENCY,1,400000,May 2026,PRINTER,,,,,,,,
Kecamatan Sawahan,Kecamatan Sawahan — Kota Surabaya,Kota Surabaya,Kecamatan Sawahan,"Jawa Timur, Surabaya (Kota)",LOCAL_AGENCY,1,15318000,June 2026,PRINTER,,,,,,,,
Kecamatan Sekadau Hilir,Kecamatan Sekadau Hilir — Kab. Sekadau,Kab. Sekadau,Kecamatan Sekadau Hilir,"Kalimantan Barat, Sekadau (Kab.)",LOCAL_AGENCY,2,2331888,June 2026; May 2026,IT_HARDWARE,,,,,,,,
Kecamatan Sekadau Hulu,Kecamatan Sekadau Hulu — Kab. Sekadau,Kab. Sekadau,Kecamatan Sekadau Hulu,"Kalimantan Barat, Sekadau (Kab.)",LOCAL_AGENCY,4,2097900,June 2026; May 2026,IT_HARDWARE,,,,,,,,
Kecamatan Sekaran,Kecamatan Sekaran — Kab. Lamongan,Kab. Lamongan,Kecamatan Sekaran,"Jawa Timur, Lamongan (Kab.)",LOCAL_AGENCY,3,21959600,June 2026; May 2026,DESKTOP; OFFICE_FURNITURE,,,,,,,,
Kecamatan Semende Darat Laut,Kecamatan Semende Darat Laut — Kab. Muara Enim,Kab. Muara Enim,Kecamatan Semende Darat Laut,"Sumatera Selatan, Muara Enim (Kab.)",LOCAL_AGENCY,1,4380000,May 2026,DESKTOP; IT_HARDWARE,,,,,,,,
Kecamatan Semende Darat Tengah,Kecamatan Semende Darat Tengah — Kab. Muara Enim,Kab. Muara Enim,Kecamatan Semende Darat Tengah,"Sumatera Selatan, Muara Enim (Kab.)",LOCAL_AGENCY,1,4140000,May 2026,DESKTOP; IT_HARDWARE,,,,,,,,
Kecamatan Sepatan,Kecamatan Sepatan — Kab. Tangerang,Kab. Tangerang,Kecamatan Sepatan,"Banten, Tangerang (Kab.)",LOCAL_AGENCY,3,38058000,June 2026; May 2026,AUDIO; DESKTOP; IT_HARDWARE; OFFICE_FURNITURE,,,,,,,,
Kecamatan Sidomukti,Kecamatan Sidomukti — Kota Salatiga,Kota Salatiga,Kecamatan Sidomukti,"Jawa Tengah, Salatiga (Kota)",LOCAL_AGENCY,2,6530000,May 2026,AUDIO; OFFICE_FURNITURE,,,,,,,,
Kecamatan Simokerto,Kecamatan Simokerto — Kota Surabaya,Kota Surabaya,Kecamatan Simokerto,"Jawa Timur, Surabaya (Kota)",LOCAL_AGENCY,2,525108894,June 2026; May 2026,CCTV; PRINTER,,,,,,,,
Kecamatan Sindangkasih,Kecamatan Sindangkasih — Kab. Ciamis,Kab. Ciamis,Kecamatan Sindangkasih,"Jawa Barat, Ciamis (Kab.)",LOCAL_AGENCY,2,950000,June 2026; May 2026,IT_HARDWARE,,,,,,,,
Kecamatan Singojuruh,Kecamatan Singojuruh — Kab. Banyuwangi,Kab. Banyuwangi,Kecamatan Singojuruh,"Jawa Timur, Banyuwangi (Kab.)",LOCAL_AGENCY,1,2000000,June 2026,IT_HARDWARE,,,,,,,,
Kecamatan Solokuro,Kecamatan Solokuro — Kab. Lamongan,Kab. Lamongan,Kecamatan Solokuro,"Jawa Timur, Lamongan (Kab.)",LOCAL_AGENCY,2,22044000,June 2026,DESKTOP; IT_HARDWARE,,,,,,,,
Kecamatan Sragi,Kecamatan Sragi — Kab. Pekalongan,Kab. Pekalongan,Kecamatan Sragi,"Jawa Tengah, Pekalongan (Kab.)",LOCAL_AGENCY,1,20630000,June 2026,AUDIO,,,,,,,,
Kecamatan Sukadana,Kecamatan Sukadana — Kab. Ciamis,Kab. Ciamis,Kecamatan Sukadana,"Jawa Barat, Ciamis (Kab.)",LOCAL_AGENCY,1,220000,May 2026,IT_HARDWARE,,,,,,,,
Kecamatan Sukadiri,Kecamatan Sukadiri — Kab. Tangerang,Kab. Tangerang,Kecamatan Sukadiri,"Banten, Tangerang (Kab.)",LOCAL_AGENCY,1,6270000,June 2026,IT_HARDWARE,,,,,,,,
Kecamatan Sukahening,Kecamatan Sukahening — Kab. Tasikmalaya,Kab. Tasikmalaya,Kecamatan Sukahening,"Jawa Barat, Tasikmalaya (Kab.)",LOCAL_AGENCY,1,2000000,May 2026,AUDIO,,,,,,,,
Kecamatan Sukajadi,Kecamatan Sukajadi — Kota Bandung,Kota Bandung,Kecamatan Sukajadi,"Jawa Barat, Bandung (Kota)",LOCAL_AGENCY,6,189130517,June 2026; May 2026,AUDIO; CCTV; IT_HARDWARE; OFFICE_FURNITURE; PRINTER,,,,,,,,
Kecamatan Sukamulya,Kecamatan Sukamulya — Kab. Tangerang,Kab. Tangerang,Kecamatan Sukamulya,"Banten, Tangerang (Kab.)",LOCAL_AGENCY,1,15374000,May 2026,DESKTOP,,,,,,,,
Kecamatan Sukaraja,Kecamatan Sukaraja — Kab. Sukabumi,Kab. Sukabumi,Kecamatan Sukaraja,"Jawa Barat, Sukabumi (Kab.)",LOCAL_AGENCY,1,2500000,June 2026,OFFICE_FURNITURE,,,,,,,,
Kecamatan Sukatani,Kecamatan Sukatani — Kab. Purwakarta,Kab. Purwakarta,Kecamatan Sukatani,"Jawa Barat, Purwakarta (Kab.)",LOCAL_AGENCY,1,1515000,June 2026,IT_HARDWARE,,,,,,,,
Kecamatan Sukolilo,Kecamatan Sukolilo — Kota Surabaya,Kota Surabaya,Kecamatan Sukolilo,"Jawa Timur, Surabaya (Kota)",LOCAL_AGENCY,6,1383341151,June 2026,AUDIO; CCTV,,,,,,,,
Kecamatan Sukomanunggal,Kecamatan Sukomanunggal — Kota Surabaya,Kota Surabaya,Kecamatan Sukomanunggal,"Jawa Timur, Surabaya (Kota)",LOCAL_AGENCY,5,554685647,June 2026; May 2026,CCTV; DESKTOP; IT_HARDWARE; LAPTOP; OFFICE_FURNITURE,,,,,,,,
Kecamatan Sukosewu,Kecamatan Sukosewu — Kab. Bojonegoro,Kab. Bojonegoro,Kecamatan Sukosewu,"Jawa Timur, Bojonegoro (Kab.)",LOCAL_AGENCY,3,12460000,June 2026; May 2026,AUDIO; DESKTOP; IT_HARDWARE,,,,,,,,
Kecamatan Sumedang Selatan,Kecamatan Sumedang Selatan — Kab. Sumedang,Kab. Sumedang,Kecamatan Sumedang Selatan,"Jawa Barat, Sumedang (Kab.)",LOCAL_AGENCY,1,10170000,May 2026,OFFICE_FURNITURE,,,,,,,,
Kecamatan Surian,Kecamatan Surian — Kab. Sumedang,Kab. Sumedang,Kecamatan Surian,"Jawa Barat, Sumedang (Kab.)",LOCAL_AGENCY,1,16223900,June 2026,DESKTOP,,,,,,,,
Kecamatan Tambaksari,Kecamatan Tambaksari — Kota Surabaya,Kota Surabaya,Kecamatan Tambaksari,"Jawa Timur, Surabaya (Kota)",LOCAL_AGENCY,3,71139345,May 2026,OFFICE_FURNITURE; PRINTER,,,,,,,,
Kecamatan Tana Lia,Kecamatan Tana Lia — Kab. Tana Tidung,Kab. Tana Tidung,Kecamatan Tana Lia,"Kalimantan Utara, Tana Tidung (Kab.)",LOCAL_AGENCY,2,2840000,June 2026,DESKTOP; IT_HARDWARE,,,,,,,,
Kecamatan Tarokan,Kecamatan Tarokan — Kab. Kediri,Kab. Kediri,Kecamatan Tarokan,"Jawa Timur, Kediri (Kab.)",LOCAL_AGENCY,2,10890000,May 2026,DESKTOP; OFFICE_FURNITURE,,,,,,,,
Kecamatan Tarub,Kecamatan Tarub — Kab. Tegal,Kab. Tegal,Kecamatan Tarub,"Jawa Tengah, Tegal (Kab.)",LOCAL_AGENCY,1,640000,May 2026,OFFICE_FURNITURE,,,,,,,,
Kecamatan Tatah Makmur,Kecamatan Tatah Makmur — Kab. Banjar,Kab. Banjar,Kecamatan Tatah Makmur,"Kalimantan Selatan, Banjar (Kab.)",LOCAL_AGENCY,1,20000000,May 2026,DESKTOP,,,,,,,,
Kecamatan Tawangharjo,Kecamatan Tawangharjo — Kab. Grobogan,Kab. Grobogan,Kecamatan Tawangharjo,"Jawa Tengah, Grobogan (Kab.)",LOCAL_AGENCY,1,600000,June 2026,OFFICE_FURNITURE,,,,,,,,
Kecamatan Tegalsari,Kecamatan Tegalsari — Kota Surabaya,Kota Surabaya,Kecamatan Tegalsari,"Jawa Timur, Surabaya (Kota)",LOCAL_AGENCY,1,8564760,May 2026,AUDIO,,,,,,,,
Kecamatan Tembuku,Kecamatan Tembuku — Kab. Bangli,Kab. Bangli,Kecamatan Tembuku,"Bali, Bangli (Kab.)",LOCAL_AGENCY,1,19625900,May 2026,OFFICE_FURNITURE,,,,,,,,
Kecamatan Tiganderket,Kecamatan Tiganderket — Kab. Karo,Kab. Karo,Kecamatan Tiganderket,"Sumatera Utara, Karo (Kab.)",LOCAL_AGENCY,1,5720000,June 2026,DESKTOP; IT_HARDWARE,,,,,,,,
Kecamatan Tigaraksa,Kecamatan Tigaraksa — Kab. Tangerang,Kab. Tangerang,Kecamatan Tigaraksa,"Banten, Tangerang (Kab.) | Banten, Tangerang (Kab.) | Banten, Tangerang (Kab.) | Banten, Tangerang (Kab.)",LOCAL_AGENCY,3,63006000,May 2026,DESKTOP; IT_HARDWARE,,,,,,,,
Kecamatan Tiloan,Kecamatan Tiloan — Kab. Buol,Kab. Buol,Kecamatan Tiloan,"Sulawesi Tengah, Buol (Kab.)",LOCAL_AGENCY,1,1861000,May 2026,IT_HARDWARE,,,,,,,,
Kecamatan Tirto,Kecamatan Tirto — Kab. Pekalongan,Kab. Pekalongan,Kecamatan Tirto,"Jawa Tengah, Pekalongan (Kab.)",LOCAL_AGENCY,2,27628500,June 2026,OFFICE_FURNITURE,,,,,,,,
Kecamatan Tobelo,Kecamatan Tobelo — Kab. Halmahera Utara,Kab. Halmahera Utara,Kecamatan Tobelo,"Maluku Utara, Halmahera Utara (Kab.)",LOCAL_AGENCY,1,19889000,June 2026,DESKTOP,,,,,,,,
Kecamatan Toili Barat,Kecamatan Toili Barat — Kab. Banggai,Kab. Banggai,Kecamatan Toili Barat,"Sulawesi Tengah, Banggai (Kab.)",LOCAL_AGENCY,1,38230000,May 2026,DESKTOP; IT_HARDWARE; PRINTER,,,,,,,,
Kecamatan Toili Jaya,Kecamatan Toili Jaya — Kab. Banggai,Kab. Banggai,Kecamatan Toili Jaya,"Sulawesi Tengah, Banggai (Kab.)",LOCAL_AGENCY,2,1196000,June 2026,IT_HARDWARE; PRINTER,,,,,,,,
Kecamatan Toma,Kecamatan Toma — Kab. Nias Selatan,Kab. Nias Selatan,Kecamatan Toma,"Sumatera Utara, Nias Selatan (Kab.)",LOCAL_AGENCY,1,6728931,May 2026,IT_HARDWARE,,,,,,,,
Kecamatan Trumon Tengah,Kecamatan Trumon Tengah — Kab. Aceh Selatan,Kab. Aceh Selatan,Kecamatan Trumon Tengah,"Aceh, Aceh Selatan (Kab.)",LOCAL_AGENCY,1,12000000,May 2026,LAPTOP,,,,,,,,
Kecamatan Ujung Tanah,Kecamatan Ujung Tanah — Kota Makassar,Kota Makassar,Kecamatan Ujung Tanah,"Sulawesi Selatan, Makassar (Kota)",LOCAL_AGENCY,1,510532800,May 2026,DESKTOP,,,,,,,,
Kecamatan Ujungberung,Kecamatan Ujungberung — Kota Bandung,Kota Bandung,Kecamatan Ujungberung,"Jawa Barat, Bandung (Kota)",LOCAL_AGENCY,4,146870649,June 2026; May 2026,CCTV; LAPTOP,,,,,,,,
Kecamatan Ulee Kareng,Kecamatan Ulee Kareng — Kota Banda Aceh,Kota Banda Aceh,Kecamatan Ulee Kareng,"Aceh, Banda Aceh (Kota)",LOCAL_AGENCY,1,1123500,May 2026,IT_HARDWARE,,,,,,,,
Kecamatan Wado,Kecamatan Wado — Kab. Sumedang,Kab. Sumedang,Kecamatan Wado,"Jawa Barat, Sumedang (Kab.)",LOCAL_AGENCY,1,12003000,June 2026,OFFICE_FURNITURE,,,,,,,,
Kecamatan Wajo,Kecamatan Wajo — Kota Makassar,Kota Makassar,Kecamatan Wajo,"Sulawesi Selatan, Makassar (Kota)",LOCAL_AGENCY,8,2630250600,June 2026; May 2026,DESKTOP; IT_HARDWARE; OFFICE_FURNITURE,,,,,,,,
Kecamatan Wanadadi,Kecamatan Wanadadi — Kab. Banjarnegara,Kab. Banjarnegara,Kecamatan Wanadadi,"Jawa Tengah, Banjarnegara (Kab.)",LOCAL_AGENCY,1,3650000,May 2026,DESKTOP; IT_HARDWARE,,,,,,,,
Kecamatan Waru,Kecamatan Waru — Kab. Sidoarjo,Kab. Sidoarjo,Kecamatan Waru,"Jawa Timur, Sidoarjo (Kab.)",LOCAL_AGENCY,1,99750000,June 2026,OFFICE_FURNITURE,,,,,,,,
Kecamatan Warungkiara,Kecamatan Warungkiara — Kab. Sukabumi,Kab. Sukabumi,Kecamatan Warungkiara,"Jawa Barat, Sukabumi (Kab.)",LOCAL_AGENCY,3,113537000,May 2026,OFFICE_FURNITURE,,,,,,,,
Kecamatan Warungpring,Kecamatan Warungpring — Kab. Pemalang,Kab. Pemalang,Kecamatan Warungpring,"Jawa Tengah, Pemalang (Kab.)",LOCAL_AGENCY,1,34182000,May 2026,OFFICE_FURNITURE,,,,,,,,
Kecamatan Wates,Kecamatan Wates — Kab. Kediri,Kab. Kediri,Kecamatan Wates,"Jawa Timur, Kediri (Kab.)",LOCAL_AGENCY,4,21687000,June 2026; May 2026,AUDIO; DESKTOP; OFFICE_FURNITURE; PRINTER,,,,,,,,
Kecamatan Way Bungur,Kecamatan Way Bungur — Kab. Lampung Timur,Kab. Lampung Timur,Kecamatan Way Bungur,"Lampung, Lampung Timur (Kab.)",LOCAL_AGENCY,1,9435000,June 2026,DESKTOP,,,,,,,,
Kecamatan Welahan,Kecamatan Welahan — Kab. Jepara,Kab. Jepara,Kecamatan Welahan,"Jawa Tengah, Jepara (Kab.)",LOCAL_AGENCY,1,4636000,June 2026,OFFICE_FURNITURE,,,,,,,,
Kecamatan Wita Ponda,Kecamatan Wita Ponda — Kab. Morowali,Kab. Morowali,Kecamatan Wita Ponda,"Sulawesi Tengah, Morowali (Kab.)",LOCAL_AGENCY,1,289309350,May 2026,OFFICE_FURNITURE,,,,,,,,
Kecamatan Wolowaru,Kecamatan Wolowaru — Kab. Ende,Kab. Ende,Kecamatan Wolowaru,"Nusa Tenggara Timur, Ende (Kab.)",LOCAL_AGENCY,1,490160,May 2026,IT_HARDWARE,,,,,,,,
Kecamatan Wonosobo,Kecamatan Wonosobo — Kab. Wonosobo,Kab. Wonosobo,Kecamatan Wonosobo,"Jawa Tengah, Wonosobo (Kab.)",LOCAL_AGENCY,1,231000,June 2026,IT_HARDWARE,,,,,,,,
Kelurahan Air Putih Lama,Kelurahan Air Putih Lama — Kab. Rejang Lebong,Kab. Rejang Lebong,Kelurahan Air Putih Lama,"Bengkulu, Rejang Lebong (Kab.)",LOCAL_AGENCY,1,210100,May 2026,IT_HARDWARE,,,,,,,,
Kelurahan Arjosari,Kelurahan Arjosari — Kota Malang,Kota Malang,Kelurahan Arjosari,"Jawa Timur, Malang (Kota)",LOCAL_AGENCY,1,249000000,May 2026,OFFICE_FURNITURE,,,,,,,,
Kelurahan Baamang Hulu,Kelurahan Baamang Hulu — Kab. Kotawaringin Timur,Kab. Kotawaringin Timur,Kelurahan Baamang Hulu,"Kalimantan Tengah, Kotawaringin Timur (Kab.)",LOCAL_AGENCY,1,217800,June 2026,IT_HARDWARE,,,,,,,,
Kelurahan Bagan Deli,Kelurahan Bagan Deli — Kota Medan,Kota Medan,Kelurahan Bagan Deli,"Sumatera Utara, Medan (Kota) | Sumatera Utara, Medan (Kota) | Sumatera Utara, Medan (Kota)",LOCAL_AGENCY,1,24646724,May 2026,IT_HARDWARE,,,,,,,,
Kelurahan Banjarmendalan,Kelurahan Banjarmendalan — Kab. Lamongan,Kab. Lamongan,Kelurahan Banjarmendalan,"Jawa Timur, Lamongan (Kab.)",LOCAL_AGENCY,1,5726200,May 2026,OFFICE_FURNITURE,,,,,,,,
Kelurahan Beji,Kelurahan Beji — Kab. Pemalang,Kab. Pemalang,Kelurahan Beji,"Jawa Tengah, Pemalang (Kab.)",LOCAL_AGENCY,1,10000000,June 2026,CCTV,,,,,,,,
Kelurahan Belitung Selatan,Kelurahan Belitung Selatan — Kota Banjarmasin,Kota Banjarmasin,Kelurahan Belitung Selatan,"Kalimantan Selatan, Banjarmasin (Kota)",LOCAL_AGENCY,1,1380000,June 2026,DESKTOP; IT_HARDWARE,,,,,,,,
Kelurahan Belitung Utara,Kelurahan Belitung Utara — Kota Banjarmasin,Kota Banjarmasin,Kelurahan Belitung Utara,"Kalimantan Selatan, Banjarmasin (Kota)",LOCAL_AGENCY,2,1420000,May 2026,DESKTOP; IT_HARDWARE,,,,,,,,
Kelurahan Besar,Kelurahan Besar — Kota Medan,Kota Medan,Kelurahan Besar,"Sumatera Utara, Medan (Kota)",LOCAL_AGENCY,1,979676,May 2026,IT_HARDWARE,,,,,,,,
Kelurahan Bontang Baru,Kelurahan Bontang Baru — Kota Bontang,Kota Bontang,Kelurahan Bontang Baru,"Kalimantan Timur, Bontang (Kota)",LOCAL_AGENCY,1,200000000,June 2026,DESKTOP,,,,,,,,
Kelurahan Bontang Kuala,Kelurahan Bontang Kuala — Kota Bontang,Kota Bontang,Kelurahan Bontang Kuala,"Kalimantan Timur, Bontang (Kota)",LOCAL_AGENCY,2,200780000,May 2026,DESKTOP; IT_HARDWARE; OFFICE_FURNITURE,,,,,,,,
Kelurahan Bontang Lestari,Kelurahan Bontang Lestari — Kota Bontang,Kota Bontang,Kelurahan Bontang Lestari,"Kalimantan Timur, Bontang (Kota)",LOCAL_AGENCY,1,5520000,June 2026,DESKTOP; IT_HARDWARE,,,,,,,,
Kelurahan Bugis,Kelurahan Bugis — Kab. Sumbawa,Kab. Sumbawa,Kelurahan Bugis,"Nusa Tenggara Barat, Sumbawa (Kab.)",LOCAL_AGENCY,3,44470000,June 2026,DESKTOP; IT_HARDWARE; OFFICE_FURNITURE,,,,,,,,
Kelurahan Cemengkalang,Kelurahan Cemengkalang — Kab. Sidoarjo,Kab. Sidoarjo,Kelurahan Cemengkalang,"Jawa Timur, Sidoarjo (Kab.)",LOCAL_AGENCY,3,13000000,May 2026,CCTV; IT_HARDWARE; PRINTER,,,,,,,,
Kelurahan Cemorokandang,Kelurahan Cemorokandang — Kota Malang,Kota Malang,Kelurahan Cemorokandang,"Jawa Timur, Malang (Kota) | Jawa Timur, Malang (Kota) | Jawa Timur, Malang (Kota) | Jawa Timur, Malang (Kota) | Jawa Timur, Malang (Kota) | Jawa Timur, Malang (Kota) | Jawa Timur, Malang (Kota) | Jawa Timur, Malang (Kota) | Jawa Timur, Malang (Kota)",LOCAL_AGENCY,3,301500000,May 2026,OFFICE_FURNITURE,,,,,,,,
Kelurahan Dandangan,Kelurahan Dandangan — Kota Kediri,Kota Kediri,Kelurahan Dandangan,"Jawa Timur, Kediri (Kota)",LOCAL_AGENCY,1,4275680,May 2026,IT_HARDWARE,,,,,,,,
Kelurahan Danga,Kelurahan Danga — Kab. Nagekeo,Kab. Nagekeo,Kelurahan Danga,"Nusa Tenggara Timur, Nagekeo (Kab.)",LOCAL_AGENCY,2,13291500,May 2026,DESKTOP; IT_HARDWARE,,,,,,,,
Kelurahan Degayu,Kelurahan Degayu — Kota Pekalongan,Kota Pekalongan,Kelurahan Degayu,"Jawa Tengah, Pekalongan (Kota) | Jawa Tengah, Pekalongan (Kota)",LOCAL_AGENCY,1,19515000,May 2026,IT_HARDWARE,,,,,,,,
Kelurahan Dusun Bangko,Kelurahan Dusun Bangko — Kab. Merangin,Kab. Merangin,Kelurahan Dusun Bangko,"Jambi, Merangin (Kab.)",LOCAL_AGENCY,1,4398000,May 2026,IT_HARDWARE,,,,,,,,
Kelurahan Gadingkasri,Kelurahan Gadingkasri — Kota Malang,Kota Malang,Kelurahan Gadingkasri,"Jawa Timur, Malang (Kota)",LOCAL_AGENCY,23,708000000,June 2026,OFFICE_FURNITURE,,,,,,,,
Kelurahan Gamer,Kelurahan Gamer — Kota Pekalongan,Kota Pekalongan,Kelurahan Gamer,"Jawa Tengah, Pekalongan (Kota)",LOCAL_AGENCY,1,20000000,May 2026,IT_HARDWARE; PRINTER,,,,,,,,
Kelurahan Gebang,Kelurahan Gebang — Kab. Sidoarjo,Kab. Sidoarjo,Kelurahan Gebang,"Jawa Timur, Sidoarjo (Kab.)",LOCAL_AGENCY,1,18136512,June 2026,OFFICE_FURNITURE,,,,,,,,
Kelurahan Gelangan,Kelurahan Gelangan — Kota Magelang,Kota Magelang,Kelurahan Gelangan,"Jawa Tengah, Magelang (Kota)",LOCAL_AGENCY,2,5383200,June 2026; May 2026,AUDIO; NETWORKING,,,,,,,,
Kelurahan Guntung,Kelurahan Guntung — Kota Bontang,Kota Bontang,Kelurahan Guntung,"Kalimantan Timur, Bontang (Kota)",LOCAL_AGENCY,1,2190000,May 2026,DESKTOP; IT_HARDWARE,,,,,,,,
Kelurahan Gunung Elai,Kelurahan Gunung Elai — Kota Bontang,Kota Bontang,Kelurahan Gunung Elai,"Kalimantan Timur, Bontang (Kota)",LOCAL_AGENCY,1,1350000000,June 2026,OFFICE_FURNITURE,,,,,,,,
Kelurahan Gunung Telihan,Kelurahan Gunung Telihan — Kota Bontang,Kota Bontang,Kelurahan Gunung Telihan,"Kalimantan Timur, Bontang (Kota)",LOCAL_AGENCY,1,5840000,May 2026,DESKTOP; IT_HARDWARE,,,,,,,,
Kelurahan Jawa,Kelurahan Jawa — Kab. Banjar,Kab. Banjar,Kelurahan Jawa,"Kalimantan Selatan, Banjar (Kab.)",LOCAL_AGENCY,5,77752000,June 2026; May 2026,DESKTOP; OFFICE_FURNITURE,,,,,,,,
Kelurahan Jetak,Kelurahan Jetak — Kab. Bojonegoro,Kab. Bojonegoro,Kelurahan Jetak,"Jawa Timur, Bojonegoro (Kab.)",LOCAL_AGENCY,2,42010800,May 2026,DESKTOP,,,,,,,,
Kelurahan Jingah,Kelurahan Jingah — Kab. Barito Utara,Kab. Barito Utara,Kelurahan Jingah,"Kalimantan Tengah, Barito Utara (Kab.)",LOCAL_AGENCY,1,25000000,June 2026,OFFICE_FURNITURE,,,,,,,,
Kelurahan Jua-jua,Kelurahan Jua-jua — Kab. Ogan Komering Ilir,Kab. Ogan Komering Ilir,Kelurahan Jua-jua,"Sumatera Selatan, Ogan Komering Ilir (Kab.)",LOCAL_AGENCY,1,6150000,May 2026,IT_HARDWARE,,,,,,,,
Kelurahan Jungcangcang,Kelurahan Jungcangcang — Kab. Pamekasan,Kab. Pamekasan,Kelurahan Jungcangcang,"Jawa Timur, Pamekasan (Kab.)",LOCAL_AGENCY,2,6970822,May 2026,DESKTOP; IT_HARDWARE,,,,,,,,
Kelurahan Jurangombo Selatan,Kelurahan Jurangombo Selatan — Kota Magelang,Kota Magelang,Kelurahan Jurangombo Selatan,"Jawa Tengah, Magelang (Kota)",LOCAL_AGENCY,1,15000000,May 2026,DESKTOP,,,,,,,,
Kelurahan Kampung Mandar,Kelurahan Kampung Mandar — Kab. Banyuwangi,Kab. Banyuwangi,Kelurahan Kampung Mandar,"Jawa Timur, Banyuwangi (Kab.)",LOCAL_AGENCY,2,37321600,May 2026,OFFICE_FURNITURE; PRINTER,,,,,,,,
Kelurahan Kampung Melayu,Kelurahan Kampung Melayu — Kab. Banyuwangi,Kab. Banyuwangi,Kelurahan Kampung Melayu,"Jawa Timur, Banyuwangi (Kab.)",LOCAL_AGENCY,2,23480300,June 2026; May 2026,LAPTOP; PRINTER,,,,,,,,
Kelurahan Kanaan,Kelurahan Kanaan — Kota Bontang,Kota Bontang,Kelurahan Kanaan,"Kalimantan Timur, Bontang (Kota)",LOCAL_AGENCY,1,1913670,May 2026,IT_HARDWARE,,,,,,,,
Kelurahan Karangrejo,Kelurahan Karangrejo — Kab. Banyuwangi,Kab. Banyuwangi,Kelurahan Karangrejo,"Jawa Timur, Banyuwangi (Kab.)",LOCAL_AGENCY,1,12550000,May 2026,AUDIO,,,,,,,,
Kelurahan Kauman,Kelurahan Kauman — Kota Malang,Kota Malang,Kelurahan Kauman,"Jawa Timur, Malang (Kota) | Jawa Timur, Malang (Kota) | Jawa Timur, Malang (Kota) | Jawa Timur, Malang (Kota) | Jawa Timur, Malang (Kota) | Jawa Timur, Malang (Kota) | Jawa Timur, Malang (Kota) | Jawa Timur, Malang (Kota) | Jawa Timur, Malang (Kota) | Jawa Timur, Malang (Kota) | Jawa Timur, Malang (Kota) | Jawa Timur, Malang (Kota) | Jawa Timur, Malang (Kota)",LOCAL_AGENCY,1,400750000,May 2026,OFFICE_FURNITURE,,,,,,,,
Kelurahan Kayubulan,Kelurahan Kayubulan — Kab. Gorontalo,Kab. Gorontalo,Kelurahan Kayubulan,"Gorontalo, Gorontalo (Kab.)",LOCAL_AGENCY,1,1638000,May 2026,IT_HARDWARE,,,,,,,,
Kelurahan Kebondalem,Kelurahan Kebondalem — Kab. Pemalang,Kab. Pemalang,Kelurahan Kebondalem,"Jawa Tengah, Pemalang (Kab.)",LOCAL_AGENCY,2,78056000,May 2026,DESKTOP; LAPTOP,,,,,,,,
Kelurahan Kebun Bunga,Kelurahan Kebun Bunga — Kota Banjarmasin,Kota Banjarmasin,Kelurahan Kebun Bunga,"Kalimantan Selatan, Banjarmasin (Kota)",LOCAL_AGENCY,1,1380000,June 2026,DESKTOP; IT_HARDWARE,,,,,,,,
Kelurahan Kebun Keling Kota Bengkulu,Kelurahan Kebun Keling Kota Bengkulu — Kota Bengkulu,Kota Bengkulu,Kelurahan Kebun Keling Kota Bengkulu,"Bengkulu, Bengkulu (Kota)",LOCAL_AGENCY,1,1380000,May 2026,DESKTOP; IT_HARDWARE,,,,,,,,
Kelurahan Kelayan Tengah,Kelurahan Kelayan Tengah — Kota Banjarmasin,Kota Banjarmasin,Kelurahan Kelayan Tengah,"Kalimantan Selatan, Banjarmasin (Kota)",LOCAL_AGENCY,1,1380000,June 2026,DESKTOP; IT_HARDWARE; PRINTER,,,,,,,,
Kelurahan Kelayan Timur,Kelurahan Kelayan Timur — Kota Banjarmasin,Kota Banjarmasin,Kelurahan Kelayan Timur,"Kalimantan Selatan, Banjarmasin (Kota)",LOCAL_AGENCY,1,2190000,May 2026,DESKTOP; IT_HARDWARE,,,,,,,,
Kelurahan Kemirirejo,Kelurahan Kemirirejo — Kota Magelang,Kota Magelang,Kelurahan Kemirirejo,"Jawa Tengah, Magelang (Kota)",LOCAL_AGENCY,6,168666100,June 2026,AUDIO; CCTV; LAPTOP; OFFICE_FURNITURE; PRINTER; SCANNER,,,,,,,,
Kelurahan Kemumu,Kelurahan Kemumu — Kab. Bengkulu Utara,Kab. Bengkulu Utara,Kelurahan Kemumu,"Bengkulu, Bengkulu Utara (Kab.)",LOCAL_AGENCY,2,5321000,May 2026,IT_HARDWARE; NETWORKING,,,,,,,,
Kelurahan Kepanjenlor,Kelurahan Kepanjenlor — Kota Blitar,Kota Blitar,Kelurahan Kepanjenlor,"Jawa Timur, Blitar (Kota)",LOCAL_AGENCY,1,10890500,May 2026,AUDIO,,,,,,,,
Kelurahan Kertosari,Kelurahan Kertosari — Kab. Banyuwangi,Kab. Banyuwangi,Kelurahan Kertosari,"Jawa Timur, Banyuwangi (Kab.)",LOCAL_AGENCY,1,29640000,May 2026,LAPTOP; PRINTER,,,,,,,,
Kelurahan Klego,Kelurahan Klego — Kota Pekalongan,Kota Pekalongan,Kelurahan Klego,"Jawa Tengah, Pekalongan (Kota)",LOCAL_AGENCY,1,19515000,May 2026,PRINTER,,,,,,,,
Kelurahan Kota Ratu,Kelurahan Kota Ratu — Kab. Ende,Kab. Ende,Kelurahan Kota Ratu,"Nusa Tenggara Timur, Ende (Kab.)",LOCAL_AGENCY,2,2073585,June 2026,DESKTOP; IT_HARDWARE,,,,,,,,
Kelurahan Koto Panjang Padang,Kelurahan Koto Panjang Padang — Kota Payakumbuh,Kota Payakumbuh,Kelurahan Koto Panjang Padang,"Sumatera Barat, Payakumbuh (Kota)",LOCAL_AGENCY,1,17445900,June 2026,DESKTOP,,,,,,,,
Kelurahan Kuin Cerucuk,Kelurahan Kuin Cerucuk — Kota Banjarmasin,Kota Banjarmasin,Kelurahan Kuin Cerucuk,"Kalimantan Selatan, Banjarmasin (Kota)",LOCAL_AGENCY,1,1380000,May 2026,DESKTOP; IT_HARDWARE,,,,,,,,
Kelurahan Kuin Selatan,Kelurahan Kuin Selatan — Kota Banjarmasin,Kota Banjarmasin,Kelurahan Kuin Selatan,"Kalimantan Selatan, Banjarmasin (Kota)",LOCAL_AGENCY,1,690000,May 2026,DESKTOP; IT_HARDWARE,,,,,,,,
Kelurahan Kuripan Kertoharjo,Kelurahan Kuripan Kertoharjo — Kota Pekalongan,Kota Pekalongan,Kelurahan Kuripan Kertoharjo,"Jawa Tengah, Pekalongan (Kota) | Jawa Tengah, Pekalongan (Kota)",LOCAL_AGENCY,1,19515000,May 2026,PRINTER,,,,,,,,
Kelurahan Kuripan,Kelurahan Kuripan — Kota Banjarmasin,Kota Banjarmasin,Kelurahan Kuripan,"Kalimantan Selatan, Banjarmasin (Kota)",LOCAL_AGENCY,1,2254000,June 2026,IT_HARDWARE,,,,,,,,
Kelurahan Lateng,Kelurahan Lateng — Kab. Banyuwangi,Kab. Banyuwangi,Kelurahan Lateng,"Jawa Timur, Banyuwangi (Kab.)",LOCAL_AGENCY,2,60000000,June 2026,LAPTOP; OFFICE_FURNITURE,,,,,,,,
Kelurahan Loa Tebu,Kelurahan Loa Tebu — Kab. Kutai Kartanegara,Kab. Kutai Kartanegara,Kelurahan Loa Tebu,"Kalimantan Timur, Kutai Kartanegara (Kab.)",LOCAL_AGENCY,2,4260000,May 2026,DESKTOP; IT_HARDWARE,,,,,,,,
Kelurahan Maahas,Kelurahan Maahas — Kab. Banggai,Kab. Banggai,Kelurahan Maahas,"Sulawesi Tengah, Banggai (Kab.)",LOCAL_AGENCY,1,2500000,May 2026,IT_HARDWARE; PRINTER,,,,,,,,
Kelurahan Manurunge,Kelurahan Manurunge — Kab. Bone,Kab. Bone,Kelurahan Manurunge,"Sulawesi Selatan, Bone (Kab.)",LOCAL_AGENCY,1,8400000,May 2026,IT_HARDWARE,,,,,,,,
Kelurahan Masumpu,Kelurahan Masumpu — Kab. Bone,Kab. Bone,Kelurahan Masumpu,"Sulawesi Selatan, Bone (Kab.)",LOCAL_AGENCY,2,16800000,May 2026,IT_HARDWARE,,,,,,,,
Kelurahan Mentawa Baru Hulu,Kelurahan Mentawa Baru Hulu — Kab. Kotawaringin Timur,Kab. Kotawaringin Timur,Kelurahan Mentawa Baru Hulu,"Kalimantan Tengah, Kotawaringin Timur (Kab.)",LOCAL_AGENCY,1,92000000,June 2026,OFFICE_FURNITURE,,,,,,,,
Kelurahan Mentaya Seberang,Kelurahan Mentaya Seberang — Kab. Kotawaringin Timur,Kab. Kotawaringin Timur,Kelurahan Mentaya Seberang,"Kalimantan Tengah, Kotawaringin Timur (Kab.)",LOCAL_AGENCY,1,6000000,June 2026,OFFICE_FURNITURE,,,,,,,,
Kelurahan Mergosono,Kelurahan Mergosono — Kota Malang,Kota Malang,Kelurahan Mergosono,"Jawa Timur, Malang (Kota) | Jawa Timur, Malang (Kota) | Jawa Timur, Malang (Kota) | Jawa Timur, Malang (Kota) | Jawa Timur, Malang (Kota) | Jawa Timur, Malang (Kota) | Jawa Timur, Malang (Kota) | Jawa Timur, Malang (Kota)",LOCAL_AGENCY,1,87500000,May 2026,OFFICE_FURNITURE,,,,,,,,
Kelurahan Muara Komam,Kelurahan Muara Komam — Kab. Paser,Kab. Paser,Kelurahan Muara Komam,"Kalimantan Timur, Paser (Kab.)",LOCAL_AGENCY,2,12774914,May 2026,DESKTOP,,,,,,,,
Kelurahan Murung Raya,Kelurahan Murung Raya — Kota Banjarmasin,Kota Banjarmasin,Kelurahan Murung Raya,"Kalimantan Selatan, Banjarmasin (Kota)",LOCAL_AGENCY,2,5680000,May 2026,DESKTOP; IT_HARDWARE,,,,,,,,
Kelurahan Ndorurea,Kelurahan Ndorurea — Kab. Ende,Kab. Ende,Kelurahan Ndorurea,"Nusa Tenggara Timur, Ende (Kab.)",LOCAL_AGENCY,2,13091350,June 2026,DESKTOP; IT_HARDWARE,,,,,,,,
Kelurahan Nelayan Indah,Kelurahan Nelayan Indah — Kota Medan,Kota Medan,Kelurahan Nelayan Indah,"Sumatera Utara, Medan (Kota)",LOCAL_AGENCY,1,5321505,June 2026,IT_HARDWARE,,,,,,,,
Kelurahan Nglorog,Kelurahan Nglorog — Kab. Sragen,Kab. Sragen,Kelurahan Nglorog,"Jawa Tengah, Sragen (Kab.)",LOCAL_AGENCY,4,17060000,May 2026,AUDIO; OFFICE_FURNITURE,,,,,,,,
Kelurahan Ngrowo,Kelurahan Ngrowo — Kab. Bojonegoro,Kab. Bojonegoro,Kelurahan Ngrowo,"Jawa Timur, Bojonegoro (Kab.)",LOCAL_AGENCY,2,7100000,May 2026,DESKTOP; IT_HARDWARE,,,,,,,,
Kelurahan Pai Kecamatan Biringkanaya,Kelurahan Pai Kecamatan Biringkanaya — Kota Makassar,Kota Makassar,Kelurahan Pai Kecamatan Biringkanaya,"Sulawesi Selatan, Makassar (Kota)",LOCAL_AGENCY,1,3968800,June 2026,IT_HARDWARE,,,,,,,,
Kelurahan Pakis,Kelurahan Pakis — Kab. Banyuwangi,Kab. Banyuwangi,Kelurahan Pakis,"Jawa Timur, Banyuwangi (Kab.)",LOCAL_AGENCY,1,41169300,May 2026,OFFICE_FURNITURE,,,,,,,,
Kelurahan Pangkalan Jati Baru,Kelurahan Pangkalan Jati Baru — Kota Depok,Kota Depok,Kelurahan Pangkalan Jati Baru,"Jawa Barat, Depok (Kota)",LOCAL_AGENCY,1,3000000,June 2026,AUDIO,,,,,,,,
Kelurahan Panjang Baru,Kelurahan Panjang Baru — Kota Pekalongan,Kota Pekalongan,Kelurahan Panjang Baru,"Jawa Tengah, Pekalongan (Kota) | Jawa Tengah, Pekalongan (Kota)",LOCAL_AGENCY,1,19515000,May 2026,DESKTOP; IT_HARDWARE; PRINTER,,,,,,,,
Kelurahan Panjer,Kelurahan Panjer — Kota Denpasar,Kota Denpasar,Kelurahan Panjer,"Bali, Denpasar (Kota)",LOCAL_AGENCY,2,8030000,May 2026,DESKTOP; IT_HARDWARE,,,,,,,,
Kelurahan Pappolo,Kelurahan Pappolo — Kab. Bone,Kab. Bone,Kelurahan Pappolo,"Sulawesi Selatan, Bone (Kab.)",LOCAL_AGENCY,1,5600000,May 2026,IT_HARDWARE,,,,,,,,
Kelurahan Parambahan,Kelurahan Parambahan — Kota Payakumbuh,Kota Payakumbuh,Kelurahan Parambahan,"Sumatera Barat, Payakumbuh (Kota)",LOCAL_AGENCY,1,6405550,May 2026,OFFICE_FURNITURE,,,,,,,,
Kelurahan Pasar Liwa,Kelurahan Pasar Liwa — Kab. Lampung Barat,Kab. Lampung Barat,Kelurahan Pasar Liwa,"Lampung, Lampung Barat (Kab.)",LOCAL_AGENCY,2,2000000,June 2026,IT_HARDWARE,,,,,,,,
Kelurahan Paupanda,Kelurahan Paupanda — Kab. Ende,Kab. Ende,Kelurahan Paupanda,"Nusa Tenggara Timur, Ende (Kab.)",LOCAL_AGENCY,4,17282840,May 2026,DESKTOP; IT_HARDWARE,,,,,,,,
Kelurahan Pekapuran Laut,Kelurahan Pekapuran Laut — Kota Banjarmasin,Kota Banjarmasin,Kelurahan Pekapuran Laut,"Kalimantan Selatan, Banjarmasin (Kota) | Kalimantan Selatan, Banjarmasin (Kota) | Kalimantan Selatan, Banjarmasin (Kota)",LOCAL_AGENCY,1,13115290,May 2026,IT_HARDWARE,,,,,,,,
Kelurahan Pekapuran Raya,Kelurahan Pekapuran Raya — Kota Banjarmasin,Kota Banjarmasin,Kelurahan Pekapuran Raya,"Kalimantan Selatan, Banjarmasin (Kota)",LOCAL_AGENCY,2,2110000,June 2026; May 2026,DESKTOP; IT_HARDWARE; PRINTER,,,,,,,,
Kelurahan Pekauman,Kelurahan Pekauman — Kota Banjarmasin,Kota Banjarmasin,Kelurahan Pekauman,"Kalimantan Selatan, Banjarmasin (Kota)",LOCAL_AGENCY,1,730000,May 2026,DESKTOP; IT_HARDWARE,,,,,,,,
Kelurahan Penatih,Kelurahan Penatih — Kota Denpasar,Kota Denpasar,Kelurahan Penatih,"Bali, Denpasar (Kota)",LOCAL_AGENCY,1,1070000,May 2026,OFFICE_FURNITURE,,,,,,,,
Kelurahan Pengambangan,Kelurahan Pengambangan — Kota Banjarmasin,Kota Banjarmasin,Kelurahan Pengambangan,"Kalimantan Selatan, Banjarmasin (Kota)",LOCAL_AGENCY,1,5994000,June 2026,AUDIO,,,,,,,,
Kelurahan Pengantigan,Kelurahan Pengantigan — Kab. Banyuwangi,Kab. Banyuwangi,Kelurahan Pengantigan,"Jawa Timur, Banyuwangi (Kab.)",LOCAL_AGENCY,1,6480300,June 2026,PRINTER,,,,,,,,
Kelurahan Petarukan,Kelurahan Petarukan — Kab. Pemalang,Kab. Pemalang,Kelurahan Petarukan,"Jawa Tengah, Pemalang (Kab.)",LOCAL_AGENCY,1,27870000,May 2026,IT_HARDWARE,,,,,,,,
Kelurahan Pintu Batu Kota Bengkulu,Kelurahan Pintu Batu Kota Bengkulu — Kota Bengkulu,Kota Bengkulu,Kelurahan Pintu Batu Kota Bengkulu,"Bengkulu, Bengkulu (Kota)",LOCAL_AGENCY,1,1460000,May 2026,DESKTOP; IT_HARDWARE,,,,,,,,
Kelurahan Pisangcandi,Kelurahan Pisangcandi — Kota Malang,Kota Malang,Kelurahan Pisangcandi,"Jawa Timur, Malang (Kota)",LOCAL_AGENCY,1,17500000,May 2026,OFFICE_FURNITURE,,,,,,,,
Kelurahan Plawad,Kelurahan Plawad — Kab. Karawang,Kab. Karawang,Kelurahan Plawad,"Jawa Barat, Karawang (Kab.)",LOCAL_AGENCY,2,5599500,June 2026,DESKTOP; IT_HARDWARE,,,,,,,,
Kelurahan Polowijen,Kelurahan Polowijen — Kota Malang,Kota Malang,Kelurahan Polowijen,"Jawa Timur, Malang (Kota) | Jawa Timur, Malang (Kota) | Jawa Timur, Malang (Kota) | Jawa Timur, Malang (Kota) | Jawa Timur, Malang (Kota) | Jawa Timur, Malang (Kota) | Jawa Timur, Malang (Kota) | Jawa Timur, Malang (Kota) | Jawa Timur, Malang (Kota) | Jawa Timur, Malang (Kota) | Jawa Timur, Malang (Kota) | Jawa Timur, Malang (Kota) | Jawa Timur, Malang (Kota) | Jawa Timur, Malang (Kota) | Jawa Timur, Malang (Kota) | Jawa Timur, Malang (Kota) | Jawa Timur, Malang (Kota)",LOCAL_AGENCY,1,217700000,May 2026,OFFICE_FURNITURE,,,,,,,,
Kelurahan Purwantoro,Kelurahan Purwantoro — Kota Malang,Kota Malang,Kelurahan Purwantoro,"Jawa Timur, Malang (Kota)",LOCAL_AGENCY,4,1680500000,June 2026,OFFICE_FURNITURE,,,,,,,,
Kelurahan Rijali,Kelurahan Rijali — Kota Ambon,Kota Ambon,Kelurahan Rijali,"Maluku, Ambon (Kota)",LOCAL_AGENCY,1,8000000,June 2026,AUDIO,,,,,,,,
Kelurahan Sananwetan,Kelurahan Sananwetan — Kota Blitar,Kota Blitar,Kelurahan Sananwetan,"Jawa Timur, Blitar (Kota)",LOCAL_AGENCY,1,28582700,May 2026,IT_HARDWARE,,,,,,,,
Kelurahan Semarang Kota Bengkulu,Kelurahan Semarang Kota Bengkulu — Kota Bengkulu,Kota Bengkulu,Kelurahan Semarang Kota Bengkulu,"Bengkulu, Bengkulu (Kota)",LOCAL_AGENCY,1,500000,June 2026,IT_HARDWARE,,,,,,,,
Kelurahan Serangan,Kelurahan Serangan — Kota Denpasar,Kota Denpasar,Kelurahan Serangan,"Bali, Denpasar (Kota)",LOCAL_AGENCY,1,5136000,May 2026,AUDIO,,,,,,,,
Kelurahan Sesetan,Kelurahan Sesetan — Kota Denpasar,Kota Denpasar,Kelurahan Sesetan,"Bali, Denpasar (Kota)",LOCAL_AGENCY,1,30000000,June 2026,AUDIO,,,,,,,,
Kelurahan Sidoharjo,Kelurahan Sidoharjo — Kab. Lamongan,Kab. Lamongan,Kelurahan Sidoharjo,"Jawa Timur, Lamongan (Kab.)",LOCAL_AGENCY,1,23092100,May 2026,AUDIO,,,,,,,,
Kelurahan Simpang Selayang,Kelurahan Simpang Selayang — Kota Medan,Kota Medan,Kelurahan Simpang Selayang,"Sumatera Utara, Medan (Kota)",LOCAL_AGENCY,1,1348944,May 2026,IT_HARDWARE,,,,,,,,
Kelurahan Simpong,Kelurahan Simpong — Kab. Banggai,Kab. Banggai,Kelurahan Simpong,"Sulawesi Tengah, Banggai (Kab.)",LOCAL_AGENCY,2,6546250,June 2026; May 2026,DESKTOP; IT_HARDWARE; OFFICE_FURNITURE; PRINTER,,,,,,,,
Kelurahan Singonegaran,Kelurahan Singonegaran — Kab. Banyuwangi,Kab. Banyuwangi,Kelurahan Singonegaran,"Jawa Timur, Banyuwangi (Kab.)",LOCAL_AGENCY,1,9978500,June 2026,OFFICE_FURNITURE,,,,,,,,
Kelurahan Soak Baru,Kelurahan Soak Baru — Kab. Musi Banyuasin,Kab. Musi Banyuasin,Kelurahan Soak Baru,"Sumatera Selatan, Musi Banyu Asin (Kab.)",LOCAL_AGENCY,1,37469271,May 2026,IT_HARDWARE,,,,,,,,
Kelurahan Sragen Wetan,Kelurahan Sragen Wetan — Kab. Sragen,Kab. Sragen,Kelurahan Sragen Wetan,"Jawa Tengah, Sragen (Kab.)",LOCAL_AGENCY,2,740000,May 2026,OFFICE_FURNITURE,,,,,,,,
Kelurahan Sukadana,Kelurahan Sukadana — Kab. Ogan Komering Ilir,Kab. Ogan Komering Ilir,Kelurahan Sukadana,"Sumatera Selatan, Ogan Komering Ilir (Kab.)",LOCAL_AGENCY,1,720000,May 2026,IT_HARDWARE,,,,,,,,
Kelurahan Sumerta,Kelurahan Sumerta — Kota Denpasar,Kota Denpasar,Kelurahan Sumerta,"Bali, Denpasar (Kota)",LOCAL_AGENCY,1,45619000,May 2026,IT_HARDWARE,,,,,,,,
Kelurahan Sungai Baru,Kelurahan Sungai Baru — Kota Banjarmasin,Kota Banjarmasin,Kelurahan Sungai Baru,"Kalimantan Selatan, Banjarmasin (Kota)",LOCAL_AGENCY,2,2840000,June 2026; May 2026,DESKTOP; IT_HARDWARE,,,,,,,,
Kelurahan Sungai Bilu,Kelurahan Sungai Bilu — Kota Banjarmasin,Kota Banjarmasin,Kelurahan Sungai Bilu,"Kalimantan Selatan, Banjarmasin (Kota)",LOCAL_AGENCY,1,690000,June 2026,DESKTOP; IT_HARDWARE,,,,,,,,
Kelurahan Sungai Durian,Kelurahan Sungai Durian — Kota Payakumbuh,Kota Payakumbuh,Kelurahan Sungai Durian,"Sumatera Barat, Payakumbuh (Kota)",LOCAL_AGENCY,1,17339500,June 2026,OFFICE_FURNITURE,,,,,,,,
Kelurahan Sungai Miai,Kelurahan Sungai Miai — Kota Banjarmasin,Kota Banjarmasin,Kelurahan Sungai Miai,"Kalimantan Selatan, Banjarmasin (Kota)",LOCAL_AGENCY,3,13160000,May 2026,DESKTOP; IT_HARDWARE,,,,,,,,
Kelurahan Surgi Mufti,Kelurahan Surgi Mufti — Kota Banjarmasin,Kota Banjarmasin,Kelurahan Surgi Mufti,"Kalimantan Selatan, Banjarmasin (Kota)",LOCAL_AGENCY,1,3410000,May 2026,OFFICE_FURNITURE,,,,,,,,
Kelurahan TambakKemerakan,Kelurahan TambakKemerakan — Kab. Sidoarjo,Kab. Sidoarjo,Kelurahan TambakKemerakan,"Jawa Timur, Sidoarjo (Kab.)",LOCAL_AGENCY,1,3960000,June 2026,AUDIO,,,,,,,,
Kelurahan Teluk Dalam,Kelurahan Teluk Dalam — Kota Banjarmasin,Kota Banjarmasin,Kelurahan Teluk Dalam,"Kalimantan Selatan, Banjarmasin (Kota)",LOCAL_AGENCY,2,4990000,May 2026,DESKTOP; IT_HARDWARE,,,,,,,,
Kelurahan Timbul Rejo,Kelurahan Timbul Rejo — Kab. Rejang Lebong,Kab. Rejang Lebong,Kelurahan Timbul Rejo,"Bengkulu, Rejang Lebong (Kab.)",LOCAL_AGENCY,1,8647500,June 2026,OFFICE_FURNITURE,,,,,,,,
Kelurahan Totaka Kecamatan Ujung Tanah,Kelurahan Totaka Kecamatan Ujung Tanah — Kota Makassar,Kota Makassar,Kelurahan Totaka Kecamatan Ujung Tanah,"Sulawesi Selatan, Makassar (Kota)",LOCAL_AGENCY,4,67908000,June 2026,IT_HARDWARE; OFFICE_FURNITURE,,,,,,,,
Kelurahan Walitelon Selatan,Kelurahan Walitelon Selatan — Kab. Temanggung,Kab. Temanggung,Kelurahan Walitelon Selatan,"Jawa Tengah, Temanggung (Kab.)",LOCAL_AGENCY,2,4275000,May 2026,DESKTOP; IT_HARDWARE; OFFICE_FURNITURE,,,,,,,,
Kelurahan Watampone,Kelurahan Watampone — Kab. Bone,Kab. Bone,Kelurahan Watampone,"Sulawesi Selatan, Bone (Kab.)",LOCAL_AGENCY,2,8400000,May 2026,IT_HARDWARE,,,,,,,,
Kelurahan Way Mengaku,Kelurahan Way Mengaku — Kab. Lampung Barat,Kab. Lampung Barat,Kelurahan Way Mengaku,"Lampung, Lampung Barat (Kab.)",LOCAL_AGENCY,2,1375000,June 2026; May 2026,IT_HARDWARE,,,,,,,,
Kelurahan Wonokoyo,Kelurahan Wonokoyo — Kota Malang,Kota Malang,Kelurahan Wonokoyo,"Jawa Timur, Malang (Kota) | Jawa Timur, Malang (Kota) | Jawa Timur, Malang (Kota)",LOCAL_AGENCY,3,21380000,June 2026; May 2026,DESKTOP; IT_HARDWARE; OFFICE_FURNITURE,,,,,,,,
Kemantren Danurejan,Kemantren Danurejan — Kota Yogyakarta,Kota Yogyakarta,Kemantren Danurejan,"DI Yogyakarta, Yogyakarta (Kota)",LOCAL_AGENCY,4,45665000,June 2026; May 2026,AUDIO; NETWORKING; OFFICE_FURNITURE,,,,,,,,
Kemantren Kotagede,Kemantren Kotagede — Kota Yogyakarta,Kota Yogyakarta,Kemantren Kotagede,"DI Yogyakarta, Yogyakarta (Kota)",LOCAL_AGENCY,3,17040000,May 2026,AUDIO; OFFICE_FURNITURE,,,,,,,,
Kemantren Mantrijeron,Kemantren Mantrijeron — Kota Yogyakarta,Kota Yogyakarta,Kemantren Mantrijeron,"DI Yogyakarta, Yogyakarta (Kota)",LOCAL_AGENCY,3,35005406,June 2026; May 2026,AUDIO; OFFICE_FURNITURE,,,,,,,,
Kemantren Ngampilan,Kemantren Ngampilan — Kota Yogyakarta,Kota Yogyakarta,Kemantren Ngampilan,"DI Yogyakarta, Yogyakarta (Kota)",LOCAL_AGENCY,1,26000000,May 2026,DESKTOP,,,,,,,,
Kemantren Tegalrejo,Kemantren Tegalrejo — Kota Yogyakarta,Kota Yogyakarta,Kemantren Tegalrejo,"DI Yogyakarta, Yogyakarta (Kota)",LOCAL_AGENCY,5,137526150,May 2026,AUDIO; DESKTOP; OFFICE_FURNITURE,,,,,,,,
Kementerian Haji dan Umrah Kabupaten Tapin,Kementerian Haji dan Umrah Kabupaten Tapin — Kementerian Haji Dan Umrah Republik Indonesia,Kementerian Haji Dan Umrah Republik Indonesia,Kementerian Haji dan Umrah Kabupaten Tapin,"Kalimantan Selatan, Tapin (Kab.)",NATIONAL,1,18000000,May 2026,LAPTOP,,,,,,,,
Kementerian Haji dan Umrah,Kementerian Haji dan Umrah — Kementerian Haji Dan Umrah Republik Indonesia,Kementerian Haji Dan Umrah Republik Indonesia,Kementerian Haji dan Umrah,"DKI Jakarta, Jakarta Pusat (Kota)",NATIONAL,2,2788023000,May 2026,NETWORKING; SERVER,,,,,,,,
Kementerian Koordinator Bidang Infrastruktur dan Pembangunan Kewilayahan,Kementerian Koordinator Bidang Infrastruktur dan Pembangunan Kewilayahan,Kementerian Koordinator Bidang Infrastruktur dan Pembangunan Kewilayahan,Kementerian Koordinator Bidang Infrastruktur dan Pembangunan Kewilayahan,"DKI Jakarta, Jakarta Pusat (Kota)",NATIONAL,1,92352000,May 2026,LAPTOP,,,,,,,,
Kesdam XVII Cen TNI AD,Kesdam XVII Cen TNI AD — Kementerian Pertahanan,Kementerian Pertahanan,Kesdam XVII Cen TNI AD,"Papua, Jayapura (Kota)",NATIONAL,1,5000000,May 2026,NETWORKING,,,,,,,,
Kundha Kabudayan,Kundha Kabudayan — Kab. Gunungkidul,Kab. Gunungkidul,Kundha Kabudayan,"DI Yogyakarta, Gunung Kidul (Kab.)",LOCAL_AGENCY,4,27888000,June 2026; May 2026,AUDIO; IT_HARDWARE,,,,,,,,
Kundha Niti Mandala Sarta Tata Sasana,Kundha Niti Mandala Sarta Tata Sasana — Kab. Gunungkidul,Kab. Gunungkidul,Kundha Niti Mandala Sarta Tata Sasana,"DI Yogyakarta, Gunung Kidul (Kab.)",LOCAL_AGENCY,1,1200000,May 2026,DESKTOP; IT_HARDWARE,,,,,,,,
LABORATORIUM BAHAN KONSTRUKSI,LABORATORIUM BAHAN KONSTRUKSI — Provinsi Kalimantan Selatan,Provinsi Kalimantan Selatan,LABORATORIUM BAHAN KONSTRUKSI,"Kalimantan Selatan, Banjarmasin (Kota)",PROVINCE,1,3000000,May 2026,OFFICE_FURNITURE,,,,,,,,
LABORATORIUM ENERGI DAN SUMBER DAYA MINERAL,LABORATORIUM ENERGI DAN SUMBER DAYA MINERAL — Provinsi Kalimantan Selatan,Provinsi Kalimantan Selatan,LABORATORIUM ENERGI DAN SUMBER DAYA MINERAL,"Kalimantan Selatan, Banjar Baru (Kota)",PROVINCE,2,22760000,June 2026; May 2026,DESKTOP; LAPTOP,,,,,,,,
LABORATORIUM LINGKUNGAN HIDUP DAERAH,LABORATORIUM LINGKUNGAN HIDUP DAERAH — Provinsi DKI Jakarta,Provinsi DKI Jakarta,LABORATORIUM LINGKUNGAN HIDUP DAERAH,"DKI Jakarta, Jakarta Selatan (Kota)",PROVINCE,1,31935680,May 2026,IT_HARDWARE,,,,,,,,
LANTAMAL V SURABAYA TNI AL,LANTAMAL V SURABAYA TNI AL — Kementerian Pertahanan,Kementerian Pertahanan,LANTAMAL V SURABAYA TNI AL,"Jawa Timur, Surabaya (Kota)",NATIONAL,1,28500000,May 2026,IT_HARDWARE,,,,,,,,
LEMBAGA ADMINISTRASI NEGARA JAKARTA,LEMBAGA ADMINISTRASI NEGARA JAKARTA — Lembaga Administrasi Negara,Lembaga Administrasi Negara,LEMBAGA ADMINISTRASI NEGARA JAKARTA,"DKI Jakarta, Jakarta Pusat (Kota)",NATIONAL,3,549055000,May 2026,CAMERA_VIDEO; NETWORKING,,,,,,,,
LEMBAGA KEBIJAKAN PENGADAAN BARANG/JASA PEMERINTAH,LEMBAGA KEBIJAKAN PENGADAAN BARANG/JASA PEMERINTAH,Lembaga Kebijakan Pengadaan Barang/Jasa Pemerintah,LEMBAGA KEBIJAKAN PENGADAAN BARANG/JASA PEMERINTAH,"DKI Jakarta, Jakarta Selatan (Kota)",NATIONAL,4,496000000,June 2026; May 2026,IT_HARDWARE; LAPTOP; NETWORKING,,,,,,,,
LEMBAGA KETAHANAN NASIONAL REPUBLIK INDONESIA,LEMBAGA KETAHANAN NASIONAL REPUBLIK INDONESIA — Lembaga Ketahanan Nasional,Lembaga Ketahanan Nasional,LEMBAGA KETAHANAN NASIONAL REPUBLIK INDONESIA,"DKI Jakarta, Jakarta Pusat (Kota)",NATIONAL,3,568000000,June 2026; May 2026,AUDIO; NETWORKING,,,,,,,,
LEMBAGA LAYANAN PENDIDIKAN TINGGI WILAYAH VII SURABAYA,"LEMBAGA LAYANAN PENDIDIKAN TINGGI WILAYAH VII SURABAYA — Kementerian Pendidikan Tinggi, Sains, dan Teknologi","Kementerian Pendidikan Tinggi, Sains, dan Teknologi",LEMBAGA LAYANAN PENDIDIKAN TINGGI WILAYAH VII SURABAYA,"Jawa Timur, Surabaya (Kota)",NATIONAL,1,86402000,May 2026,AUDIO,,,,,,,,
LEMBAGA LAYANAN PENDIDIKAN TINGGI WILAYAH VIII DENPASAR,"LEMBAGA LAYANAN PENDIDIKAN TINGGI WILAYAH VIII DENPASAR — Kementerian Pendidikan Tinggi, Sains, dan Teknologi","Kementerian Pendidikan Tinggi, Sains, dan Teknologi",LEMBAGA LAYANAN PENDIDIKAN TINGGI WILAYAH VIII DENPASAR,"Bali, Denpasar (Kota)",NATIONAL,1,192500000,June 2026,LAPTOP,,,,,,,,
LEMBAGA MANAJEMEN ASET NEGARA,LEMBAGA MANAJEMEN ASET NEGARA — Kementerian Keuangan,Kementerian Keuangan,LEMBAGA MANAJEMEN ASET NEGARA,"DKI Jakarta, Jakarta Pusat (Kota)",NATIONAL,3,238637000,May 2026,IT_HARDWARE; OFFICE_FURNITURE; SERVER; STORAGE,,,,,,,,
LOKA POM DI KABUPATEN BULELENG,LOKA POM DI KABUPATEN BULELENG — Badan Pengawas Obat Dan Makanan,Badan Pengawas Obat Dan Makanan,LOKA POM DI KABUPATEN BULELENG,"Bali, Denpasar (Kota)",NATIONAL,5,159400000,June 2026; May 2026,CCTV; IT_HARDWARE; LAPTOP; OFFICE_FURNITURE,,,,,,,,
LOKA RISET PERIKANAN TUNA LRPT,LOKA RISET PERIKANAN TUNA LRPT — Kementerian Kelautan Dan Perikanan,Kementerian Kelautan Dan Perikanan,LOKA RISET PERIKANAN TUNA LRPT,"Bali, Denpasar (Kota)",NATIONAL,1,10500000,June 2026,DESKTOP; LAPTOP,,,,,,,,
Laboratorium Kesehatan Daerah,Laboratorium Kesehatan Daerah — Kab. Soppeng,Kab. Soppeng,Laboratorium Kesehatan Daerah,"Sulawesi Selatan, Soppeng (Kab.)",HEALTH_UNIT,1,17000000,May 2026,NETWORKING,,,,,,,,
Lembaga Manajemen Aset Negara BA BUN,Lembaga Manajemen Aset Negara BA BUN — Bendahara Umum Negara (Kementerian Keuangan),Bendahara Umum Negara (Kementerian Keuangan),Lembaga Manajemen Aset Negara BA BUN,"DKI Jakarta, Jakarta Selatan (Kota)",NATIONAL,3,122000000,May 2026,OFFICE_FURNITURE,,,,,,,,
Loka Monitor Spektrum Frekuensi Radio Kendari,Loka Monitor Spektrum Frekuensi Radio Kendari — Kementerian Komunikasi dan Digital,Kementerian Komunikasi dan Digital,Loka Monitor Spektrum Frekuensi Radio Kendari,"Sulawesi Tenggara, Kendari (Kota)",NATIONAL,3,106950000,June 2026,CCTV; IT_HARDWARE,,,,,,,,
Loka Monitor Spektrum Frekuensi Radio Mamuju,Loka Monitor Spektrum Frekuensi Radio Mamuju — Kementerian Komunikasi dan Digital,Kementerian Komunikasi dan Digital,Loka Monitor Spektrum Frekuensi Radio Mamuju,"Sulawesi Barat, Mamuju (Kab.)",NATIONAL,1,197660000,June 2026,IT_HARDWARE,,,,,,,,
Loka Monitor Spektrum Frekuensi Radio Ternate,Loka Monitor Spektrum Frekuensi Radio Ternate — Kementerian Komunikasi dan Digital,Kementerian Komunikasi dan Digital,Loka Monitor Spektrum Frekuensi Radio Ternate,"Maluku Utara, Ternate (Kota)",NATIONAL,2,41770000,May 2026,OFFICE_FURNITURE,,,,,,,,
Loka POM di Kota Balikpapan,Loka POM di Kota Balikpapan — Badan Pengawas Obat Dan Makanan,Badan Pengawas Obat Dan Makanan,Loka POM di Kota Balikpapan,"Kalimantan Timur, Balikpapan (Kota)",NATIONAL,2,20200000,May 2026,CAMERA_VIDEO; CCTV; PRINTER,,,,,,,,
MADRASAH ALIYAH NEGERI 1 JOMBANG 417910,MADRASAH ALIYAH NEGERI 1 JOMBANG 417910 — Kementerian Agama,Kementerian Agama,MADRASAH ALIYAH NEGERI 1 JOMBANG 417910,"Jawa Timur, Jombang (Kab.)",NATIONAL,1,6000000,June 2026,CCTV,,,,,,,,
MADRASAH ALIYAH NEGERI 1 KOTA MALANG 308848,MADRASAH ALIYAH NEGERI 1 KOTA MALANG 308848 — Kementerian Agama,Kementerian Agama,MADRASAH ALIYAH NEGERI 1 KOTA MALANG 308848,"Jawa Timur, Malang (Kota)",NATIONAL,1,5500000,May 2026,PRINTER,,,,,,,,
MADRASAH ALIYAH NEGERI 1 SIAK 675031,MADRASAH ALIYAH NEGERI 1 SIAK 675031 — Kementerian Agama,Kementerian Agama,MADRASAH ALIYAH NEGERI 1 SIAK 675031,"Riau, Siak (Kab.)",NATIONAL,2,32000000,June 2026; May 2026,PRINTER; SERVER,,,,,,,,
MADRASAH ALIYAH NEGERI 1 TULUNGAGUNG 423880,MADRASAH ALIYAH NEGERI 1 TULUNGAGUNG 423880 — Kementerian Agama,Kementerian Agama,MADRASAH ALIYAH NEGERI 1 TULUNGAGUNG 423880,"Jawa Timur, Tulungagung (Kab.)",NATIONAL,1,33500000,May 2026,CCTV,,,,,,,,
MADRASAH ALIYAH NEGERI 2 KAB CIREBON 416791,MADRASAH ALIYAH NEGERI 2 KAB CIREBON 416791 — Kementerian Agama,Kementerian Agama,MADRASAH ALIYAH NEGERI 2 KAB CIREBON 416791,"Jawa Barat, Cirebon (Kab.)",NATIONAL,3,91700000,June 2026; May 2026,IT_HARDWARE; LAPTOP; OFFICE_FURNITURE,,,,,,,,
MADRASAH ALIYAH NEGERI 2 KOTA BOGOR 416681,MADRASAH ALIYAH NEGERI 2 KOTA BOGOR 416681 — Kementerian Agama,Kementerian Agama,MADRASAH ALIYAH NEGERI 2 KOTA BOGOR 416681,"Jawa Barat, Bogor (Kota)",NATIONAL,1,172800000,May 2026,OFFICE_FURNITURE,,,,,,,,
MADRASAH ALIYAH NEGERI 2 KOTA MADIUN 297896,MADRASAH ALIYAH NEGERI 2 KOTA MADIUN 297896 — Kementerian Agama,Kementerian Agama,MADRASAH ALIYAH NEGERI 2 KOTA MADIUN 297896,"Jawa Timur, Madiun (Kota)",NATIONAL,1,14000000,May 2026,PRINTER,,,,,,,,
MADRASAH ALIYAH NEGERI 2 MODEL PEKANBARU KOTA PEKANBARU 418136,MADRASAH ALIYAH NEGERI 2 MODEL PEKANBARU KOTA PEKANBARU 418136 — Kementerian Agama,Kementerian Agama,MADRASAH ALIYAH NEGERI 2 MODEL PEKANBARU KOTA PEKANBARU 418136,"Riau, Pekanbaru (Kota)",NATIONAL,1,5000000,May 2026,AUDIO,,,,,,,,
MADRASAH ALIYAH NEGERI 2 REMBANG 417193,MADRASAH ALIYAH NEGERI 2 REMBANG 417193 — Kementerian Agama,Kementerian Agama,MADRASAH ALIYAH NEGERI 2 REMBANG 417193,"Jawa Tengah, Rembang (Kab.)",NATIONAL,1,10000000,June 2026,OFFICE_FURNITURE,,,,,,,,
MADRASAH ALIYAH NEGERI 2 TULUNGAGUNG 297772,MADRASAH ALIYAH NEGERI 2 TULUNGAGUNG 297772 — Kementerian Agama,Kementerian Agama,MADRASAH ALIYAH NEGERI 2 TULUNGAGUNG 297772,"Jawa Timur, Tulungagung (Kab.)",NATIONAL,1,18000000,May 2026,PRINTER,,,,,,,,
MADRASAH ALIYAH NEGERI 3 PEKANBARU 420030,MADRASAH ALIYAH NEGERI 3 PEKANBARU 420030 — Kementerian Agama,Kementerian Agama,MADRASAH ALIYAH NEGERI 3 PEKANBARU 420030,"Riau, Pekanbaru (Kota)",NATIONAL,1,13500000,May 2026,PRINTER,,,,,,,,
MADRASAH ALIYAH NEGERI 4 JOMBANG 417972,MADRASAH ALIYAH NEGERI 4 JOMBANG 417972 — Kementerian Agama,Kementerian Agama,MADRASAH ALIYAH NEGERI 4 JOMBANG 417972,"Jawa Timur, Jombang (Kab.)",NATIONAL,6,277610000,June 2026; May 2026,CCTV; DESKTOP; IT_HARDWARE; NETWORKING; OFFICE_FURNITURE,,,,,,,,
MADRASAH ALIYAH NEGERI 4 PONDOK PINANG JAKARTA SELATAN 416346,MADRASAH ALIYAH NEGERI 4 PONDOK PINANG JAKARTA SELATAN 416346 — Kementerian Agama,Kementerian Agama,MADRASAH ALIYAH NEGERI 4 PONDOK PINANG JAKARTA SELATAN 416346,"DKI Jakarta, Jakarta Selatan (Kota)",NATIONAL,2,46000000,May 2026,OFFICE_FURNITURE,,,,,,,,
MADRASAH ALIYAH NEGERI BALIKPAPAN 576075,MADRASAH ALIYAH NEGERI BALIKPAPAN 576075 — Kementerian Agama,Kementerian Agama,MADRASAH ALIYAH NEGERI BALIKPAPAN 576075,"Kalimantan Timur, Balikpapan (Kota)",NATIONAL,2,182000000,May 2026,LAPTOP; OFFICE_FURNITURE,,,,,,,,
MADRASAH ALIYAH NEGERI GENTENG KAB BANYUWANGI 554340,MADRASAH ALIYAH NEGERI GENTENG KAB BANYUWANGI 554340 — Kementerian Agama,Kementerian Agama,MADRASAH ALIYAH NEGERI GENTENG KAB BANYUWANGI 554340,"Jawa Timur, Banyuwangi (Kab.)",NATIONAL,1,44280000,May 2026,OFFICE_FURNITURE,,,,,,,,
MADRASAH ALIYAH NEGERI INSAN CENDEKIA KAB BONE BOLANGO 653512,MADRASAH ALIYAH NEGERI INSAN CENDEKIA KAB BONE BOLANGO 653512 — Kementerian Agama,Kementerian Agama,MADRASAH ALIYAH NEGERI INSAN CENDEKIA KAB BONE BOLANGO 653512,"Gorontalo, Bone Bolango (Kab.)",NATIONAL,1,20000000,June 2026,CAMERA_VIDEO; CCTV,,,,,,,,
MADRASAH ALIYAH NEGERI SUNGAYANG BATUSANGKAR II KAB TANAH DATAR 309271,MADRASAH ALIYAH NEGERI SUNGAYANG BATUSANGKAR II KAB TANAH DATAR 309271 — Kementerian Agama,Kementerian Agama,MADRASAH ALIYAH NEGERI SUNGAYANG BATUSANGKAR II KAB TANAH DATAR 309271,"Sumatera Barat, Tanah Datar (Kab.)",NATIONAL,6,110500000,May 2026,CAMERA_VIDEO; IT_HARDWARE; LAPTOP; PRINTER,,,,,,,,
MADRASAH ALIYAH NEGERI SURABAYA KOTA SURABAYA 423843,MADRASAH ALIYAH NEGERI SURABAYA KOTA SURABAYA 423843 — Kementerian Agama,Kementerian Agama,MADRASAH ALIYAH NEGERI SURABAYA KOTA SURABAYA 423843,"Jawa Timur, Surabaya (Kota)",NATIONAL,2,21589000,June 2026; May 2026,OFFICE_FURNITURE; PRINTER,,,,,,,,
MADRASAH TSANAWIYAH NEGERI 1 BLITAR KOTA BLITAR 424653,MADRASAH TSANAWIYAH NEGERI 1 BLITAR KOTA BLITAR 424653 — Kementerian Agama,Kementerian Agama,MADRASAH TSANAWIYAH NEGERI 1 BLITAR KOTA BLITAR 424653,"Jawa Timur, Blitar (Kota)",NATIONAL,7,64185000,June 2026; May 2026,CCTV; LAPTOP; NETWORKING; OFFICE_FURNITURE; PRINTER; SCANNER; SERVER,,,,,,,,
MADRASAH TSANAWIYAH NEGERI 1 MADIUN 297875,MADRASAH TSANAWIYAH NEGERI 1 MADIUN 297875 — Kementerian Agama,Kementerian Agama,MADRASAH TSANAWIYAH NEGERI 1 MADIUN 297875,"Jawa Timur, Madiun (Kab.)",NATIONAL,2,19000000,June 2026; May 2026,CAMERA_VIDEO; IT_HARDWARE; OFFICE_FURNITURE,,,,,,,,
MADRASAH TSANAWIYAH NEGERI 1 NGAWI 573535,MADRASAH TSANAWIYAH NEGERI 1 NGAWI 573535 — Kementerian Agama,Kementerian Agama,MADRASAH TSANAWIYAH NEGERI 1 NGAWI 573535,"Jawa Timur, Ngawi (Kab.)",NATIONAL,1,10000000,May 2026,OFFICE_FURNITURE,,,,,,,,
MADRASAH TSANAWIYAH NEGERI 1 SUKOHARJO 417482,MADRASAH TSANAWIYAH NEGERI 1 SUKOHARJO 417482 — Kementerian Agama,Kementerian Agama,MADRASAH TSANAWIYAH NEGERI 1 SUKOHARJO 417482,"Jawa Tengah, Sukoharjo (Kab.)",NATIONAL,4,42500000,June 2026; May 2026,CAMERA_VIDEO; LAPTOP; PRINTER,,,,,,,,
MADRASAH TSANAWIYAH NEGERI 1 TRENGGALEK 424735,MADRASAH TSANAWIYAH NEGERI 1 TRENGGALEK 424735 — Kementerian Agama,Kementerian Agama,MADRASAH TSANAWIYAH NEGERI 1 TRENGGALEK 424735,"Jawa Timur, Terenggalek (Kab.)",NATIONAL,2,18720000,May 2026,AUDIO; PRINTER,,,,,,,,
MADRASAH TSANAWIYAH NEGERI 16 KAB JOMBANG 598614,MADRASAH TSANAWIYAH NEGERI 16 KAB JOMBANG 598614 — Kementerian Agama,Kementerian Agama,MADRASAH TSANAWIYAH NEGERI 16 KAB JOMBANG 598614,"Jawa Timur, Jombang (Kab.)",NATIONAL,1,25235000,May 2026,OFFICE_FURNITURE,,,,,,,,
MADRASAH TSANAWIYAH NEGERI 16 PULOGADUNG KOTA JAKARTA TIMUR 572483,MADRASAH TSANAWIYAH NEGERI 16 PULOGADUNG KOTA JAKARTA TIMUR 572483 — Kementerian Agama,Kementerian Agama,MADRASAH TSANAWIYAH NEGERI 16 PULOGADUNG KOTA JAKARTA TIMUR 572483,"DKI Jakarta, Jakarta Timur (Kota)",NATIONAL,1,9000000,June 2026,CCTV,,,,,,,,
MADRASAH TSANAWIYAH NEGERI 2 KLATEN 417460,MADRASAH TSANAWIYAH NEGERI 2 KLATEN 417460 — Kementerian Agama,Kementerian Agama,MADRASAH TSANAWIYAH NEGERI 2 KLATEN 417460,"Jawa Tengah, Klaten (Kab.)",NATIONAL,1,24000000,June 2026,LAPTOP; PRINTER; SCANNER; STORAGE,,,,,,,,
MADRASAH TSANAWIYAH NEGERI 2 KUDUS 598262,MADRASAH TSANAWIYAH NEGERI 2 KUDUS 598262 — Kementerian Agama,Kementerian Agama,MADRASAH TSANAWIYAH NEGERI 2 KUDUS 598262,"Jawa Tengah, Kudus (Kab.)",NATIONAL,2,16000000,May 2026,AUDIO; LAPTOP,,,,,,,,
MADRASAH TSANAWIYAH NEGERI 3 BANYUWANGI 424616,MADRASAH TSANAWIYAH NEGERI 3 BANYUWANGI 424616 — Kementerian Agama,Kementerian Agama,MADRASAH TSANAWIYAH NEGERI 3 BANYUWANGI 424616,"Jawa Timur, Banyuwangi (Kab.)",NATIONAL,2,13200000,May 2026,IT_HARDWARE; OFFICE_FURNITURE,,,,,,,,
MADRASAH TSANAWIYAH NEGERI 3 KAB PACITAN 573315,MADRASAH TSANAWIYAH NEGERI 3 KAB PACITAN 573315 — Kementerian Agama,Kementerian Agama,MADRASAH TSANAWIYAH NEGERI 3 KAB PACITAN 573315,"Jawa Timur, Pacitan (Kab.)",NATIONAL,1,1754000,May 2026,PRINTER,,,,,,,,
MADRASAH TSANAWIYAH NEGERI 3 KEBUMEN 417341,MADRASAH TSANAWIYAH NEGERI 3 KEBUMEN 417341 — Kementerian Agama,Kementerian Agama,MADRASAH TSANAWIYAH NEGERI 3 KEBUMEN 417341,"Jawa Tengah, Kebumen (Kab.)",NATIONAL,1,97740000,May 2026,IT_HARDWARE,,,,,,,,
MADRASAH TSANAWIYAH NEGERI 3 KLATEN 424395,MADRASAH TSANAWIYAH NEGERI 3 KLATEN 424395 — Kementerian Agama,Kementerian Agama,MADRASAH TSANAWIYAH NEGERI 3 KLATEN 424395,"Jawa Tengah, Klaten (Kab.)",NATIONAL,1,1500000,June 2026,IT_HARDWARE,,,,,,,,
MADRASAH TSANAWIYAH NEGERI 3 KOTA SURABAYA 573603,MADRASAH TSANAWIYAH NEGERI 3 KOTA SURABAYA 573603 — Kementerian Agama,Kementerian Agama,MADRASAH TSANAWIYAH NEGERI 3 KOTA SURABAYA 573603,"Jawa Timur, Surabaya (Kota)",NATIONAL,6,71400000,June 2026; May 2026,AUDIO; CCTV; OFFICE_FURNITURE; PRINTER,,,,,,,,
MADRASAH TSANAWIYAH NEGERI 4 BANJARNEGARA 573102,MADRASAH TSANAWIYAH NEGERI 4 BANJARNEGARA 573102 — Kementerian Agama,Kementerian Agama,MADRASAH TSANAWIYAH NEGERI 4 BANJARNEGARA 573102,"Jawa Tengah, Banjarnegara (Kab.)",NATIONAL,1,3000000,June 2026,OFFICE_FURNITURE,,,,,,,,
MADRASAH TSANAWIYAH NEGERI 4 KLATEN 573179,MADRASAH TSANAWIYAH NEGERI 4 KLATEN 573179 — Kementerian Agama,Kementerian Agama,MADRASAH TSANAWIYAH NEGERI 4 KLATEN 573179,"Jawa Tengah, Klaten (Kab.)",NATIONAL,1,14000000,May 2026,CCTV,,,,,,,,
MADRASAH TSANAWIYAH NEGERI 5 KAB TRENGGALEK 573404,MADRASAH TSANAWIYAH NEGERI 5 KAB TRENGGALEK 573404 — Kementerian Agama,Kementerian Agama,MADRASAH TSANAWIYAH NEGERI 5 KAB TRENGGALEK 573404,"Jawa Timur, Terenggalek (Kab.)",NATIONAL,2,9000000,May 2026,OFFICE_FURNITURE,,,,,,,,
MADRASAH TSANAWIYAH NEGERI 5 MADIUN 424647,MADRASAH TSANAWIYAH NEGERI 5 MADIUN 424647 — Kementerian Agama,Kementerian Agama,MADRASAH TSANAWIYAH NEGERI 5 MADIUN 424647,"Jawa Timur, Madiun (Kab.)",NATIONAL,2,20500000,June 2026; May 2026,AUDIO; IT_HARDWARE,,,,,,,,
MADRASAH TSANAWIYAH NEGERI 6 JOMBANG 573272,MADRASAH TSANAWIYAH NEGERI 6 JOMBANG 573272 — Kementerian Agama,Kementerian Agama,MADRASAH TSANAWIYAH NEGERI 6 JOMBANG 573272,"Jawa Timur, Jombang (Kab.)",NATIONAL,1,15000000,May 2026,LAPTOP,,,,,,,,
MADRASAH TSANAWIYAH NEGERI 6 KAB CIREBON 573027,MADRASAH TSANAWIYAH NEGERI 6 KAB CIREBON 573027 — Kementerian Agama,Kementerian Agama,MADRASAH TSANAWIYAH NEGERI 6 KAB CIREBON 573027,"Jawa Barat, Cirebon (Kab.)",NATIONAL,1,5000000,June 2026,OFFICE_FURNITURE,,,,,,,,
MADRASAH TSANAWIYAH NEGERI 6 TULUNGAGUNG 573411,MADRASAH TSANAWIYAH NEGERI 6 TULUNGAGUNG 573411 — Kementerian Agama,Kementerian Agama,MADRASAH TSANAWIYAH NEGERI 6 TULUNGAGUNG 573411,"Jawa Timur, Tulungagung (Kab.)",NATIONAL,2,160600000,May 2026,CAMERA_VIDEO; IT_HARDWARE,,,,,,,,
MADRASAH TSANAWIYAH NEGERI KUALA TUNGKAL II KAB TANJUNG JABUNG BARAT MTSN 1 TANJUNG JABUNG BARAT 425962,MADRASAH TSANAWIYAH NEGERI KUALA TUNGKAL II KAB TANJUNG JABUNG BARAT MTSN 1 TANJUNG JABUNG BARAT 425962 — Kementerian Agama,Kementerian Agama,MADRASAH TSANAWIYAH NEGERI KUALA TUNGKAL II KAB TANJUNG JABUNG BARAT MTSN 1 TANJUNG JABUNG BARAT 425962,"Jambi, Tanjung Jabung Barat (Kab.)",NATIONAL,1,12000000,May 2026,LAPTOP,,,,,,,,
MADRASAH TSANAWIYAH NEGERI PENGABUAN MTSN 3 KAB TANJUNG JABUNG BARAT 681052,MADRASAH TSANAWIYAH NEGERI PENGABUAN MTSN 3 KAB TANJUNG JABUNG BARAT 681052 — Kementerian Agama,Kementerian Agama,MADRASAH TSANAWIYAH NEGERI PENGABUAN MTSN 3 KAB TANJUNG JABUNG BARAT 681052,"Jambi, Tanjung Jabung Barat (Kab.)",NATIONAL,1,3000000,May 2026,PRINTER,,,,,,,,
MADRASAH TSANAWIYAH NEGERI SIJENJANG MTSN 6 KOTA JAMBI 603561,MADRASAH TSANAWIYAH NEGERI SIJENJANG MTSN 6 KOTA JAMBI 603561 — Kementerian Agama,Kementerian Agama,MADRASAH TSANAWIYAH NEGERI SIJENJANG MTSN 6 KOTA JAMBI 603561,"Jambi, Jambi (Kota)",NATIONAL,3,33000000,May 2026,IT_HARDWARE; LAPTOP; PRINTER,,,,,,,,
MADRASAH TSANAWIYAH NEGERI SURABAYA 2 KOTA SURABAYA 425777,MADRASAH TSANAWIYAH NEGERI SURABAYA 2 KOTA SURABAYA 425777 — Kementerian Agama,Kementerian Agama,MADRASAH TSANAWIYAH NEGERI SURABAYA 2 KOTA SURABAYA 425777,"Jawa Timur, Surabaya (Kota)",NATIONAL,1,6000000,May 2026,PRINTER,,,,,,,,
MAN Insan Cendekia Kota Kendari 205139,MAN Insan Cendekia Kota Kendari 205139 — Kementerian Agama,Kementerian Agama,MAN Insan Cendekia Kota Kendari 205139,"Sulawesi Tenggara, Kendari (Kota)",NATIONAL,2,98300000,June 2026; May 2026,LAPTOP; NETWORKING; PRINTER,,,,,,,,
MENTERI NEGARA PENDAYAGUNAAN APARATUR NEGARA,MENTERI NEGARA PENDAYAGUNAAN APARATUR NEGARA — Kementerian Pendayagunaan Aparatur Negara Dan Reformasi Birokrasi,Kementerian Pendayagunaan Aparatur Negara Dan Reformasi Birokrasi,MENTERI NEGARA PENDAYAGUNAAN APARATUR NEGARA,"DKI Jakarta, Jakarta Selatan (Kota)",NATIONAL,9,2349000000,June 2026; May 2026,CAMERA_VIDEO; LAPTOP; NETWORKING; SERVER,,,,,,,,
Makostrad TNI AD,Makostrad TNI AD — Kementerian Pertahanan,Kementerian Pertahanan,Makostrad TNI AD,"DKI Jakarta, Jakarta Pusat (Kota)",NATIONAL,3,164560775,May 2026,IT_HARDWARE; NETWORKING,,,,,,,,
Museum dan Cagar Budaya,Museum dan Cagar Budaya — Kementerian Kebudayaan,Kementerian Kebudayaan,Museum dan Cagar Budaya,"DKI Jakarta, Jakarta Timur (Kota)",NATIONAL,3,1219400000,May 2026,AUDIO; STORAGE,,,,,,,,
PANGKALAN SARANA OPERASI DJBC KUPANG,PANGKALAN SARANA OPERASI DJBC KUPANG — Kementerian Keuangan,Kementerian Keuangan,PANGKALAN SARANA OPERASI DJBC KUPANG,"Nusa Tenggara Timur, Kupang (Kota)",NATIONAL,1,1193000,May 2026,NETWORKING,,,,,,,,
PANTI PERLINDUNGAN DAN REHABILITASI SOSIAL ANAK DAN REMAJA MULIA SATRIA,PANTI PERLINDUNGAN DAN REHABILITASI SOSIAL ANAK DAN REMAJA MULIA SATRIA — Provinsi Kalimantan Selatan,Provinsi Kalimantan Selatan,PANTI PERLINDUNGAN DAN REHABILITASI SOSIAL ANAK DAN REMAJA MULIA SATRIA,"Kalimantan Selatan, Banjar Baru (Kota)",PROVINCE,3,162000000,May 2026,IT_HARDWARE; OFFICE_FURNITURE,,,,,,,,
PANTI PERLINDUNGAN DAN REHABILITASI SOSIAL LANJUT USIA BUDI SEJAHTERA,PANTI PERLINDUNGAN DAN REHABILITASI SOSIAL LANJUT USIA BUDI SEJAHTERA — Provinsi Kalimantan Selatan,Provinsi Kalimantan Selatan,PANTI PERLINDUNGAN DAN REHABILITASI SOSIAL LANJUT USIA BUDI SEJAHTERA,"Kalimantan Selatan, Banjar Baru (Kota)",PROVINCE,2,7980000,June 2026; May 2026,CCTV; IT_HARDWARE,,,,,,,,
PANTI REHABILITASI SOSIAL PENYANDANG DISABILITAS ISKAYA BANARAN,PANTI REHABILITASI SOSIAL PENYANDANG DISABILITAS ISKAYA BANARAN — Provinsi Kalimantan Selatan,Provinsi Kalimantan Selatan,PANTI REHABILITASI SOSIAL PENYANDANG DISABILITAS ISKAYA BANARAN,"Kalimantan Selatan, Banjar Baru (Kota)",PROVINCE,3,75000000,May 2026,IT_HARDWARE; OFFICE_FURNITURE,,,,,,,,
PANTI REHABILITASI SOSIAL PENYANDANG DISABILITAS NETRA DAN FISIK FAJAR HARAPAN,PANTI REHABILITASI SOSIAL PENYANDANG DISABILITAS NETRA DAN FISIK FAJAR HARAPAN — Provinsi Kalimantan Selatan,Provinsi Kalimantan Selatan,PANTI REHABILITASI SOSIAL PENYANDANG DISABILITAS NETRA DAN FISIK FAJAR HARAPAN,"Kalimantan Selatan, Banjar (Kab.)",PROVINCE,1,9000000,June 2026,PRINTER,,,,,,,,
PANTI SOSIAL ASUHAN ANAK PUTRA UTAMA 1,PANTI SOSIAL ASUHAN ANAK PUTRA UTAMA 1 — Provinsi DKI Jakarta,Provinsi DKI Jakarta,PANTI SOSIAL ASUHAN ANAK PUTRA UTAMA 1,"DKI Jakarta, Jakarta Timur (Kota)",PROVINCE,1,1671376,May 2026,DESKTOP; IT_HARDWARE,,,,,,,,
PANTI SOSIAL BINA DAKSA BUDI BHAKTI 1,PANTI SOSIAL BINA DAKSA BUDI BHAKTI 1 — Provinsi DKI Jakarta,Provinsi DKI Jakarta,PANTI SOSIAL BINA DAKSA BUDI BHAKTI 1,"DKI Jakarta, Jakarta Barat (Kota)",PROVINCE,1,817600,May 2026,IT_HARDWARE,,,,,,,,
PANTI SOSIAL BINA DAKSA BUDI BHAKTI 2,PANTI SOSIAL BINA DAKSA BUDI BHAKTI 2 — Provinsi DKI Jakarta,Provinsi DKI Jakarta,PANTI SOSIAL BINA DAKSA BUDI BHAKTI 2,"DKI Jakarta, Jakarta Barat (Kota)",PROVINCE,1,195316800,May 2026,OFFICE_FURNITURE,,,,,,,,
PANTI SOSIAL BINA GRAHITA BELAIAN KASIH,PANTI SOSIAL BINA GRAHITA BELAIAN KASIH — Provinsi DKI Jakarta,Provinsi DKI Jakarta,PANTI SOSIAL BINA GRAHITA BELAIAN KASIH,"DKI Jakarta, Jakarta Barat (Kota)",PROVINCE,1,11267200,May 2026,IT_HARDWARE; LAPTOP,,,,,,,,
PANTI SOSIAL BINA LARAS HARAPAN SENTOSA 3,PANTI SOSIAL BINA LARAS HARAPAN SENTOSA 3 — Provinsi DKI Jakarta,Provinsi DKI Jakarta,PANTI SOSIAL BINA LARAS HARAPAN SENTOSA 3,"DKI Jakarta, Jakarta Barat (Kota)",PROVINCE,1,9542400,June 2026,IT_HARDWARE; PRINTER,,,,,,,,
PANTI SOSIAL BINA NETRA DAN RUNGU WICARA CAHAYA BATIN,PANTI SOSIAL BINA NETRA DAN RUNGU WICARA CAHAYA BATIN — Provinsi DKI Jakarta,Provinsi DKI Jakarta,PANTI SOSIAL BINA NETRA DAN RUNGU WICARA CAHAYA BATIN,"DKI Jakarta, Jakarta Timur (Kota)",PROVINCE,2,7952000,May 2026,DESKTOP; IT_HARDWARE; LAPTOP; PRINTER,,,,,,,,
PANTI SOSIAL BINA REMAJA TARUNA JAYA 1,PANTI SOSIAL BINA REMAJA TARUNA JAYA 1 — Provinsi DKI Jakarta,Provinsi DKI Jakarta,PANTI SOSIAL BINA REMAJA TARUNA JAYA 1,"DKI Jakarta, Jakarta Selatan (Kota)",PROVINCE,1,886816,June 2026,IT_HARDWARE,,,,,,,,
PANTI SOSIAL TRESNA WERDHA BUDI MULIA 4,PANTI SOSIAL TRESNA WERDHA BUDI MULIA 4 — Provinsi DKI Jakarta,Provinsi DKI Jakarta,PANTI SOSIAL TRESNA WERDHA BUDI MULIA 4,"DKI Jakarta, Jakarta Timur (Kota)",PROVINCE,2,18316256,June 2026,CCTV; IT_HARDWARE,,,,,,,,
PAS05 LAPAS PEREMPUAN KELAS II B JAMBI,PAS05 LAPAS PEREMPUAN KELAS II B JAMBI — Kementerian Imigrasi dan Pemasyarakatan,Kementerian Imigrasi dan Pemasyarakatan,PAS05 LAPAS PEREMPUAN KELAS II B JAMBI,"Jambi, Muaro Jambi (Kab.)",NATIONAL,2,13900000,June 2026,CCTV; LAPTOP,,,,,,,,
PAS10 RUTAN KELAS I JAKARTA PUSAT,PAS10 RUTAN KELAS I JAKARTA PUSAT — Kementerian Imigrasi dan Pemasyarakatan,Kementerian Imigrasi dan Pemasyarakatan,PAS10 RUTAN KELAS I JAKARTA PUSAT,"DKI Jakarta, Jakarta Pusat (Kota)",NATIONAL,2,27000000,June 2026,SERVER,,,,,,,,
PAS11 LAPAS KELAS II A WARUNG KIARA,PAS11 LAPAS KELAS II A WARUNG KIARA — Kementerian Imigrasi dan Pemasyarakatan,Kementerian Imigrasi dan Pemasyarakatan,PAS11 LAPAS KELAS II A WARUNG KIARA,"Jawa Barat, Sukabumi (Kab.)",NATIONAL,1,7200000,May 2026,SCANNER,,,,,,,,
PAS14 LAPAS PEREMPUAN KELAS II B YOGYAKARTA,PAS14 LAPAS PEREMPUAN KELAS II B YOGYAKARTA — Kementerian Imigrasi dan Pemasyarakatan,Kementerian Imigrasi dan Pemasyarakatan,PAS14 LAPAS PEREMPUAN KELAS II B YOGYAKARTA,"DI Yogyakarta, Gunung Kidul (Kab.)",NATIONAL,1,44400000,May 2026,OFFICE_FURNITURE,,,,,,,,
PAS15 KANWIL DITJEN PEMASYARAKATAN JAWA TIMUR,PAS15 KANWIL DITJEN PEMASYARAKATAN JAWA TIMUR — Kementerian Imigrasi dan Pemasyarakatan,Kementerian Imigrasi dan Pemasyarakatan,PAS15 KANWIL DITJEN PEMASYARAKATAN JAWA TIMUR,"Jawa Timur, Sidoarjo (Kab.)",NATIONAL,1,12420000,May 2026,PRINTER,,,,,,,,
PAS32 LEMBAGA PEMBINAAN KHUSUS ANAK KELAS II BATAM,PAS32 LEMBAGA PEMBINAAN KHUSUS ANAK KELAS II BATAM — Kementerian Imigrasi dan Pemasyarakatan,Kementerian Imigrasi dan Pemasyarakatan,PAS32 LEMBAGA PEMBINAAN KHUSUS ANAK KELAS II BATAM,"Kepulauan Riau, Bintan (Kab.)",NATIONAL,1,4620000,May 2026,OFFICE_FURNITURE,,,,,,,,
PASUKAN BRIMOB I KORBRIMOB,PASUKAN BRIMOB I KORBRIMOB — Kepolisian Negara Republik Indonesia,Kepolisian Negara Republik Indonesia,PASUKAN BRIMOB I KORBRIMOB,"Sumatera Utara, Binjai (Kota)",OTHER,3,14400000,May 2026,IT_HARDWARE; LAPTOP; PRINTER,,,,,,,,
PASUKAN PENGAMANAN PRESIDEN,PASUKAN PENGAMANAN PRESIDEN — Kementerian Sekretariat Negara,Kementerian Sekretariat Negara,PASUKAN PENGAMANAN PRESIDEN,"DKI Jakarta, Jakarta Pusat (Kota) | DKI Jakarta, Jakarta Pusat (Kota) | DKI Jakarta, Jakarta Pusat (Kota) | DKI Jakarta, Jakarta Pusat (Kota)",NATIONAL,2,33414768000,May 2026,NETWORKING,,,,,,,,
PELABUHAN PERIKANAN NUSANTARA PENGAMBENGAN,PELABUHAN PERIKANAN NUSANTARA PENGAMBENGAN — Kementerian Kelautan Dan Perikanan,Kementerian Kelautan Dan Perikanan,PELABUHAN PERIKANAN NUSANTARA PENGAMBENGAN,"Bali, Jembrana (Kab.)",NATIONAL,1,1600000,May 2026,IT_HARDWARE,,,,,,,,
PELABUHAN PERIKANAN NUSANTARA TERNATE,PELABUHAN PERIKANAN NUSANTARA TERNATE — Kementerian Kelautan Dan Perikanan,Kementerian Kelautan Dan Perikanan,PELABUHAN PERIKANAN NUSANTARA TERNATE,"Maluku Utara, Ternate (Kota)",NATIONAL,1,28608000,June 2026,STORAGE,,,,,,,,
PELABUHAN PERIKANAN NUSANTARA TUAL,PELABUHAN PERIKANAN NUSANTARA TUAL — Kementerian Kelautan Dan Perikanan,Kementerian Kelautan Dan Perikanan,PELABUHAN PERIKANAN NUSANTARA TUAL,"Maluku, Tual (Kota)",NATIONAL,1,26630000,June 2026,CCTV,,,,,,,,
PELABUHAN PERIKANAN SAMUDERA CILACAP,PELABUHAN PERIKANAN SAMUDERA CILACAP — Kementerian Kelautan Dan Perikanan,Kementerian Kelautan Dan Perikanan,PELABUHAN PERIKANAN SAMUDERA CILACAP,"Jawa Tengah, Cilacap (Kab.)",NATIONAL,1,15000000,June 2026,IT_HARDWARE,,,,,,,,
PEMBANGUNAN INFRASTRUKTUR,PEMBANGUNAN INFRASTRUKTUR — Otorita Ibu Kota Nusantara (OIKN),Otorita Ibu Kota Nusantara (OIKN),PEMBANGUNAN INFRASTRUKTUR,"Kalimantan Timur, Penajem Paser Utara (Kab.)",LOCAL_AGENCY,1,5000000000,May 2026,OFFICE_FURNITURE,,,,,,,,
PEMERINTAH KECAMATAN ENAM LINGKUNG,PEMERINTAH KECAMATAN ENAM LINGKUNG — Kab. Padang Pariaman,Kab. Padang Pariaman,PEMERINTAH KECAMATAN ENAM LINGKUNG,"Sumatera Barat, Padang Pariaman (Kab.)",LOCAL_AGENCY,1,1241000,June 2026,DESKTOP; IT_HARDWARE,,,,,,,,
PENGADILAN AGAMA JAKARTA UTARA 01,PENGADILAN AGAMA JAKARTA UTARA 01 — Mahkamah Agung,Mahkamah Agung,PENGADILAN AGAMA JAKARTA UTARA 01,"DKI Jakarta, Jakarta Utara (Kota)",NATIONAL,2,7800000,May 2026,CAMERA_VIDEO; PRINTER,,,,,,,,
PENGADILAN AGAMA KUALA KURUN 01,PENGADILAN AGAMA KUALA KURUN 01 — Mahkamah Agung,Mahkamah Agung,PENGADILAN AGAMA KUALA KURUN 01,"Kalimantan Tengah, Gunung Mas (Kab.)",NATIONAL,1,20000000,May 2026,OFFICE_FURNITURE,,,,,,,,
PENGADILAN AGAMA MAGETAN 01,PENGADILAN AGAMA MAGETAN 01 — Mahkamah Agung,Mahkamah Agung,PENGADILAN AGAMA MAGETAN 01,"Jawa Timur, Magetan (Kab.)",NATIONAL,1,1440000,May 2026,PRINTER,,,,,,,,
PENGADILAN AGAMA SENTANI,PENGADILAN AGAMA SENTANI — Mahkamah Agung,Mahkamah Agung,PENGADILAN AGAMA SENTANI,"Papua, Jayapura (Kab.)",NATIONAL,2,37000000,June 2026,OFFICE_FURNITURE,,,,,,,,
PENGADILAN AGAMA SUKAMARA01,PENGADILAN AGAMA SUKAMARA01 — Mahkamah Agung,Mahkamah Agung,PENGADILAN AGAMA SUKAMARA01,"Kalimantan Tengah, Sukamara (Kab.)",NATIONAL,1,20000000,May 2026,OFFICE_FURNITURE,,,,,,,,
PENGADILAN MILITER UTAMA 01,PENGADILAN MILITER UTAMA 01 — Mahkamah Agung,Mahkamah Agung,PENGADILAN MILITER UTAMA 01,"DKI Jakarta, Jakarta Timur (Kota)",NATIONAL,1,6650000,May 2026,PRINTER,,,,,,,,
PENGADILAN NEGERI CIANJUR 01,PENGADILAN NEGERI CIANJUR 01 — Mahkamah Agung,Mahkamah Agung,PENGADILAN NEGERI CIANJUR 01,"Jawa Barat, Cianjur (Kab.)",NATIONAL,1,80000000,May 2026,LAPTOP,,,,,,,,
PENGADILAN NEGERI KUDUS 01,PENGADILAN NEGERI KUDUS 01 — Mahkamah Agung,Mahkamah Agung,PENGADILAN NEGERI KUDUS 01,"Jawa Tengah, Kudus (Kab.)",NATIONAL,1,1800000,May 2026,PRINTER,,,,,,,,
PENGADILAN NEGERI KUPANG 01,PENGADILAN NEGERI KUPANG 01 — Mahkamah Agung,Mahkamah Agung,PENGADILAN NEGERI KUPANG 01,"Nusa Tenggara Timur, Kupang (Kota)",NATIONAL,1,25000000,May 2026,OFFICE_FURNITURE,,,,,,,,
PENGADILAN NEGERI MANDAILING NATAL 01,PENGADILAN NEGERI MANDAILING NATAL 01 — Mahkamah Agung,Mahkamah Agung,PENGADILAN NEGERI MANDAILING NATAL 01,"Sumatera Utara, Mandailing Natal (Kab.)",NATIONAL,2,74000000,June 2026,OFFICE_FURNITURE,,,,,,,,
PENGADILAN NEGERI NEGARA 01,PENGADILAN NEGERI NEGARA 01 — Mahkamah Agung,Mahkamah Agung,PENGADILAN NEGERI NEGARA 01,"Bali, Jembrana (Kab.)",NATIONAL,1,1440000,June 2026,PRINTER,,,,,,,,
PENGADILAN NEGERI PAINAN 01,PENGADILAN NEGERI PAINAN 01 — Mahkamah Agung,Mahkamah Agung,PENGADILAN NEGERI PAINAN 01,"Sumatera Barat, Pesisir Selatan (Kab.)",NATIONAL,2,67000000,May 2026,OFFICE_FURNITURE,,,,,,,,
PENGADILAN NEGERI SELONG 01,PENGADILAN NEGERI SELONG 01 — Mahkamah Agung,Mahkamah Agung,PENGADILAN NEGERI SELONG 01,"Nusa Tenggara Barat, Lombok Timur (Kab.)",NATIONAL,1,15000000,May 2026,OFFICE_FURNITURE,,,,,,,,
PENGADILAN NEGERI SITUBONDO01,PENGADILAN NEGERI SITUBONDO01 — Mahkamah Agung,Mahkamah Agung,PENGADILAN NEGERI SITUBONDO01,"Jawa Timur, Situbondo (Kab.)",NATIONAL,1,5000000,May 2026,OFFICE_FURNITURE,,,,,,,,
PENGADILAN NEGERI TANJUNG PINANG 01,PENGADILAN NEGERI TANJUNG PINANG 01 — Mahkamah Agung,Mahkamah Agung,PENGADILAN NEGERI TANJUNG PINANG 01,"Kepulauan Riau, Tanjung Pinang (Kota)",NATIONAL,1,50000000,May 2026,OFFICE_FURNITURE,,,,,,,,
PENGADILAN NEGERI TERNATE 01,PENGADILAN NEGERI TERNATE 01 — Mahkamah Agung,Mahkamah Agung,PENGADILAN NEGERI TERNATE 01,"Maluku Utara, Ternate (Kota)",NATIONAL,1,139000000,May 2026,NETWORKING,,,,,,,,
PENGADILAN NEGERI WANGI WANGI 01,PENGADILAN NEGERI WANGI WANGI 01 — Mahkamah Agung,Mahkamah Agung,PENGADILAN NEGERI WANGI WANGI 01,"Sulawesi Tenggara, Wakatobi (Kab.)",NATIONAL,2,50000000,May 2026,OFFICE_FURNITURE,,,,,,,,
PENGADILAN TATA USAHA NEGARA SERANG 01,PENGADILAN TATA USAHA NEGARA SERANG 01 — Mahkamah Agung,Mahkamah Agung,PENGADILAN TATA USAHA NEGARA SERANG 01,"Banten, Serang (Kota)",NATIONAL,3,17706000,June 2026,CAMERA_VIDEO; PRINTER; SERVER,,,,,,,,
PENGADILAN TATA USAHA NEGARA UJUNG PANDANG 01,PENGADILAN TATA USAHA NEGARA UJUNG PANDANG 01 — Mahkamah Agung,Mahkamah Agung,PENGADILAN TATA USAHA NEGARA UJUNG PANDANG 01,"Sulawesi Selatan, Makassar (Kota)",NATIONAL,1,20000000,May 2026,OFFICE_FURNITURE,,,,,,,,
PENGADILAN TINGGI AGAMA KUPANG 01,PENGADILAN TINGGI AGAMA KUPANG 01 — Mahkamah Agung,Mahkamah Agung,PENGADILAN TINGGI AGAMA KUPANG 01,"Nusa Tenggara Timur, Kupang (Kota)",NATIONAL,1,20000000,May 2026,OFFICE_FURNITURE,,,,,,,,
PENGADILAN TINGGI AGAMA PALEMBANG 01,PENGADILAN TINGGI AGAMA PALEMBANG 01 — Mahkamah Agung,Mahkamah Agung,PENGADILAN TINGGI AGAMA PALEMBANG 01,"Sumatera Selatan, Palembang (Kota)",NATIONAL,1,3000000,June 2026,CAMERA_VIDEO,,,,,,,,
PENGADILAN TINGGI JAMBI 01,PENGADILAN TINGGI JAMBI 01 — Mahkamah Agung,Mahkamah Agung,PENGADILAN TINGGI JAMBI 01,"Jambi, Jambi (Kota)",NATIONAL,1,7145000,May 2026,OFFICE_FURNITURE,,,,,,,,
PENGADILAN TINGGI KALIMANTAN UTARA 01,PENGADILAN TINGGI KALIMANTAN UTARA 01 — Mahkamah Agung,Mahkamah Agung,PENGADILAN TINGGI KALIMANTAN UTARA 01,"Kalimantan Utara, Bulungan (Kab.)",NATIONAL,1,35000000,May 2026,OFFICE_FURNITURE,,,,,,,,
PENGELOLAAN INFRASTRUKTUR,PENGELOLAAN INFRASTRUKTUR — Otorita Ibu Kota Nusantara (OIKN),Otorita Ibu Kota Nusantara (OIKN),PENGELOLAAN INFRASTRUKTUR,"Kalimantan Timur, Penajem Paser Utara (Kab.)",LOCAL_AGENCY,2,655200000,May 2026,NETWORKING; OFFICE_FURNITURE,,,,,,,,
PERWAKILAN BPKP PROVINSI BALI,PERWAKILAN BPKP PROVINSI BALI — Badan Pengawasan Keuangan Dan Pembangunan,Badan Pengawasan Keuangan Dan Pembangunan,PERWAKILAN BPKP PROVINSI BALI,"Bali, Denpasar (Kota)",PROVINCE,4,592830000,May 2026,OFFICE_FURNITURE; SCANNER,,,,,,,,
PERWAKILAN BPKP PROVINSI BANTEN,PERWAKILAN BPKP PROVINSI BANTEN — Badan Pengawasan Keuangan Dan Pembangunan,Badan Pengawasan Keuangan Dan Pembangunan,PERWAKILAN BPKP PROVINSI BANTEN,"Banten, Serang (Kota)",PROVINCE,6,1361505000,May 2026,OFFICE_FURNITURE; STORAGE,,,,,,,,
PERWAKILAN BPKP PROVINSI JAMBI,PERWAKILAN BPKP PROVINSI JAMBI — Badan Pengawasan Keuangan Dan Pembangunan,Badan Pengawasan Keuangan Dan Pembangunan,PERWAKILAN BPKP PROVINSI JAMBI,"Jambi, Jambi (Kota)",PROVINCE,4,159850000,May 2026,NETWORKING; OFFICE_FURNITURE; PRINTER; SCANNER,,,,,,,,
PERWAKILAN BPKP PROVINSI JAWA BARAT,PERWAKILAN BPKP PROVINSI JAWA BARAT — Badan Pengawasan Keuangan Dan Pembangunan,Badan Pengawasan Keuangan Dan Pembangunan,PERWAKILAN BPKP PROVINSI JAWA BARAT,"Jawa Barat, Bandung (Kota)",PROVINCE,2,146300000,May 2026,OFFICE_FURNITURE; PRINTER,,,,,,,,
PERWAKILAN BPKP PROVINSI JAWA TENGAH,PERWAKILAN BPKP PROVINSI JAWA TENGAH — Badan Pengawasan Keuangan Dan Pembangunan,Badan Pengawasan Keuangan Dan Pembangunan,PERWAKILAN BPKP PROVINSI JAWA TENGAH,"Jawa Tengah, Semarang (Kota)",PROVINCE,6,173722000,May 2026,CCTV; OFFICE_FURNITURE,,,,,,,,
PERWAKILAN BPKP PROVINSI KALIMANTAN BARAT,PERWAKILAN BPKP PROVINSI KALIMANTAN BARAT — Badan Pengawasan Keuangan Dan Pembangunan,Badan Pengawasan Keuangan Dan Pembangunan,PERWAKILAN BPKP PROVINSI KALIMANTAN BARAT,"Kalimantan Barat, Pontianak (Kota)",PROVINCE,6,441480000,June 2026; May 2026,OFFICE_FURNITURE; PRINTER; SCANNER,,,,,,,,
PERWAKILAN BPKP PROVINSI KALIMANTAN SELATAN,PERWAKILAN BPKP PROVINSI KALIMANTAN SELATAN — Badan Pengawasan Keuangan Dan Pembangunan,Badan Pengawasan Keuangan Dan Pembangunan,PERWAKILAN BPKP PROVINSI KALIMANTAN SELATAN,"Kalimantan Selatan, Banjar Baru (Kota)",PROVINCE,2,14250000,June 2026,PRINTER; SCANNER,,,,,,,,
PERWAKILAN BPKP PROVINSI KEPULAUAN BANGKA BELITUNG,PERWAKILAN BPKP PROVINSI KEPULAUAN BANGKA BELITUNG — Badan Pengawasan Keuangan Dan Pembangunan,Badan Pengawasan Keuangan Dan Pembangunan,PERWAKILAN BPKP PROVINSI KEPULAUAN BANGKA BELITUNG,"Kep. Bangka Belitung, Pangkal Pinang (Kota) | Kep. Bangka Belitung, Pangkal Pinang (Kota)",PROVINCE,3,601400000,May 2026,OFFICE_FURNITURE,,,,,,,,
PERWAKILAN BPKP PROVINSI KEPULAUAN RIAU,PERWAKILAN BPKP PROVINSI KEPULAUAN RIAU — Badan Pengawasan Keuangan Dan Pembangunan,Badan Pengawasan Keuangan Dan Pembangunan,PERWAKILAN BPKP PROVINSI KEPULAUAN RIAU,"Kepulauan Riau, Batam (Kota)",PROVINCE,5,1080360000,May 2026,OFFICE_FURNITURE; PRINTER,,,,,,,,
PERWAKILAN BPKP PROVINSI LAMPUNG,PERWAKILAN BPKP PROVINSI LAMPUNG — Badan Pengawasan Keuangan Dan Pembangunan,Badan Pengawasan Keuangan Dan Pembangunan,PERWAKILAN BPKP PROVINSI LAMPUNG,"Lampung, Bandar Lampung (Kota)",PROVINCE,5,424186000,June 2026,OFFICE_FURNITURE,,,,,,,,
PERWAKILAN BPKP PROVINSI MALUKU UTARA,PERWAKILAN BPKP PROVINSI MALUKU UTARA — Badan Pengawasan Keuangan Dan Pembangunan,Badan Pengawasan Keuangan Dan Pembangunan,PERWAKILAN BPKP PROVINSI MALUKU UTARA,"Maluku Utara, Tidore Kepulauan (Kota)",PROVINCE,4,315859000,May 2026,OFFICE_FURNITURE; PRINTER,,,,,,,,
PERWAKILAN BPKP PROVINSI NANGGROE ACEH DARUSSALAM,PERWAKILAN BPKP PROVINSI NANGGROE ACEH DARUSSALAM — Badan Pengawasan Keuangan Dan Pembangunan,Badan Pengawasan Keuangan Dan Pembangunan,PERWAKILAN BPKP PROVINSI NANGGROE ACEH DARUSSALAM,"Aceh, Banda Aceh (Kota)",PROVINCE,5,465365000,May 2026,NETWORKING; OFFICE_FURNITURE; PRINTER; SCANNER,,,,,,,,
PERWAKILAN BPKP PROVINSI PAPUA BARAT,PERWAKILAN BPKP PROVINSI PAPUA BARAT — Badan Pengawasan Keuangan Dan Pembangunan,Badan Pengawasan Keuangan Dan Pembangunan,PERWAKILAN BPKP PROVINSI PAPUA BARAT,"Papua Barat, Manokwari (Kab.)",PROVINCE,2,775615000,May 2026,OFFICE_FURNITURE; PRINTER; SCANNER,,,,,,,,
PERWAKILAN BPKP PROVINSI RIAU,PERWAKILAN BPKP PROVINSI RIAU — Badan Pengawasan Keuangan Dan Pembangunan,Badan Pengawasan Keuangan Dan Pembangunan,PERWAKILAN BPKP PROVINSI RIAU,"Riau, Pekanbaru (Kota)",PROVINCE,3,17511000,May 2026,OFFICE_FURNITURE; PRINTER; SCANNER,,,,,,,,
PERWAKILAN BPKP PROVINSI SULAWESI TENGGARA,PERWAKILAN BPKP PROVINSI SULAWESI TENGGARA — Badan Pengawasan Keuangan Dan Pembangunan,Badan Pengawasan Keuangan Dan Pembangunan,PERWAKILAN BPKP PROVINSI SULAWESI TENGGARA,"Sulawesi Tenggara, Kendari (Kota)",PROVINCE,5,605343000,May 2026,OFFICE_FURNITURE; PRINTER; SCANNER,,,,,,,,
PERWAKILAN BPKP PROVINSI SUMATERA SELATAN,PERWAKILAN BPKP PROVINSI SUMATERA SELATAN — Badan Pengawasan Keuangan Dan Pembangunan,Badan Pengawasan Keuangan Dan Pembangunan,PERWAKILAN BPKP PROVINSI SUMATERA SELATAN,"Sumatera Selatan, Palembang (Kota)",PROVINCE,2,478825000,May 2026,OFFICE_FURNITURE,,,,,,,,
PERWAKILAN BPKP PROVINSI SUMATERA UTARA,PERWAKILAN BPKP PROVINSI SUMATERA UTARA — Badan Pengawasan Keuangan Dan Pembangunan,Badan Pengawasan Keuangan Dan Pembangunan,PERWAKILAN BPKP PROVINSI SUMATERA UTARA,"Sumatera Utara, Medan (Kota)",PROVINCE,5,731627000,May 2026,OFFICE_FURNITURE; PRINTER,,,,,,,,
POLITEKNIK ENERGI DAN MINERAL AKAMIGAS,POLITEKNIK ENERGI DAN MINERAL AKAMIGAS — Kementerian Energi Dan Sumber Daya Mineral,Kementerian Energi Dan Sumber Daya Mineral,POLITEKNIK ENERGI DAN MINERAL AKAMIGAS,"Jawa Tengah, Blora (Kab.)",NATIONAL,1,226100000,May 2026,CCTV,,,,,,,,
POLITEKNIK ILMU PELAYARAN SEMARANG,POLITEKNIK ILMU PELAYARAN SEMARANG — Kementerian Perhubungan,Kementerian Perhubungan,POLITEKNIK ILMU PELAYARAN SEMARANG,"Jawa Tengah, Semarang (Kota)",NATIONAL,1,600000000,June 2026,NETWORKING,,,,,,,,
POLITEKNIK KELAUTAN DAN PERIKANAN BITUNG,POLITEKNIK KELAUTAN DAN PERIKANAN BITUNG — Kementerian Kelautan Dan Perikanan,Kementerian Kelautan Dan Perikanan,POLITEKNIK KELAUTAN DAN PERIKANAN BITUNG,"Sulawesi Utara, Bitung (Kota)",NATIONAL,1,102013000,May 2026,NETWORKING,,,,,,,,
POLITEKNIK KELAUTAN DAN PERIKANAN KARAWANG,POLITEKNIK KELAUTAN DAN PERIKANAN KARAWANG — Kementerian Kelautan Dan Perikanan,Kementerian Kelautan Dan Perikanan,POLITEKNIK KELAUTAN DAN PERIKANAN KARAWANG,"Jawa Barat, Karawang (Kab.)",NATIONAL,2,9072000,June 2026; May 2026,IT_HARDWARE; NETWORKING,,,,,,,,
POLITEKNIK KESEHATAN ACEH,POLITEKNIK KESEHATAN ACEH — Kementerian Kesehatan,Kementerian Kesehatan,POLITEKNIK KESEHATAN ACEH,"Aceh, Aceh Besar (Kab.)",NATIONAL,1,76000000,May 2026,AUDIO,,,,,,,,
POLITEKNIK KESEHATAN GORONTALO,POLITEKNIK KESEHATAN GORONTALO — Kementerian Kesehatan,Kementerian Kesehatan,POLITEKNIK KESEHATAN GORONTALO,"Gorontalo, Gorontalo (Kota)",NATIONAL,2,99900000,June 2026,CCTV; NETWORKING,,,,,,,,
POLITEKNIK KESEHATAN JAMBI,POLITEKNIK KESEHATAN JAMBI — Kementerian Kesehatan,Kementerian Kesehatan,POLITEKNIK KESEHATAN JAMBI,"Jambi, Jambi (Kota)",NATIONAL,2,293592000,June 2026; May 2026,CAMERA_VIDEO; IT_HARDWARE,,,,,,,,
POLITEKNIK KESEHATAN JAYAPURA PROPINSI PAPUA,POLITEKNIK KESEHATAN JAYAPURA PROPINSI PAPUA — Kementerian Kesehatan,Kementerian Kesehatan,POLITEKNIK KESEHATAN JAYAPURA PROPINSI PAPUA,"Papua, Jayapura (Kota)",NATIONAL,2,370000000,May 2026,NETWORKING,,,,,,,,
POLITEKNIK KESEHATAN MATARAM,POLITEKNIK KESEHATAN MATARAM — Kementerian Kesehatan,Kementerian Kesehatan,POLITEKNIK KESEHATAN MATARAM,"Nusa Tenggara Barat, Mataram (Kota)",NATIONAL,1,2500000,June 2026,IT_HARDWARE,,,,,,,,
POLITEKNIK KESEHATAN PEKAN BARU,POLITEKNIK KESEHATAN PEKAN BARU — Kementerian Kesehatan,Kementerian Kesehatan,POLITEKNIK KESEHATAN PEKAN BARU,"Riau, Pekanbaru (Kota)",NATIONAL,11,4647480000,May 2026,CAMERA_VIDEO; DESKTOP; OFFICE_FURNITURE; STORAGE,,,,,,,,
POLITEKNIK KESEHATAN SORONG,POLITEKNIK KESEHATAN SORONG — Kementerian Kesehatan,Kementerian Kesehatan,POLITEKNIK KESEHATAN SORONG,"Papua Barat Daya, Sorong (Kota)",NATIONAL,9,735700000,May 2026,IT_HARDWARE; LAPTOP; OFFICE_FURNITURE,,,,,,,,
POLITEKNIK KESEHATAN SURABAYA,POLITEKNIK KESEHATAN SURABAYA — Kementerian Kesehatan,Kementerian Kesehatan,POLITEKNIK KESEHATAN SURABAYA,"Jawa Timur, Sumenep (Kab.)",NATIONAL,1,696400000,May 2026,OFFICE_FURNITURE,,,,,,,,
POLITEKNIK KESEHATAN SURAKARTA,POLITEKNIK KESEHATAN SURAKARTA — Kementerian Kesehatan,Kementerian Kesehatan,POLITEKNIK KESEHATAN SURAKARTA,"Jawa Tengah, Surakarta (Kota)",NATIONAL,2,132000000,May 2026,AUDIO; NETWORKING,,,,,,,,
POLITEKNIK KESEHATAN TASIKMALAYA,POLITEKNIK KESEHATAN TASIKMALAYA — Kementerian Kesehatan,Kementerian Kesehatan,POLITEKNIK KESEHATAN TASIKMALAYA,"Jawa Barat, Tasikmalaya (Kota) | Jawa Barat, Tasikmalaya (Kota) | Jawa Barat, Cirebon (Kota)",NATIONAL,1,470916000,May 2026,UPS,,,,,,,,
POLITEKNIK MANUFAKTUR NEGERI BANDUNG,"POLITEKNIK MANUFAKTUR NEGERI BANDUNG — Kementerian Pendidikan Tinggi, Sains, dan Teknologi","Kementerian Pendidikan Tinggi, Sains, dan Teknologi",POLITEKNIK MANUFAKTUR NEGERI BANDUNG,"Jawa Barat, Bandung (Kota)",NATIONAL,1,257384000,May 2026,NETWORKING,,,,,,,,
POLITEKNIK NEGERI AMBON,"POLITEKNIK NEGERI AMBON — Kementerian Pendidikan Tinggi, Sains, dan Teknologi","Kementerian Pendidikan Tinggi, Sains, dan Teknologi",POLITEKNIK NEGERI AMBON,"Maluku, Ambon (Kota)",NATIONAL,6,2925105000,May 2026,OFFICE_FURNITURE; PRINTER,,,,,,,,
POLITEKNIK NEGERI BANDUNG,"POLITEKNIK NEGERI BANDUNG — Kementerian Pendidikan Tinggi, Sains, dan Teknologi","Kementerian Pendidikan Tinggi, Sains, dan Teknologi",POLITEKNIK NEGERI BANDUNG,"Jawa Barat, Bandung Barat (Kab.)",NATIONAL,2,1472000000,May 2026,IT_HARDWARE,,,,,,,,
POLITEKNIK NEGERI BANJARMASIN,"POLITEKNIK NEGERI BANJARMASIN — Kementerian Pendidikan Tinggi, Sains, dan Teknologi","Kementerian Pendidikan Tinggi, Sains, dan Teknologi",POLITEKNIK NEGERI BANJARMASIN,"Kalimantan Selatan, Banjarmasin (Kota)",NATIONAL,1,125000000,May 2026,PRINTER,,,,,,,,
POLITEKNIK NEGERI BATAM,"POLITEKNIK NEGERI BATAM — Kementerian Pendidikan Tinggi, Sains, dan Teknologi","Kementerian Pendidikan Tinggi, Sains, dan Teknologi",POLITEKNIK NEGERI BATAM,"Kepulauan Riau, Batam (Kota)",NATIONAL,1,131448000,May 2026,CAMERA_VIDEO; IT_HARDWARE,,,,,,,,
POLITEKNIK NEGERI BENGKALIS,"POLITEKNIK NEGERI BENGKALIS — Kementerian Pendidikan Tinggi, Sains, dan Teknologi","Kementerian Pendidikan Tinggi, Sains, dan Teknologi",POLITEKNIK NEGERI BENGKALIS,"Riau, Bengkalis (Kab.)",NATIONAL,1,1025000000,May 2026,CCTV; NETWORKING,,,,,,,,
POLITEKNIK NEGERI INDRAMAYU,"POLITEKNIK NEGERI INDRAMAYU — Kementerian Pendidikan Tinggi, Sains, dan Teknologi","Kementerian Pendidikan Tinggi, Sains, dan Teknologi",POLITEKNIK NEGERI INDRAMAYU,"Jawa Barat, Indramayu (Kab.)",NATIONAL,4,163363000,June 2026; May 2026,IT_HARDWARE; NETWORKING,,,,,,,,
POLITEKNIK NEGERI KETAPANG,"POLITEKNIK NEGERI KETAPANG — Kementerian Pendidikan Tinggi, Sains, dan Teknologi","Kementerian Pendidikan Tinggi, Sains, dan Teknologi",POLITEKNIK NEGERI KETAPANG,"Kalimantan Barat, Ketapang (Kab.)",NATIONAL,1,16000000,May 2026,IT_HARDWARE; OFFICE_FURNITURE,,,,,,,,
POLITEKNIK NEGERI KUPANG,"POLITEKNIK NEGERI KUPANG — Kementerian Pendidikan Tinggi, Sains, dan Teknologi","Kementerian Pendidikan Tinggi, Sains, dan Teknologi",POLITEKNIK NEGERI KUPANG,"Nusa Tenggara Timur, Kupang (Kota)",NATIONAL,4,947175000,June 2026; May 2026,CAMERA_VIDEO; IT_HARDWARE; NETWORKING; SERVER,,,,,,,,
POLITEKNIK NEGERI LAMPUNG,"POLITEKNIK NEGERI LAMPUNG — Kementerian Pendidikan Tinggi, Sains, dan Teknologi","Kementerian Pendidikan Tinggi, Sains, dan Teknologi",POLITEKNIK NEGERI LAMPUNG,"Lampung, Bandar Lampung (Kota)",NATIONAL,4,147375000,June 2026; May 2026,CAMERA_VIDEO; OFFICE_FURNITURE,,,,,,,,
POLITEKNIK NEGERI MALANG,"POLITEKNIK NEGERI MALANG — Kementerian Pendidikan Tinggi, Sains, dan Teknologi","Kementerian Pendidikan Tinggi, Sains, dan Teknologi",POLITEKNIK NEGERI MALANG,"Jawa Timur, Malang (Kota)",NATIONAL,2,59180000,May 2026,LAPTOP,,,,,,,,
POLITEKNIK NEGERI MANADO,"POLITEKNIK NEGERI MANADO — Kementerian Pendidikan Tinggi, Sains, dan Teknologi","Kementerian Pendidikan Tinggi, Sains, dan Teknologi",POLITEKNIK NEGERI MANADO,"Sulawesi Utara, Manado (Kota)",NATIONAL,2,150999000,June 2026; May 2026,NETWORKING; PRINTER,,,,,,,,
POLITEKNIK NEGERI PADANG,"POLITEKNIK NEGERI PADANG — Kementerian Pendidikan Tinggi, Sains, dan Teknologi","Kementerian Pendidikan Tinggi, Sains, dan Teknologi",POLITEKNIK NEGERI PADANG,"Sumatera Barat, Padang (Kota)",NATIONAL,11,1414892000,June 2026; May 2026,DESKTOP; IT_HARDWARE; LAPTOP; NETWORKING; OFFICE_FURNITURE; PRINTER; SCANNER,,,,,,,,
POLITEKNIK NEGERI PONTIANAK,"POLITEKNIK NEGERI PONTIANAK — Kementerian Pendidikan Tinggi, Sains, dan Teknologi","Kementerian Pendidikan Tinggi, Sains, dan Teknologi",POLITEKNIK NEGERI PONTIANAK,"Kalimantan Barat, Pontianak (Kota)",NATIONAL,2,339430000,June 2026; May 2026,CAMERA_VIDEO; OFFICE_FURNITURE,,,,,,,,
POLITEKNIK NEGERI SAMARINDA,"POLITEKNIK NEGERI SAMARINDA — Kementerian Pendidikan Tinggi, Sains, dan Teknologi","Kementerian Pendidikan Tinggi, Sains, dan Teknologi",POLITEKNIK NEGERI SAMARINDA,"Kalimantan Timur, Samarinda (Kota)",NATIONAL,3,798753000,May 2026,LAPTOP; OFFICE_FURNITURE,,,,,,,,
POLITEKNIK NEGERI TANAH LAUT,"POLITEKNIK NEGERI TANAH LAUT — Kementerian Pendidikan Tinggi, Sains, dan Teknologi","Kementerian Pendidikan Tinggi, Sains, dan Teknologi",POLITEKNIK NEGERI TANAH LAUT,"Kalimantan Selatan, Tanah Laut (Kab.)",NATIONAL,1,92500000,June 2026,PRINTER,,,,,,,,
POLITEKNIK NEGERI UJUNG PANDANG,"POLITEKNIK NEGERI UJUNG PANDANG — Kementerian Pendidikan Tinggi, Sains, dan Teknologi","Kementerian Pendidikan Tinggi, Sains, dan Teknologi",POLITEKNIK NEGERI UJUNG PANDANG,"Sulawesi Selatan, Makassar (Kota)",NATIONAL,1,645844000,May 2026,IT_HARDWARE,,,,,,,,
POLITEKNIK PENERBANGAN MEDAN,POLITEKNIK PENERBANGAN MEDAN — Kementerian Perhubungan,Kementerian Perhubungan,POLITEKNIK PENERBANGAN MEDAN,"Sumatera Utara, Medan (Kota)",NATIONAL,1,160384000,May 2026,SERVER; UPS,,,,,,,,
POLITEKNIK PERIKANAN NEGERI TUAL,"POLITEKNIK PERIKANAN NEGERI TUAL — Kementerian Pendidikan Tinggi, Sains, dan Teknologi","Kementerian Pendidikan Tinggi, Sains, dan Teknologi",POLITEKNIK PERIKANAN NEGERI TUAL,"Maluku, Maluku Tenggara (Kab.)",NATIONAL,7,451174000,May 2026,DESKTOP; IT_HARDWARE; LAPTOP; PRINTER; SCANNER,,,,,,,,
POLITEKNIK PERKERETAAPIAN INDONESIA MADIUN,POLITEKNIK PERKERETAAPIAN INDONESIA MADIUN — Kementerian Perhubungan,Kementerian Perhubungan,POLITEKNIK PERKERETAAPIAN INDONESIA MADIUN,"Jawa Timur, Madiun (Kota)",NATIONAL,1,210000000,May 2026,NETWORKING,,,,,,,,
POLITEKNIK PERTANIAN NEGERI KUPANG,"POLITEKNIK PERTANIAN NEGERI KUPANG — Kementerian Pendidikan Tinggi, Sains, dan Teknologi","Kementerian Pendidikan Tinggi, Sains, dan Teknologi",POLITEKNIK PERTANIAN NEGERI KUPANG,"Nusa Tenggara Timur, Kupang (Kota)",NATIONAL,3,1049778000,May 2026,IT_HARDWARE; OFFICE_FURNITURE,,,,,,,,
POLITEKNIK PERTANIAN NEGERI PANGKAJENE KEPULAUAN,"POLITEKNIK PERTANIAN NEGERI PANGKAJENE KEPULAUAN — Kementerian Pendidikan Tinggi, Sains, dan Teknologi","Kementerian Pendidikan Tinggi, Sains, dan Teknologi",POLITEKNIK PERTANIAN NEGERI PANGKAJENE KEPULAUAN,"Sulawesi Selatan, Pangkajene Kepulauan (Kab.)",NATIONAL,1,50000000,June 2026,PRINTER,,,,,,,,
POLITEKNIK PERTANIAN NEGERI PAYAKUMBUH,"POLITEKNIK PERTANIAN NEGERI PAYAKUMBUH — Kementerian Pendidikan Tinggi, Sains, dan Teknologi","Kementerian Pendidikan Tinggi, Sains, dan Teknologi",POLITEKNIK PERTANIAN NEGERI PAYAKUMBUH,"Sumatera Barat, Lima Puluh Kota (Kab.)",NATIONAL,1,30000000,May 2026,IT_HARDWARE,,,,,,,,
POLITEKNIK PERTANIAN NEGERI SAMARINDA,"POLITEKNIK PERTANIAN NEGERI SAMARINDA — Kementerian Pendidikan Tinggi, Sains, dan Teknologi","Kementerian Pendidikan Tinggi, Sains, dan Teknologi",POLITEKNIK PERTANIAN NEGERI SAMARINDA,"Kalimantan Timur, Samarinda (Kota)",NATIONAL,9,1439487000,June 2026; May 2026,IT_HARDWARE; NETWORKING; OFFICE_FURNITURE; PRINTER; SERVER,,,,,,,,
POLITEKNIK STIA LAN BANDUNG,POLITEKNIK STIA LAN BANDUNG — Lembaga Administrasi Negara,Lembaga Administrasi Negara,POLITEKNIK STIA LAN BANDUNG,"Jawa Barat, Bandung (Kota)",NATIONAL,1,110000000,May 2026,NETWORKING,,,,,,,,
POLITEKNIK STIA LAN MAKASSAR,POLITEKNIK STIA LAN MAKASSAR — Lembaga Administrasi Negara,Lembaga Administrasi Negara,POLITEKNIK STIA LAN MAKASSAR,"Sulawesi Selatan, Makassar (Kota)",NATIONAL,3,120117000,June 2026,NETWORKING,,,,,,,,
POLITEKNIK TRANSPORTASI SUNGAI DANAU DAN PENYEBERANGAN PALEMBANG,POLITEKNIK TRANSPORTASI SUNGAI DANAU DAN PENYEBERANGAN PALEMBANG — Kementerian Perhubungan,Kementerian Perhubungan,POLITEKNIK TRANSPORTASI SUNGAI DANAU DAN PENYEBERANGAN PALEMBANG,"Sumatera Selatan, Banyuasin (Kab.)",NATIONAL,1,22720000,June 2026,IT_HARDWARE; PRINTER,,,,,,,,
POLRES BOYOLALI POLDA JATENG,POLRES BOYOLALI POLDA JATENG — Kepolisian Negara Republik Indonesia,Kepolisian Negara Republik Indonesia,POLRES BOYOLALI POLDA JATENG,"Jawa Tengah, Boyolali (Kab.)",OTHER,1,217400000,May 2026,NETWORKING,,,,,,,,
POLRES GRESIK POLDA JATIM,POLRES GRESIK POLDA JATIM — Kepolisian Negara Republik Indonesia,Kepolisian Negara Republik Indonesia,POLRES GRESIK POLDA JATIM,"Jawa Timur, Gresik (Kab.)",OTHER,1,86010000,May 2026,IT_HARDWARE; LAPTOP; PRINTER,,,,,,,,
POLRES KARANGANYAR POLDA JATENG,POLRES KARANGANYAR POLDA JATENG — Kepolisian Negara Republik Indonesia,Kepolisian Negara Republik Indonesia,POLRES KARANGANYAR POLDA JATENG,"Jawa Tengah, Karanganyar (Kab.)",OTHER,2,212392000,June 2026,NETWORKING; PRINTER; UPS,,,,,,,,
POLRES KENDAL POLDA JATENG,POLRES KENDAL POLDA JATENG — Kepolisian Negara Republik Indonesia,Kepolisian Negara Republik Indonesia,POLRES KENDAL POLDA JATENG,"Jawa Tengah, Kendal (Kab.)",OTHER,2,483760000,May 2026,DESKTOP; LAPTOP; NETWORKING; PRINTER,,,,,,,,
POLRES METRO DEPOK POLDA METRO JAYA,POLRES METRO DEPOK POLDA METRO JAYA — Kepolisian Negara Republik Indonesia,Kepolisian Negara Republik Indonesia,POLRES METRO DEPOK POLDA METRO JAYA,"Jawa Barat, Depok (Kota)",OTHER,2,1395105000,May 2026,CCTV; NETWORKING,,,,,,,,
POLRES METRO JAKBAR POLDA METRO JAYA,POLRES METRO JAKBAR POLDA METRO JAYA — Kepolisian Negara Republik Indonesia,Kepolisian Negara Republik Indonesia,POLRES METRO JAKBAR POLDA METRO JAYA,"DKI Jakarta, Jakarta Barat (Kota) | DKI Jakarta, Jakarta Barat (Kota) | DKI Jakarta, Jakarta Barat (Kota) | DKI Jakarta, Jakarta Barat (Kota) | DKI Jakarta, Jakarta Barat (Kota) | DKI Jakarta, Jakarta Barat (Kota) | DKI Jakarta, Jakarta Barat (Kota) | DKI Jakarta, Jakarta Barat (Kota) | DKI Jakarta, Jakarta Barat (Kota)",OTHER,1,84050000,May 2026,IT_HARDWARE; PRINTER,,,,,,,,
POLRES PASURUAN KOTA POLDA JATIM,POLRES PASURUAN KOTA POLDA JATIM — Kepolisian Negara Republik Indonesia,Kepolisian Negara Republik Indonesia,POLRES PASURUAN KOTA POLDA JATIM,"Jawa Timur, Pasuruan (Kota)",LOCAL_AGENCY,1,95140000,May 2026,IT_HARDWARE; PRINTER,,,,,,,,
POLRES PEKALONGAN KOTA POLDA JATENG,POLRES PEKALONGAN KOTA POLDA JATENG — Kepolisian Negara Republik Indonesia,Kepolisian Negara Republik Indonesia,POLRES PEKALONGAN KOTA POLDA JATENG,"Jawa Tengah, Pekalongan (Kota)",LOCAL_AGENCY,2,285890000,May 2026,LAPTOP; NETWORKING; PRINTER,,,,,,,,
POLRES SITUBONDO POLDA JATIM,POLRES SITUBONDO POLDA JATIM — Kepolisian Negara Republik Indonesia,Kepolisian Negara Republik Indonesia,POLRES SITUBONDO POLDA JATIM,"Jawa Timur, Situbondo (Kab.)",OTHER,1,1460000,May 2026,IT_HARDWARE,,,,,,,,
POLRES TANAH LAUT POLDA KALSEL,POLRES TANAH LAUT POLDA KALSEL — Kepolisian Negara Republik Indonesia,Kepolisian Negara Republik Indonesia,POLRES TANAH LAUT POLDA KALSEL,"Kalimantan Selatan, Tanah Laut (Kab.)",OTHER,1,1460000,June 2026,IT_HARDWARE,,,,,,,,
POLRES TANGERANG SELATAN POLDA METRO JAYA,POLRES TANGERANG SELATAN POLDA METRO JAYA — Kepolisian Negara Republik Indonesia,Kepolisian Negara Republik Indonesia,POLRES TANGERANG SELATAN POLDA METRO JAYA,"Banten, Tangerang Selatan (Kota)",OTHER,1,85798000,May 2026,IT_HARDWARE,,,,,,,,
POLRES TANGGAMUS POLDA LAMPUNG,POLRES TANGGAMUS POLDA LAMPUNG — Kepolisian Negara Republik Indonesia,Kepolisian Negara Republik Indonesia,POLRES TANGGAMUS POLDA LAMPUNG,"Lampung, Tanggamus (Kab.)",OTHER,1,77380000,May 2026,IT_HARDWARE,,,,,,,,
POLRES TANJUNG JABUNG TIMUR POLDA JAMBI,POLRES TANJUNG JABUNG TIMUR POLDA JAMBI — Kepolisian Negara Republik Indonesia,Kepolisian Negara Republik Indonesia,POLRES TANJUNG JABUNG TIMUR POLDA JAMBI,"Jambi, Tanjung Jabung Timur (Kab.)",OTHER,2,2920000,June 2026; May 2026,IT_HARDWARE,,,,,,,,
POLRES TEGAL KOTA POLDA JATENG,POLRES TEGAL KOTA POLDA JATENG — Kepolisian Negara Republik Indonesia,Kepolisian Negara Republik Indonesia,POLRES TEGAL KOTA POLDA JATENG,"Jawa Tengah, Tegal (Kota)",LOCAL_AGENCY,3,149392000,June 2026,DESKTOP; IT_HARDWARE; LAPTOP; PRINTER; UPS,,,,,,,,
PUSAT BUDIDAYA DAN KONSERVASI LAUT,PUSAT BUDIDAYA DAN KONSERVASI LAUT — Provinsi DKI Jakarta,Provinsi DKI Jakarta,PUSAT BUDIDAYA DAN KONSERVASI LAUT,"DKI Jakarta, Adm. Kepulauan Seribu (Kab.)",PROVINCE,1,61488000,May 2026,OFFICE_FURNITURE,,,,,,,,
PUSAT DATA DAN INFORMASI ASET,PUSAT DATA DAN INFORMASI ASET — Provinsi DKI Jakarta,Provinsi DKI Jakarta,PUSAT DATA DAN INFORMASI ASET,"DKI Jakarta, Jakarta Pusat (Kota)",PROVINCE,2,84655424,June 2026,AUDIO; CAMERA_VIDEO,,,,,,,,
"PUSAT DATA DAN INFORMASI CIPTA KARYA, TATA RUANG DAN PERTANAHAN","PUSAT DATA DAN INFORMASI CIPTA KARYA, TATA RUANG DAN PERTANAHAN — Provinsi DKI Jakarta",Provinsi DKI Jakarta,"PUSAT DATA DAN INFORMASI CIPTA KARYA, TATA RUANG DAN PERTANAHAN","DKI Jakarta, Jakarta Pusat (Kota)",PROVINCE,1,391821248,June 2026,IT_HARDWARE; NETWORKING,,,,,,,,
PUSAT DATA DAN INFORMASI KESEJAHTERAAN SOSIAL,PUSAT DATA DAN INFORMASI KESEJAHTERAAN SOSIAL — Kementerian Sosial,Kementerian Sosial,PUSAT DATA DAN INFORMASI KESEJAHTERAAN SOSIAL,"DKI Jakarta, Jakarta Timur (Kota)",NATIONAL,1,32859953000,May 2026,NETWORKING; STORAGE,,,,,,,,
PUSAT DATA DAN INFORMASI OBAT DAN MAKANAN,PUSAT DATA DAN INFORMASI OBAT DAN MAKANAN — Badan Pengawas Obat Dan Makanan,Badan Pengawas Obat Dan Makanan,PUSAT DATA DAN INFORMASI OBAT DAN MAKANAN,"DKI Jakarta, Jakarta Pusat (Kota)",NATIONAL,2,52600000,June 2026; May 2026,NETWORKING; SCANNER,,,,,,,,
PUSAT DATA DAN INFORMASI PERHUBUNGAN,PUSAT DATA DAN INFORMASI PERHUBUNGAN — Provinsi DKI Jakarta,Provinsi DKI Jakarta,PUSAT DATA DAN INFORMASI PERHUBUNGAN,"DKI Jakarta, Jakarta Selatan (Kota)",PROVINCE,1,122902976,May 2026,CCTV,,,,,,,,
"PUSAT HIGIENE PERUSAHAAN, KESELAMATAN DAN KESEHATAN KERJA","PUSAT HIGIENE PERUSAHAAN, KESELAMATAN DAN KESEHATAN KERJA — Provinsi DKI Jakarta",Provinsi DKI Jakarta,"PUSAT HIGIENE PERUSAHAAN, KESELAMATAN DAN KESEHATAN KERJA","DKI Jakarta, Jakarta Pusat (Kota)",PROVINCE,1,64693750,June 2026,CCTV,,,,,,,,
PUSAT KONSERVASI CAGAR BUDAYA,PUSAT KONSERVASI CAGAR BUDAYA — Provinsi DKI Jakarta,Provinsi DKI Jakarta,PUSAT KONSERVASI CAGAR BUDAYA,"DKI Jakarta, Jakarta Barat (Kota)",PROVINCE,1,4996768,June 2026,CAMERA_VIDEO; STORAGE,,,,,,,,
PUSAT KRISIS DAN KEGAWATDARURATAN KESEHATAN DAERAH,PUSAT KRISIS DAN KEGAWATDARURATAN KESEHATAN DAERAH — Provinsi DKI Jakarta,Provinsi DKI Jakarta,PUSAT KRISIS DAN KEGAWATDARURATAN KESEHATAN DAERAH,"DKI Jakarta, Jakarta Pusat (Kota)",PROVINCE,1,995563968,May 2026,SERVER,,,,,,,,
PUSAT LABORATORIUM NARKOTIKA,PUSAT LABORATORIUM NARKOTIKA — Badan Narkotika Nasional,Badan Narkotika Nasional,PUSAT LABORATORIUM NARKOTIKA,"Jawa Barat, Bogor (Kab.)",NATIONAL,1,6300000,June 2026,PRINTER,,,,,,,,
PUSAT LAYANAN PEMBIAYAAN PENDIDIKAN,PUSAT LAYANAN PEMBIAYAAN PENDIDIKAN — Kementerian Pendidikan Dasar dan Menengah,Kementerian Pendidikan Dasar dan Menengah,PUSAT LAYANAN PEMBIAYAAN PENDIDIKAN,"DKI Jakarta, Jakarta Pusat (Kota)",NATIONAL,2,225350000,June 2026; May 2026,AUDIO; CAMERA_VIDEO; PRINTER,,,,,,,,
PUSAT PELAPORAN DAN ANALISIS TRANSAKSI KEUANGAN,PUSAT PELAPORAN DAN ANALISIS TRANSAKSI KEUANGAN,Pusat Pelaporan Dan Analisis Transaksi Keuangan,PUSAT PELAPORAN DAN ANALISIS TRANSAKSI KEUANGAN,"DKI Jakarta, Jakarta Pusat (Kota)",OTHER,4,77230951000,June 2026; May 2026,CAMERA_VIDEO; CCTV; NETWORKING; SERVER; STORAGE,,,,,,,,
PUSAT PELATIHAN KERJA DAERAH - JAKSEL,PUSAT PELATIHAN KERJA DAERAH - JAKSEL — Provinsi DKI Jakarta,Provinsi DKI Jakarta,PUSAT PELATIHAN KERJA DAERAH - JAKSEL,"DKI Jakarta, Jakarta Selatan (Kota)",PROVINCE,1,15456000,May 2026,PRINTER,,,,,,,,
PUSAT PELATIHAN SUMBER DAYA MANUSIA,PUSAT PELATIHAN SUMBER DAYA MANUSIA — Arsip Nasional Republik Indonesia,Arsip Nasional Republik Indonesia,PUSAT PELATIHAN SUMBER DAYA MANUSIA,"Jawa Barat, Bogor (Kota)",NATIONAL,3,9537000,June 2026; May 2026,CAMERA_VIDEO; CCTV,,,,,,,,
PUSAT PEMBELAJARAN DAN STRATEGI KEBIJAKAN MANAJEMEN KINERJA,PUSAT PEMBELAJARAN DAN STRATEGI KEBIJAKAN MANAJEMEN KINERJA — Lembaga Administrasi Negara,Lembaga Administrasi Negara,PUSAT PEMBELAJARAN DAN STRATEGI KEBIJAKAN MANAJEMEN KINERJA,"Aceh, Aceh Besar (Kab.)",NATIONAL,3,900000,June 2026; May 2026,CAMERA_VIDEO,,,,,,,,
PUSAT PENDIDIKAN DAN PELATIHAN BPS,PUSAT PENDIDIKAN DAN PELATIHAN BPS — Badan Pusat Statistik,Badan Pusat Statistik,PUSAT PENDIDIKAN DAN PELATIHAN BPS,"DKI Jakarta, Jakarta Selatan (Kota)",NATIONAL,1,16000000,May 2026,CCTV,,,,,,,,
"PUSAT PENDIDIKAN DAN PELATIHAN PERINSDUSTRIAN, PERDAGANGAN, KOPERASI, USAHA KECIL DAN MENENGAH","PUSAT PENDIDIKAN DAN PELATIHAN PERINSDUSTRIAN, PERDAGANGAN, KOPERASI, USAHA KECIL DAN MENENGAH — Provinsi DKI Jakarta",Provinsi DKI Jakarta,"PUSAT PENDIDIKAN DAN PELATIHAN PERINSDUSTRIAN, PERDAGANGAN, KOPERASI, USAHA KECIL DAN MENENGAH","DKI Jakarta, Jakarta Selatan (Kota)",PROVINCE,1,19353600,June 2026,IT_HARDWARE; LAPTOP; PRINTER,,,,,,,,
PUSAT PENGEMBANGAN SUMBER DAYA MANUSIA LINGKUNGAN HIDUP,PUSAT PENGEMBANGAN SUMBER DAYA MANUSIA LINGKUNGAN HIDUP — Kementerian Lingkungan Hidup/Badan Pengendalian Lingkungan Hidup,Kementerian Lingkungan Hidup/Badan Pengendalian Lingkungan Hidup,PUSAT PENGEMBANGAN SUMBER DAYA MANUSIA LINGKUNGAN HIDUP,"Banten, Tangerang Selatan (Kota)",NATIONAL,3,6530000,May 2026,IT_HARDWARE,,,,,,,,
PUSAT PENGENDALIAN LUMPUR SIDOARJO,PUSAT PENGENDALIAN LUMPUR SIDOARJO — Kementerian Pekerjaan Umum,Kementerian Pekerjaan Umum,PUSAT PENGENDALIAN LUMPUR SIDOARJO,"Jawa Timur, Surabaya (Kota)",NATIONAL,1,19000000,May 2026,CCTV; NETWORKING,,,,,,,,
PUSAT PERLINDUNGAN PEREMPUAN DAN ANAK,PUSAT PERLINDUNGAN PEREMPUAN DAN ANAK — Provinsi DKI Jakarta,Provinsi DKI Jakarta,PUSAT PERLINDUNGAN PEREMPUAN DAN ANAK,"DKI Jakarta, Jakarta Timur (Kota)",PROVINCE,2,53248048,May 2026,CAMERA_VIDEO; NETWORKING,,,,,,,,
PUSAT SARANA PENGENDALIAN LINGKUNGAN HIDUP,PUSAT SARANA PENGENDALIAN LINGKUNGAN HIDUP — Kementerian Lingkungan Hidup/Badan Pengendalian Lingkungan Hidup,Kementerian Lingkungan Hidup/Badan Pengendalian Lingkungan Hidup,PUSAT SARANA PENGENDALIAN LINGKUNGAN HIDUP,"Banten, Tangerang Selatan (Kota)",NATIONAL,1,129955000,May 2026,SERVER,,,,,,,,
PUSAT STANDAR DAN KEBIJAKAN PENDIDIKAN,PUSAT STANDAR DAN KEBIJAKAN PENDIDIKAN — Kementerian Pendidikan Dasar dan Menengah,Kementerian Pendidikan Dasar dan Menengah,PUSAT STANDAR DAN KEBIJAKAN PENDIDIKAN,"DKI Jakarta, Jakarta Pusat (Kota)",NATIONAL,3,93190000,June 2026; May 2026,IT_HARDWARE; LAPTOP; PRINTER,,,,,,,,
PUSAT STANDARDISASI INSTRUMEN METEOROLOGI KLIMATOLOGI DAN GEOFISIKA,"PUSAT STANDARDISASI INSTRUMEN METEOROLOGI KLIMATOLOGI DAN GEOFISIKA — Badan Meteorologi, Klimatologi Dan Geofisika","Badan Meteorologi, Klimatologi Dan Geofisika",PUSAT STANDARDISASI INSTRUMEN METEOROLOGI KLIMATOLOGI DAN GEOFISIKA,"DKI Jakarta, Jakarta Pusat (Kota)",NATIONAL,1,13800000,May 2026,PRINTER,,,,,,,,
PUSAT SUMBER DAYA MINERAL BATUBARA DAN PANAS BUMI,PUSAT SUMBER DAYA MINERAL BATUBARA DAN PANAS BUMI — Kementerian Energi Dan Sumber Daya Mineral,Kementerian Energi Dan Sumber Daya Mineral,PUSAT SUMBER DAYA MINERAL BATUBARA DAN PANAS BUMI,"Jawa Barat, Bandung (Kota)",NATIONAL,1,37000000,June 2026,NETWORKING,,,,,,,,
PUSKESMAS BAH BIAK KOTA PEMATANGSIANTAR,PUSKESMAS BAH BIAK KOTA PEMATANGSIANTAR — Kota Pematangsiantar,Kota Pematangsiantar,PUSKESMAS BAH BIAK KOTA PEMATANGSIANTAR,"Sumatera Utara, Pematang Siantar (Kota)",HEALTH_UNIT,2,21985070,May 2026,DESKTOP; OFFICE_FURNITURE,,,,,,,,
PUSKESMAS BATU AMPAR,PUSKESMAS BATU AMPAR — Kab. Kutai Timur,Kab. Kutai Timur,PUSKESMAS BATU AMPAR,"Kalimantan Timur, Kutai Timur (Kab.)",HEALTH_UNIT,2,156850688,May 2026,DESKTOP; NETWORKING,,,,,,,,
PUSKESMAS BLEGA,PUSKESMAS BLEGA — Kab. Bangkalan,Kab. Bangkalan,PUSKESMAS BLEGA,"Jawa Timur, Bangkalan (Kab.)",HEALTH_UNIT,2,44700000,June 2026,IT_HARDWARE,,,,,,,,
PUSKESMAS BONANG I,PUSKESMAS BONANG I — Kab. Demak,Kab. Demak,PUSKESMAS BONANG I,"Jawa Tengah, Demak (Kab.)",HEALTH_UNIT,4,131400000,June 2026,DESKTOP; IT_HARDWARE; LAPTOP; PRINTER; SCANNER,,,,,,,,
PUSKESMAS BOROBUDUR,PUSKESMAS BOROBUDUR — Kab. Magelang,Kab. Magelang,PUSKESMAS BOROBUDUR,"Jawa Tengah, Magelang (Kab.)",HEALTH_UNIT,1,14040524,June 2026,OFFICE_FURNITURE,,,,,,,,
PUSKESMAS BORONG KOMPLEKS,PUSKESMAS BORONG KOMPLEKS — Kab. Sinjai,Kab. Sinjai,PUSKESMAS BORONG KOMPLEKS,"Sulawesi Selatan, Sinjai (Kab.)",HEALTH_UNIT,2,21114000,June 2026,IT_HARDWARE,,,,,,,,
PUSKESMAS BULU,PUSKESMAS BULU — Kab. Tuban,Kab. Tuban,PUSKESMAS BULU,"Jawa Timur, Tuban (Kab.)",HEALTH_UNIT,6,46862400,May 2026,IT_HARDWARE; NETWORKING,,,,,,,,
PUSKESMAS BULUSIBATANG,PUSKESMAS BULUSIBATANG — Kab. Jeneponto,Kab. Jeneponto,PUSKESMAS BULUSIBATANG,"Sulawesi Selatan, Jeneponto (Kab.)",HEALTH_UNIT,1,7200000,May 2026,NETWORKING,,,,,,,,
PUSKESMAS CEPER,PUSKESMAS CEPER — Kab. Klaten,Kab. Klaten,PUSKESMAS CEPER,"Jawa Tengah, Klaten (Kab.)",HEALTH_UNIT,2,14100000,June 2026; May 2026,AUDIO; OFFICE_FURNITURE,,,,,,,,
PUSKESMAS DEMPET,PUSKESMAS DEMPET — Kab. Demak,Kab. Demak,PUSKESMAS DEMPET,"Jawa Tengah, Demak (Kab.)",HEALTH_UNIT,1,42000000,May 2026,DESKTOP,,,,,,,,
PUSKESMAS DUHIADAA,PUSKESMAS DUHIADAA — Kab. Pohuwato,Kab. Pohuwato,PUSKESMAS DUHIADAA,"Gorontalo, Pohuwato (Kab.)",HEALTH_UNIT,1,10000000,June 2026,AUDIO,,,,,,,,
PUSKESMAS FAKFAK TENGAH,PUSKESMAS FAKFAK TENGAH — Kab. Fak Fak,Kab. Fak Fak,PUSKESMAS FAKFAK TENGAH,"Papua Barat, Fak-Fak (Kab.)",HEALTH_UNIT,3,112749243,June 2026,DESKTOP; OFFICE_FURNITURE,,,,,,,,
PUSKESMAS GAJAH II,PUSKESMAS GAJAH II — Kab. Demak,Kab. Demak,PUSKESMAS GAJAH II,"Jawa Tengah, Demak (Kab.)",HEALTH_UNIT,5,51750000,June 2026,DESKTOP; LAPTOP; OFFICE_FURNITURE; SCANNER,,,,,,,,
PUSKESMAS GANG AUT,PUSKESMAS GANG AUT — Kota Bogor,Kota Bogor,PUSKESMAS GANG AUT,"Jawa Barat, Bogor (Kota)",HEALTH_UNIT,1,41280300,May 2026,DESKTOP; LAPTOP,,,,,,,,
PUSKESMAS GANG KELOR,PUSKESMAS GANG KELOR — Kota Bogor,Kota Bogor,PUSKESMAS GANG KELOR,"Jawa Barat, Bogor (Kota)",HEALTH_UNIT,2,15527900,June 2026,IT_HARDWARE; OFFICE_FURNITURE,,,,,,,,
PUSKESMAS GORANG GARENG TAJI,PUSKESMAS GORANG GARENG TAJI — Kab. Magetan,Kab. Magetan,PUSKESMAS GORANG GARENG TAJI,"Jawa Timur, Magetan (Kab.)",HEALTH_UNIT,2,6603000,June 2026; May 2026,IT_HARDWARE; UPS,,,,,,,,
PUSKESMAS II DENPASAR TIMUR,PUSKESMAS II DENPASAR TIMUR — Kota Denpasar,Kota Denpasar,PUSKESMAS II DENPASAR TIMUR,"Bali, Denpasar (Kota)",HEALTH_UNIT,2,54000000,May 2026,IT_HARDWARE,,,,,,,,
PUSKESMAS II DENPASAR UTARA,PUSKESMAS II DENPASAR UTARA — Kota Denpasar,Kota Denpasar,PUSKESMAS II DENPASAR UTARA,"Bali, Denpasar (Kota)",HEALTH_UNIT,2,32056000,May 2026,IT_HARDWARE; OFFICE_FURNITURE,,,,,,,,
PUSKESMAS JAMBU KULON,PUSKESMAS JAMBU KULON — Kab. Klaten,Kab. Klaten,PUSKESMAS JAMBU KULON,"Jawa Tengah, Klaten (Kab.)",HEALTH_UNIT,4,153826800,June 2026,AUDIO; DESKTOP; OFFICE_FURNITURE,,,,,,,,
PUSKESMAS JATINOM,PUSKESMAS JATINOM — Kab. Klaten,Kab. Klaten,PUSKESMAS JATINOM,"Jawa Tengah, Klaten (Kab.)",HEALTH_UNIT,1,6325825,May 2026,IT_HARDWARE,,,,,,,,
PUSKESMAS JATIREJO,PUSKESMAS JATIREJO — Kab. Mojokerto,Kab. Mojokerto,PUSKESMAS JATIREJO,"Jawa Timur, Mojokerto (Kab.)",HEALTH_UNIT,1,5600000,May 2026,NETWORKING,,,,,,,,
PUSKESMAS JAYENGAN,PUSKESMAS JAYENGAN — Kota Surakarta,Kota Surakarta,PUSKESMAS JAYENGAN,"Jawa Tengah, Surakarta (Kota)",HEALTH_UNIT,3,121743000,June 2026; May 2026,DESKTOP; LAPTOP; PRINTER,,,,,,,,
PUSKESMAS JENGGAWAH,PUSKESMAS JENGGAWAH — Kab. Jember,Kab. Jember,PUSKESMAS JENGGAWAH,"Jawa Timur, Jember (Kab.)",HEALTH_UNIT,1,7500000,May 2026,IT_HARDWARE,,,,,,,,
PUSKESMAS JUWIRING,PUSKESMAS JUWIRING — Kab. Klaten,Kab. Klaten,PUSKESMAS JUWIRING,"Jawa Tengah, Klaten (Kab.)",HEALTH_UNIT,1,22099000,June 2026,IT_HARDWARE,,,,,,,,
PUSKESMAS KALIORANG,PUSKESMAS KALIORANG — Kab. Kutai Timur,Kab. Kutai Timur,PUSKESMAS KALIORANG,"Kalimantan Timur, Kutai Timur (Kab.)",HEALTH_UNIT,1,15528750,May 2026,IT_HARDWARE,,,,,,,,
PUSKESMAS KALISAT,PUSKESMAS KALISAT — Kab. Jember,Kab. Jember,PUSKESMAS KALISAT,"Jawa Timur, Jember (Kab.)",HEALTH_UNIT,1,15000000,June 2026,CCTV,,,,,,,,
PUSKESMAS KALIWATES,PUSKESMAS KALIWATES — Kab. Jember,Kab. Jember,PUSKESMAS KALIWATES,"Jawa Timur, Jember (Kab.)",HEALTH_UNIT,1,4940000,May 2026,IT_HARDWARE,,,,,,,,
PUSKESMAS KANIGARAN,PUSKESMAS KANIGARAN — Kota Probolinggo,Kota Probolinggo,PUSKESMAS KANIGARAN,"Jawa Timur, Probolinggo (Kota)",HEALTH_UNIT,1,67000000,May 2026,OFFICE_FURNITURE,,,,,,,,
PUSKESMAS KARANGANYAR I,PUSKESMAS KARANGANYAR I — Kab. Demak,Kab. Demak,PUSKESMAS KARANGANYAR I,"Jawa Tengah, Demak (Kab.)",HEALTH_UNIT,2,36000000,May 2026,LAPTOP; PRINTER,,,,,,,,
PUSKESMAS KARANGDUREN,PUSKESMAS KARANGDUREN — Kab. Jember,Kab. Jember,PUSKESMAS KARANGDUREN,"Jawa Timur, Jember (Kab.)",HEALTH_UNIT,1,10800000,May 2026,IT_HARDWARE,,,,,,,,
PUSKESMAS KAYUMAS,PUSKESMAS KAYUMAS — Kab. Klaten,Kab. Klaten,PUSKESMAS KAYUMAS,"Jawa Tengah, Klaten (Kab.)",HEALTH_UNIT,1,8280000,June 2026,DESKTOP; IT_HARDWARE,,,,,,,,
PUSKESMAS KEBAYORAN LAMA,PUSKESMAS KEBAYORAN LAMA — Provinsi DKI Jakarta,Provinsi DKI Jakarta,PUSKESMAS KEBAYORAN LAMA,"DKI Jakarta, Jakarta Selatan (Kota)",PROVINCE,1,190973664,June 2026,SERVER,,,,,,,,
PUSKESMAS KEBONAGUNG,PUSKESMAS KEBONAGUNG — Kab. Demak,Kab. Demak,PUSKESMAS KEBONAGUNG,"Jawa Tengah, Demak (Kab.)",HEALTH_UNIT,1,4800000,June 2026,NETWORKING,,,,,,,,
PUSKESMAS KEDIRI 3,PUSKESMAS KEDIRI 3 — Kab. Tabanan,Kab. Tabanan,PUSKESMAS KEDIRI 3,"Bali, Tabanan (Kab.)",HEALTH_UNIT,2,40000000,June 2026,IT_HARDWARE; OFFICE_FURNITURE,,,,,,,,
PUSKESMAS KEDOPOK,PUSKESMAS KEDOPOK — Kota Probolinggo,Kota Probolinggo,PUSKESMAS KEDOPOK,"Jawa Timur, Probolinggo (Kota)",HEALTH_UNIT,3,24200000,June 2026,OFFICE_FURNITURE,,,,,,,,
PUSKESMAS KEMALANG,PUSKESMAS KEMALANG — Kab. Klaten,Kab. Klaten,PUSKESMAS KEMALANG,"Jawa Tengah, Klaten (Kab.)",HEALTH_UNIT,2,34140000,June 2026; May 2026,IT_HARDWARE; OFFICE_FURNITURE,,,,,,,,
PUSKESMAS KEMUNINGSARI,PUSKESMAS KEMUNINGSARI — Kab. Jember,Kab. Jember,PUSKESMAS KEMUNINGSARI,"Jawa Timur, Jember (Kab.)",HEALTH_UNIT,4,235487206,June 2026,DESKTOP; OFFICE_FURNITURE; STORAGE,,,,,,,,
PUSKESMAS KLATEN SELATAN,PUSKESMAS KLATEN SELATAN — Kab. Klaten,Kab. Klaten,PUSKESMAS KLATEN SELATAN,"Jawa Tengah, Klaten (Kab.)",HEALTH_UNIT,1,2500000,June 2026,STORAGE,,,,,,,,
PUSKESMAS KOTO RAJO,PUSKESMAS KOTO RAJO — Kab. Pasaman,Kab. Pasaman,PUSKESMAS KOTO RAJO,"Sumatera Barat, Pasaman (Kab.)",HEALTH_UNIT,1,20000000,May 2026,CCTV,,,,,,,,
PUSKESMAS KRAMAT JATI,PUSKESMAS KRAMAT JATI — Provinsi DKI Jakarta,Provinsi DKI Jakarta,PUSKESMAS KRAMAT JATI,"DKI Jakarta, Jakarta Timur (Kota)",PROVINCE,2,616593100,May 2026,DESKTOP; IT_HARDWARE; PRINTER,,,,,,,,
PUSKESMAS KUWARASAN,PUSKESMAS KUWARASAN — Kab. Kebumen,Kab. Kebumen,PUSKESMAS KUWARASAN,"Jawa Tengah, Kebumen (Kab.)",HEALTH_UNIT,1,3450000,June 2026,IT_HARDWARE,,,,,,,,
PUSKESMAS MODOPURO,PUSKESMAS MODOPURO — Kab. Mojokerto,Kab. Mojokerto,PUSKESMAS MODOPURO,"Jawa Timur, Mojokerto (Kab.)",HEALTH_UNIT,2,32350000,June 2026,IT_HARDWARE,,,,,,,,
PUSKESMAS MRANGGEN II,PUSKESMAS MRANGGEN II — Kab. Demak,Kab. Demak,PUSKESMAS MRANGGEN II,"Jawa Tengah, Demak (Kab.)",HEALTH_UNIT,3,63500000,June 2026,DESKTOP; IT_HARDWARE; LAPTOP; PRINTER,,,,,,,,
PUSKESMAS MUARA WAHAU 1,PUSKESMAS MUARA WAHAU 1 — Kab. Kutai Timur,Kab. Kutai Timur,PUSKESMAS MUARA WAHAU 1,"Kalimantan Timur, Kutai Timur (Kab.)",HEALTH_UNIT,2,33404750,May 2026,DESKTOP,,,,,,,,
PUSKESMAS NGAWEN,PUSKESMAS NGAWEN — Kab. Klaten,Kab. Klaten,PUSKESMAS NGAWEN,"Jawa Tengah, Klaten (Kab.)",HEALTH_UNIT,2,11560400,May 2026,AUDIO; IT_HARDWARE,,,,,,,,
PUSKESMAS NGORO,PUSKESMAS NGORO — Kab. Mojokerto,Kab. Mojokerto,PUSKESMAS NGORO,"Jawa Timur, Mojokerto (Kab.) | Jawa Timur, Mojokerto (Kab.) | Jawa Timur, Mojokerto (Kab.)",HEALTH_UNIT,1,12405000,May 2026,IT_HARDWARE,,,,,,,,
PUSKESMAS PANCA KARSA II,PUSKESMAS PANCA KARSA II — Kab. Pohuwato,Kab. Pohuwato,PUSKESMAS PANCA KARSA II,"Gorontalo, Pohuwato (Kab.)",HEALTH_UNIT,1,10000000,June 2026,IT_HARDWARE,,,,,,,,
PUSKESMAS PASILAMBENA,PUSKESMAS PASILAMBENA — Kab. Kepulauan Selayar,Kab. Kepulauan Selayar,PUSKESMAS PASILAMBENA,"Sulawesi Selatan, Selayar (Kab.)",HEALTH_UNIT,1,6825000,May 2026,IT_HARDWARE,,,,,,,,
PUSKESMAS PATRANG,PUSKESMAS PATRANG — Kab. Jember,Kab. Jember,PUSKESMAS PATRANG,"Jawa Timur, Jember (Kab.)",HEALTH_UNIT,1,85000000,May 2026,DESKTOP,,,,,,,,
PUSKESMAS PONCOWARNO,PUSKESMAS PONCOWARNO — Kab. Kebumen,Kab. Kebumen,PUSKESMAS PONCOWARNO,"Jawa Tengah, Kebumen (Kab.)",HEALTH_UNIT,1,14500000,June 2026,DESKTOP,,,,,,,,
PUSKESMAS PUCANGSAWIT,PUSKESMAS PUCANGSAWIT — Kota Surakarta,Kota Surakarta,PUSKESMAS PUCANGSAWIT,"Jawa Tengah, Surakarta (Kota)",HEALTH_UNIT,3,185153000,June 2026; May 2026,CAMERA_VIDEO; DESKTOP; IT_HARDWARE; LAPTOP; OFFICE_FURNITURE; SERVER; UPS,,,,,,,,
PUSKESMAS PUGER,PUSKESMAS PUGER — Kab. Jember,Kab. Jember,PUSKESMAS PUGER,"Jawa Timur, Jember (Kab.)",HEALTH_UNIT,2,64850000,June 2026,DESKTOP; IT_HARDWARE,,,,,,,,
PUSKESMAS PULO GADUNG,PUSKESMAS PULO GADUNG — Provinsi DKI Jakarta,Provinsi DKI Jakarta,PUSKESMAS PULO GADUNG,"DKI Jakarta, Jakarta Timur (Kota)",PROVINCE,1,13810000,May 2026,AUDIO,,,,,,,,
PUSKESMAS PURING,PUSKESMAS PURING — Kab. Kebumen,Kab. Kebumen,PUSKESMAS PURING,"Jawa Tengah, Kebumen (Kab.)",HEALTH_UNIT,1,19438000,May 2026,DESKTOP,,,,,,,,
PUSKESMAS PURWODININGRATAN,PUSKESMAS PURWODININGRATAN — Kota Surakarta,Kota Surakarta,PUSKESMAS PURWODININGRATAN,"Jawa Tengah, Surakarta (Kota)",HEALTH_UNIT,2,35866800,May 2026,CCTV; LAPTOP,,,,,,,,
PUSKESMAS RAMBIPUJI,PUSKESMAS RAMBIPUJI — Kab. Jember,Kab. Jember,PUSKESMAS RAMBIPUJI,"Jawa Timur, Jember (Kab.)",HEALTH_UNIT,3,78000000,June 2026; May 2026,DESKTOP; IT_HARDWARE; OFFICE_FURNITURE,,,,,,,,
PUSKESMAS RAO,PUSKESMAS RAO — Kab. Pasaman,Kab. Pasaman,PUSKESMAS RAO,"Sumatera Barat, Pasaman (Kab.)",HEALTH_UNIT,1,5500000,May 2026,OFFICE_FURNITURE,,,,,,,,
PUSKESMAS REJOWINANGUN,PUSKESMAS REJOWINANGUN — Kab. Trenggalek,Kab. Trenggalek,PUSKESMAS REJOWINANGUN,"Jawa Timur, Terenggalek (Kab.)",HEALTH_UNIT,1,19506000,June 2026,OFFICE_FURNITURE,,,,,,,,
PUSKESMAS RUMBIA,PUSKESMAS RUMBIA — Kab. Jeneponto,Kab. Jeneponto,PUSKESMAS RUMBIA,"Sulawesi Selatan, Jeneponto (Kab.) | Sulawesi Selatan, Jeneponto (Kab.) | Sulawesi Selatan, Jeneponto (Kab.) | Sulawesi Selatan, Jeneponto (Kab.)",HEALTH_UNIT,2,77985000,May 2026,DESKTOP; IT_HARDWARE,,,,,,,,
PUSKESMAS SARANG 1,PUSKESMAS SARANG 1 — Kab. Rembang,Kab. Rembang,PUSKESMAS SARANG 1,"Jawa Tengah, Rembang (Kab.)",HEALTH_UNIT,1,100000000,May 2026,IT_HARDWARE; LAPTOP,,,,,,,,
PUSKESMAS SAWAH BESAR,PUSKESMAS SAWAH BESAR — Provinsi DKI Jakarta,Provinsi DKI Jakarta,PUSKESMAS SAWAH BESAR,"DKI Jakarta, Jakarta Pusat (Kota)",PROVINCE,1,17780000,May 2026,PRINTER,,,,,,,,
PUSKESMAS SEI JANG,PUSKESMAS SEI JANG — Kota Tanjung Pinang,Kota Tanjung Pinang,PUSKESMAS SEI JANG,"Kepulauan Riau, Tanjung Pinang (Kota)",HEALTH_UNIT,1,2804734,May 2026,AUDIO,,,,,,,,
PUSKESMAS SELEMADEG TIMUR 1,PUSKESMAS SELEMADEG TIMUR 1 — Kab. Tabanan,Kab. Tabanan,PUSKESMAS SELEMADEG TIMUR 1,"Bali, Tabanan (Kab.)",HEALTH_UNIT,2,15000000,June 2026,IT_HARDWARE; OFFICE_FURNITURE,,,,,,,,
PUSKESMAS SENEN,PUSKESMAS SENEN — Provinsi DKI Jakarta,Provinsi DKI Jakarta,PUSKESMAS SENEN,"DKI Jakarta, Jakarta Pusat (Kota)",PROVINCE,2,62420000,May 2026,SCANNER; UPS,,,,,,,,
PUSKESMAS SIBELA,PUSKESMAS SIBELA — Kota Surakarta,Kota Surakarta,PUSKESMAS SIBELA,"Jawa Tengah, Surakarta (Kota)",HEALTH_UNIT,3,170000000,May 2026,DESKTOP; IT_HARDWARE; OFFICE_FURNITURE,,,,,,,,
PUSKESMAS SIMPANG KIRI,PUSKESMAS SIMPANG KIRI — Kab. Aceh Tamiang,Kab. Aceh Tamiang,PUSKESMAS SIMPANG KIRI,"Aceh, Aceh Tamiang (Kab.)",HEALTH_UNIT,1,2450000,May 2026,OFFICE_FURNITURE,,,,,,,,
PUSKESMAS SLAWE,PUSKESMAS SLAWE — Kab. Trenggalek,Kab. Trenggalek,PUSKESMAS SLAWE,"Jawa Timur, Terenggalek (Kab.)",HEALTH_UNIT,2,20000000,June 2026; May 2026,AUDIO; OFFICE_FURNITURE,,,,,,,,
PUSKESMAS SRI BINTAN,PUSKESMAS SRI BINTAN — Kab. Bintan,Kab. Bintan,PUSKESMAS SRI BINTAN,"Kepulauan Riau, Bintan (Kab.)",HEALTH_UNIT,1,12600000,June 2026,NETWORKING,,,,,,,,
PUSKESMAS SUNDATAR,PUSKESMAS SUNDATAR — Kab. Pasaman,Kab. Pasaman,PUSKESMAS SUNDATAR,"Sumatera Barat, Pasaman (Kab.)",HEALTH_UNIT,2,25000000,June 2026,IT_HARDWARE; LAPTOP,,,,,,,,
PUSKESMAS TABA TERET,PUSKESMAS TABA TERET — Kab. Bengkulu Tengah,Kab. Bengkulu Tengah,PUSKESMAS TABA TERET,"Bengkulu, Bengkulu Tengah (Kab.)",HEALTH_UNIT,1,6000000,May 2026,AUDIO,,,,,,,,
PUSKESMAS TAMAN SARI,PUSKESMAS TAMAN SARI — Provinsi DKI Jakarta,Provinsi DKI Jakarta,PUSKESMAS TAMAN SARI,"DKI Jakarta, Jakarta Barat (Kota)",PROVINCE,1,90000000,May 2026,NETWORKING,,,,,,,,
PUSKESMAS TAMBAYOLI,PUSKESMAS TAMBAYOLI — Kab. Morowali Utara,Kab. Morowali Utara,PUSKESMAS TAMBAYOLI,"Sulawesi Tengah, Kabupaten Morowali Utara",HEALTH_UNIT,1,10252000,June 2026,OFFICE_FURNITURE,,,,,,,,
PUSKESMAS TAMBERU BARAT,PUSKESMAS TAMBERU BARAT — Kab. Sampang,Kab. Sampang,PUSKESMAS TAMBERU BARAT,"Jawa Timur, Sampang (Kab.)",HEALTH_UNIT,1,8984900,May 2026,IT_HARDWARE,,,,,,,,
PUSKESMAS TANAH ABANG,PUSKESMAS TANAH ABANG — Provinsi DKI Jakarta,Provinsi DKI Jakarta,PUSKESMAS TANAH ABANG,"DKI Jakarta, Jakarta Pusat (Kota)",PROVINCE,1,19500000,May 2026,LAPTOP,,,,,,,,
PUSKESMAS TANJUNG PRIOK,PUSKESMAS TANJUNG PRIOK — Provinsi DKI Jakarta,Provinsi DKI Jakarta,PUSKESMAS TANJUNG PRIOK,"DKI Jakarta, Jakarta Utara (Kota)",PROVINCE,1,46234552,May 2026,CCTV,,,,,,,,
PUSKESMAS TEGUHAN,PUSKESMAS TEGUHAN — Kab. Ngawi,Kab. Ngawi,PUSKESMAS TEGUHAN,"Jawa Timur, Ngawi (Kab.)",HEALTH_UNIT,1,7000000,May 2026,NETWORKING,,,,,,,,
PUSKESMAS TOLO,PUSKESMAS TOLO — Kab. Jeneponto,Kab. Jeneponto,PUSKESMAS TOLO,"Sulawesi Selatan, Jeneponto (Kab.) | Sulawesi Selatan, Jeneponto (Kab.) | Sulawesi Selatan, Jeneponto (Kab.)",HEALTH_UNIT,2,107852500,May 2026,IT_HARDWARE; OFFICE_FURNITURE,,,,,,,,
PUSKESMAS TOSIBA,PUSKESMAS TOSIBA — Kab. Kolaka,Kab. Kolaka,PUSKESMAS TOSIBA,"Sulawesi Tenggara, Kolaka (Kab.)",HEALTH_UNIT,1,16270000,May 2026,IT_HARDWARE,,,,,,,,
PUSKESMAS TRAWAS,PUSKESMAS TRAWAS — Kab. Mojokerto,Kab. Mojokerto,PUSKESMAS TRAWAS,"Jawa Timur, Mojokerto (Kab.)",HEALTH_UNIT,1,4800000,June 2026,NETWORKING,,,,,,,,
PUSKESMAS TRUCUK I,PUSKESMAS TRUCUK I — Kab. Klaten,Kab. Klaten,PUSKESMAS TRUCUK I,"Jawa Tengah, Klaten (Kab.)",HEALTH_UNIT,2,28600000,June 2026,DESKTOP; IT_HARDWARE,,,,,,,,
PUSKESMAS TRUCUK II,PUSKESMAS TRUCUK II — Kab. Klaten,Kab. Klaten,PUSKESMAS TRUCUK II,"Jawa Tengah, Klaten (Kab.)",HEALTH_UNIT,1,16407285,June 2026,IT_HARDWARE,,,,,,,,
PUSKESMAS TULUNG,PUSKESMAS TULUNG — Kab. Klaten,Kab. Klaten,PUSKESMAS TULUNG,"Jawa Tengah, Klaten (Kab.)",HEALTH_UNIT,1,5577500,May 2026,IT_HARDWARE,,,,,,,,
PUSKESMAS UMBULSARI,PUSKESMAS UMBULSARI — Kab. Jember,Kab. Jember,PUSKESMAS UMBULSARI,"Jawa Timur, Jember (Kab.)",HEALTH_UNIT,2,26532000,June 2026; May 2026,DESKTOP; IT_HARDWARE,,,,,,,,
PUSKESMAS WERBA,PUSKESMAS WERBA — Kab. Fak Fak,Kab. Fak Fak,PUSKESMAS WERBA,"Papua Barat, Fak-Fak (Kab.)",HEALTH_UNIT,1,4928400,May 2026,OFFICE_FURNITURE,,,,,,,,
Pendidikan dan Pelatihan Anti Pencucian Uang PPATK,Pendidikan dan Pelatihan Anti Pencucian Uang PPATK — Pusat Pelaporan Dan Analisis Transaksi Keuangan,Pusat Pelaporan Dan Analisis Transaksi Keuangan,Pendidikan dan Pelatihan Anti Pencucian Uang PPATK,"Jawa Barat, Depok (Kota)",OTHER,1,200000000,May 2026,AUDIO,,,,,,,,
Perwakilan BKKBN Provinsi Bangka Belitung,Perwakilan BKKBN Provinsi Bangka Belitung — Kementerian Kependudukan dan Pembangunan Keluarga/BKKBN,Kementerian Kependudukan dan Pembangunan Keluarga/BKKBN,Perwakilan BKKBN Provinsi Bangka Belitung,"Kep. Bangka Belitung, Pangkal Pinang (Kota)",PROVINCE,1,49000000,May 2026,LAPTOP,,,,,,,,
Perwakilan BKKBN Provinsi Nusa Tenggara Timur,Perwakilan BKKBN Provinsi Nusa Tenggara Timur — Kementerian Kependudukan dan Pembangunan Keluarga/BKKBN,Kementerian Kependudukan dan Pembangunan Keluarga/BKKBN,Perwakilan BKKBN Provinsi Nusa Tenggara Timur,"Nusa Tenggara Timur, Kupang (Kota)",PROVINCE,1,29200000,May 2026,LAPTOP,,,,,,,,
Perwakilan BKKBN Provinsi Sulawesi Tenggara,Perwakilan BKKBN Provinsi Sulawesi Tenggara — Kementerian Kependudukan dan Pembangunan Keluarga/BKKBN,Kementerian Kependudukan dan Pembangunan Keluarga/BKKBN,Perwakilan BKKBN Provinsi Sulawesi Tenggara,"Sulawesi Tenggara, Kendari (Kota)",PROVINCE,2,20950000,May 2026,CAMERA_VIDEO; SCANNER,,,,,,,,
Politeknik AKA Bogor,Politeknik AKA Bogor — Kementerian Perindustrian,Kementerian Perindustrian,Politeknik AKA Bogor,"Jawa Barat, Bogor (Kota)",NATIONAL,1,6750000,June 2026,OFFICE_FURNITURE,,,,,,,,
Politeknik APP Jakarta,Politeknik APP Jakarta — Kementerian Perindustrian,Kementerian Perindustrian,Politeknik APP Jakarta,"DKI Jakarta, Jakarta Selatan (Kota)",NATIONAL,4,298462000,June 2026,CAMERA_VIDEO; CCTV; LAPTOP; OFFICE_FURNITURE,,,,,,,,
Politeknik ATI Makassar,Politeknik ATI Makassar — Kementerian Perindustrian,Kementerian Perindustrian,Politeknik ATI Makassar,"Sulawesi Selatan, Makassar (Kota)",NATIONAL,1,55500000,May 2026,CCTV,,,,,,,,
Politeknik ATK Yogyakarta,Politeknik ATK Yogyakarta — Kementerian Perindustrian,Kementerian Perindustrian,Politeknik ATK Yogyakarta,"DI Yogyakarta, Bantul (Kab.)",NATIONAL,1,105050000,May 2026,NETWORKING,,,,,,,,
Politeknik STMI Jakarta,Politeknik STMI Jakarta — Kementerian Perindustrian,Kementerian Perindustrian,Politeknik STMI Jakarta,"DKI Jakarta, Jakarta Pusat (Kota)",NATIONAL,2,115000000,May 2026,CAMERA_VIDEO; DESKTOP; LAPTOP,,,,,,,,
Politeknik STTT Bandung,Politeknik STTT Bandung — Kementerian Perindustrian,Kementerian Perindustrian,Politeknik STTT Bandung,"Jawa Barat, Bandung (Kota)",NATIONAL,1,51900000,May 2026,IT_HARDWARE,,,,,,,,
Pusat Data dan Informasi,Pusat Data dan Informasi — Kementerian Perindustrian,Kementerian Perindustrian,Pusat Data dan Informasi,"DKI Jakarta, Jakarta Selatan (Kota)",NATIONAL,7,651329000,June 2026; May 2026,AUDIO; CAMERA_VIDEO; IT_HARDWARE; LAPTOP; NETWORKING; PRINTER,,,,,,,,
Pusat Data dan Sistem informasi,Pusat Data dan Sistem informasi — Kementerian Perdagangan,Kementerian Perdagangan,Pusat Data dan Sistem informasi,"DKI Jakarta, Jakarta Pusat (Kota)",NATIONAL,1,1406400000,May 2026,STORAGE,,,,,,,,
Pusat Data dan Teknologi Informasi,Pusat Data dan Teknologi Informasi — Kementerian Kependudukan dan Pembangunan Keluarga/BKKBN,Kementerian Kependudukan dan Pembangunan Keluarga/BKKBN,Pusat Data dan Teknologi Informasi,"DKI Jakarta, Jakarta Timur (Kota)",NATIONAL,1,2000000,June 2026,STORAGE,,,,,,,,
Pusat Pasar Kerja,Pusat Pasar Kerja — Kementerian Ketenagakerjaan,Kementerian Ketenagakerjaan,Pusat Pasar Kerja,"DKI Jakarta, Jakarta Selatan (Kota)",NATIONAL,1,7290291000,June 2026,DESKTOP; LAPTOP,,,,,,,,
Pusat Pembinaan Jabatan Fungsional Meteorologi Klimatologi dan Geofisika,"Pusat Pembinaan Jabatan Fungsional Meteorologi Klimatologi dan Geofisika — Badan Meteorologi, Klimatologi Dan Geofisika","Badan Meteorologi, Klimatologi Dan Geofisika",Pusat Pembinaan Jabatan Fungsional Meteorologi Klimatologi dan Geofisika,"DKI Jakarta, Jakarta Pusat (Kota)",NATIONAL,1,32550000,May 2026,OFFICE_FURNITURE,,,,,,,,
Pusat Pengembangan SDM Ketenagakerjaan,Pusat Pengembangan SDM Ketenagakerjaan — Kementerian Ketenagakerjaan,Kementerian Ketenagakerjaan,Pusat Pengembangan SDM Ketenagakerjaan,"DKI Jakarta, Jakarta Timur (Kota)",NATIONAL,5,5450000,June 2026; May 2026,CAMERA_VIDEO; CCTV,,,,,,,,
Puskesmas Ahmad Yani,Puskesmas Ahmad Yani — Kab. Ende,Kab. Ende,Puskesmas Ahmad Yani,"Nusa Tenggara Timur, Ende (Kab.)",HEALTH_UNIT,1,3993000,June 2026,OFFICE_FURNITURE,,,,,,,,
Puskesmas Amuntai Selatan,Puskesmas Amuntai Selatan — Kab. Hulu Sungai Utara,Kab. Hulu Sungai Utara,Puskesmas Amuntai Selatan,"Kalimantan Selatan, Hulu Sungai Utara (Kab.)",HEALTH_UNIT,1,11106700,May 2026,IT_HARDWARE,,,,,,,,
Puskesmas Atinggola,Puskesmas Atinggola — Kab. Gorontalo Utara,Kab. Gorontalo Utara,Puskesmas Atinggola,"Gorontalo, Gorontalo Utara (Kab.)",HEALTH_UNIT,2,12585175,May 2026,DESKTOP; IT_HARDWARE; OFFICE_FURNITURE,,,,,,,,
Puskesmas Babirik,Puskesmas Babirik — Kab. Hulu Sungai Utara,Kab. Hulu Sungai Utara,Puskesmas Babirik,"Kalimantan Selatan, Hulu Sungai Utara (Kab.)",HEALTH_UNIT,1,2875500,June 2026,IT_HARDWARE,,,,,,,,
Puskesmas Balerejo,Puskesmas Balerejo — Kab. Madiun,Kab. Madiun,Puskesmas Balerejo,"Jawa Timur, Madiun (Kab.)",HEALTH_UNIT,1,13500000,June 2026,OFFICE_FURNITURE,,,,,,,,
Puskesmas Bandarkedungmulyo,Puskesmas Bandarkedungmulyo — Kab. Jombang,Kab. Jombang,Puskesmas Bandarkedungmulyo,"Jawa Timur, Jombang (Kab.)",HEALTH_UNIT,2,27500000,May 2026,DESKTOP,,,,,,,,
Puskesmas Bangli Utara,Puskesmas Bangli Utara — Kab. Bangli,Kab. Bangli,Puskesmas Bangli Utara,"Bali, Bangli (Kab.)",HEALTH_UNIT,1,140000000,May 2026,LAPTOP; PRINTER,,,,,,,,
Puskesmas Bangli,Puskesmas Bangli — Kab. Bangli,Kab. Bangli,Puskesmas Bangli,"Bali, Bangli (Kab.)",HEALTH_UNIT,2,15500000,June 2026; May 2026,CCTV; IT_HARDWARE; LAPTOP; PRINTER,,,,,,,,
Puskesmas Banjarmasin Indah,Puskesmas Banjarmasin Indah — Kota Banjarmasin,Kota Banjarmasin,Puskesmas Banjarmasin Indah,"Kalimantan Selatan, Banjarmasin (Kota)",HEALTH_UNIT,1,9770800,May 2026,IT_HARDWARE,,,,,,,,
Puskesmas Basirih Baru,Puskesmas Basirih Baru — Kota Banjarmasin,Kota Banjarmasin,Puskesmas Basirih Baru,"Kalimantan Selatan, Banjarmasin (Kota)",HEALTH_UNIT,1,9689400,May 2026,IT_HARDWARE,,,,,,,,
Puskesmas Batu,Puskesmas Batu — Kota Batu,Kota Batu,Puskesmas Batu,"Jawa Timur, Batu (Kota)",HEALTH_UNIT,2,16395100,June 2026,IT_HARDWARE; PRINTER,,,,,,,,
Puskesmas Bayanan,Puskesmas Bayanan — Kab. Hulu Sungai Selatan,Kab. Hulu Sungai Selatan,Puskesmas Bayanan,"Kalimantan Selatan, Hulu Sungai Selatan (Kab.)",HEALTH_UNIT,2,2200000,May 2026,DESKTOP; IT_HARDWARE,,,,,,,,
Puskesmas Beji,Puskesmas Beji — Kota Batu,Kota Batu,Puskesmas Beji,"Jawa Timur, Batu (Kota)",HEALTH_UNIT,1,14932500,May 2026,OFFICE_FURNITURE,,,,,,,,
Puskesmas Belik,Puskesmas Belik — Kab. Pemalang,Kab. Pemalang,Puskesmas Belik,"Jawa Tengah, Pemalang (Kab.)",HEALTH_UNIT,1,96168000,May 2026,DESKTOP,,,,,,,,
Puskesmas Beringin,Puskesmas Beringin — Kab. Muara Enim,Kab. Muara Enim,Puskesmas Beringin,"Sumatera Selatan, Muara Enim (Kab.)",HEALTH_UNIT,1,16400000,May 2026,IT_HARDWARE,,,,,,,,
Puskesmas Bojong 1,Puskesmas Bojong 1 — Kab. Pekalongan,Kab. Pekalongan,Puskesmas Bojong 1,"Jawa Tengah, Pekalongan (Kab.)",HEALTH_UNIT,1,2664000,May 2026,IT_HARDWARE; NETWORKING,,,,,,,,
Puskesmas Bringin,Puskesmas Bringin — Kab. Semarang,Kab. Semarang,Puskesmas Bringin,"Jawa Tengah, Semarang (Kab.)",HEALTH_UNIT,1,23360000,May 2026,DESKTOP; IT_HARDWARE,,,,,,,,
Puskesmas Bunguran Tengah,Puskesmas Bunguran Tengah — Kab. Natuna,Kab. Natuna,Puskesmas Bunguran Tengah,"Kepulauan Riau, Natuna (Kab.)",HEALTH_UNIT,1,5200000,May 2026,DESKTOP,,,,,,,,
Puskesmas Campurejo,Puskesmas Campurejo — Kota Kediri,Kota Kediri,Puskesmas Campurejo,"Jawa Timur, Kediri (Kota)",HEALTH_UNIT,2,45000000,June 2026,IT_HARDWARE,,,,,,,,
Puskesmas Cibeber,Puskesmas Cibeber — Kota Cimahi,Kota Cimahi,Puskesmas Cibeber,"Jawa Barat, Cimahi (Kota)",HEALTH_UNIT,1,7200000,May 2026,IT_HARDWARE,,,,,,,,
Puskesmas Cihaurbeuti,Puskesmas Cihaurbeuti — Kab. Ciamis,Kab. Ciamis,Puskesmas Cihaurbeuti,"Jawa Barat, Ciamis (Kab.)",HEALTH_UNIT,1,2519700,May 2026,PRINTER,,,,,,,,
Puskesmas Cilacap Selatan II,Puskesmas Cilacap Selatan II — Kab. Cilacap,Kab. Cilacap,Puskesmas Cilacap Selatan II,"Jawa Tengah, Cilacap (Kab.)",HEALTH_UNIT,1,23077520,June 2026,DESKTOP,,,,,,,,
Puskesmas Cimahi Selatan,Puskesmas Cimahi Selatan — Kota Cimahi,Kota Cimahi,Puskesmas Cimahi Selatan,"Jawa Barat, Cimahi (Kota)",HEALTH_UNIT,1,17010000,June 2026,OFFICE_FURNITURE,,,,,,,,
Puskesmas Cipari,Puskesmas Cipari — Kab. Cilacap,Kab. Cilacap,Puskesmas Cipari,"Jawa Tengah, Cilacap (Kab.)",HEALTH_UNIT,1,41308650,May 2026,OFFICE_FURNITURE,,,,,,,,
Puskesmas Cipatat,Puskesmas Cipatat — Kab. Bandung Barat,Kab. Bandung Barat,Puskesmas Cipatat,"Jawa Barat, Bandung Barat (Kab.)",HEALTH_UNIT,1,9000000,May 2026,DESKTOP,,,,,,,,
Puskesmas Cipatujah,Puskesmas Cipatujah — Kab. Tasikmalaya,Kab. Tasikmalaya,Puskesmas Cipatujah,"Jawa Barat, Tasikmalaya (Kab.)",HEALTH_UNIT,2,155218500,June 2026,DESKTOP; IT_HARDWARE,,,,,,,,
Puskesmas Cisadea,Puskesmas Cisadea — Kota Malang,Kota Malang,Puskesmas Cisadea,"Jawa Timur, Malang (Kota)",HEALTH_UNIT,3,37748200,June 2026; May 2026,IT_HARDWARE,,,,,,,,
Puskesmas Colomadu I,Puskesmas Colomadu I — Kab. Karanganyar,Kab. Karanganyar,Puskesmas Colomadu I,"Jawa Tengah, Karanganyar (Kab.)",HEALTH_UNIT,2,9600000,June 2026,OFFICE_FURNITURE,,,,,,,,
Puskesmas Dagangan,Puskesmas Dagangan — Kab. Madiun,Kab. Madiun,Puskesmas Dagangan,"Jawa Timur, Madiun (Kab.)",HEALTH_UNIT,1,4690000,May 2026,OFFICE_FURNITURE,,,,,,,,
Puskesmas Dimong,Puskesmas Dimong — Kab. Madiun,Kab. Madiun,Puskesmas Dimong,"Jawa Timur, Madiun (Kab.)",HEALTH_UNIT,1,20000000,May 2026,DESKTOP,,,,,,,,
Puskesmas Driyorejo,Puskesmas Driyorejo — Kab. Gresik,Kab. Gresik,Puskesmas Driyorejo,"Jawa Timur, Gresik (Kab.)",HEALTH_UNIT,1,5000000,May 2026,AUDIO,,,,,,,,
Puskesmas Gandusari,Puskesmas Gandusari — Kab. Blitar,Kab. Blitar,Puskesmas Gandusari,"Jawa Timur, Blitar (Kab.)",HEALTH_UNIT,2,48000000,June 2026; May 2026,IT_HARDWARE; OFFICE_FURNITURE,,,,,,,,
Puskesmas Gantrung,Puskesmas Gantrung — Kab. Madiun,Kab. Madiun,Puskesmas Gantrung,"Jawa Timur, Madiun (Kab.)",HEALTH_UNIT,1,45000000,May 2026,DESKTOP,,,,,,,,
Puskesmas Gedangan,Puskesmas Gedangan — Kab. Sidoarjo,Kab. Sidoarjo,Puskesmas Gedangan,"Jawa Timur, Sidoarjo (Kab.)",HEALTH_UNIT,3,52000000,June 2026; May 2026,IT_HARDWARE; OFFICE_FURNITURE,,,,,,,,
Puskesmas Godong I,Puskesmas Godong I — Kab. Grobogan,Kab. Grobogan,Puskesmas Godong I,"Jawa Tengah, Grobogan (Kab.)",HEALTH_UNIT,2,21061000,June 2026,IT_HARDWARE,,,,,,,,
Puskesmas Gunungsari,Puskesmas Gunungsari — Kab. Bojonegoro,Kab. Bojonegoro,Puskesmas Gunungsari,"Jawa Timur, Bojonegoro (Kab.)",HEALTH_UNIT,1,5520000,May 2026,DESKTOP; IT_HARDWARE,,,,,,,,
Puskesmas Indra Jaya,Puskesmas Indra Jaya — Kab. Pidie,Kab. Pidie,Puskesmas Indra Jaya,"Aceh, Pidie (Kab.)",HEALTH_UNIT,4,91555799,June 2026,IT_HARDWARE; OFFICE_FURNITURE,,,,,,,,
Puskesmas Jambu,Puskesmas Jambu — Kab. Semarang,Kab. Semarang,Puskesmas Jambu,"Jawa Tengah, Semarang (Kab.)",HEALTH_UNIT,2,20500000,May 2026,IT_HARDWARE,,,,,,,,
Puskesmas Jaten I,Puskesmas Jaten I — Kab. Karanganyar,Kab. Karanganyar,Puskesmas Jaten I,"Jawa Tengah, Karanganyar (Kab.)",HEALTH_UNIT,1,10000000,May 2026,IT_HARDWARE,,,,,,,,
Puskesmas Jatinagara,Puskesmas Jatinagara — Kab. Ciamis,Kab. Ciamis,Puskesmas Jatinagara,"Jawa Barat, Ciamis (Kab.)",HEALTH_UNIT,1,25000000,May 2026,IT_HARDWARE,,,,,,,,
Puskesmas Jatipuro,Puskesmas Jatipuro — Kab. Karanganyar,Kab. Karanganyar,Puskesmas Jatipuro,"Jawa Tengah, Karanganyar (Kab.)",HEALTH_UNIT,2,7100000,May 2026,DESKTOP; IT_HARDWARE,,,,,,,,
Puskesmas Jatiroyom,Puskesmas Jatiroyom — Kab. Pemalang,Kab. Pemalang,Puskesmas Jatiroyom,"Jawa Tengah, Pemalang (Kab.)",HEALTH_UNIT,1,11400000,June 2026,OFFICE_FURNITURE,,,,,,,,
Puskesmas Jatiyoso,Puskesmas Jatiyoso — Kab. Karanganyar,Kab. Karanganyar,Puskesmas Jatiyoso,"Jawa Tengah, Karanganyar (Kab.)",HEALTH_UNIT,1,72500000,June 2026,IT_HARDWARE,,,,,,,,
Puskesmas Jebed,Puskesmas Jebed — Kab. Pemalang,Kab. Pemalang,Puskesmas Jebed,"Jawa Tengah, Pemalang (Kab.)",HEALTH_UNIT,1,101450000,May 2026,IT_HARDWARE,,,,,,,,
Puskesmas Jenawi,Puskesmas Jenawi — Kab. Karanganyar,Kab. Karanganyar,Puskesmas Jenawi,"Jawa Tengah, Karanganyar (Kab.)",HEALTH_UNIT,1,75862500,June 2026,DESKTOP,,,,,,,,
Puskesmas Jiwan,Puskesmas Jiwan — Kab. Madiun,Kab. Madiun,Puskesmas Jiwan,"Jawa Timur, Madiun (Kab.)",HEALTH_UNIT,1,15000000,June 2026,DESKTOP; PRINTER,,,,,,,,
Puskesmas Jonggon Jaya,Puskesmas Jonggon Jaya — Kab. Kutai Kartanegara,Kab. Kutai Kartanegara,Puskesmas Jonggon Jaya,"Kalimantan Timur, Kutai Kartanegara (Kab.)",HEALTH_UNIT,4,69800000,May 2026,CCTV; DESKTOP; LAPTOP; OFFICE_FURNITURE; PRINTER,,,,,,,,
Puskesmas Jumantono,Puskesmas Jumantono — Kab. Karanganyar,Kab. Karanganyar,Puskesmas Jumantono,"Jawa Tengah, Karanganyar (Kab.)",HEALTH_UNIT,2,30684000,June 2026; May 2026,DESKTOP; IT_HARDWARE,,,,,,,,
Puskesmas Kaibon,Puskesmas Kaibon — Kab. Madiun,Kab. Madiun,Puskesmas Kaibon,"Jawa Timur, Madiun (Kab.)",HEALTH_UNIT,2,59000000,June 2026; May 2026,DESKTOP; OFFICE_FURNITURE,,,,,,,,
Puskesmas Kajen 1,Puskesmas Kajen 1 — Kab. Pekalongan,Kab. Pekalongan,Puskesmas Kajen 1,"Jawa Tengah, Pekalongan (Kab.)",HEALTH_UNIT,1,29500000,June 2026,IT_HARDWARE,,,,,,,,
Puskesmas Kali Rejo,Puskesmas Kali Rejo — Kab. Lampung Tengah,Kab. Lampung Tengah,Puskesmas Kali Rejo,"Lampung, Lampung Tengah (Kab.)",HEALTH_UNIT,4,20459500,June 2026,OFFICE_FURNITURE,,,,,,,,
Puskesmas Kaliwungu,Puskesmas Kaliwungu — Kab. Semarang,Kab. Semarang,Puskesmas Kaliwungu,"Jawa Tengah, Semarang (Kab.)",HEALTH_UNIT,1,13500000,May 2026,DESKTOP,,,,,,,,
Puskesmas Kalongan,Puskesmas Kalongan — Kab. Semarang,Kab. Semarang,Puskesmas Kalongan,"Jawa Tengah, Semarang (Kab.)",HEALTH_UNIT,1,20000000,May 2026,IT_HARDWARE,,,,,,,,
Puskesmas Kampunglaut,Puskesmas Kampunglaut — Kab. Cilacap,Kab. Cilacap,Puskesmas Kampunglaut,"Jawa Tengah, Cilacap (Kab.)",HEALTH_UNIT,1,5570000,June 2026,DESKTOP; IT_HARDWARE,,,,,,,,
Puskesmas Karanganyar,Puskesmas Karanganyar — Kab. Karanganyar,Kab. Karanganyar,Puskesmas Karanganyar,"Jawa Tengah, Karanganyar (Kab.)",HEALTH_UNIT,1,4506500,May 2026,IT_HARDWARE,,,,,,,,
Puskesmas Karangasem,Puskesmas Karangasem — Kab. Pemalang,Kab. Pemalang,Puskesmas Karangasem,"Jawa Tengah, Pemalang (Kab.)",HEALTH_UNIT,1,8000000,May 2026,OFFICE_FURNITURE,,,,,,,,
Puskesmas Karangdadap,Puskesmas Karangdadap — Kab. Pekalongan,Kab. Pekalongan,Puskesmas Karangdadap,"Jawa Tengah, Pekalongan (Kab.)",HEALTH_UNIT,1,39000000,June 2026,IT_HARDWARE,,,,,,,,
Puskesmas Karangpandan,Puskesmas Karangpandan — Kab. Karanganyar,Kab. Karanganyar,Puskesmas Karangpandan,"Jawa Tengah, Karanganyar (Kab.)",HEALTH_UNIT,3,29000000,June 2026; May 2026,IT_HARDWARE,,,,,,,,
Puskesmas Karangrayung I,Puskesmas Karangrayung I — Kab. Grobogan,Kab. Grobogan,Puskesmas Karangrayung I,"Jawa Tengah, Grobogan (Kab.)",HEALTH_UNIT,2,27869700,June 2026; May 2026,IT_HARDWARE; OFFICE_FURNITURE,,,,,,,,
Puskesmas Kasihan I,Puskesmas Kasihan I — Kab. Bantul,Kab. Bantul,Puskesmas Kasihan I,"DI Yogyakarta, Bantul (Kab.)",HEALTH_UNIT,1,15000000,May 2026,IT_HARDWARE,,,,,,,,
Puskesmas Kayuwou,Puskesmas Kayuwou — Kab. Donggala,Kab. Donggala,Puskesmas Kayuwou,"Sulawesi Tengah, Dongala (Kab.)",HEALTH_UNIT,1,43400000,June 2026,IT_HARDWARE,,,,,,,,
Puskesmas Kebakkramat I,Puskesmas Kebakkramat I — Kab. Karanganyar,Kab. Karanganyar,Puskesmas Kebakkramat I,"Jawa Tengah, Karanganyar (Kab.)",HEALTH_UNIT,1,4015000,May 2026,IT_HARDWARE,,,,,,,,
Puskesmas Kebakkramat II,Puskesmas Kebakkramat II — Kab. Karanganyar,Kab. Karanganyar,Puskesmas Kebakkramat II,"Jawa Tengah, Karanganyar (Kab.)",HEALTH_UNIT,1,5219000,May 2026,IT_HARDWARE,,,,,,,,
Puskesmas Kedungjati,Puskesmas Kedungjati — Kab. Grobogan,Kab. Grobogan,Puskesmas Kedungjati,"Jawa Tengah, Grobogan (Kab.)",HEALTH_UNIT,5,134463939,June 2026; May 2026,DESKTOP; IT_HARDWARE; OFFICE_FURNITURE,,,,,,,,
Puskesmas Kedungreja,Puskesmas Kedungreja — Kab. Cilacap,Kab. Cilacap,Puskesmas Kedungreja,"Jawa Tengah, Cilacap (Kab.)",HEALTH_UNIT,1,105219444,June 2026,OFFICE_FURNITURE,,,,,,,,
Puskesmas Kelayan Timur,Puskesmas Kelayan Timur — Kota Banjarmasin,Kota Banjarmasin,Puskesmas Kelayan Timur,"Kalimantan Selatan, Banjarmasin (Kota)",HEALTH_UNIT,1,15152000,May 2026,OFFICE_FURNITURE,,,,,,,,
Puskesmas Keramasan,Puskesmas Keramasan — Kota Palembang,Kota Palembang,Puskesmas Keramasan,"Sumatera Selatan, Palembang (Kota)",HEALTH_UNIT,1,57000000,June 2026,DESKTOP,,,,,,,,
Puskesmas Kesugihan I,Puskesmas Kesugihan I — Kab. Cilacap,Kab. Cilacap,Puskesmas Kesugihan I,"Jawa Tengah, Cilacap (Kab.)",HEALTH_UNIT,1,21850057,May 2026,OFFICE_FURNITURE,,,,,,,,
Puskesmas Kintamani III,Puskesmas Kintamani III — Kab. Bangli,Kab. Bangli,Puskesmas Kintamani III,"Bali, Bangli (Kab.)",HEALTH_UNIT,2,9875000,June 2026; May 2026,IT_HARDWARE,,,,,,,,
Puskesmas Kintamani VI,Puskesmas Kintamani VI — Kab. Bangli,Kab. Bangli,Puskesmas Kintamani VI,"Bali, Bangli (Kab.)",HEALTH_UNIT,2,30500000,May 2026,IT_HARDWARE; OFFICE_FURNITURE,,,,,,,,
Puskesmas Klareyan,Puskesmas Klareyan — Kab. Pemalang,Kab. Pemalang,Puskesmas Klareyan,"Jawa Tengah, Pemalang (Kab.)",HEALTH_UNIT,1,34000000,May 2026,DESKTOP,,,,,,,,
Puskesmas Koni,Puskesmas Koni — Kota Jambi,Kota Jambi,Puskesmas Koni,"Jambi, Jambi (Kota)",HEALTH_UNIT,1,25000000,May 2026,IT_HARDWARE,,,,,,,,
Puskesmas Kota Rantauprapat,Puskesmas Kota Rantauprapat — Kab. Labuhanbatu,Kab. Labuhanbatu,Puskesmas Kota Rantauprapat,"Sumatera Utara, Labuhan Batu (Kab.) | Sumatera Utara, Labuhan Batu (Kab.) | Sumatera Utara, Labuhan Batu (Kab.)",HEALTH_UNIT,1,277031250,May 2026,IT_HARDWARE,,,,,,,,
Puskesmas Labuhan Maringgai,Puskesmas Labuhan Maringgai — Kab. Lampung Timur,Kab. Lampung Timur,Puskesmas Labuhan Maringgai,"Lampung, Lampung Timur (Kab.)",HEALTH_UNIT,4,146062500,June 2026; May 2026,IT_HARDWARE; NETWORKING; OFFICE_FURNITURE,,,,,,,,
Puskesmas Lampia,Puskesmas Lampia — Kab. Luwu Timur,Kab. Luwu Timur,Puskesmas Lampia,"Sulawesi Selatan, Luwu Timur (Kab.)",HEALTH_UNIT,1,6570000,June 2026,IT_HARDWARE; LAPTOP,,,,,,,,
Puskesmas Losari,Puskesmas Losari — Kab. Pemalang,Kab. Pemalang,Puskesmas Losari,"Jawa Tengah, Pemalang (Kab.)",HEALTH_UNIT,1,3190406,May 2026,OFFICE_FURNITURE,,,,,,,,
Puskesmas Madiun,Puskesmas Madiun — Kab. Madiun,Kab. Madiun,Puskesmas Madiun,"Jawa Timur, Madiun (Kab.)",HEALTH_UNIT,1,6500000,June 2026,OFFICE_FURNITURE,,,,,,,,
Puskesmas Mane,Puskesmas Mane — Kab. Pidie,Kab. Pidie,Puskesmas Mane,"Aceh, Pidie (Kab.)",HEALTH_UNIT,1,33351360,May 2026,LAPTOP,,,,,,,,
Puskesmas Mantuil,Puskesmas Mantuil — Kota Banjarmasin,Kota Banjarmasin,Puskesmas Mantuil,"Kalimantan Selatan, Banjarmasin (Kota)",HEALTH_UNIT,2,2840000,May 2026,DESKTOP; IT_HARDWARE,,,,,,,,
Puskesmas Maos,Puskesmas Maos — Kab. Cilacap,Kab. Cilacap,Puskesmas Maos,"Jawa Tengah, Cilacap (Kab.)",HEALTH_UNIT,3,78947900,May 2026,DESKTOP; OFFICE_FURNITURE,,,,,,,,
Puskesmas Martapura Barat,Puskesmas Martapura Barat — Kab. Banjar,Kab. Banjar,Puskesmas Martapura Barat,"Kalimantan Selatan, Banjar (Kab.)",HEALTH_UNIT,2,10000000,May 2026,CCTV; IT_HARDWARE; LAPTOP,,,,,,,,
Puskesmas Maurole,Puskesmas Maurole — Kab. Ende,Kab. Ende,Puskesmas Maurole,"Nusa Tenggara Timur, Ende (Kab.)",HEALTH_UNIT,1,20880640,June 2026,IT_HARDWARE,,,,,,,,
Puskesmas Melong Asih,Puskesmas Melong Asih — Kota Cimahi,Kota Cimahi,Puskesmas Melong Asih,"Jawa Barat, Cimahi (Kota)",HEALTH_UNIT,1,2070000,June 2026,DESKTOP; IT_HARDWARE,,,,,,,,
Puskesmas Mila,Puskesmas Mila — Kab. Pidie,Kab. Pidie,Puskesmas Mila,"Aceh, Pidie (Kab.)",HEALTH_UNIT,1,21393094,May 2026,IT_HARDWARE,,,,,,,,
Puskesmas Mojo,Puskesmas Mojo — Kab. Pemalang,Kab. Pemalang,Puskesmas Mojo,"Jawa Tengah, Pemalang (Kab.)",HEALTH_UNIT,7,220372600,May 2026,DESKTOP; IT_HARDWARE; LAPTOP; OFFICE_FURNITURE; PRINTER,,,,,,,,
Puskesmas Muara Enim,Puskesmas Muara Enim — Kab. Muara Enim,Kab. Muara Enim,Puskesmas Muara Enim,"Sumatera Selatan, Muara Enim (Kab.)",HEALTH_UNIT,1,24718700,June 2026,IT_HARDWARE,,,,,,,,
Puskesmas Mukapayung,Puskesmas Mukapayung — Kab. Bandung Barat,Kab. Bandung Barat,Puskesmas Mukapayung,"Jawa Barat, Bandung Barat (Kab.)",HEALTH_UNIT,1,11322000,May 2026,DESKTOP,,,,,,,,
Puskesmas Ngalupolo,Puskesmas Ngalupolo — Kab. Ende,Kab. Ende,Puskesmas Ngalupolo,"Nusa Tenggara Timur, Ende (Kab.)",HEALTH_UNIT,2,31250000,June 2026,DESKTOP; IT_HARDWARE,,,,,,,,
Puskesmas Nganjuk,Puskesmas Nganjuk — Kab. Nganjuk,Kab. Nganjuk,Puskesmas Nganjuk,"Jawa Timur, Nganjuk (Kab.)",HEALTH_UNIT,3,104394212,June 2026; May 2026,DESKTOP; LAPTOP; OFFICE_FURNITURE,,,,,,,,
Puskesmas Nisam Antara,Puskesmas Nisam Antara — Kab. Aceh Utara,Kab. Aceh Utara,Puskesmas Nisam Antara,"Aceh, Aceh Utara (Kab.)",HEALTH_UNIT,2,14500000,May 2026,DESKTOP; IT_HARDWARE,,,,,,,,
Puskesmas Paal X,Puskesmas Paal X — Kota Jambi,Kota Jambi,Puskesmas Paal X,"Jambi, Jambi (Kota)",HEALTH_UNIT,1,7000000,May 2026,IT_HARDWARE; PRINTER,,,,,,,,
Puskesmas Padang Tiji,Puskesmas Padang Tiji — Kab. Pidie,Kab. Pidie,Puskesmas Padang Tiji,"Aceh, Pidie (Kab.)",HEALTH_UNIT,2,82391714,May 2026,IT_HARDWARE; OFFICE_FURNITURE,,,,,,,,
Puskesmas Pagerungan Besar,Puskesmas Pagerungan Besar — Kab. Sumenep,Kab. Sumenep,Puskesmas Pagerungan Besar,"Jawa Timur, Sumenep (Kab.)",HEALTH_UNIT,2,3000000,June 2026,DESKTOP; IT_HARDWARE,,,,,,,,
Puskesmas Pandanwangi,Puskesmas Pandanwangi — Kota Malang,Kota Malang,Puskesmas Pandanwangi,"Jawa Timur, Malang (Kota)",HEALTH_UNIT,2,21473800,May 2026,IT_HARDWARE,,,,,,,,
Puskesmas Paya Bakong,Puskesmas Paya Bakong — Kab. Aceh Utara,Kab. Aceh Utara,Puskesmas Paya Bakong,"Aceh, Aceh Utara (Kab.)",HEALTH_UNIT,1,25000000,May 2026,IT_HARDWARE,,,,,,,,
Puskesmas Penawangan I,Puskesmas Penawangan I — Kab. Grobogan,Kab. Grobogan,Puskesmas Penawangan I,"Jawa Tengah, Grobogan (Kab.)",HEALTH_UNIT,1,25160000,June 2026,IT_HARDWARE,,,,,,,,
Puskesmas Pilangkenceng,Puskesmas Pilangkenceng — Kab. Madiun,Kab. Madiun,Puskesmas Pilangkenceng,"Jawa Timur, Madiun (Kab.)",HEALTH_UNIT,1,20000000,May 2026,OFFICE_FURNITURE,,,,,,,,
Puskesmas Pulokulon I,Puskesmas Pulokulon I — Kab. Grobogan,Kab. Grobogan,Puskesmas Pulokulon I,"Jawa Tengah, Grobogan (Kab.)",HEALTH_UNIT,1,69212000,June 2026,IT_HARDWARE,,,,,,,,
Puskesmas Pulosari,Puskesmas Pulosari — Kab. Pemalang,Kab. Pemalang,Puskesmas Pulosari,"Jawa Tengah, Pemalang (Kab.)",HEALTH_UNIT,1,49950000,May 2026,OFFICE_FURNITURE,,,,,,,,
Puskesmas Puspahiang,Puskesmas Puspahiang — Kab. Tasikmalaya,Kab. Tasikmalaya,Puskesmas Puspahiang,"Jawa Barat, Tasikmalaya (Kab.)",HEALTH_UNIT,1,10000000,May 2026,STORAGE,,,,,,,,
Puskesmas Rancah,Puskesmas Rancah — Kab. Ciamis,Kab. Ciamis,Puskesmas Rancah,"Jawa Barat, Ciamis (Kab.)",HEALTH_UNIT,1,9000000,May 2026,IT_HARDWARE,,,,,,,,
Puskesmas Randudongkal,Puskesmas Randudongkal — Kab. Pemalang,Kab. Pemalang,Puskesmas Randudongkal,"Jawa Tengah, Pemalang (Kab.)",HEALTH_UNIT,1,69759600,May 2026,LAPTOP,,,,,,,,
Puskesmas Rawat Inap Sipori-Pori,Puskesmas Rawat Inap Sipori-Pori — Kota Tanjung Balai,Kota Tanjung Balai,Puskesmas Rawat Inap Sipori-Pori,"Sumatera Utara, Tanjung Balai (Kota)",HEALTH_UNIT,3,61901000,May 2026,DESKTOP; IT_HARDWARE; OFFICE_FURNITURE,,,,,,,,
Puskesmas Rejosari,Puskesmas Rejosari — Kab. Pringsewu,Kab. Pringsewu,Puskesmas Rejosari,"Lampung, Pringsewu (Kab.)",HEALTH_UNIT,1,8000000,May 2026,SCANNER,,,,,,,,
Puskesmas S. Parman,Puskesmas S. Parman — Kota Banjarmasin,Kota Banjarmasin,Puskesmas S. Parman,"Kalimantan Selatan, Banjarmasin (Kota)",HEALTH_UNIT,2,9091000,May 2026,IT_HARDWARE; OFFICE_FURNITURE,,,,,,,,
Puskesmas SP III Trans,Puskesmas SP III Trans — Kab. Sekadau,Kab. Sekadau,Puskesmas SP III Trans,"Kalimantan Barat, Sekadau (Kab.)",HEALTH_UNIT,1,9586737,May 2026,IT_HARDWARE,,,,,,,,
Puskesmas Samarang,Puskesmas Samarang — Kab. Garut,Kab. Garut,Puskesmas Samarang,"Jawa Barat, Garut (Kab.)",HEALTH_UNIT,1,6000000,May 2026,IT_HARDWARE,,,,,,,,
Puskesmas Sanggar,Puskesmas Sanggar — Kab. Bima,Kab. Bima,Puskesmas Sanggar,"Nusa Tenggara Barat, Bima (Kab.)",HEALTH_UNIT,1,7200000,June 2026,NETWORKING,,,,,,,,
Puskesmas Saradan,Puskesmas Saradan — Kab. Madiun,Kab. Madiun,Puskesmas Saradan,"Jawa Timur, Madiun (Kab.)",HEALTH_UNIT,2,9500000,June 2026; May 2026,IT_HARDWARE; OFFICE_FURNITURE,,,,,,,,
Puskesmas Sawahan,Puskesmas Sawahan — Kab. Madiun,Kab. Madiun,Puskesmas Sawahan,"Jawa Timur, Madiun (Kab.)",HEALTH_UNIT,3,44000000,June 2026,DESKTOP; LAPTOP; PRINTER,,,,,,,,
Puskesmas Sebetung,Puskesmas Sebetung — Kab. Sekadau,Kab. Sekadau,Puskesmas Sebetung,"Kalimantan Barat, Sekadau (Kab.)",HEALTH_UNIT,1,20000000,June 2026,OFFICE_FURNITURE,,,,,,,,
Puskesmas Seririt II,Puskesmas Seririt II — Kab. Buleleng,Kab. Buleleng,Puskesmas Seririt II,"Bali, Buleleng (Kab.)",HEALTH_UNIT,1,41514000,May 2026,AUDIO,,,,,,,,
Puskesmas Sidareja,Puskesmas Sidareja — Kab. Cilacap,Kab. Cilacap,Puskesmas Sidareja,"Jawa Tengah, Cilacap (Kab.)",HEALTH_UNIT,3,70888900,June 2026; May 2026,DESKTOP; IT_HARDWARE; NETWORKING; OFFICE_FURNITURE,,,,,,,,
Puskesmas Sigambal,Puskesmas Sigambal — Kab. Labuhanbatu,Kab. Labuhanbatu,Puskesmas Sigambal,"Sumatera Utara, Labuhan Batu (Kab.)",HEALTH_UNIT,1,24650000,June 2026,IT_HARDWARE,,,,,,,,
Puskesmas Simpang Keuramat,Puskesmas Simpang Keuramat — Kab. Aceh Utara,Kab. Aceh Utara,Puskesmas Simpang Keuramat,"Aceh, Aceh Utara (Kab.)",HEALTH_UNIT,1,20000000,June 2026,LAPTOP,,,,,,,,
Puskesmas Simpur,Puskesmas Simpur — Kab. Hulu Sungai Selatan,Kab. Hulu Sungai Selatan,Puskesmas Simpur,"Kalimantan Selatan, Hulu Sungai Selatan (Kab.)",HEALTH_UNIT,1,17531400,May 2026,OFFICE_FURNITURE,,,,,,,,
Puskesmas Sisir,Puskesmas Sisir — Kota Batu,Kota Batu,Puskesmas Sisir,"Jawa Timur, Batu (Kota)",HEALTH_UNIT,1,7393800,June 2026,AUDIO,,,,,,,,
Puskesmas Srengat,Puskesmas Srengat — Kab. Blitar,Kab. Blitar,Puskesmas Srengat,"Jawa Timur, Blitar (Kab.)",HEALTH_UNIT,3,22600000,June 2026; May 2026,IT_HARDWARE; OFFICE_FURNITURE,,,,,,,,
Puskesmas Suka Makmur,Puskesmas Suka Makmur — Kab. Labuhanbatu,Kab. Labuhanbatu,Puskesmas Suka Makmur,"Sumatera Utara, Labuhan Batu (Kab.)",HEALTH_UNIT,1,35450000,June 2026,IT_HARDWARE,,,,,,,,
Puskesmas Sukadana,Puskesmas Sukadana — Kab. Ciamis,Kab. Ciamis,Puskesmas Sukadana,"Jawa Barat, Ciamis (Kab.)",HEALTH_UNIT,7,43000000,June 2026; May 2026,DESKTOP; IT_HARDWARE,,,,,,,,
Puskesmas Sukamerang,Puskesmas Sukamerang — Kab. Garut,Kab. Garut,Puskesmas Sukamerang,"Jawa Barat, Garut (Kab.)",HEALTH_UNIT,2,59900000,May 2026,DESKTOP; IT_HARDWARE,,,,,,,,
Puskesmas Sukaratu,Puskesmas Sukaratu — Kab. Tasikmalaya,Kab. Tasikmalaya,Puskesmas Sukaratu,"Jawa Barat, Tasikmalaya (Kab.)",HEALTH_UNIT,1,14500000,June 2026,IT_HARDWARE,,,,,,,,
Puskesmas Sumbang II,Puskesmas Sumbang II — Kab. Banyumas,Kab. Banyumas,Puskesmas Sumbang II,"Jawa Tengah, Banyumas (Kab.)",HEALTH_UNIT,3,60580000,May 2026,DESKTOP; IT_HARDWARE,,,,,,,,
Puskesmas Sumber Mulya,Puskesmas Sumber Mulya — Kab. Muara Enim,Kab. Muara Enim,Puskesmas Sumber Mulya,"Sumatera Selatan, Muara Enim (Kab.)",HEALTH_UNIT,1,30520000,May 2026,OFFICE_FURNITURE,,,,,,,,
Puskesmas Sumbersari,Puskesmas Sumbersari — Kab. Madiun,Kab. Madiun,Puskesmas Sumbersari,"Jawa Timur, Madiun (Kab.)",HEALTH_UNIT,1,1500000,May 2026,NETWORKING,,,,,,,,
Puskesmas Sumowono,Puskesmas Sumowono — Kab. Semarang,Kab. Semarang,Puskesmas Sumowono,"Jawa Tengah, Semarang (Kab.)",HEALTH_UNIT,1,47000000,May 2026,DESKTOP,,,,,,,,
Puskesmas Sungai Bilu,Puskesmas Sungai Bilu — Kota Banjarmasin,Kota Banjarmasin,Puskesmas Sungai Bilu,"Kalimantan Selatan, Banjarmasin (Kota)",HEALTH_UNIT,3,39436000,May 2026,DESKTOP; IT_HARDWARE,,,,,,,,
Puskesmas Sungai Guntung,Puskesmas Sungai Guntung — Kab. Indragiri Hilir,Kab. Indragiri Hilir,Puskesmas Sungai Guntung,"Riau, Indragiri Hilir (Kab.)",HEALTH_UNIT,1,13000000,May 2026,OFFICE_FURNITURE,,,,,,,,
Puskesmas Sungai Meriam,Puskesmas Sungai Meriam — Kab. Kutai Kartanegara,Kab. Kutai Kartanegara,Puskesmas Sungai Meriam,"Kalimantan Timur, Kutai Kartanegara (Kab.)",HEALTH_UNIT,1,36036000,May 2026,IT_HARDWARE,,,,,,,,
Puskesmas Sungai Pua,Puskesmas Sungai Pua — Kab. Agam,Kab. Agam,Puskesmas Sungai Pua,"Sumatera Barat, Agam (Kab.)",HEALTH_UNIT,3,51950000,June 2026,IT_HARDWARE; LAPTOP; PRINTER,,,,,,,,
Puskesmas Suruh,Puskesmas Suruh — Kab. Semarang,Kab. Semarang,Puskesmas Suruh,"Jawa Tengah, Semarang (Kab.)",HEALTH_UNIT,3,68875000,May 2026,DESKTOP; IT_HARDWARE; NETWORKING; OFFICE_FURNITURE,,,,,,,,
Puskesmas Susut II,Puskesmas Susut II — Kab. Bangli,Kab. Bangli,Puskesmas Susut II,"Bali, Bangli (Kab.)",HEALTH_UNIT,2,158000000,June 2026,IT_HARDWARE; OFFICE_FURNITURE,,,,,,,,
Puskesmas Talun,Puskesmas Talun — Kab. Pekalongan,Kab. Pekalongan,Puskesmas Talun,"Jawa Tengah, Pekalongan (Kab.)",HEALTH_UNIT,1,34800000,May 2026,CCTV; IT_HARDWARE; LAPTOP; PRINTER; SCANNER,,,,,,,,
Puskesmas Tambak Rejo,Puskesmas Tambak Rejo — Kab. Sidoarjo,Kab. Sidoarjo,Puskesmas Tambak Rejo,"Jawa Timur, Sidoarjo (Kab.)",HEALTH_UNIT,1,2700000,May 2026,OFFICE_FURNITURE,,,,,,,,
Puskesmas Tanggungharjo,Puskesmas Tanggungharjo — Kab. Grobogan,Kab. Grobogan,Puskesmas Tanggungharjo,"Jawa Tengah, Grobogan (Kab.)",HEALTH_UNIT,1,17772000,May 2026,DESKTOP,,,,,,,,
Puskesmas Tangkahen,Puskesmas Tangkahen — Kab. Pulang Pisau,Kab. Pulang Pisau,Puskesmas Tangkahen,"Kalimantan Tengah, Pulang Pisau (Kab.)",HEALTH_UNIT,1,2808400,June 2026,OFFICE_FURNITURE,,,,,,,,
Puskesmas Tanjung Agung,Puskesmas Tanjung Agung — Kab. Muara Enim,Kab. Muara Enim,Puskesmas Tanjung Agung,"Sumatera Selatan, Muara Enim (Kab.)",HEALTH_UNIT,3,47300000,May 2026,DESKTOP; IT_HARDWARE; OFFICE_FURNITURE,,,,,,,,
Puskesmas Tapang Perodah,Puskesmas Tapang Perodah — Kab. Sekadau,Kab. Sekadau,Puskesmas Tapang Perodah,"Kalimantan Barat, Sekadau (Kab.)",HEALTH_UNIT,1,7264344,May 2026,OFFICE_FURNITURE,,,,,,,,
Puskesmas Tasikmadu,Puskesmas Tasikmadu — Kab. Karanganyar,Kab. Karanganyar,Puskesmas Tasikmadu,"Jawa Tengah, Karanganyar (Kab.)",HEALTH_UNIT,1,1700000,May 2026,OFFICE_FURNITURE,,,,,,,,
Puskesmas Tebat Agung,Puskesmas Tebat Agung — Kab. Muara Enim,Kab. Muara Enim,Puskesmas Tebat Agung,"Sumatera Selatan, Muara Enim (Kab.)",HEALTH_UNIT,1,3000000,May 2026,IT_HARDWARE,,,,,,,,
Puskesmas Tegowanu,Puskesmas Tegowanu — Kab. Grobogan,Kab. Grobogan,Puskesmas Tegowanu,"Jawa Tengah, Grobogan (Kab.)",HEALTH_UNIT,1,3289000,May 2026,DESKTOP,,,,,,,,
Puskesmas Teling Atas,Puskesmas Teling Atas — Kota Manado,Kota Manado,Puskesmas Teling Atas,"Sulawesi Utara, Manado (Kota)",HEALTH_UNIT,5,151502200,May 2026,DESKTOP; IT_HARDWARE; NETWORKING; OFFICE_FURNITURE,,,,,,,,
Puskesmas Teluk Bogam,Puskesmas Teluk Bogam — Kab. Kotawaringin Barat,Kab. Kotawaringin Barat,Puskesmas Teluk Bogam,"Kalimantan Tengah, Kotawaringin Barat (Kab.)",HEALTH_UNIT,1,3191250,May 2026,OFFICE_FURNITURE,,,,,,,,
Puskesmas Teluk Tiram,Puskesmas Teluk Tiram — Kota Banjarmasin,Kota Banjarmasin,Puskesmas Teluk Tiram,"Kalimantan Selatan, Banjarmasin (Kota)",HEALTH_UNIT,1,14200000,May 2026,IT_HARDWARE,,,,,,,,
Puskesmas Titeu,Puskesmas Titeu — Kab. Pidie,Kab. Pidie,Puskesmas Titeu,"Aceh, Pidie (Kab.)",HEALTH_UNIT,3,59944858,June 2026,IT_HARDWARE; OFFICE_FURNITURE; PRINTER,,,,,,,,
Puskesmas Tuntang,Puskesmas Tuntang — Kab. Semarang,Kab. Semarang,Puskesmas Tuntang,"Jawa Tengah, Semarang (Kab.)",HEALTH_UNIT,4,29383000,May 2026,AUDIO; DESKTOP; IT_HARDWARE; NETWORKING; OFFICE_FURNITURE; PRINTER; UPS,,,,,,,,
Puskesmas Ungaran,Puskesmas Ungaran — Kab. Semarang,Kab. Semarang,Puskesmas Ungaran,"Jawa Tengah, Semarang (Kab.)",HEALTH_UNIT,1,34000000,June 2026,DESKTOP,,,,,,,,
Puskesmas Wadaslintang 1,Puskesmas Wadaslintang 1 — Kab. Wonosobo,Kab. Wonosobo,Puskesmas Wadaslintang 1,"Jawa Tengah, Wonosobo (Kab.)",HEALTH_UNIT,3,21250000,May 2026,LAPTOP; OFFICE_FURNITURE; PRINTER,,,,,,,,
Puskesmas Waru,Puskesmas Waru — Kab. Sidoarjo,Kab. Sidoarjo,Puskesmas Waru,"Jawa Timur, Sidoarjo (Kab.)",HEALTH_UNIT,2,15500000,May 2026,LAPTOP; PRINTER,,,,,,,,
Puskesmas Welamosa,Puskesmas Welamosa — Kab. Ende,Kab. Ende,Puskesmas Welamosa,"Nusa Tenggara Timur, Ende (Kab.)",HEALTH_UNIT,2,26874300,May 2026,DESKTOP; OFFICE_FURNITURE,,,,,,,,
Puskesmas Wonoasri,Puskesmas Wonoasri — Kab. Madiun,Kab. Madiun,Puskesmas Wonoasri,"Jawa Timur, Madiun (Kab.)",HEALTH_UNIT,3,95100000,May 2026,DESKTOP; IT_HARDWARE; LAPTOP; OFFICE_FURNITURE; PRINTER,,,,,,,,
Puskesmas Wonoayu,Puskesmas Wonoayu — Kab. Sidoarjo,Kab. Sidoarjo,Puskesmas Wonoayu,"Jawa Timur, Sidoarjo (Kab.)",HEALTH_UNIT,1,15000000,May 2026,OFFICE_FURNITURE,,,,,,,,
Puskesmas Wungu,Puskesmas Wungu — Kab. Madiun,Kab. Madiun,Puskesmas Wungu,"Jawa Timur, Madiun (Kab.)",HEALTH_UNIT,1,10200000,May 2026,DESKTOP; PRINTER,,,,,,,,
R S U D Dr. Abdul Rivai,R S U D Dr. Abdul Rivai — Kab. Berau,Kab. Berau,R S U D Dr. Abdul Rivai,"Kalimantan Timur, Berau (Kab.)",LOCAL_AGENCY,17,314254000,June 2026; May 2026,DESKTOP; IT_HARDWARE; LAPTOP; PRINTER; SCANNER,,,,,,,,
RO OPS POLDA KEPRI,RO OPS POLDA KEPRI — Kepolisian Negara Republik Indonesia,Kepolisian Negara Republik Indonesia,RO OPS POLDA KEPRI,"Kepulauan Riau, Batam (Kota)",OTHER,1,27180000,May 2026,LAPTOP; PRINTER,,,,,,,,
RORENA POLDA NTB,RORENA POLDA NTB — Kepolisian Negara Republik Indonesia,Kepolisian Negara Republik Indonesia,RORENA POLDA NTB,"Nusa Tenggara Barat, Mataram (Kota)",OTHER,1,97600000,May 2026,IT_HARDWARE; LAPTOP,,,,,,,,
RRI PALU,RRI PALU — Lembaga Penyiaran Radio Republik Indonesia,Lembaga Penyiaran Radio Republik Indonesia,RRI PALU,"Sulawesi Tengah, Palu (Kota)",NATIONAL,1,18000000,May 2026,OFFICE_FURNITURE,,,,,,,,
RS ORTHOPAEDI PROF DRR SOEHARSO SURAKARTA,RS ORTHOPAEDI PROF DRR SOEHARSO SURAKARTA — Kementerian Kesehatan,Kementerian Kesehatan,RS ORTHOPAEDI PROF DRR SOEHARSO SURAKARTA,"Jawa Tengah, Sukoharjo (Kab.)",NATIONAL,1,250098000,May 2026,IT_HARDWARE; LAPTOP,,,,,,,,
RSJD dr.SAMSI JACOBALIS,RSJD dr.SAMSI JACOBALIS — Provinsi Bangka Belitung,Provinsi Bangka Belitung,RSJD dr.SAMSI JACOBALIS,"Kep. Bangka Belitung, Bangka (Kab.)",PROVINCE,2,58000000,May 2026,IT_HARDWARE; LAPTOP; PRINTER,,,,,,,,
RSK IBU DAN ANAK PERTIWI,RSK IBU DAN ANAK PERTIWI — Provinsi Sulawesi Selatan,Provinsi Sulawesi Selatan,RSK IBU DAN ANAK PERTIWI,"Sulawesi Selatan, Makassar (Kota)",PROVINCE,3,100944900,May 2026,DESKTOP; OFFICE_FURNITURE,,,,,,,,
RSKD Gigi dan Mulut,RSKD Gigi dan Mulut — Kota Manado,Kota Manado,RSKD Gigi dan Mulut,"Sulawesi Utara, Manado (Kota)",LOCAL_AGENCY,1,7300000,June 2026,DESKTOP; IT_HARDWARE,,,,,,,,
RSKD IBU DAN ANAK SITI FATIMAH,RSKD IBU DAN ANAK SITI FATIMAH — Provinsi Sulawesi Selatan,Provinsi Sulawesi Selatan,RSKD IBU DAN ANAK SITI FATIMAH,"Sulawesi Selatan, Makassar (Kota)",PROVINCE,1,234726000,June 2026,IT_HARDWARE,,,,,,,,
RSU DR KARIADI SEMARANG,RSU DR KARIADI SEMARANG — Kementerian Kesehatan,Kementerian Kesehatan,RSU DR KARIADI SEMARANG,"Jawa Tengah, Semarang (Kota)",NATIONAL,6,1103180000,June 2026; May 2026,CAMERA_VIDEO; IT_HARDWARE; OFFICE_FURNITURE; PRINTER; SERVER,,,,,,,,
RSU Dharma Yadnya,RSU Dharma Yadnya — Provinsi Bali,Provinsi Bali,RSU Dharma Yadnya,"Bali, Denpasar (Kota)",PROVINCE,5,1165644281,June 2026; May 2026,AUDIO; IT_HARDWARE; OFFICE_FURNITURE,,,,,,,,
RSU PUSAT DR SOERADJI TIRTONEGORO,RSU PUSAT DR SOERADJI TIRTONEGORO — Kementerian Kesehatan,Kementerian Kesehatan,RSU PUSAT DR SOERADJI TIRTONEGORO,"Jawa Tengah, Klaten (Kab.)",NATIONAL,4,8156267710,May 2026,IT_HARDWARE; LAPTOP; OFFICE_FURNITURE; UPS,,,,,,,,
RSUD Bali Mandara,RSUD Bali Mandara — Provinsi Bali,Provinsi Bali,RSUD Bali Mandara,"Bali, Denpasar (Kota)",PROVINCE,5,361080000,May 2026,IT_HARDWARE; OFFICE_FURNITURE; SCANNER,,,,,,,,
RSUD Bandung Kiwari,RSUD Bandung Kiwari — Kota Bandung,Kota Bandung,RSUD Bandung Kiwari,"Jawa Barat, Bandung (Kota) | Jawa Barat, Bandung (Kota)",HOSPITAL,1,725816822,May 2026,UPS,,,,,,,,
RSUD Bhakti Dharma Husada,RSUD Bhakti Dharma Husada — Kota Surabaya,Kota Surabaya,RSUD Bhakti Dharma Husada,"Jawa Timur, Surabaya (Kota)",HOSPITAL,7,7129387086,June 2026; May 2026,AUDIO; IT_HARDWARE; NETWORKING; STORAGE,,,,,,,,
RSUD Candi Umbul,RSUD Candi Umbul — Kab. Magelang,Kab. Magelang,RSUD Candi Umbul,"Jawa Tengah, Magelang (Kab.)",HOSPITAL,1,149403430,June 2026,AUDIO,,,,,,,,
RSUD DR MOEWARDI,RSUD DR MOEWARDI — Provinsi Jawa Tengah,Provinsi Jawa Tengah,RSUD DR MOEWARDI,"Jawa Tengah, Surakarta (Kota)",PROVINCE,1,1402000000,May 2026,IT_HARDWARE; PRINTER,,,,,,,,
RSUD DR. LOEKMONO HADI,RSUD DR. LOEKMONO HADI — Kab. Kudus,Kab. Kudus,RSUD DR. LOEKMONO HADI,"Jawa Tengah, Kudus (Kab.)",HOSPITAL,1,944367000,June 2026,IT_HARDWARE,,,,,,,,
RSUD DR. R. SOEDARSONO,RSUD DR. R. SOEDARSONO — Kota Pasuruan,Kota Pasuruan,RSUD DR. R. SOEDARSONO,"Jawa Timur, Pasuruan (Kota)",HOSPITAL,4,39000000,May 2026,CCTV; IT_HARDWARE; NETWORKING,,,,,,,,
RSUD DR. TJITROWARDOJO,RSUD DR. TJITROWARDOJO — Kab. Purworejo,Kab. Purworejo,RSUD DR. TJITROWARDOJO,"Jawa Tengah, Purworejo (Kab.)",HOSPITAL,1,691974000,May 2026,IT_HARDWARE,,,,,,,,
RSUD Dr. M. Ashari,RSUD Dr. M. Ashari — Kab. Pemalang,Kab. Pemalang,RSUD Dr. M. Ashari,"Jawa Tengah, Pemalang (Kab.)",HOSPITAL,1,299700000,May 2026,DESKTOP; IT_HARDWARE,,,,,,,,
RSUD Dr. Pirngadi Medan,RSUD Dr. Pirngadi Medan — Kota Medan,Kota Medan,RSUD Dr. Pirngadi Medan,"Sumatera Utara, Medan (Kota)",HOSPITAL,1,81394966,May 2026,DESKTOP,,,,,,,,
RSUD Dr. R. Soedjati Soemodiardjo,RSUD Dr. R. Soedjati Soemodiardjo — Kab. Grobogan,Kab. Grobogan,RSUD Dr. R. Soedjati Soemodiardjo,"Jawa Tengah, Grobogan (Kab.)",HOSPITAL,1,170000000,May 2026,IT_HARDWARE,,,,,,,,
RSUD Drs. H. AMRI TAMBUNAN,RSUD Drs. H. AMRI TAMBUNAN — Kab. Deli Serdang,Kab. Deli Serdang,RSUD Drs. H. AMRI TAMBUNAN,"Sumatera Utara, Deli Serdang (Kab.)",HOSPITAL,1,40000000,May 2026,OFFICE_FURNITURE,,,,,,,,
RSUD Eka Candrarini,RSUD Eka Candrarini — Kota Surabaya,Kota Surabaya,RSUD Eka Candrarini,"Jawa Timur, Surabaya (Kota)",HOSPITAL,8,1193454801,June 2026; May 2026,CAMERA_VIDEO; IT_HARDWARE; OFFICE_FURNITURE; SCANNER,,,,,,,,
RSUD Gelumbang,RSUD Gelumbang — Kab. Muara Enim,Kab. Muara Enim,RSUD Gelumbang,"Sumatera Selatan, Muara Enim (Kab.)",HOSPITAL,5,354000000,June 2026; May 2026,DESKTOP; NETWORKING; OFFICE_FURNITURE,,,,,,,,
RSUD H. Abdurrahman Sayoeti,RSUD H. Abdurrahman Sayoeti — Kota Jambi,Kota Jambi,RSUD H. Abdurrahman Sayoeti,"Jambi, Jambi (Kota)",HOSPITAL,1,3787875,May 2026,AUDIO,,,,,,,,
RSUD IBNU SINA,RSUD IBNU SINA — Kab. Gresik,Kab. Gresik,RSUD IBNU SINA,"Jawa Timur, Gresik (Kab.)",HOSPITAL,3,172962600,May 2026,DESKTOP; IT_HARDWARE; LAPTOP,,,,,,,,
RSUD Karangkembang,RSUD Karangkembang — Kab. Lamongan,Kab. Lamongan,RSUD Karangkembang,"Jawa Timur, Lamongan (Kab.)",HOSPITAL,3,55000000,May 2026,CCTV; DESKTOP; IT_HARDWARE,,,,,,,,
RSUD Kawali,RSUD Kawali — Kab. Ciamis,Kab. Ciamis,RSUD Kawali,"Jawa Barat, Ciamis (Kab.)",HOSPITAL,1,20000000,May 2026,DESKTOP,,,,,,,,
RSUD Kelas B Dr. R.SOSODORO DJATIKOESOEMO,RSUD Kelas B Dr. R.SOSODORO DJATIKOESOEMO — Kab. Bojonegoro,Kab. Bojonegoro,RSUD Kelas B Dr. R.SOSODORO DJATIKOESOEMO,"Jawa Timur, Bojonegoro (Kab.)",HOSPITAL,4,409342526,June 2026; May 2026,IT_HARDWARE; OFFICE_FURNITURE; PRINTER; UPS,,,,,,,,
RSUD M.Th.Djaman,RSUD M.Th.Djaman — Kab. Sanggau,Kab. Sanggau,RSUD M.Th.Djaman,"Kalimantan Barat, Sanggau (Kab.) | Kalimantan Barat, Sanggau (Kab.)",HOSPITAL,16,312541311,May 2026,IT_HARDWARE; OFFICE_FURNITURE,,,,,,,,
RSUD Merah Putih,RSUD Merah Putih — Kab. Magelang,Kab. Magelang,RSUD Merah Putih,"Jawa Tengah, Magelang (Kab.)",HOSPITAL,1,184754100,May 2026,IT_HARDWARE,,,,,,,,
RSUD Ngudi Waluyo Wlingi,RSUD Ngudi Waluyo Wlingi — Kab. Blitar,Kab. Blitar,RSUD Ngudi Waluyo Wlingi,"Jawa Timur, Blitar (Kab.)",HOSPITAL,2,237958000,May 2026,DESKTOP,,,,,,,,
RSUD Otanaha,RSUD Otanaha — Kota Gorontalo,Kota Gorontalo,RSUD Otanaha,"Gorontalo, Gorontalo (Kota)",HOSPITAL,1,1705000,May 2026,DESKTOP,,,,,,,,
RSUD PROF DR MARGONO SOEKARJO,RSUD PROF DR MARGONO SOEKARJO — Provinsi Jawa Tengah,Provinsi Jawa Tengah,RSUD PROF DR MARGONO SOEKARJO,"Jawa Tengah, Banyumas (Kab.)",PROVINCE,2,234400000,May 2026,DESKTOP; IT_HARDWARE; PRINTER,,,,,,,,
RSUD Panembahan Senopati,RSUD Panembahan Senopati — Kab. Bantul,Kab. Bantul,RSUD Panembahan Senopati,"DI Yogyakarta, Bantul (Kab.)",HOSPITAL,2,185250000,June 2026; May 2026,AUDIO; OFFICE_FURNITURE,,,,,,,,
RSUD R.T. Notopuro Sidoarjo,RSUD R.T. Notopuro Sidoarjo — Kab. Sidoarjo,Kab. Sidoarjo,RSUD R.T. Notopuro Sidoarjo,"Jawa Timur, Sidoarjo (Kab.)",HOSPITAL,1,17830600,May 2026,SCANNER,,,,,,,,
RSUD SLG,RSUD SLG — Kab. Kediri,Kab. Kediri,RSUD SLG,"Jawa Timur, Kediri (Kab.)",HOSPITAL,2,1300000,May 2026,IT_HARDWARE; NETWORKING; PRINTER,,,,,,,,
RSUD Sanjiwani,RSUD Sanjiwani — Kab. Gianyar,Kab. Gianyar,RSUD Sanjiwani,"Bali, Gianyar (Kab.)",HOSPITAL,1,673000000,May 2026,DESKTOP,,,,,,,,
RSUD Srengat,RSUD Srengat — Kab. Blitar,Kab. Blitar,RSUD Srengat,"Jawa Timur, Blitar (Kab.)",HOSPITAL,1,5000000,June 2026,AUDIO,,,,,,,,
RSUD Sultan Thaha Saifuddin Tebo,RSUD Sultan Thaha Saifuddin Tebo — Kab. Tebo,Kab. Tebo,RSUD Sultan Thaha Saifuddin Tebo,"Jambi, Tebo (Kab.)",HOSPITAL,1,135388462,May 2026,DESKTOP,,,,,,,,
RSUD Sumberrejo,RSUD Sumberrejo — Kab. Bojonegoro,Kab. Bojonegoro,RSUD Sumberrejo,"Jawa Timur, Bojonegoro (Kab.)",HOSPITAL,1,122500000,May 2026,IT_HARDWARE,,,,,,,,
RSUD Sungai Gelam,RSUD Sungai Gelam — Kab. Muaro Jambi,Kab. Muaro Jambi,RSUD Sungai Gelam,"Jambi, Muaro Jambi (Kab.)",HOSPITAL,5,100401710,June 2026,DESKTOP; OFFICE_FURNITURE; STORAGE,,,,,,,,
RSUD Teluk Kuantan,RSUD Teluk Kuantan — Kab. Kuantan Singingi,Kab. Kuantan Singingi,RSUD Teluk Kuantan,"Riau, Kuantan Singingi (Kab.)",HOSPITAL,1,722801249,May 2026,STORAGE,,,,,,,,
RSUD Tigaraksa,RSUD Tigaraksa — Kab. Tangerang,Kab. Tangerang,RSUD Tigaraksa,"Banten, Tangerang (Kab.)",HOSPITAL,2,439899000,May 2026,IT_HARDWARE; OFFICE_FURNITURE,,,,,,,,
RSUD Undata Provinsi Sulawesi Tengah,RSUD Undata Provinsi Sulawesi Tengah — Provinsi Sulawesi Tengah,Provinsi Sulawesi Tengah,RSUD Undata Provinsi Sulawesi Tengah,"Sulawesi Tengah, Palu (Kota)",PROVINCE,1,881118000,May 2026,OFFICE_FURNITURE,,,,,,,,
RSUD dr MM Dunda Limboto,RSUD dr MM Dunda Limboto — Kab. Gorontalo,Kab. Gorontalo,RSUD dr MM Dunda Limboto,"Gorontalo, Gorontalo (Kab.)",HOSPITAL,2,17500000,June 2026,OFFICE_FURNITURE,,,,,,,,
RSUD dr Mohamad Soewandhie,RSUD dr Mohamad Soewandhie — Kota Surabaya,Kota Surabaya,RSUD dr Mohamad Soewandhie,"Jawa Timur, Surabaya (Kota)",HOSPITAL,1,716832047,June 2026,IT_HARDWARE,,,,,,,,
RSUD dr. Doris Sylvanus,RSUD dr. Doris Sylvanus — Provinsi Kalimantan Tengah,Provinsi Kalimantan Tengah,RSUD dr. Doris Sylvanus,"Kalimantan Tengah, Palangka Raya (Kota)",PROVINCE,2,99520000,May 2026,IT_HARDWARE; STORAGE,,,,,,,,
RSUD dr. H. ANDI ABDURRAHMAN NOOR,RSUD dr. H. ANDI ABDURRAHMAN NOOR — Kab. Tanah Bumbu,Kab. Tanah Bumbu,RSUD dr. H. ANDI ABDURRAHMAN NOOR,"Kalimantan Selatan, Tanah Bumbu (Kab.)",HOSPITAL,1,583376000,May 2026,IT_HARDWARE,,,,,,,,
RSUD dr. SOEDIRMAN,RSUD dr. SOEDIRMAN — Kab. Kebumen,Kab. Kebumen,RSUD dr. SOEDIRMAN,"Jawa Tengah, Kebumen (Kab.)",HOSPITAL,1,54063000,June 2026,IT_HARDWARE,,,,,,,,
RSUD dr. Soegiri,RSUD dr. Soegiri — Kab. Lamongan,Kab. Lamongan,RSUD dr. Soegiri,"Jawa Timur, Lamongan (Kab.)",HOSPITAL,1,149614500,June 2026,IT_HARDWARE,,,,,,,,
RSUD,RSUD — Kota Bandung,Kota Bandung,RSUD,"Jawa Barat, Bandung (Kota)",HOSPITAL,13,1342919636,June 2026; May 2026,AUDIO; DESKTOP; IT_HARDWARE; OFFICE_FURNITURE,,,,,,,,
RUMAH SAKIT DAERAH (RSD) BALUNG - BLUD,RUMAH SAKIT DAERAH (RSD) BALUNG - BLUD — Kab. Jember,Kab. Jember,RUMAH SAKIT DAERAH (RSD) BALUNG - BLUD,"Jawa Timur, Jember (Kab.)",HOSPITAL,4,1154100000,June 2026; May 2026,CAMERA_VIDEO; IT_HARDWARE; OFFICE_FURNITURE,,,,,,,,
RUMAH SAKIT FATMAWATI JAKARTA,RUMAH SAKIT FATMAWATI JAKARTA — Kementerian Kesehatan,Kementerian Kesehatan,RUMAH SAKIT FATMAWATI JAKARTA,"DKI Jakarta, Jakarta Selatan (Kota)",NATIONAL,3,2736410412,May 2026,IT_HARDWARE; NETWORKING,,,,,,,,
RUMAH SAKIT GIGI DAN MULUT GUSTI HASAN AMAN,RUMAH SAKIT GIGI DAN MULUT GUSTI HASAN AMAN — Provinsi Kalimantan Selatan,Provinsi Kalimantan Selatan,RUMAH SAKIT GIGI DAN MULUT GUSTI HASAN AMAN,"Kalimantan Selatan, Banjar (Kab.)",PROVINCE,2,10750000,May 2026,CCTV; IT_HARDWARE,,,,,,,,
RUMAH SAKIT JANTUNG HARAPAN KITA JAKARTA,RUMAH SAKIT JANTUNG HARAPAN KITA JAKARTA — Kementerian Kesehatan,Kementerian Kesehatan,RUMAH SAKIT JANTUNG HARAPAN KITA JAKARTA,"DKI Jakarta, Jakarta Barat (Kota)",NATIONAL,1,1690503000,May 2026,IT_HARDWARE,,,,,,,,
RUMAH SAKIT JIWA DR RADJIMAN WEDIODININGRAT LAWANG,RUMAH SAKIT JIWA DR RADJIMAN WEDIODININGRAT LAWANG — Kementerian Kesehatan,Kementerian Kesehatan,RUMAH SAKIT JIWA DR RADJIMAN WEDIODININGRAT LAWANG,"Jawa Timur, Malang (Kab.)",NATIONAL,9,283890000,June 2026,AUDIO; CAMERA_VIDEO; CCTV; IT_HARDWARE; OFFICE_FURNITURE; PRINTER; SCANNER,,,,,,,,
RUMAH SAKIT JIWA GRHASIA,RUMAH SAKIT JIWA GRHASIA — Provinsi DI Yogyakarta,Provinsi DI Yogyakarta,RUMAH SAKIT JIWA GRHASIA,"DI Yogyakarta, Sleman (Kab.)",PROVINCE,3,232239000,May 2026,DESKTOP; IT_HARDWARE; SERVER,,,,,,,,
RUMAH SAKIT JIWA MENUR,RUMAH SAKIT JIWA MENUR — Provinsi Jawa Timur,Provinsi Jawa Timur,RUMAH SAKIT JIWA MENUR,"Jawa Timur, Surabaya (Kota)",PROVINCE,1,176168000,May 2026,NETWORKING,,,,,,,,
RUMAH SAKIT JIWA PROVINSI KALIMANTAN BARAT,RUMAH SAKIT JIWA PROVINSI KALIMANTAN BARAT — Provinsi Kalimantan Barat,Provinsi Kalimantan Barat,RUMAH SAKIT JIWA PROVINSI KALIMANTAN BARAT,"Kalimantan Barat, Singkawang (Kota)",PROVINCE,4,197000000,May 2026,CCTV; DESKTOP; IT_HARDWARE; NETWORKING,,,,,,,,
RUMAH SAKIT JIWA SAMBANG LIHUM,RUMAH SAKIT JIWA SAMBANG LIHUM — Provinsi Kalimantan Selatan,Provinsi Kalimantan Selatan,RUMAH SAKIT JIWA SAMBANG LIHUM,"Kalimantan Selatan, Banjar (Kab.)",PROVINCE,3,47100000,May 2026,CAMERA_VIDEO; CCTV; DESKTOP; OFFICE_FURNITURE,,,,,,,,
RUMAH SAKIT JIWA,RUMAH SAKIT JIWA — Provinsi Sulawesi Tenggara,Provinsi Sulawesi Tenggara,RUMAH SAKIT JIWA,"Sulawesi Tenggara, Kendari (Kota)",PROVINCE,1,1145100,May 2026,IT_HARDWARE,,,,,,,,
RUMAH SAKIT KANKER DHARMAIS JAKARTA,RUMAH SAKIT KANKER DHARMAIS JAKARTA — Kementerian Kesehatan,Kementerian Kesehatan,RUMAH SAKIT KANKER DHARMAIS JAKARTA,"DKI Jakarta, Jakarta Barat (Kota)",NATIONAL,4,324490837,May 2026,CAMERA_VIDEO; IT_HARDWARE; OFFICE_FURNITURE; PRINTER,,,,,,,,
RUMAH SAKIT KETERGANTUNGAN OBAT JAKARTA,RUMAH SAKIT KETERGANTUNGAN OBAT JAKARTA — Kementerian Kesehatan,Kementerian Kesehatan,RUMAH SAKIT KETERGANTUNGAN OBAT JAKARTA,"DKI Jakarta, Jakarta Timur (Kota)",NATIONAL,1,55200000,May 2026,PRINTER,,,,,,,,
RUMAH SAKIT MATA MASYARAKAT JAWA TIMUR,RUMAH SAKIT MATA MASYARAKAT JAWA TIMUR — Provinsi Jawa Timur,Provinsi Jawa Timur,RUMAH SAKIT MATA MASYARAKAT JAWA TIMUR,"Jawa Timur, Surabaya (Kota)",PROVINCE,1,6000000,May 2026,OFFICE_FURNITURE,,,,,,,,
RUMAH SAKIT PARU DRMGOENAWAN PARTOWIDIGDO CISARUA,RUMAH SAKIT PARU DRMGOENAWAN PARTOWIDIGDO CISARUA — Kementerian Kesehatan,Kementerian Kesehatan,RUMAH SAKIT PARU DRMGOENAWAN PARTOWIDIGDO CISARUA,"Jawa Barat, Bogor (Kab.)",NATIONAL,5,121343000,June 2026; May 2026,AUDIO; IT_HARDWARE; LAPTOP; PRINTER; STORAGE; UPS,,,,,,,,
RUMAH SAKIT PARU JEMBER,RUMAH SAKIT PARU JEMBER — Provinsi Jawa Timur,Provinsi Jawa Timur,RUMAH SAKIT PARU JEMBER,"Jawa Timur, Jember (Kab.)",PROVINCE,1,220000000,May 2026,NETWORKING,,,,,,,,
RUMAH SAKIT PUSAT OTAK NASIONAL JAKARTA,RUMAH SAKIT PUSAT OTAK NASIONAL JAKARTA — Kementerian Kesehatan,Kementerian Kesehatan,RUMAH SAKIT PUSAT OTAK NASIONAL JAKARTA,"DKI Jakarta, Jakarta Timur (Kota)",NATIONAL,6,391121000,June 2026; May 2026,CCTV; LAPTOP; NETWORKING; OFFICE_FURNITURE,,,,,,,,
RUMAH SAKIT UMUM ADHYAKSA JAKARTA,RUMAH SAKIT UMUM ADHYAKSA JAKARTA — Kejaksaan Republik Indonesia,Kejaksaan Republik Indonesia,RUMAH SAKIT UMUM ADHYAKSA JAKARTA,"DKI Jakarta, Jakarta Timur (Kota)",NATIONAL,1,195888000,May 2026,UPS,,,,,,,,
RUMAH SAKIT UMUM DAERAH ASY-SYIFA,RUMAH SAKIT UMUM DAERAH ASY-SYIFA — Kab. Sumbawa Barat,Kab. Sumbawa Barat,RUMAH SAKIT UMUM DAERAH ASY-SYIFA,"Nusa Tenggara Barat, Sumbawa Barat (Kab.)",HOSPITAL,1,2250600,June 2026,IT_HARDWARE,,,,,,,,
RUMAH SAKIT UMUM DAERAH BANGGAI,RUMAH SAKIT UMUM DAERAH BANGGAI — Kab. Banggai Laut,Kab. Banggai Laut,RUMAH SAKIT UMUM DAERAH BANGGAI,"Sulawesi Tengah, Banggai Laut (Kab.)",HOSPITAL,1,5171400,May 2026,OFFICE_FURNITURE,,,,,,,,
RUMAH SAKIT UMUM DAERAH DOKTER SOEDARSO,RUMAH SAKIT UMUM DAERAH DOKTER SOEDARSO — Provinsi Kalimantan Barat,Provinsi Kalimantan Barat,RUMAH SAKIT UMUM DAERAH DOKTER SOEDARSO,"Kalimantan Barat, Pontianak (Kota)",PROVINCE,2,97720000,June 2026,AUDIO; CAMERA_VIDEO,,,,,,,,
RUMAH SAKIT UMUM DAERAH DR. ISKAK,RUMAH SAKIT UMUM DAERAH DR. ISKAK — Kab. Tulungagung,Kab. Tulungagung,RUMAH SAKIT UMUM DAERAH DR. ISKAK,"Jawa Timur, Tulungagung (Kab.)",HOSPITAL,1,130821426,May 2026,NETWORKING,,,,,,,,
RUMAH SAKIT UMUM DAERAH HAJI PROVINSI JAWA TIMUR,RUMAH SAKIT UMUM DAERAH HAJI PROVINSI JAWA TIMUR — Provinsi Jawa Timur,Provinsi Jawa Timur,RUMAH SAKIT UMUM DAERAH HAJI PROVINSI JAWA TIMUR,"Jawa Timur, Surabaya (Kota)",PROVINCE,6,496000000,June 2026; May 2026,CAMERA_VIDEO; DESKTOP; IT_HARDWARE; NETWORKING; OFFICE_FURNITURE; STORAGE,,,,,,,,
RUMAH SAKIT UMUM DAERAH JATI PADANG,RUMAH SAKIT UMUM DAERAH JATI PADANG — Provinsi DKI Jakarta,Provinsi DKI Jakarta,RUMAH SAKIT UMUM DAERAH JATI PADANG,"DKI Jakarta, Jakarta Selatan (Kota)",PROVINCE,2,111492400,May 2026,DESKTOP; IT_HARDWARE; NETWORKING; PRINTER,,,,,,,,
RUMAH SAKIT UMUM DAERAH KEBAYORAN BARU,RUMAH SAKIT UMUM DAERAH KEBAYORAN BARU — Provinsi DKI Jakarta,Provinsi DKI Jakarta,RUMAH SAKIT UMUM DAERAH KEBAYORAN BARU,"DKI Jakarta, Jakarta Selatan (Kota)",PROVINCE,1,841979473,June 2026,UPS,,,,,,,,
RUMAH SAKIT UMUM DAERAH PASAR REBO,RUMAH SAKIT UMUM DAERAH PASAR REBO — Provinsi DKI Jakarta,Provinsi DKI Jakarta,RUMAH SAKIT UMUM DAERAH PASAR REBO,"DKI Jakarta, Jakarta Timur (Kota)",PROVINCE,4,1613031116,May 2026,AUDIO; CCTV; IT_HARDWARE; OFFICE_FURNITURE,,,,,,,,
RUMAH SAKIT UMUM DAERAH TUGU KOJA,RUMAH SAKIT UMUM DAERAH TUGU KOJA — Provinsi DKI Jakarta,Provinsi DKI Jakarta,RUMAH SAKIT UMUM DAERAH TUGU KOJA,"DKI Jakarta, Jakarta Utara (Kota)",PROVINCE,1,35368400,May 2026,IT_HARDWARE,,,,,,,,
RUMAH SAKIT UMUM DAERAH dr. DJASAMEN SARAGIH KOTA PEMATANGSIANTAR,RUMAH SAKIT UMUM DAERAH dr. DJASAMEN SARAGIH KOTA PEMATANGSIANTAR — Kota Pematangsiantar,Kota Pematangsiantar,RUMAH SAKIT UMUM DAERAH dr. DJASAMEN SARAGIH KOTA PEMATANGSIANTAR,"Sumatera Utara, Pematang Siantar (Kota)",HOSPITAL,1,20000000,June 2026,DESKTOP; IT_HARDWARE,,,,,,,,
RUMAH SAKIT UMUM DAERAH dr. SAIFUL ANWAR,RUMAH SAKIT UMUM DAERAH dr. SAIFUL ANWAR — Provinsi Jawa Timur,Provinsi Jawa Timur,RUMAH SAKIT UMUM DAERAH dr. SAIFUL ANWAR,"Jawa Timur, Malang (Kota)",PROVINCE,18,1982916250,June 2026; May 2026,AUDIO; CAMERA_VIDEO; DESKTOP; IT_HARDWARE; LAPTOP; NETWORKING; OFFICE_FURNITURE; PRINTER; SCANNER; UPS,,,,,,,,
RUMAH SAKIT UMUM DAERAH dr. SOEDONO MADIUN,RUMAH SAKIT UMUM DAERAH dr. SOEDONO MADIUN — Provinsi Jawa Timur,Provinsi Jawa Timur,RUMAH SAKIT UMUM DAERAH dr. SOEDONO MADIUN,"Jawa Timur, Madiun (Kota)",PROVINCE,5,231329400,June 2026; May 2026,AUDIO; IT_HARDWARE; OFFICE_FURNITURE,,,,,,,,
RUMAH SAKIT UMUM DAERAH dr. SOETOMO,RUMAH SAKIT UMUM DAERAH dr. SOETOMO — Provinsi Jawa Timur,Provinsi Jawa Timur,RUMAH SAKIT UMUM DAERAH dr. SOETOMO,"Jawa Timur, Surabaya (Kota)",PROVINCE,4,264600000,June 2026; May 2026,CCTV; DESKTOP; OFFICE_FURNITURE; PRINTER; SCANNER,,,,,,,,
RUMAH SAKIT UMUM DAERAH,RUMAH SAKIT UMUM DAERAH — Provinsi Sulawesi Tenggara,Provinsi Sulawesi Tenggara,RUMAH SAKIT UMUM DAERAH,"Sulawesi Tenggara, Kendari (Kota)",PROVINCE,26,1172629500,June 2026; May 2026,AUDIO; CAMERA_VIDEO; CCTV; DESKTOP; IT_HARDWARE; LAPTOP; NETWORKING; OFFICE_FURNITURE; PRINTER; SCANNER; SERVER; STORAGE; UPS,,,,,,,,
RUMAH SAKIT UMUM DR CIPTO MANGUN KUSUMO JAKARTA,RUMAH SAKIT UMUM DR CIPTO MANGUN KUSUMO JAKARTA — Kementerian Kesehatan,Kementerian Kesehatan,RUMAH SAKIT UMUM DR CIPTO MANGUN KUSUMO JAKARTA,"DKI Jakarta, Jakarta Pusat (Kota)",NATIONAL,1,1274036208,May 2026,NETWORKING,,,,,,,,
RUMAH SAKIT UMUM DR M JAMIL PADANG,RUMAH SAKIT UMUM DR M JAMIL PADANG — Kementerian Kesehatan,Kementerian Kesehatan,RUMAH SAKIT UMUM DR M JAMIL PADANG,"Sumatera Barat, Padang (Kota)",NATIONAL,24,2686718000,May 2026,CAMERA_VIDEO; CCTV; IT_HARDWARE; LAPTOP; OFFICE_FURNITURE; PRINTER; SERVER; STORAGE; UPS,,,,,,,,
RUMAH SAKIT UMUM DR. H. MOCH ANSARI SALEH,RUMAH SAKIT UMUM DR. H. MOCH ANSARI SALEH — Provinsi Kalimantan Selatan,Provinsi Kalimantan Selatan,RUMAH SAKIT UMUM DR. H. MOCH ANSARI SALEH,"Kalimantan Selatan, Banjarmasin (Kota)",PROVINCE,3,145937136,May 2026,IT_HARDWARE; OFFICE_FURNITURE,,,,,,,,
RUMAH SAKIT UMUM DR. R SOETIJONO BLORA,RUMAH SAKIT UMUM DR. R SOETIJONO BLORA — Kab. Blora,Kab. Blora,RUMAH SAKIT UMUM DR. R SOETIJONO BLORA,"Jawa Tengah, Blora (Kab.)",HOSPITAL,1,302800000,May 2026,DESKTOP,,,,,,,,
RUMAH SAKIT UMUM H ADAM MALIK MEDAN,RUMAH SAKIT UMUM H ADAM MALIK MEDAN — Kementerian Kesehatan,Kementerian Kesehatan,RUMAH SAKIT UMUM H ADAM MALIK MEDAN,"Sumatera Utara, Medan (Kota)",NATIONAL,9,1678382549,June 2026; May 2026,CAMERA_VIDEO; IT_HARDWARE; OFFICE_FURNITURE; STORAGE,,,,,,,,
RUMAH SAKIT UMUM KOTA TANGERANG SELATAN,RUMAH SAKIT UMUM KOTA TANGERANG SELATAN — Kota Tangerang Selatan,Kota Tangerang Selatan,RUMAH SAKIT UMUM KOTA TANGERANG SELATAN,"Banten, Tangerang Selatan (Kota)",HOSPITAL,2,457269750,May 2026,AUDIO; IT_HARDWARE,,,,,,,,
RUMAH SAKIT UMUM PERSAHABATAN,RUMAH SAKIT UMUM PERSAHABATAN — Kementerian Kesehatan,Kementerian Kesehatan,RUMAH SAKIT UMUM PERSAHABATAN,"DKI Jakarta, Jakarta Timur (Kota)",NATIONAL,1,380000000,May 2026,UPS,,,,,,,,
RUMAH SAKIT UMUM PROVINSI,RUMAH SAKIT UMUM PROVINSI — Provinsi Bangka Belitung,Provinsi Bangka Belitung,RUMAH SAKIT UMUM PROVINSI,"Kep. Bangka Belitung, Bangka (Kab.) | Kep. Bangka Belitung, Bangka (Kab.)",PROVINCE,1,56945700,June 2026,DESKTOP,,,,,,,,
RUMAH SAKIT UMUM PUSAT KUPANG,RUMAH SAKIT UMUM PUSAT KUPANG — Kementerian Kesehatan,Kementerian Kesehatan,RUMAH SAKIT UMUM PUSAT KUPANG,"Nusa Tenggara Timur, Kupang (Kota)",NATIONAL,8,473775000,May 2026,AUDIO; CCTV; OFFICE_FURNITURE; PRINTER,,,,,,,,
RUMKIT BHAYANGKARA AKPOL LEMDIKLAT POLRI,RUMKIT BHAYANGKARA AKPOL LEMDIKLAT POLRI — Kepolisian Negara Republik Indonesia,Kepolisian Negara Republik Indonesia,RUMKIT BHAYANGKARA AKPOL LEMDIKLAT POLRI,"Jawa Tengah, Semarang (Kota)",NATIONAL,1,19200000,May 2026,IT_HARDWARE; LAPTOP; PRINTER,,,,,,,,
RUMKIT BHAYANGKARA PONTIANAK POLDA KALBAR,RUMKIT BHAYANGKARA PONTIANAK POLDA KALBAR — Kepolisian Negara Republik Indonesia,Kepolisian Negara Republik Indonesia,RUMKIT BHAYANGKARA PONTIANAK POLDA KALBAR,"Kalimantan Barat, Pontianak (Kota)",OTHER,5,183300000,June 2026; May 2026,CCTV; IT_HARDWARE; LAPTOP; OFFICE_FURNITURE,,,,,,,,
RUMKIT BHAYANGKARA TK IV TARAKAN POLDA KALTARA,RUMKIT BHAYANGKARA TK IV TARAKAN POLDA KALTARA — Kepolisian Negara Republik Indonesia,Kepolisian Negara Republik Indonesia,RUMKIT BHAYANGKARA TK IV TARAKAN POLDA KALTARA,"Kalimantan Utara, Tarakan (Kota)",OTHER,1,8250000,May 2026,CCTV,,,,,,,,
RUMKITAL Dr RAMELAN TNI AL,RUMKITAL Dr RAMELAN TNI AL — Kementerian Pertahanan,Kementerian Pertahanan,RUMKITAL Dr RAMELAN TNI AL,"Jawa Timur, Surabaya (Kota)",NATIONAL,5,514036700,May 2026,CCTV; IT_HARDWARE; OFFICE_FURNITURE; UPS,,,,,,,,
Rumah Sakit Bayu Asih,Rumah Sakit Bayu Asih — Kab. Purwakarta,Kab. Purwakarta,Rumah Sakit Bayu Asih,"Jawa Barat, Purwakarta (Kab.)",HOSPITAL,1,109800000,May 2026,OFFICE_FURNITURE,,,,,,,,
"Rumah Sakit Jantung, Pembuluh Darah dan Otak Oputa Yi Koo","Rumah Sakit Jantung, Pembuluh Darah dan Otak Oputa Yi Koo — Provinsi Sulawesi Tenggara",Provinsi Sulawesi Tenggara,"Rumah Sakit Jantung, Pembuluh Darah dan Otak Oputa Yi Koo","Sulawesi Tenggara, Kendari (Kota)",PROVINCE,1,147486100,May 2026,OFFICE_FURNITURE,,,,,,,,
Rumah Sakit Jiwa Manah Shanti Mahottama,Rumah Sakit Jiwa Manah Shanti Mahottama — Provinsi Bali,Provinsi Bali,Rumah Sakit Jiwa Manah Shanti Mahottama,"Bali, Bangli (Kab.)",PROVINCE,2,329288600,May 2026,DESKTOP,,,,,,,,
Rumah Sakit Khusus Jiwa dan Ketergantungan Obat Engku Haji Daud,Rumah Sakit Khusus Jiwa dan Ketergantungan Obat Engku Haji Daud — Provinsi Kepulauan Riau,Provinsi Kepulauan Riau,Rumah Sakit Khusus Jiwa dan Ketergantungan Obat Engku Haji Daud,"Kepulauan Riau, Bintan (Kab.)",PROVINCE,1,234000000,May 2026,NETWORKING,,,,,,,,
Rumah Sakit Mata Soepardjo Rustam,Rumah Sakit Mata Soepardjo Rustam — Provinsi Jawa Tengah,Provinsi Jawa Tengah,Rumah Sakit Mata Soepardjo Rustam,"Jawa Tengah, Semarang (Kota)",PROVINCE,4,557422000,June 2026; May 2026,DESKTOP; OFFICE_FURNITURE,,,,,,,,
Rumah Sakit Pratama Nawacita Datah Dave,Rumah Sakit Pratama Nawacita Datah Dave — Kab. Mahakam Ulu,Kab. Mahakam Ulu,Rumah Sakit Pratama Nawacita Datah Dave,"Kalimantan Timur, Mahakam Ulu (Kab.)",HOSPITAL,8,119736275,May 2026,AUDIO; DESKTOP; IT_HARDWARE; OFFICE_FURNITURE,,,,,,,,
Rumah Sakit Pratama Tanali,Rumah Sakit Pratama Tanali — Kab. Ende,Kab. Ende,Rumah Sakit Pratama Tanali,"Nusa Tenggara Timur, Ende (Kab.)",HOSPITAL,1,12000000,May 2026,OFFICE_FURNITURE,,,,,,,,
Rumah Sakit Umum Daerah (RSUD),Rumah Sakit Umum Daerah (RSUD) — Kab. Kepulauan Meranti,Kab. Kepulauan Meranti,Rumah Sakit Umum Daerah (RSUD),"Riau, Meranti (Kab.)",HOSPITAL,1,258000000,May 2026,IT_HARDWARE,,,,,,,,
Rumah Sakit Umum Daerah Ahmad Syafii Maarif,Rumah Sakit Umum Daerah Ahmad Syafii Maarif — Kab. Sijunjung,Kab. Sijunjung,Rumah Sakit Umum Daerah Ahmad Syafii Maarif,"Sumatera Barat, Sijunjung(Kab)",HOSPITAL,1,24000000,May 2026,OFFICE_FURNITURE,,,,,,,,
Rumah Sakit Umum Daerah Ajibarang,Rumah Sakit Umum Daerah Ajibarang — Kab. Banyumas,Kab. Banyumas,Rumah Sakit Umum Daerah Ajibarang,"Jawa Tengah, Banyumas (Kab.)",HOSPITAL,2,150000000,June 2026; May 2026,DESKTOP; IT_HARDWARE,,,,,,,,
Rumah Sakit Umum Daerah Bandar Negara Husada,Rumah Sakit Umum Daerah Bandar Negara Husada — Provinsi Lampung,Provinsi Lampung,Rumah Sakit Umum Daerah Bandar Negara Husada,"Lampung, Lampung Selatan (Kab.)",PROVINCE,1,11000000,May 2026,DESKTOP,,,,,,,,
Rumah Sakit Umum Daerah Belimbing,Rumah Sakit Umum Daerah Belimbing — Kab. Melawi,Kab. Melawi,Rumah Sakit Umum Daerah Belimbing,"Kalimantan Barat, Melawi (Kab.)",HOSPITAL,1,13000000,May 2026,IT_HARDWARE,,,,,,,,
Rumah Sakit Umum Daerah Datu Sanggul,Rumah Sakit Umum Daerah Datu Sanggul — Kab. Tapin,Kab. Tapin,Rumah Sakit Umum Daerah Datu Sanggul,"Kalimantan Selatan, Tapin (Kab.)",HOSPITAL,1,50872643,May 2026,OFFICE_FURNITURE,,,,,,,,
Rumah Sakit Umum Daerah Gandus,Rumah Sakit Umum Daerah Gandus — Kota Palembang,Kota Palembang,Rumah Sakit Umum Daerah Gandus,"Sumatera Selatan, Palembang (Kota)",HOSPITAL,2,46650000,May 2026,AUDIO; SERVER,,,,,,,,
Rumah Sakit Umum Daerah Giri Emas Kelas D,Rumah Sakit Umum Daerah Giri Emas Kelas D — Kab. Buleleng,Kab. Buleleng,Rumah Sakit Umum Daerah Giri Emas Kelas D,"Bali, Buleleng (Kab.)",HOSPITAL,1,23865000,May 2026,IT_HARDWARE,,,,,,,,
Rumah Sakit Umum Daerah Goran Riun,Rumah Sakit Umum Daerah Goran Riun — Kab. Seram Bagian Timur,Kab. Seram Bagian Timur,Rumah Sakit Umum Daerah Goran Riun,"Maluku, Seram Bagian Timur (Kab.)",HOSPITAL,1,25000000,May 2026,CAMERA_VIDEO,,,,,,,,
Rumah Sakit Umum Daerah H. OK Arya Zulkarnain Kabupaten Batu Bara,Rumah Sakit Umum Daerah H. OK Arya Zulkarnain Kabupaten Batu Bara — Kab. Batu Bara,Kab. Batu Bara,Rumah Sakit Umum Daerah H. OK Arya Zulkarnain Kabupaten Batu Bara,"Sumatera Utara, Batubara (Kab.)",HOSPITAL,1,9990000,May 2026,OFFICE_FURNITURE,,,,,,,,
Rumah Sakit Umum Daerah Lasinrang,Rumah Sakit Umum Daerah Lasinrang — Kab. Pinrang,Kab. Pinrang,Rumah Sakit Umum Daerah Lasinrang,"Sulawesi Selatan, Pinrang (Kab.)",HOSPITAL,2,130000000,June 2026,DESKTOP; IT_HARDWARE; PRINTER,,,,,,,,
Rumah Sakit Umum Daerah,Rumah Sakit Umum Daerah — Kab. Bangli,Kab. Bangli,Rumah Sakit Umum Daerah,"Bali, Bangli (Kab.)",HOSPITAL,9,683174305,June 2026; May 2026,AUDIO; DESKTOP; IT_HARDWARE; LAPTOP; OFFICE_FURNITURE,,,,,,,,
Rumah Sakit Umum Pusat Prof Dr IGNG Ngoerah,Rumah Sakit Umum Pusat Prof Dr IGNG Ngoerah — Kementerian Kesehatan,Kementerian Kesehatan,Rumah Sakit Umum Pusat Prof Dr IGNG Ngoerah,"Bali, Denpasar (Kota)",NATIONAL,10,2399669800,May 2026,CCTV; IT_HARDWARE; OFFICE_FURNITURE; PRINTER; SCANNER; STORAGE; UPS,,,,,,,,
Rumah Sakit Umum dr. Gunawan Mangunkusumo,Rumah Sakit Umum dr. Gunawan Mangunkusumo — Kab. Semarang,Kab. Semarang,Rumah Sakit Umum dr. Gunawan Mangunkusumo,"Jawa Tengah, Semarang (Kab.)",HOSPITAL,1,70000000,May 2026,UPS,,,,,,,,
Rumkit Tk II Marthen Indey Dam XVII Cen TNI AD,Rumkit Tk II Marthen Indey Dam XVII Cen TNI AD — Kementerian Pertahanan,Kementerian Pertahanan,Rumkit Tk II Marthen Indey Dam XVII Cen TNI AD,"Papua, Jayapura (Kota)",NATIONAL,2,124012000,June 2026; May 2026,IT_HARDWARE; OFFICE_FURNITURE,,,,,,,,
Rumkit Tk II Pelamonia Dam XIV Hsn TNI AD,Rumkit Tk II Pelamonia Dam XIV Hsn TNI AD — Kementerian Pertahanan,Kementerian Pertahanan,Rumkit Tk II Pelamonia Dam XIV Hsn TNI AD,"Sulawesi Selatan, Makassar (Kota)",NATIONAL,1,6710000,May 2026,UPS,,,,,,,,
SATBRIMOB POLDA JATENG,SATBRIMOB POLDA JATENG — Kepolisian Negara Republik Indonesia,Kepolisian Negara Republik Indonesia,SATBRIMOB POLDA JATENG,"Jawa Tengah, Semarang (Kota)",OTHER,2,41995000,May 2026,AUDIO; CAMERA_VIDEO,,,,,,,,
SATUAN POLISI PAMONG PRAJA DAN KEBAKARAN,SATUAN POLISI PAMONG PRAJA DAN KEBAKARAN — Kab. Trenggalek,Kab. Trenggalek,SATUAN POLISI PAMONG PRAJA DAN KEBAKARAN,"Jawa Timur, Terenggalek (Kab.)",LOCAL_AGENCY,2,34715000,May 2026,DESKTOP,,,,,,,,
SATUAN POLISI PAMONG PRAJA DAN PEMADAM KEBAKARAN,SATUAN POLISI PAMONG PRAJA DAN PEMADAM KEBAKARAN — Kab. Tabalong,Kab. Tabalong,SATUAN POLISI PAMONG PRAJA DAN PEMADAM KEBAKARAN,"Kalimantan Selatan, Tabalong (Kab.)",LOCAL_AGENCY,4,137177510,June 2026; May 2026,IT_HARDWARE; LAPTOP,,,,,,,,
SATUAN POLISI PAMONG PRAJA DAN WILAYATUL HISBAH,SATUAN POLISI PAMONG PRAJA DAN WILAYATUL HISBAH — Kab. Nagan Raya,Kab. Nagan Raya,SATUAN POLISI PAMONG PRAJA DAN WILAYATUL HISBAH,"Aceh, Nagan Raya (Kab.)",LOCAL_AGENCY,2,31524000,May 2026,IT_HARDWARE,,,,,,,,
SATUAN POLISI PAMONG PRAJA KOTA ADMINISTRASI JAKARTA BARAT,SATUAN POLISI PAMONG PRAJA KOTA ADMINISTRASI JAKARTA BARAT — Provinsi DKI Jakarta,Provinsi DKI Jakarta,SATUAN POLISI PAMONG PRAJA KOTA ADMINISTRASI JAKARTA BARAT,"DKI Jakarta, Jakarta Barat (Kota)",PROVINCE,2,441854112,June 2026; May 2026,OFFICE_FURNITURE,,,,,,,,
SATUAN POLISI PAMONG PRAJA KOTA ADMINISTRASI JAKARTA SELATAN,SATUAN POLISI PAMONG PRAJA KOTA ADMINISTRASI JAKARTA SELATAN — Provinsi DKI Jakarta,Provinsi DKI Jakarta,SATUAN POLISI PAMONG PRAJA KOTA ADMINISTRASI JAKARTA SELATAN,"DKI Jakarta, Jakarta Selatan (Kota)",PROVINCE,2,684103392,May 2026,DESKTOP; OFFICE_FURNITURE,,,,,,,,
SATUAN POLISI PAMONG PRAJA KOTA ADMINISTRASI JAKARTA TIMUR,SATUAN POLISI PAMONG PRAJA KOTA ADMINISTRASI JAKARTA TIMUR — Provinsi DKI Jakarta,Provinsi DKI Jakarta,SATUAN POLISI PAMONG PRAJA KOTA ADMINISTRASI JAKARTA TIMUR,"DKI Jakarta, Jakarta Timur (Kota)",PROVINCE,5,1305039239,June 2026; May 2026,CCTV; IT_HARDWARE; LAPTOP; OFFICE_FURNITURE; PRINTER,,,,,,,,
SATUAN POLISI PAMONG PRAJA KOTA PEMATANGSIANTAR,SATUAN POLISI PAMONG PRAJA KOTA PEMATANGSIANTAR — Kota Pematangsiantar,Kota Pematangsiantar,SATUAN POLISI PAMONG PRAJA KOTA PEMATANGSIANTAR,"Sumatera Utara, Pematang Siantar (Kota)",LOCAL_AGENCY,2,3530800,June 2026,AUDIO; IT_HARDWARE,,,,,,,,
SATUAN POLISI PAMONG PRAJA dan WILAYATUL HISBAH,SATUAN POLISI PAMONG PRAJA dan WILAYATUL HISBAH — Kab. Pidie,Kab. Pidie,SATUAN POLISI PAMONG PRAJA dan WILAYATUL HISBAH,"Aceh, Pidie (Kab.) | Aceh, Pidie (Kab.) | Aceh, Pidie (Kab.)",LOCAL_AGENCY,2,53937710,May 2026,IT_HARDWARE; OFFICE_FURNITURE,,,,,,,,
SATUAN POLISI PAMONG PRAJA,SATUAN POLISI PAMONG PRAJA — Provinsi DKI Jakarta,Provinsi DKI Jakarta,SATUAN POLISI PAMONG PRAJA,"DKI Jakarta, Jakarta Pusat (Kota)",PROVINCE,32,263735478,June 2026; May 2026,AUDIO; CCTV; DESKTOP; IT_HARDWARE; LAPTOP; OFFICE_FURNITURE,,,,,,,,
SEKOLAH MENENGAH KEJURUAN NEGERI 1 CANGKRINGAN,SEKOLAH MENENGAH KEJURUAN NEGERI 1 CANGKRINGAN — Provinsi DI Yogyakarta,Provinsi DI Yogyakarta,SEKOLAH MENENGAH KEJURUAN NEGERI 1 CANGKRINGAN,"DI Yogyakarta, Sleman (Kab.)",PROVINCE,1,3550000,June 2026,OFFICE_FURNITURE,,,,,,,,
SEKOLAH MENENGAH KEJURUAN NEGERI 1 GEDANGSARI,SEKOLAH MENENGAH KEJURUAN NEGERI 1 GEDANGSARI — Provinsi DI Yogyakarta,Provinsi DI Yogyakarta,SEKOLAH MENENGAH KEJURUAN NEGERI 1 GEDANGSARI,"DI Yogyakarta, Gunung Kidul (Kab.)",PROVINCE,1,186192000,June 2026,DESKTOP,,,,,,,,
SEKOLAH MENENGAH KEJURUAN NEGERI 1 GODEAN,SEKOLAH MENENGAH KEJURUAN NEGERI 1 GODEAN — Provinsi DI Yogyakarta,Provinsi DI Yogyakarta,SEKOLAH MENENGAH KEJURUAN NEGERI 1 GODEAN,"DI Yogyakarta, Sleman (Kab.)",PROVINCE,1,6336000,June 2026,DESKTOP,,,,,,,,
SEKOLAH MENENGAH KEJURUAN NEGERI 1 KALASAN,SEKOLAH MENENGAH KEJURUAN NEGERI 1 KALASAN — Provinsi DI Yogyakarta,Provinsi DI Yogyakarta,SEKOLAH MENENGAH KEJURUAN NEGERI 1 KALASAN,"DI Yogyakarta, Sleman (Kab.)",PROVINCE,1,21930000,May 2026,IT_HARDWARE,,,,,,,,
SEKOLAH MENENGAH KEJURUAN NEGERI 1 NANGGULAN,SEKOLAH MENENGAH KEJURUAN NEGERI 1 NANGGULAN — Provinsi DI Yogyakarta,Provinsi DI Yogyakarta,SEKOLAH MENENGAH KEJURUAN NEGERI 1 NANGGULAN,"DI Yogyakarta, Kulon Progo (Kab.)",PROVINCE,1,79604000,May 2026,OFFICE_FURNITURE,,,,,,,,
SEKOLAH MENENGAH KEJURUAN NEGERI 1 PANDAK,SEKOLAH MENENGAH KEJURUAN NEGERI 1 PANDAK — Provinsi DI Yogyakarta,Provinsi DI Yogyakarta,SEKOLAH MENENGAH KEJURUAN NEGERI 1 PANDAK,"DI Yogyakarta, Bantul (Kab.)",PROVINCE,1,81180000,May 2026,DESKTOP,,,,,,,,
SEKOLAH MENENGAH KEJURUAN NEGERI 1 PUNDONG,SEKOLAH MENENGAH KEJURUAN NEGERI 1 PUNDONG — Provinsi DI Yogyakarta,Provinsi DI Yogyakarta,SEKOLAH MENENGAH KEJURUAN NEGERI 1 PUNDONG,"DI Yogyakarta, Bantul (Kab.)",PROVINCE,3,339457000,June 2026; May 2026,DESKTOP; IT_HARDWARE,,,,,,,,
SEKOLAH MENENGAH KEJURUAN NEGERI 1 SAPTOSARI,SEKOLAH MENENGAH KEJURUAN NEGERI 1 SAPTOSARI — Provinsi DI Yogyakarta,Provinsi DI Yogyakarta,SEKOLAH MENENGAH KEJURUAN NEGERI 1 SAPTOSARI,"DI Yogyakarta, Gunung Kidul (Kab.)",PROVINCE,3,37174000,June 2026,AUDIO; DESKTOP; IT_HARDWARE,,,,,,,,
SEKOLAH MENENGAH KEJURUAN NEGERI 1 SEWON,SEKOLAH MENENGAH KEJURUAN NEGERI 1 SEWON — Provinsi DI Yogyakarta,Provinsi DI Yogyakarta,SEKOLAH MENENGAH KEJURUAN NEGERI 1 SEWON,"DI Yogyakarta, Bantul (Kab.)",PROVINCE,2,35674000,June 2026; May 2026,AUDIO; DESKTOP; IT_HARDWARE,,,,,,,,
SEKOLAH MENENGAH KEJURUAN NEGERI 1 SEYEGAN,SEKOLAH MENENGAH KEJURUAN NEGERI 1 SEYEGAN — Provinsi DI Yogyakarta,Provinsi DI Yogyakarta,SEKOLAH MENENGAH KEJURUAN NEGERI 1 SEYEGAN,"DI Yogyakarta, Sleman (Kab.)",PROVINCE,3,74435000,June 2026,AUDIO; DESKTOP; IT_HARDWARE,,,,,,,,
SEKOLAH MENENGAH KEJURUAN NEGERI 1 WONOSARI,SEKOLAH MENENGAH KEJURUAN NEGERI 1 WONOSARI — Provinsi DI Yogyakarta,Provinsi DI Yogyakarta,SEKOLAH MENENGAH KEJURUAN NEGERI 1 WONOSARI,"DI Yogyakarta, Gunung Kidul (Kab.)",PROVINCE,3,76387750,June 2026; May 2026,AUDIO; DESKTOP; OFFICE_FURNITURE,,,,,,,,
SEKOLAH MENENGAH KEJURUAN NEGERI 2 DEPOK,SEKOLAH MENENGAH KEJURUAN NEGERI 2 DEPOK — Provinsi DI Yogyakarta,Provinsi DI Yogyakarta,SEKOLAH MENENGAH KEJURUAN NEGERI 2 DEPOK,"DI Yogyakarta, Sleman (Kab.)",PROVINCE,1,528440000,June 2026,DESKTOP,,,,,,,,
SEKOLAH MENENGAH KEJURUAN NEGERI 2 GODEAN,SEKOLAH MENENGAH KEJURUAN NEGERI 2 GODEAN — Provinsi DI Yogyakarta,Provinsi DI Yogyakarta,SEKOLAH MENENGAH KEJURUAN NEGERI 2 GODEAN,"DI Yogyakarta, Sleman (Kab.)",PROVINCE,1,318868000,June 2026,DESKTOP,,,,,,,,
SEKOLAH MENENGAH KEJURUAN NEGERI 2 YOGYAKARTA,SEKOLAH MENENGAH KEJURUAN NEGERI 2 YOGYAKARTA — Provinsi DI Yogyakarta,Provinsi DI Yogyakarta,SEKOLAH MENENGAH KEJURUAN NEGERI 2 YOGYAKARTA,"DI Yogyakarta, Yogyakarta (Kota)",PROVINCE,2,509359000,June 2026; May 2026,DESKTOP,,,,,,,,
SEKOLAH MENENGAH KEJURUAN NEGERI 26 JAKARTA,SEKOLAH MENENGAH KEJURUAN NEGERI 26 JAKARTA — Provinsi DKI Jakarta,Provinsi DKI Jakarta,SEKOLAH MENENGAH KEJURUAN NEGERI 26 JAKARTA,"DKI Jakarta, Jakarta Timur (Kota)",PROVINCE,1,73601248,June 2026,OFFICE_FURNITURE,,,,,,,,
SEKOLAH MENENGAH KEJURUAN NEGERI 27 JAKARTA,SEKOLAH MENENGAH KEJURUAN NEGERI 27 JAKARTA — Provinsi DKI Jakarta,Provinsi DKI Jakarta,SEKOLAH MENENGAH KEJURUAN NEGERI 27 JAKARTA,"DKI Jakarta, Jakarta Pusat (Kota)",PROVINCE,1,74081280,May 2026,IT_HARDWARE,,,,,,,,
SEKOLAH MENENGAH KEJURUAN NEGERI 3 WONOSARI,SEKOLAH MENENGAH KEJURUAN NEGERI 3 WONOSARI — Provinsi DI Yogyakarta,Provinsi DI Yogyakarta,SEKOLAH MENENGAH KEJURUAN NEGERI 3 WONOSARI,"DI Yogyakarta, Gunung Kidul (Kab.)",PROVINCE,1,420906000,May 2026,DESKTOP,,,,,,,,
SEKOLAH MENENGAH KEJURUAN NEGERI 3 YOGYAKARTA,SEKOLAH MENENGAH KEJURUAN NEGERI 3 YOGYAKARTA — Provinsi DI Yogyakarta,Provinsi DI Yogyakarta,SEKOLAH MENENGAH KEJURUAN NEGERI 3 YOGYAKARTA,"DI Yogyakarta, Yogyakarta (Kota)",PROVINCE,1,172930000,June 2026,OFFICE_FURNITURE,,,,,,,,
SEKOLAH MENENGAH KEJURUAN NEGERI 4 YOGYAKARTA,SEKOLAH MENENGAH KEJURUAN NEGERI 4 YOGYAKARTA — Provinsi DI Yogyakarta,Provinsi DI Yogyakarta,SEKOLAH MENENGAH KEJURUAN NEGERI 4 YOGYAKARTA,"DI Yogyakarta, Yogyakarta (Kota)",PROVINCE,1,201156000,June 2026,OFFICE_FURNITURE,,,,,,,,
SEKOLAH MENENGAH KEJURUAN NEGERI 5 YOGYAKARTA,SEKOLAH MENENGAH KEJURUAN NEGERI 5 YOGYAKARTA — Provinsi DI Yogyakarta,Provinsi DI Yogyakarta,SEKOLAH MENENGAH KEJURUAN NEGERI 5 YOGYAKARTA,"DI Yogyakarta, Yogyakarta (Kota)",PROVINCE,2,35239000,May 2026,DESKTOP; IT_HARDWARE,,,,,,,,
SEKOLAH MENENGAH KEJURUAN NEGERI 6 YOGYAKARTA,SEKOLAH MENENGAH KEJURUAN NEGERI 6 YOGYAKARTA — Provinsi DI Yogyakarta,Provinsi DI Yogyakarta,SEKOLAH MENENGAH KEJURUAN NEGERI 6 YOGYAKARTA,"DI Yogyakarta, Yogyakarta (Kota)",PROVINCE,1,225352000,June 2026,OFFICE_FURNITURE,,,,,,,,
SEKOLAH TINGGI ILMU PELAYARAN,SEKOLAH TINGGI ILMU PELAYARAN — Kementerian Perhubungan,Kementerian Perhubungan,SEKOLAH TINGGI ILMU PELAYARAN,"DKI Jakarta, Jakarta Utara (Kota)",NATIONAL,1,150000000,May 2026,IT_HARDWARE,,,,,,,,
SEKOLAH TINGGI ILMU STATISTIK,SEKOLAH TINGGI ILMU STATISTIK — Badan Pusat Statistik,Badan Pusat Statistik,SEKOLAH TINGGI ILMU STATISTIK,"DKI Jakarta, Jakarta Timur (Kota)",NATIONAL,3,443000000,June 2026; May 2026,CCTV; IT_HARDWARE; SERVER,,,,,,,,
SEKOLAH TINGGI MULTI MEDIA MMTC YOGYAKARTA,SEKOLAH TINGGI MULTI MEDIA MMTC YOGYAKARTA — Kementerian Komunikasi dan Digital,Kementerian Komunikasi dan Digital,SEKOLAH TINGGI MULTI MEDIA MMTC YOGYAKARTA,"DI Yogyakarta, Sleman (Kab.)",NATIONAL,1,90000000,May 2026,IT_HARDWARE,,,,,,,,
SEKOLAH USAHA PERIKANAN MENENGAH SORONG,SEKOLAH USAHA PERIKANAN MENENGAH SORONG — Kementerian Kelautan Dan Perikanan,Kementerian Kelautan Dan Perikanan,SEKOLAH USAHA PERIKANAN MENENGAH SORONG,"Papua Barat Daya, Sorong (Kota)",NATIONAL,1,6750000,May 2026,CCTV,,,,,,,,
SEKRETARIAT BADAN KEBIJAKAN PEMBANGUNAN KESEHATAN,SEKRETARIAT BADAN KEBIJAKAN PEMBANGUNAN KESEHATAN — Kementerian Kesehatan,Kementerian Kesehatan,SEKRETARIAT BADAN KEBIJAKAN PEMBANGUNAN KESEHATAN,"DKI Jakarta, Jakarta Pusat (Kota)",NATIONAL,1,4122000,June 2026,STORAGE,,,,,,,,
SEKRETARIAT BADAN NASIONAL PENGELOLA PERBATASAN,SEKRETARIAT BADAN NASIONAL PENGELOLA PERBATASAN — Badan Nasional Pengelola Perbatasan,Badan Nasional Pengelola Perbatasan,SEKRETARIAT BADAN NASIONAL PENGELOLA PERBATASAN,"DKI Jakarta, Jakarta Pusat (Kota)",NATIONAL,11,2172891000,June 2026; May 2026,AUDIO; CAMERA_VIDEO; IT_HARDWARE; LAPTOP; OFFICE_FURNITURE; PRINTER,,,,,,,,
SEKRETARIAT BADAN PENANGGULANGAN BENCANA,SEKRETARIAT BADAN PENANGGULANGAN BENCANA — Provinsi Jawa Tengah,Provinsi Jawa Tengah,SEKRETARIAT BADAN PENANGGULANGAN BENCANA,"Jawa Tengah, Semarang (Kota)",PROVINCE,3,225400000,June 2026; May 2026,AUDIO; IT_HARDWARE; STORAGE,,,,,,,,
SEKRETARIAT BAITUL MAL,SEKRETARIAT BAITUL MAL — Kab. Aceh Tengah,Kab. Aceh Tengah,SEKRETARIAT BAITUL MAL,"Aceh, Aceh Tengah (Kab.)",LOCAL_AGENCY,1,20000000,May 2026,PRINTER,,,,,,,,
SEKRETARIAT BAWASLU KABUPATEN KEBUMEN,SEKRETARIAT BAWASLU KABUPATEN KEBUMEN — Badan Pengawas Pemilihan Umum,Badan Pengawas Pemilihan Umum,SEKRETARIAT BAWASLU KABUPATEN KEBUMEN,"Jawa Tengah, Kebumen (Kab.)",NATIONAL,1,22500000,May 2026,NETWORKING,,,,,,,,
SEKRETARIAT DAERAH KOTA GUNUNGSITOLI,SEKRETARIAT DAERAH KOTA GUNUNGSITOLI — Kota Gunungsitoli,Kota Gunungsitoli,SEKRETARIAT DAERAH KOTA GUNUNGSITOLI,"Sumatera Utara, Gunung Sitoli (Kota)",LOCAL_AGENCY,11,643621729,June 2026; May 2026,AUDIO; DESKTOP; IT_HARDWARE; NETWORKING; OFFICE_FURNITURE,,,,,,,,
SEKRETARIAT DAERAH KOTA SIBOLGA,SEKRETARIAT DAERAH KOTA SIBOLGA — Kota Sibolga,Kota Sibolga,SEKRETARIAT DAERAH KOTA SIBOLGA,"Sumatera Utara, Sibolga (Kota)",LOCAL_AGENCY,5,1271430400,June 2026,DESKTOP; OFFICE_FURNITURE,,,,,,,,
SEKRETARIAT DAERAH,SEKRETARIAT DAERAH — Kota Padang Panjang,Kota Padang Panjang,SEKRETARIAT DAERAH,"Sumatera Barat, Padang Panjang (Kota)",LOCAL_AGENCY,77,2363196892,June 2026; May 2026,AUDIO; CAMERA_VIDEO; DESKTOP; IT_HARDWARE; LAPTOP; NETWORKING; OFFICE_FURNITURE; PRINTER,,,,,,,,
SEKRETARIAT DEWAN PERWAKILAN RAKYAT DAERAH PROVINSI KALIMANTAN BARAT,SEKRETARIAT DEWAN PERWAKILAN RAKYAT DAERAH PROVINSI KALIMANTAN BARAT — Provinsi Kalimantan Barat,Provinsi Kalimantan Barat,SEKRETARIAT DEWAN PERWAKILAN RAKYAT DAERAH PROVINSI KALIMANTAN BARAT,"Kalimantan Barat, Pontianak (Kota) | Kalimantan Barat, Pontianak (Kota)",PROVINCE,1,265156000,May 2026,OFFICE_FURNITURE,,,,,,,,
SEKRETARIAT DEWAN PERWAKILAN RAKYAT DAERAH,SEKRETARIAT DEWAN PERWAKILAN RAKYAT DAERAH — Kab. Siak,Kab. Siak,SEKRETARIAT DEWAN PERWAKILAN RAKYAT DAERAH,"Riau, Siak (Kab.)",NATIONAL,3,516700000,May 2026,AUDIO; IT_HARDWARE; LAPTOP; PRINTER,,,,,,,,
SEKRETARIAT DIREKTORAT JENDERAL INTEGRASI TRANSPORTASI DAN MULTIMODA,SEKRETARIAT DIREKTORAT JENDERAL INTEGRASI TRANSPORTASI DAN MULTIMODA — Kementerian Perhubungan,Kementerian Perhubungan,SEKRETARIAT DIREKTORAT JENDERAL INTEGRASI TRANSPORTASI DAN MULTIMODA,"DKI Jakarta, Jakarta Pusat (Kota)",NATIONAL,4,305875000,May 2026,LAPTOP; PRINTER,,,,,,,,
SEKRETARIAT DIREKTORAT JENDERAL KESEHATAN PRIMER DAN KOMUNITAS,SEKRETARIAT DIREKTORAT JENDERAL KESEHATAN PRIMER DAN KOMUNITAS — Kementerian Kesehatan,Kementerian Kesehatan,SEKRETARIAT DIREKTORAT JENDERAL KESEHATAN PRIMER DAN KOMUNITAS,"DKI Jakarta, Jakarta Selatan (Kota)",NATIONAL,3,800621147000,June 2026; May 2026,OFFICE_FURNITURE,,,,,,,,
SEKRETARIAT DPRD,SEKRETARIAT DPRD — Kab. Kudus,Kab. Kudus,SEKRETARIAT DPRD,"Jawa Tengah, Kudus (Kab.)",NATIONAL,67,4940106423,June 2026; May 2026,AUDIO; CAMERA_VIDEO; CCTV; DESKTOP; IT_HARDWARE; OFFICE_FURNITURE; PRINTER; STORAGE,,,,,,,,
SEKRETARIAT INSPEKTORAT JENDERAL,SEKRETARIAT INSPEKTORAT JENDERAL — Kementerian Pekerjaan Umum,Kementerian Pekerjaan Umum,SEKRETARIAT INSPEKTORAT JENDERAL,"DKI Jakarta, Jakarta Selatan (Kota)",NATIONAL,1,269000000,May 2026,OFFICE_FURNITURE,,,,,,,,
SEKRETARIAT JENDERAL KEMENTERIAN TRANSMIGRASI,SEKRETARIAT JENDERAL KEMENTERIAN TRANSMIGRASI — Kementerian Transmigrasi,Kementerian Transmigrasi,SEKRETARIAT JENDERAL KEMENTERIAN TRANSMIGRASI,"DKI Jakarta, Jakarta Selatan (Kota)",NATIONAL,10,7136790000,May 2026,AUDIO; CAMERA_VIDEO; LAPTOP; PRINTER; SCANNER; SERVER,,,,,,,,
SEKRETARIAT JENDERAL,SEKRETARIAT JENDERAL — Majelis Permusyawaratan Rakyat,Majelis Permusyawaratan Rakyat,SEKRETARIAT JENDERAL,"DKI Jakarta, Jakarta Pusat (Kota)",NATIONAL,30,16375911160,June 2026; May 2026,AUDIO; CAMERA_VIDEO; CCTV; IT_HARDWARE; LAPTOP; NETWORKING; OFFICE_FURNITURE; PRINTER; SCANNER; SERVER; STORAGE; UPS,,,,,,,,
SEKRETARIAT KEMENTERIAN SEKRETARIAT NEGARA,SEKRETARIAT KEMENTERIAN SEKRETARIAT NEGARA — Kementerian Sekretariat Negara,Kementerian Sekretariat Negara,SEKRETARIAT KEMENTERIAN SEKRETARIAT NEGARA,"DKI Jakarta, Jakarta Pusat (Kota)",NATIONAL,2,2684533000,June 2026,NETWORKING; SERVER,,,,,,,,
SEKRETARIAT KEMENTERIAN,SEKRETARIAT KEMENTERIAN — Kementerian Pariwisata,Kementerian Pariwisata,SEKRETARIAT KEMENTERIAN,"DKI Jakarta, Jakarta Pusat (Kota)",NATIONAL,5,2587000000,May 2026,LAPTOP; NETWORKING; OFFICE_FURNITURE; SERVER,,,,,,,,
SEKRETARIAT MAJELIS PEMUSYAWARATAN ULAMA,SEKRETARIAT MAJELIS PEMUSYAWARATAN ULAMA — Kab. Aceh Barat,Kab. Aceh Barat,SEKRETARIAT MAJELIS PEMUSYAWARATAN ULAMA,"Aceh, Aceh Barat (Kab.)",LOCAL_AGENCY,1,800000,May 2026,PRINTER,,,,,,,,
SEKRETARIAT UTAMA BADAN PUSAT STATISTIK,SEKRETARIAT UTAMA BADAN PUSAT STATISTIK — Badan Pusat Statistik,Badan Pusat Statistik,SEKRETARIAT UTAMA BADAN PUSAT STATISTIK,"DKI Jakarta, Jakarta Pusat (Kota)",NATIONAL,1,642491000,May 2026,NETWORKING,,,,,,,,
SEKRETARIAT UTAMA BMKG,"SEKRETARIAT UTAMA BMKG — Badan Meteorologi, Klimatologi Dan Geofisika","Badan Meteorologi, Klimatologi Dan Geofisika",SEKRETARIAT UTAMA BMKG,"DKI Jakarta, Jakarta Pusat (Kota)",NATIONAL,2,1455238000,May 2026,IT_HARDWARE; NETWORKING,,,,,,,,
SEKRETARIAT UTAMA KEMENTERIAN LINGKUNGAN HIDUP BPLH,SEKRETARIAT UTAMA KEMENTERIAN LINGKUNGAN HIDUP BPLH — Kementerian Lingkungan Hidup/Badan Pengendalian Lingkungan Hidup,Kementerian Lingkungan Hidup/Badan Pengendalian Lingkungan Hidup,SEKRETARIAT UTAMA KEMENTERIAN LINGKUNGAN HIDUP BPLH,"DKI Jakarta, Jakarta Timur (Kota)",NATIONAL,3,142150000,June 2026; May 2026,IT_HARDWARE; LAPTOP; SERVER,,,,,,,,
SENTRA TERPADU PROF DR SOEHARSO SURAKARTA,SENTRA TERPADU PROF DR SOEHARSO SURAKARTA — Kementerian Sosial,Kementerian Sosial,SENTRA TERPADU PROF DR SOEHARSO SURAKARTA,"Nusa Tenggara Timur, Sumba Timur (Kab.) | Nusa Tenggara Timur, Rote Ndao (Kota) | Nusa Tenggara Timur, Sumba Barat (Kab.)",NATIONAL,4,569000000,June 2026; May 2026,OFFICE_FURNITURE,,,,,,,,
SMP NEGERI 12 MALANG,SMP NEGERI 12 MALANG — Kota Malang,Kota Malang,SMP NEGERI 12 MALANG,"Jawa Timur, Malang (Kota) | Jawa Timur, Malang (Kota)",EDUCATION,1,8513100,May 2026,AUDIO,,,,,,,,
SMP NEGERI 13 MALANG,SMP NEGERI 13 MALANG — Kota Malang,Kota Malang,SMP NEGERI 13 MALANG,"Jawa Timur, Malang (Kota)",EDUCATION,1,9020000,May 2026,IT_HARDWARE,,,,,,,,
SMP NEGERI 2 PADAMARA,SMP NEGERI 2 PADAMARA — Kab. Purbalingga,Kab. Purbalingga,SMP NEGERI 2 PADAMARA,"Jawa Tengah, Purbalingga (Kab.)",EDUCATION,1,16600000,June 2026,AUDIO,,,,,,,,
SPN POLDA JATIM,SPN POLDA JATIM — Kepolisian Negara Republik Indonesia,Kepolisian Negara Republik Indonesia,SPN POLDA JATIM,"Jawa Timur, Mojokerto (Kab.)",OTHER,1,156975000,May 2026,DESKTOP,,,,,,,,
SPNF SKB Kota Bukittinggi,SPNF SKB Kota Bukittinggi — Kota Bukittinggi,Kota Bukittinggi,SPNF SKB Kota Bukittinggi,"Sumatera Barat, Bukit Tinggi (Kota)",LOCAL_AGENCY,1,10289700,June 2026,DESKTOP,,,,,,,,
SSDM POLRI,SSDM POLRI — Kepolisian Negara Republik Indonesia,Kepolisian Negara Republik Indonesia,SSDM POLRI,"DKI Jakarta, Jakarta Selatan (Kota)",NATIONAL,4,14408000,June 2026; May 2026,IT_HARDWARE,,,,,,,,
STAIN MAJENE,STAIN MAJENE — Kementerian Agama,Kementerian Agama,STAIN MAJENE,"Sulawesi Barat, Majene (Kab.)",NATIONAL,1,988535000,May 2026,CAMERA_VIDEO,,,,,,,,
STAIN SULTAN ABDURRAHMAN KEPULAUAN RIAU 320074,STAIN SULTAN ABDURRAHMAN KEPULAUAN RIAU 320074 — Kementerian Agama,Kementerian Agama,STAIN SULTAN ABDURRAHMAN KEPULAUAN RIAU 320074,"Kepulauan Riau, Bintan (Kab.)",NATIONAL,1,45000000,June 2026,LAPTOP,,,,,,,,
STAMARENA POLRI,STAMARENA POLRI — Kepolisian Negara Republik Indonesia,Kepolisian Negara Republik Indonesia,STAMARENA POLRI,"DKI Jakarta, Jakarta Selatan (Kota)",NATIONAL,8,55780500,June 2026; May 2026,IT_HARDWARE,,,,,,,,
SUKU BADAN PENGELOLAAN ASET DAERAH KOTA - JAKSEL,SUKU BADAN PENGELOLAAN ASET DAERAH KOTA - JAKSEL — Provinsi DKI Jakarta,Provinsi DKI Jakarta,SUKU BADAN PENGELOLAAN ASET DAERAH KOTA - JAKSEL,"DKI Jakarta, Jakarta Selatan (Kota)",PROVINCE,1,1961605296,June 2026,OFFICE_FURNITURE,,,,,,,,
SUKU BADAN PENGELOLAAN KEUANGAN KOTA ADMINISTRASI JAKSEL,SUKU BADAN PENGELOLAAN KEUANGAN KOTA ADMINISTRASI JAKSEL — Provinsi DKI Jakarta,Provinsi DKI Jakarta,SUKU BADAN PENGELOLAAN KEUANGAN KOTA ADMINISTRASI JAKSEL,"DKI Jakarta, Jakarta Selatan (Kota)",PROVINCE,1,35452928,June 2026,OFFICE_FURNITURE,,,,,,,,
SUKU BADAN PERENCANAAN PEMBANGUNAN KOTA ADMINISTRASI JAKARTA PUSAT,SUKU BADAN PERENCANAAN PEMBANGUNAN KOTA ADMINISTRASI JAKARTA PUSAT — Provinsi DKI Jakarta,Provinsi DKI Jakarta,SUKU BADAN PERENCANAAN PEMBANGUNAN KOTA ADMINISTRASI JAKARTA PUSAT,"DKI Jakarta, Jakarta Pusat (Kota)",PROVINCE,1,44406992,May 2026,OFFICE_FURNITURE,,,,,,,,
SUKU DINAS BINA MARGA KOTA - JAKTIM,SUKU DINAS BINA MARGA KOTA - JAKTIM — Provinsi DKI Jakarta,Provinsi DKI Jakarta,SUKU DINAS BINA MARGA KOTA - JAKTIM,"DKI Jakarta, Jakarta Timur (Kota)",PROVINCE,2,150159593,June 2026,CAMERA_VIDEO; PRINTER; STORAGE,,,,,,,,
"SUKU DINAS CIPTA KARYA, TATA RUANG DAN PERTANAHAN KOTA ADMINISTRASI JAKARTA PUSAT","SUKU DINAS CIPTA KARYA, TATA RUANG DAN PERTANAHAN KOTA ADMINISTRASI JAKARTA PUSAT — Provinsi DKI Jakarta",Provinsi DKI Jakarta,"SUKU DINAS CIPTA KARYA, TATA RUANG DAN PERTANAHAN KOTA ADMINISTRASI JAKARTA PUSAT","DKI Jakarta, Jakarta Pusat (Kota)",PROVINCE,1,55036800,May 2026,PRINTER,,,,,,,,
"SUKU DINAS CIPTA KARYA, TATA RUANG DAN PERTANAHAN KOTA ADMINISTRASI JAKARTA UTARA","SUKU DINAS CIPTA KARYA, TATA RUANG DAN PERTANAHAN KOTA ADMINISTRASI JAKARTA UTARA — Provinsi DKI Jakarta",Provinsi DKI Jakarta,"SUKU DINAS CIPTA KARYA, TATA RUANG DAN PERTANAHAN KOTA ADMINISTRASI JAKARTA UTARA","DKI Jakarta, Jakarta Utara (Kota)",PROVINCE,1,33838560,May 2026,IT_HARDWARE; PRINTER,,,,,,,,
SUKU DINAS KEBUDAYAAN KOTA - JAKSEL,SUKU DINAS KEBUDAYAAN KOTA - JAKSEL — Provinsi DKI Jakarta,Provinsi DKI Jakarta,SUKU DINAS KEBUDAYAAN KOTA - JAKSEL,"DKI Jakarta, Jakarta Selatan (Kota)",PROVINCE,1,5108096,May 2026,AUDIO,,,,,,,,
SUKU DINAS KEPENDUDUKAN DAN PENCATATAN SIPIL KOTA ADMINISTRASI JAKARTA UTARA,SUKU DINAS KEPENDUDUKAN DAN PENCATATAN SIPIL KOTA ADMINISTRASI JAKARTA UTARA — Provinsi DKI Jakarta,Provinsi DKI Jakarta,SUKU DINAS KEPENDUDUKAN DAN PENCATATAN SIPIL KOTA ADMINISTRASI JAKARTA UTARA,"DKI Jakarta, Jakarta Utara (Kota)",PROVINCE,2,69184080,June 2026,OFFICE_FURNITURE,,,,,,,,
SUKU DINAS KESEHATAN KABUPATEN ADMINISTRASI KEPULAUAN SERIBU,SUKU DINAS KESEHATAN KABUPATEN ADMINISTRASI KEPULAUAN SERIBU — Provinsi DKI Jakarta,Provinsi DKI Jakarta,SUKU DINAS KESEHATAN KABUPATEN ADMINISTRASI KEPULAUAN SERIBU,"DKI Jakarta, Adm. Kepulauan Seribu (Kab.)",PROVINCE,1,18983104,May 2026,PRINTER,,,,,,,,
SUKU DINAS KESEHATAN KOTA ADMINISTRASI JAKARTA SELATAN,SUKU DINAS KESEHATAN KOTA ADMINISTRASI JAKARTA SELATAN — Provinsi DKI Jakarta,Provinsi DKI Jakarta,SUKU DINAS KESEHATAN KOTA ADMINISTRASI JAKARTA SELATAN,"DKI Jakarta, Jakarta Selatan (Kota)",PROVINCE,1,34339200,May 2026,IT_HARDWARE,,,,,,,,
SUKU DINAS KESEHATAN KOTA ADMINISTRASI JAKARTA UTARA,SUKU DINAS KESEHATAN KOTA ADMINISTRASI JAKARTA UTARA — Provinsi DKI Jakarta,Provinsi DKI Jakarta,SUKU DINAS KESEHATAN KOTA ADMINISTRASI JAKARTA UTARA,"DKI Jakarta, Jakarta Utara (Kota)",PROVINCE,1,47857040,May 2026,CAMERA_VIDEO,,,,,,,,
"SUKU DINAS KETAHANAN PANGAN, KELAUTAN DAN PERTANIAN KABUPATEN ADMINISTRASI KEPULAUAN SERIBU","SUKU DINAS KETAHANAN PANGAN, KELAUTAN DAN PERTANIAN KABUPATEN ADMINISTRASI KEPULAUAN SERIBU — Provinsi DKI Jakarta",Provinsi DKI Jakarta,"SUKU DINAS KETAHANAN PANGAN, KELAUTAN DAN PERTANIAN KABUPATEN ADMINISTRASI KEPULAUAN SERIBU","DKI Jakarta, Adm. Kepulauan Seribu (Kab.)",PROVINCE,1,3864000,June 2026,PRINTER,,,,,,,,
"SUKU DINAS KETAHANAN PANGAN, KELAUTAN DAN PERTANIAN KOTA ADMINISTRASI JAKARTA TIMUR","SUKU DINAS KETAHANAN PANGAN, KELAUTAN DAN PERTANIAN KOTA ADMINISTRASI JAKARTA TIMUR — Provinsi DKI Jakarta",Provinsi DKI Jakarta,"SUKU DINAS KETAHANAN PANGAN, KELAUTAN DAN PERTANIAN KOTA ADMINISTRASI JAKARTA TIMUR","DKI Jakarta, Jakarta Timur (Kota)",PROVINCE,3,143220000,June 2026; May 2026,AUDIO; IT_HARDWARE; LAPTOP; PRINTER,,,,,,,,
"SUKU DINAS KETAHANAN PANGAN, KELAUTAN DAN PERTANIAN KOTA ADMINISTRASI JAKARTA UTARA","SUKU DINAS KETAHANAN PANGAN, KELAUTAN DAN PERTANIAN KOTA ADMINISTRASI JAKARTA UTARA — Provinsi DKI Jakarta",Provinsi DKI Jakarta,"SUKU DINAS KETAHANAN PANGAN, KELAUTAN DAN PERTANIAN KOTA ADMINISTRASI JAKARTA UTARA","DKI Jakarta, Jakarta Utara (Kota)",PROVINCE,1,89794432,May 2026,DESKTOP,,,,,,,,
"SUKU DINAS KOMUNIKASI, INFORMATIKA DAN STATISTIK KOTA - JAKPUS","SUKU DINAS KOMUNIKASI, INFORMATIKA DAN STATISTIK KOTA - JAKPUS — Provinsi DKI Jakarta",Provinsi DKI Jakarta,"SUKU DINAS KOMUNIKASI, INFORMATIKA DAN STATISTIK KOTA - JAKPUS","DKI Jakarta, Jakarta Pusat (Kota)",PROVINCE,1,8190112,June 2026,OFFICE_FURNITURE,,,,,,,,
"SUKU DINAS KOMUNIKASI, INFORMATIKA DAN STATISTIK KOTA - JAKTIM","SUKU DINAS KOMUNIKASI, INFORMATIKA DAN STATISTIK KOTA - JAKTIM — Provinsi DKI Jakarta",Provinsi DKI Jakarta,"SUKU DINAS KOMUNIKASI, INFORMATIKA DAN STATISTIK KOTA - JAKTIM","DKI Jakarta, Jakarta Timur (Kota)",PROVINCE,1,165289040,June 2026,OFFICE_FURNITURE,,,,,,,,
"SUKU DINAS KOMUNIKASI, INFORMATIKA DAN STATISTIK KOTA - JAKUT","SUKU DINAS KOMUNIKASI, INFORMATIKA DAN STATISTIK KOTA - JAKUT — Provinsi DKI Jakarta",Provinsi DKI Jakarta,"SUKU DINAS KOMUNIKASI, INFORMATIKA DAN STATISTIK KOTA - JAKUT","DKI Jakarta, Jakarta Utara (Kota)",PROVINCE,1,592056752,May 2026,IT_HARDWARE,,,,,,,,
SUKU DINAS LINGKUNGAN HIDUP KOTA ADMINISTRASI JAKARTA PUSAT,SUKU DINAS LINGKUNGAN HIDUP KOTA ADMINISTRASI JAKARTA PUSAT — Provinsi DKI Jakarta,Provinsi DKI Jakarta,SUKU DINAS LINGKUNGAN HIDUP KOTA ADMINISTRASI JAKARTA PUSAT,"DKI Jakarta, Jakarta Pusat (Kota)",PROVINCE,1,115789408,May 2026,OFFICE_FURNITURE,,,,,,,,
SUKU DINAS LINGKUNGAN HIDUP KOTA ADMINISTRASI JAKARTA TIMUR,SUKU DINAS LINGKUNGAN HIDUP KOTA ADMINISTRASI JAKARTA TIMUR — Provinsi DKI Jakarta,Provinsi DKI Jakarta,SUKU DINAS LINGKUNGAN HIDUP KOTA ADMINISTRASI JAKARTA TIMUR,"DKI Jakarta, Jakarta Timur (Kota)",PROVINCE,1,4704000,May 2026,STORAGE,,,,,,,,
SUKU DINAS LINGKUNGAN HIDUP KOTA ADMINISTRASI JAKARTA UTARA,SUKU DINAS LINGKUNGAN HIDUP KOTA ADMINISTRASI JAKARTA UTARA — Provinsi DKI Jakarta,Provinsi DKI Jakarta,SUKU DINAS LINGKUNGAN HIDUP KOTA ADMINISTRASI JAKARTA UTARA,"DKI Jakarta, Jakarta Utara (Kota)",PROVINCE,1,6640076,May 2026,IT_HARDWARE,,,,,,,,
SUKU DINAS PARIWISATA DAN EKONOMI KREATIF KOTA - JAKBAR,SUKU DINAS PARIWISATA DAN EKONOMI KREATIF KOTA - JAKBAR — Provinsi DKI Jakarta,Provinsi DKI Jakarta,SUKU DINAS PARIWISATA DAN EKONOMI KREATIF KOTA - JAKBAR,"DKI Jakarta, Jakarta Barat (Kota)",PROVINCE,2,25003552,June 2026; May 2026,AUDIO; OFFICE_FURNITURE,,,,,,,,
SUKU DINAS PEMUDA DAN OLAHRAGA KOTA - JAKBAR,SUKU DINAS PEMUDA DAN OLAHRAGA KOTA - JAKBAR — Provinsi DKI Jakarta,Provinsi DKI Jakarta,SUKU DINAS PEMUDA DAN OLAHRAGA KOTA - JAKBAR,"DKI Jakarta, Jakarta Barat (Kota)",PROVINCE,2,51080960,June 2026; May 2026,AUDIO,,,,,,,,
SUKU DINAS PEMUDA DAN OLAHRAGA KOTA - JAKPUS,SUKU DINAS PEMUDA DAN OLAHRAGA KOTA - JAKPUS — Provinsi DKI Jakarta,Provinsi DKI Jakarta,SUKU DINAS PEMUDA DAN OLAHRAGA KOTA - JAKPUS,"DKI Jakarta, Jakarta Pusat (Kota)",PROVINCE,5,149039968,June 2026; May 2026,AUDIO,,,,,,,,
SUKU DINAS PEMUDA DAN OLAHRAGA KOTA - JAKSEL,SUKU DINAS PEMUDA DAN OLAHRAGA KOTA - JAKSEL — Provinsi DKI Jakarta,Provinsi DKI Jakarta,SUKU DINAS PEMUDA DAN OLAHRAGA KOTA - JAKSEL,"DKI Jakarta, Jakarta Selatan (Kota)",PROVINCE,9,2743687420,June 2026; May 2026,AUDIO; DESKTOP; IT_HARDWARE; OFFICE_FURNITURE,,,,,,,,
SUKU DINAS PEMUDA DAN OLAHRAGA KOTA - JAKTIM,SUKU DINAS PEMUDA DAN OLAHRAGA KOTA - JAKTIM — Provinsi DKI Jakarta,Provinsi DKI Jakarta,SUKU DINAS PEMUDA DAN OLAHRAGA KOTA - JAKTIM,"DKI Jakarta, Jakarta Timur (Kota)",PROVINCE,6,2469245356,June 2026; May 2026,AUDIO; DESKTOP; IT_HARDWARE; OFFICE_FURNITURE,,,,,,,,
SUKU DINAS PEMUDA DAN OLAHRAGA KOTA - JAKUT,SUKU DINAS PEMUDA DAN OLAHRAGA KOTA - JAKUT — Provinsi DKI Jakarta,Provinsi DKI Jakarta,SUKU DINAS PEMUDA DAN OLAHRAGA KOTA - JAKUT,"DKI Jakarta, Jakarta Utara (Kota)",PROVINCE,3,126154336,May 2026,CAMERA_VIDEO; CCTV; PRINTER,,,,,,,,
SUKU DINAS PENANGGULANGAN KEBAKARAN DAN PENYELAMATAN KOTA ADMINISTRASI JAKARTA TIMUR,SUKU DINAS PENANGGULANGAN KEBAKARAN DAN PENYELAMATAN KOTA ADMINISTRASI JAKARTA TIMUR — Provinsi DKI Jakarta,Provinsi DKI Jakarta,SUKU DINAS PENANGGULANGAN KEBAKARAN DAN PENYELAMATAN KOTA ADMINISTRASI JAKARTA TIMUR,"DKI Jakarta, Jakarta Timur (Kota)",PROVINCE,1,76373472,May 2026,IT_HARDWARE; PRINTER,,,,,,,,
SUKU DINAS PENDIDIKAN WILAYAH 2 KOTA - JAKUT,SUKU DINAS PENDIDIKAN WILAYAH 2 KOTA - JAKUT — Provinsi DKI Jakarta,Provinsi DKI Jakarta,SUKU DINAS PENDIDIKAN WILAYAH 2 KOTA - JAKUT,"DKI Jakarta, Jakarta Utara (Kota)",PROVINCE,1,15456000,May 2026,PRINTER,,,,,,,,
SUKU DINAS PERHUBUNGAN KOTA ADMINISTRASI JAKARTA BARAT,SUKU DINAS PERHUBUNGAN KOTA ADMINISTRASI JAKARTA BARAT — Provinsi DKI Jakarta,Provinsi DKI Jakarta,SUKU DINAS PERHUBUNGAN KOTA ADMINISTRASI JAKARTA BARAT,"DKI Jakarta, Jakarta Barat (Kota)",PROVINCE,1,9587200,May 2026,IT_HARDWARE; PRINTER,,,,,,,,
SUKU DINAS PERHUBUNGAN KOTA ADMINISTRASI JAKARTA TIMUR,SUKU DINAS PERHUBUNGAN KOTA ADMINISTRASI JAKARTA TIMUR — Provinsi DKI Jakarta,Provinsi DKI Jakarta,SUKU DINAS PERHUBUNGAN KOTA ADMINISTRASI JAKARTA TIMUR,"DKI Jakarta, Jakarta Timur (Kota)",PROVINCE,1,169089424,May 2026,IT_HARDWARE; LAPTOP,,,,,,,,
SUKU DINAS PERHUBUNGAN KOTA ADMINISTRASI JAKARTA UTARA,SUKU DINAS PERHUBUNGAN KOTA ADMINISTRASI JAKARTA UTARA — Provinsi DKI Jakarta,Provinsi DKI Jakarta,SUKU DINAS PERHUBUNGAN KOTA ADMINISTRASI JAKARTA UTARA,"DKI Jakarta, Jakarta Utara (Kota)",PROVINCE,2,44251200,May 2026,LAPTOP; PRINTER,,,,,,,,
"SUKU DINAS PERINDUSTRIAN, PERDAGANGAN, KOPERASI, USAHA KECIL DAN MENENGAH KABUPATEN - KEP. SERIBU","SUKU DINAS PERINDUSTRIAN, PERDAGANGAN, KOPERASI, USAHA KECIL DAN MENENGAH KABUPATEN - KEP. SERIBU — Provinsi DKI Jakarta",Provinsi DKI Jakarta,"SUKU DINAS PERINDUSTRIAN, PERDAGANGAN, KOPERASI, USAHA KECIL DAN MENENGAH KABUPATEN - KEP. SERIBU","DKI Jakarta, Adm. Kepulauan Seribu (Kab.)",PROVINCE,2,11222400,May 2026,IT_HARDWARE; LAPTOP; PRINTER,,,,,,,,
"SUKU DINAS PERINDUSTRIAN, PERDAGANGAN, KOPERASI, USAHA KECIL DAN MENENGAH KOTA - JAKBAR","SUKU DINAS PERINDUSTRIAN, PERDAGANGAN, KOPERASI, USAHA KECIL DAN MENENGAH KOTA - JAKBAR — Provinsi DKI Jakarta",Provinsi DKI Jakarta,"SUKU DINAS PERINDUSTRIAN, PERDAGANGAN, KOPERASI, USAHA KECIL DAN MENENGAH KOTA - JAKBAR","DKI Jakarta, Jakarta Barat (Kota)",PROVINCE,1,40880000,June 2026,IT_HARDWARE; LAPTOP,,,,,,,,
"SUKU DINAS PERINDUSTRIAN, PERDAGANGAN, KOPERASI, USAHA KECIL DAN MENENGAH KOTA - JAKTIM","SUKU DINAS PERINDUSTRIAN, PERDAGANGAN, KOPERASI, USAHA KECIL DAN MENENGAH KOTA - JAKTIM — Provinsi DKI Jakarta",Provinsi DKI Jakarta,"SUKU DINAS PERINDUSTRIAN, PERDAGANGAN, KOPERASI, USAHA KECIL DAN MENENGAH KOTA - JAKTIM","DKI Jakarta, Jakarta Timur (Kota)",PROVINCE,1,31808000,May 2026,DESKTOP; IT_HARDWARE,,,,,,,,
SUKU DINAS PERPUSTAKAAN DAN KEARSIPAN KOTA ADMINISTRASI JAKARTA BARAT,SUKU DINAS PERPUSTAKAAN DAN KEARSIPAN KOTA ADMINISTRASI JAKARTA BARAT — Provinsi DKI Jakarta,Provinsi DKI Jakarta,SUKU DINAS PERPUSTAKAAN DAN KEARSIPAN KOTA ADMINISTRASI JAKARTA BARAT,"DKI Jakarta, Jakarta Barat (Kota)",PROVINCE,1,160600384,May 2026,AUDIO,,,,,,,,
SUKU DINAS PERPUSTAKAAN DAN KEARSIPAN KOTA ADMINISTRASI JAKARTA PUSAT,SUKU DINAS PERPUSTAKAAN DAN KEARSIPAN KOTA ADMINISTRASI JAKARTA PUSAT — Provinsi DKI Jakarta,Provinsi DKI Jakarta,SUKU DINAS PERPUSTAKAAN DAN KEARSIPAN KOTA ADMINISTRASI JAKARTA PUSAT,"DKI Jakarta, Jakarta Pusat (Kota)",PROVINCE,2,24447319,June 2026; May 2026,AUDIO; OFFICE_FURNITURE,,,,,,,,
SUKU DINAS PERPUSTAKAAN DAN KEARSIPAN KOTA ADMINISTRASI JAKARTA TIMUR,SUKU DINAS PERPUSTAKAAN DAN KEARSIPAN KOTA ADMINISTRASI JAKARTA TIMUR — Provinsi DKI Jakarta,Provinsi DKI Jakarta,SUKU DINAS PERPUSTAKAAN DAN KEARSIPAN KOTA ADMINISTRASI JAKARTA TIMUR,"DKI Jakarta, Jakarta Timur (Kota)",PROVINCE,3,150414889,June 2026; May 2026,CAMERA_VIDEO; CCTV; IT_HARDWARE; LAPTOP; PRINTER,,,,,,,,
SUKU DINAS PERPUSTAKAAN DAN KEARSIPAN KOTA ADMINISTRASI JAKARTA UTARA,SUKU DINAS PERPUSTAKAAN DAN KEARSIPAN KOTA ADMINISTRASI JAKARTA UTARA — Provinsi DKI Jakarta,Provinsi DKI Jakarta,SUKU DINAS PERPUSTAKAAN DAN KEARSIPAN KOTA ADMINISTRASI JAKARTA UTARA,"DKI Jakarta, Jakarta Utara (Kota)",PROVINCE,3,59487915,June 2026; May 2026,IT_HARDWARE; PRINTER,,,,,,,,
SUKU DINAS PERTAMANAN DAN HUTAN KOTA KOTA ADMINISTRASI JAKARTA BARAT,SUKU DINAS PERTAMANAN DAN HUTAN KOTA KOTA ADMINISTRASI JAKARTA BARAT — Provinsi DKI Jakarta,Provinsi DKI Jakarta,SUKU DINAS PERTAMANAN DAN HUTAN KOTA KOTA ADMINISTRASI JAKARTA BARAT,"DKI Jakarta, Jakarta Barat (Kota)",PROVINCE,4,1098818461,June 2026; May 2026,IT_HARDWARE; OFFICE_FURNITURE; PRINTER,,,,,,,,
SUKU DINAS SOSIAL KOTA ADMINISTRASI JAKARTA SELATAN,SUKU DINAS SOSIAL KOTA ADMINISTRASI JAKARTA SELATAN — Provinsi DKI Jakarta,Provinsi DKI Jakarta,SUKU DINAS SOSIAL KOTA ADMINISTRASI JAKARTA SELATAN,"DKI Jakarta, Jakarta Selatan (Kota)",PROVINCE,1,127850800,May 2026,OFFICE_FURNITURE,,,,,,,,
SUKU DINAS SUMBER DAYA AIR KOTA ADMINISTRASI JAKARTA PUSAT,SUKU DINAS SUMBER DAYA AIR KOTA ADMINISTRASI JAKARTA PUSAT — Provinsi DKI Jakarta,Provinsi DKI Jakarta,SUKU DINAS SUMBER DAYA AIR KOTA ADMINISTRASI JAKARTA PUSAT,"DKI Jakarta, Jakarta Pusat (Kota)",PROVINCE,7,14060630404,June 2026; May 2026,CAMERA_VIDEO; IT_HARDWARE; LAPTOP; PRINTER; SCANNER,,,,,,,,
SUKU DINAS SUMBER DAYA AIR KOTA ADMINISTRASI JAKARTA SELATAN,SUKU DINAS SUMBER DAYA AIR KOTA ADMINISTRASI JAKARTA SELATAN — Provinsi DKI Jakarta,Provinsi DKI Jakarta,SUKU DINAS SUMBER DAYA AIR KOTA ADMINISTRASI JAKARTA SELATAN,"DKI Jakarta, Jakarta Selatan (Kota)",PROVINCE,1,15456000,May 2026,PRINTER,,,,,,,,
SUKU DINAS SUMBER DAYA AIR KOTA ADMINISTRASI JAKARTA UTARA,SUKU DINAS SUMBER DAYA AIR KOTA ADMINISTRASI JAKARTA UTARA — Provinsi DKI Jakarta,Provinsi DKI Jakarta,SUKU DINAS SUMBER DAYA AIR KOTA ADMINISTRASI JAKARTA UTARA,"DKI Jakarta, Jakarta Utara (Kota)",PROVINCE,3,136168000,June 2026; May 2026,IT_HARDWARE; LAPTOP; PRINTER,,,,,,,,
"SUKU DINAS TENAGA KERJA, TRANSMIGRASI, DAN ENERGI KOTA ADMINISTRASI JAKARTA TIMUR","SUKU DINAS TENAGA KERJA, TRANSMIGRASI, DAN ENERGI KOTA ADMINISTRASI JAKARTA TIMUR — Provinsi DKI Jakarta",Provinsi DKI Jakarta,"SUKU DINAS TENAGA KERJA, TRANSMIGRASI, DAN ENERGI KOTA ADMINISTRASI JAKARTA TIMUR","DKI Jakarta, Jakarta Timur (Kota)",PROVINCE,1,12264000,June 2026,IT_HARDWARE,,,,,,,,
Satuan Kerja Khusus Pelaksana Kegiatan Hulu Minyak dan Gas Bumi,Satuan Kerja Khusus Pelaksana Kegiatan Hulu Minyak dan Gas Bumi,Satuan Kerja Khusus Pelaksana Kegiatan Hulu Minyak dan Gas Bumi,Satuan Kerja Khusus Pelaksana Kegiatan Hulu Minyak dan Gas Bumi,"DKI Jakarta, Jakarta Selatan (Kota)",OTHER,3,1154999456,May 2026,NETWORKING; SCANNER; UPS,,,,,,,,
Satuan Polisi Pamong Praja dan Pemadam Kebakaran Kab. Poso,Satuan Polisi Pamong Praja dan Pemadam Kebakaran Kab. Poso — Kab. Poso,Kab. Poso,Satuan Polisi Pamong Praja dan Pemadam Kebakaran Kab. Poso,"Sulawesi Tengah, Poso (Kab.)",LOCAL_AGENCY,1,3850000,May 2026,DESKTOP,,,,,,,,
Satuan Polisi Pamong Praja dan Pemadam Kebakaran,Satuan Polisi Pamong Praja dan Pemadam Kebakaran — Kab. Banyuasin,Kab. Banyuasin,Satuan Polisi Pamong Praja dan Pemadam Kebakaran,"Sumatera Selatan, Banyuasin (Kab.)",LOCAL_AGENCY,4,87699850,June 2026; May 2026,DESKTOP; IT_HARDWARE; OFFICE_FURNITURE,,,,,,,,
Satuan Polisi Pamong Praja dan Wilayatul Hisbah,Satuan Polisi Pamong Praja dan Wilayatul Hisbah — Kota Subulussalam,Kota Subulussalam,Satuan Polisi Pamong Praja dan Wilayatul Hisbah,"Aceh, Subulussalam (Kota)",LOCAL_AGENCY,8,222288037,June 2026; May 2026,AUDIO; DESKTOP; IT_HARDWARE; OFFICE_FURNITURE,,,,,,,,
Satuan Polisi Pamong Praja,Satuan Polisi Pamong Praja — Kab. Bangli,Kab. Bangli,Satuan Polisi Pamong Praja,"Bali, Bangli (Kab.)",LOCAL_AGENCY,31,673678886,June 2026; May 2026,AUDIO; CAMERA_VIDEO; DESKTOP; IT_HARDWARE; LAPTOP; NETWORKING; OFFICE_FURNITURE; PRINTER; STORAGE,,,,,,,,
"Satuan Polisi Pamong Praja, Pemadam Kebakaran dan Penyelamatan Kab. Bulukumba","Satuan Polisi Pamong Praja, Pemadam Kebakaran dan Penyelamatan Kab. Bulukumba — Kab. Bulukumba",Kab. Bulukumba,"Satuan Polisi Pamong Praja, Pemadam Kebakaran dan Penyelamatan Kab. Bulukumba","Sulawesi Selatan, Bulukumba (Kab.)",LOCAL_AGENCY,1,72701200,June 2026,DESKTOP,,,,,,,,
Satuan Polisi Pamongpraja dan Pemadam Kebakaran,Satuan Polisi Pamongpraja dan Pemadam Kebakaran — Kota Sukabumi,Kota Sukabumi,Satuan Polisi Pamongpraja dan Pemadam Kebakaran,"Jawa Barat, Sukabumi (Kota)",LOCAL_AGENCY,2,42252700,June 2026; May 2026,IT_HARDWARE; OFFICE_FURNITURE,,,,,,,,
Secapaad TNI AD,Secapaad TNI AD — Kementerian Pertahanan,Kementerian Pertahanan,Secapaad TNI AD,"Jawa Barat, Bandung (Kota)",NATIONAL,1,58815000,May 2026,PRINTER,,,,,,,,
Sekretariat Bawaslu Kabupaten Soppeng,Sekretariat Bawaslu Kabupaten Soppeng — Badan Pengawas Pemilihan Umum,Badan Pengawas Pemilihan Umum,Sekretariat Bawaslu Kabupaten Soppeng,"Sulawesi Selatan, Soppeng (Kab.)",NATIONAL,1,5520000,May 2026,PRINTER,,,,,,,,
Sekretariat DPR Aceh,Sekretariat DPR Aceh — Aceh,Aceh,Sekretariat DPR Aceh,"Aceh, Banda Aceh (Kota)",NATIONAL,1,10000000,May 2026,NETWORKING,,,,,,,,
Sekretariat DPRD Kota Banjarmasin,Sekretariat DPRD Kota Banjarmasin — Kota Banjarmasin,Kota Banjarmasin,Sekretariat DPRD Kota Banjarmasin,"Kalimantan Selatan, Banjarmasin (Kota) | Kalimantan Selatan, Banjarmasin (Kota)",NATIONAL,1,92712000,June 2026,PRINTER,,,,,,,,
Sekretariat DPRD Kota Samarinda,Sekretariat DPRD Kota Samarinda — Kota Samarinda,Kota Samarinda,Sekretariat DPRD Kota Samarinda,"Kalimantan Timur, Samarinda (Kota)",NATIONAL,7,700089000,May 2026,DESKTOP; IT_HARDWARE; NETWORKING; OFFICE_FURNITURE,,,,,,,,
Sekretariat DPRD,Sekretariat DPRD — Kab. Ogan Komering Ulu,Kab. Ogan Komering Ulu,Sekretariat DPRD,"Sumatera Selatan, Ogan Komering Ulu (Kab.) | Sumatera Selatan, Ogan Komering Ulu (Kab.) | Sumatera Selatan, Ogan Komering Ulu (Kab.) | Sumatera Selatan, Ogan Komering Ulu (Kab.) | Sumatera Selatan, Ogan Komering Ulu (Kab.) | Sumatera Selatan, Ogan Komering Ulu (Kab.) | Sumatera Selatan, Ogan Komering Ulu (Kab.) | Sumatera Selatan, Ogan Komering Ulu (Kab.) | Sumatera Selatan, Ogan Komering Ulu (Kab.) | Sumatera Selatan, Ogan Komering Ulu (Kab.) | Sumatera Selatan, Ogan Komering Ulu (Kab.) | Sumatera Selatan, Ogan Komering Ulu (Kab.) | Sumatera Selatan, Ogan Komering Ulu (Kab.) | Sumatera Selatan, Ogan Komering Ulu (Kab.) | Sumatera Selatan, Ogan Komering Ulu (Kab.) | Sumatera Selatan, Ogan Komering Ulu (Kab.) | Sumatera Selatan, Ogan Komering Ulu (Kab.) | Sumatera Selatan, Ogan Komering Ulu (Kab.) | Sumatera Selatan, Ogan Komering Ulu (Kab.) | Sumatera Selatan, Ogan Komering Ulu (Kab.) | Sumatera Selatan, Ogan Komering Ulu (Kab.) | Sumatera Selatan, Ogan Komering Ulu (Kab.) | Sumatera Selatan, Ogan Komering Ulu (Kab.) | Sumatera Selatan, Ogan Komering Ulu (Kab.) | Sumatera Selatan, Ogan Komering Ulu (Kab.) | Sumatera Selatan, Ogan Komering Ulu (Kab.) | Sumatera Selatan, Ogan Komering Ulu (Kab.)",NATIONAL,54,4352267506,June 2026; May 2026,AUDIO; CAMERA_VIDEO; CCTV; DESKTOP; IT_HARDWARE; OFFICE_FURNITURE; PRINTER; SCANNER,,,,,,,,
Sekretariat DPRK,Sekretariat DPRK — Kota Banda Aceh,Kota Banda Aceh,Sekretariat DPRK,"Aceh, Banda Aceh (Kota) | Aceh, Banda Aceh (Kota)",NATIONAL,1,250000000,June 2026,OFFICE_FURNITURE,,,,,,,,
Sekretariat Daerah Kab. Bulukumba,Sekretariat Daerah Kab. Bulukumba — Kab. Bulukumba,Kab. Bulukumba,Sekretariat Daerah Kab. Bulukumba,"Sulawesi Selatan, Bulukumba (Kab.)",LOCAL_AGENCY,1,6000000,May 2026,NETWORKING,,,,,,,,
Sekretariat Daerah Kabupaten Bener Meriah,Sekretariat Daerah Kabupaten Bener Meriah — Kab. Bener Meriah,Kab. Bener Meriah,Sekretariat Daerah Kabupaten Bener Meriah,"Aceh, Bener Meriah (Kab.)",LOCAL_AGENCY,1,10000000,May 2026,AUDIO,,,,,,,,
Sekretariat Daerah Kabupaten Bima,Sekretariat Daerah Kabupaten Bima — Kab. Bima,Kab. Bima,Sekretariat Daerah Kabupaten Bima,"Nusa Tenggara Barat, Bima (Kab.)",LOCAL_AGENCY,5,298730000,June 2026; May 2026,DESKTOP; IT_HARDWARE; NETWORKING; OFFICE_FURNITURE,,,,,,,,
Sekretariat Daerah Kabupaten Garut,Sekretariat Daerah Kabupaten Garut — Kab. Garut,Kab. Garut,Sekretariat Daerah Kabupaten Garut,"Jawa Barat, Garut (Kab.)",LOCAL_AGENCY,4,186309900,May 2026,IT_HARDWARE; OFFICE_FURNITURE,,,,,,,,
Sekretariat Daerah Kota Langsa,Sekretariat Daerah Kota Langsa — Kota Langsa,Kota Langsa,Sekretariat Daerah Kota Langsa,"Aceh, Langsa (Kota)",LOCAL_AGENCY,1,5500000,May 2026,OFFICE_FURNITURE,,,,,,,,
Sekretariat Daerah,Sekretariat Daerah — Kab. Ciamis,Kab. Ciamis,Sekretariat Daerah,"Jawa Barat, Ciamis (Kab.)",LOCAL_AGENCY,136,6044617909,June 2026; May 2026,AUDIO; CAMERA_VIDEO; CCTV; DESKTOP; IT_HARDWARE; LAPTOP; NETWORKING; OFFICE_FURNITURE; PRINTER; SCANNER; STORAGE; UPS,,,,,,,,
Sekretariat Dewan Perwakilan Rakyat Daerah Provinsi Bengkulu,Sekretariat Dewan Perwakilan Rakyat Daerah Provinsi Bengkulu — Provinsi Bengkulu,Provinsi Bengkulu,Sekretariat Dewan Perwakilan Rakyat Daerah Provinsi Bengkulu,"Bengkulu, Bengkulu (Kota)",PROVINCE,1,25000000,May 2026,IT_HARDWARE,,,,,,,,
Sekretariat Dewan Perwakilan Rakyat Daerah,Sekretariat Dewan Perwakilan Rakyat Daerah — Kota Bandung,Kota Bandung,Sekretariat Dewan Perwakilan Rakyat Daerah,"Jawa Barat, Bandung (Kota)",NATIONAL,7,770931853,June 2026; May 2026,AUDIO; CCTV; DESKTOP; IT_HARDWARE; OFFICE_FURNITURE,,,,,,,,
Sekretariat Jenderal,Sekretariat Jenderal — Dewan Perwakilan Rakyat,Dewan Perwakilan Rakyat,Sekretariat Jenderal,"DKI Jakarta, Jakarta Pusat (Kota)",NATIONAL,2,902000000,May 2026,IT_HARDWARE; SERVER,,,,,,,,
Sekretariat Kementerian,"Sekretariat Kementerian — Kementerian Usaha Mikro, Kecil, dan Menengah","Kementerian Usaha Mikro, Kecil, dan Menengah",Sekretariat Kementerian,"DKI Jakarta, Jakarta Selatan (Kota)",NATIONAL,7,3055551000,June 2026; May 2026,AUDIO; CAMERA_VIDEO; IT_HARDWARE; NETWORKING,,,,,,,,
Sekretariat Utama,Sekretariat Utama — Badan Karantina Indonesia,Badan Karantina Indonesia,Sekretariat Utama,"DKI Jakarta, Jakarta Pusat (Kota)",NATIONAL,1,750000,May 2026,IT_HARDWARE,,,,,,,,
Stasiun Geofisika Kelas III Banjarnegara,"Stasiun Geofisika Kelas III Banjarnegara — Badan Meteorologi, Klimatologi Dan Geofisika","Badan Meteorologi, Klimatologi Dan Geofisika",Stasiun Geofisika Kelas III Banjarnegara,"Jawa Tengah, Banjarnegara (Kab.)",NATIONAL,2,1000000,June 2026; May 2026,IT_HARDWARE; UPS,,,,,,,,
Stasiun Meteorologi Kelas I Supadio Pontianak,"Stasiun Meteorologi Kelas I Supadio Pontianak — Badan Meteorologi, Klimatologi Dan Geofisika","Badan Meteorologi, Klimatologi Dan Geofisika",Stasiun Meteorologi Kelas I Supadio Pontianak,"Kalimantan Barat, Kubu Raya (Kab.)",NATIONAL,1,500000,June 2026,PRINTER,,,,,,,,
Stasiun Meteorologi Kelas I Tjilik Riwut Palangka Raya,"Stasiun Meteorologi Kelas I Tjilik Riwut Palangka Raya — Badan Meteorologi, Klimatologi Dan Geofisika","Badan Meteorologi, Klimatologi Dan Geofisika",Stasiun Meteorologi Kelas I Tjilik Riwut Palangka Raya,"Kalimantan Tengah, Palangka Raya (Kota)",NATIONAL,1,6000000,May 2026,PRINTER,,,,,,,,
Stasiun Meteorologi Kelas II Maritim Bitung,"Stasiun Meteorologi Kelas II Maritim Bitung — Badan Meteorologi, Klimatologi Dan Geofisika","Badan Meteorologi, Klimatologi Dan Geofisika",Stasiun Meteorologi Kelas II Maritim Bitung,"Sulawesi Utara, Bitung (Kota)",NATIONAL,1,10000000,June 2026,UPS,,,,,,,,
Stasiun Meteorologi Kelas II Minangkabau Padang Pariaman,"Stasiun Meteorologi Kelas II Minangkabau Padang Pariaman — Badan Meteorologi, Klimatologi Dan Geofisika","Badan Meteorologi, Klimatologi Dan Geofisika",Stasiun Meteorologi Kelas II Minangkabau Padang Pariaman,"Sumatera Barat, Padang Pariaman (Kab.)",NATIONAL,1,57519000,May 2026,CCTV,,,,,,,,
Stasiun Meteorologi Kelas II Tampa Padang Mamuju,"Stasiun Meteorologi Kelas II Tampa Padang Mamuju — Badan Meteorologi, Klimatologi Dan Geofisika","Badan Meteorologi, Klimatologi Dan Geofisika",Stasiun Meteorologi Kelas II Tampa Padang Mamuju,"Sulawesi Barat, Mamuju (Kab.)",NATIONAL,1,8250000,June 2026,IT_HARDWARE; LAPTOP,,,,,,,,
Stasiun Meteorologi Kelas III Cut Nyak Dhien Nagan Raya,"Stasiun Meteorologi Kelas III Cut Nyak Dhien Nagan Raya — Badan Meteorologi, Klimatologi Dan Geofisika","Badan Meteorologi, Klimatologi Dan Geofisika",Stasiun Meteorologi Kelas III Cut Nyak Dhien Nagan Raya,"Aceh, Nagan Raya (Kab.)",NATIONAL,2,8600000,June 2026; May 2026,IT_HARDWARE; LAPTOP; PRINTER,,,,,,,,
Stasiun Meteorologi Kelas III Mopah Merauke,"Stasiun Meteorologi Kelas III Mopah Merauke — Badan Meteorologi, Klimatologi Dan Geofisika","Badan Meteorologi, Klimatologi Dan Geofisika",Stasiun Meteorologi Kelas III Mopah Merauke,"Papua Selatan, Merauke (Kab.)",NATIONAL,1,7000000,June 2026,UPS,,,,,,,,
Stasiun Pemantau Atmosfer Global Bukit Koto Tabang Agam,"Stasiun Pemantau Atmosfer Global Bukit Koto Tabang Agam — Badan Meteorologi, Klimatologi Dan Geofisika","Badan Meteorologi, Klimatologi Dan Geofisika",Stasiun Pemantau Atmosfer Global Bukit Koto Tabang Agam,"Sumatera Barat, Agam (Kab.)",NATIONAL,1,30000,May 2026,UPS,,,,,,,,
TAMAN HUTAN RAYA SULTAN ADAM,TAMAN HUTAN RAYA SULTAN ADAM — Provinsi Kalimantan Selatan,Provinsi Kalimantan Selatan,TAMAN HUTAN RAYA SULTAN ADAM,"Kalimantan Selatan, Banjar (Kab.)",PROVINCE,1,80000000,May 2026,OFFICE_FURNITURE,,,,,,,,
UIN IMAM BONJOL PADANG 424050,UIN IMAM BONJOL PADANG 424050 — Kementerian Agama,Kementerian Agama,UIN IMAM BONJOL PADANG 424050,"Sumatera Barat, Padang (Kota)",NATIONAL,7,2347578000,June 2026; May 2026,AUDIO; CAMERA_VIDEO; CCTV; IT_HARDWARE; NETWORKING; SERVER,,,,,,,,
UIN KH ABDURRAHMAN WAHID PEKALONGAN 423620,UIN KH ABDURRAHMAN WAHID PEKALONGAN 423620 — Kementerian Agama,Kementerian Agama,UIN KH ABDURRAHMAN WAHID PEKALONGAN 423620,"Jawa Tengah, Pekalongan (Kab.)",NATIONAL,1,7208380000,May 2026,IT_HARDWARE,,,,,,,,
UIN MATARAM 307843,UIN MATARAM 307843 — Kementerian Agama,Kementerian Agama,UIN MATARAM 307843,"Nusa Tenggara Barat, Mataram (Kota)",NATIONAL,1,198800000,May 2026,LAPTOP; PRINTER,,,,,,,,
UIN Raden Mas Said Surakarta 547601,UIN Raden Mas Said Surakarta 547601 — Kementerian Agama,Kementerian Agama,UIN Raden Mas Said Surakarta 547601,"Jawa Tengah, Sukoharjo (Kab.)",NATIONAL,5,391423000,June 2026; May 2026,IT_HARDWARE; OFFICE_FURNITURE; SERVER,,,,,,,,
UIN SULTAN SYARIF KASIM RIAU 424157,UIN SULTAN SYARIF KASIM RIAU 424157 — Kementerian Agama,Kementerian Agama,UIN SULTAN SYARIF KASIM RIAU 424157,"Riau, Pekanbaru (Kota)",NATIONAL,4,268835000,June 2026,IT_HARDWARE; LAPTOP,,,,,,,,
UIN SUMATERA UTARA MEDAN,UIN SUMATERA UTARA MEDAN — Kementerian Agama,Kementerian Agama,UIN SUMATERA UTARA MEDAN,"Sumatera Utara, Deli Serdang (Kab.)",NATIONAL,4,143248000,May 2026,IT_HARDWARE; LAPTOP,,,,,,,,
UIN SUNAN AMPEL SURABAYA 423770,UIN SUNAN AMPEL SURABAYA 423770 — Kementerian Agama,Kementerian Agama,UIN SUNAN AMPEL SURABAYA 423770,"Jawa Timur, Surabaya (Kota)",NATIONAL,1,197000000,May 2026,CCTV,,,,,,,,
UIN SUNAN KALIJAGA YOGYAKARTA 423755,UIN SUNAN KALIJAGA YOGYAKARTA 423755 — Kementerian Agama,Kementerian Agama,UIN SUNAN KALIJAGA YOGYAKARTA 423755,"DI Yogyakarta, Sleman (Kab.)",NATIONAL,1,200000000,May 2026,OFFICE_FURNITURE,,,,,,,,
UIN SYARIF HIDAYATULLAH JAKARTA,UIN SYARIF HIDAYATULLAH JAKARTA — Kementerian Agama,Kementerian Agama,UIN SYARIF HIDAYATULLAH JAKARTA,"Banten, Tangerang Selatan (Kota)",NATIONAL,8,667600000,May 2026,DESKTOP; IT_HARDWARE; LAPTOP; OFFICE_FURNITURE; PRINTER,,,,,,,,
UIN WALISONGO SEMARANG 423611,UIN WALISONGO SEMARANG 423611 — Kementerian Agama,Kementerian Agama,UIN WALISONGO SEMARANG 423611,"Jawa Tengah, Semarang (Kota)",NATIONAL,5,144600000,May 2026,IT_HARDWARE; OFFICE_FURNITURE; PRINTER; UPS,,,,,,,,
UNIT PENGELOLA ANGKUTAN SEKOLAH,UNIT PENGELOLA ANGKUTAN SEKOLAH — Provinsi DKI Jakarta,Provinsi DKI Jakarta,UNIT PENGELOLA ANGKUTAN SEKOLAH,"DKI Jakarta, Jakarta Timur (Kota)",PROVINCE,3,272937280,June 2026,CAMERA_VIDEO; CCTV; PRINTER; SCANNER,,,,,,,,
UNIT PENGELOLA DANA PERUMAHAN,UNIT PENGELOLA DANA PERUMAHAN — Provinsi DKI Jakarta,Provinsi DKI Jakarta,UNIT PENGELOLA DANA PERUMAHAN,"DKI Jakarta, Jakarta Pusat (Kota)",PROVINCE,2,51132816,June 2026; May 2026,LAPTOP; PRINTER,,,,,,,,
UNIT PENGELOLA GELANGGANG JAKARTA PUSAT,UNIT PENGELOLA GELANGGANG JAKARTA PUSAT — Provinsi DKI Jakarta,Provinsi DKI Jakarta,UNIT PENGELOLA GELANGGANG JAKARTA PUSAT,"DKI Jakarta, Jakarta Pusat (Kota)",PROVINCE,1,206144848,June 2026,AUDIO,,,,,,,,
UNIT PENGELOLA GELANGGANG JAKARTA SELATAN,UNIT PENGELOLA GELANGGANG JAKARTA SELATAN — Provinsi DKI Jakarta,Provinsi DKI Jakarta,UNIT PENGELOLA GELANGGANG JAKARTA SELATAN,"DKI Jakarta, Jakarta Selatan (Kota)",PROVINCE,2,302481984,May 2026,AUDIO,,,,,,,,
UNIT PENGELOLA GELANGGANG JAKARTA TIMUR,UNIT PENGELOLA GELANGGANG JAKARTA TIMUR — Provinsi DKI Jakarta,Provinsi DKI Jakarta,UNIT PENGELOLA GELANGGANG JAKARTA TIMUR,"DKI Jakarta, Jakarta Timur (Kota)",PROVINCE,3,515305840,June 2026; May 2026,AUDIO; CCTV; IT_HARDWARE; LAPTOP; PRINTER,,,,,,,,
UNIT PENGELOLA JAMINAN KESEHATAN JAKARTA,UNIT PENGELOLA JAMINAN KESEHATAN JAKARTA — Provinsi DKI Jakarta,Provinsi DKI Jakarta,UNIT PENGELOLA JAMINAN KESEHATAN JAKARTA,"DKI Jakarta, Jakarta Pusat (Kota)",PROVINCE,1,104564544,June 2026,DESKTOP,,,,,,,,
UNIT PENGELOLA KAWASAN MONUMEN NASIONAL,UNIT PENGELOLA KAWASAN MONUMEN NASIONAL — Provinsi DKI Jakarta,Provinsi DKI Jakarta,UNIT PENGELOLA KAWASAN MONUMEN NASIONAL,"DKI Jakarta, Jakarta Pusat (Kota)",PROVINCE,1,74764032,May 2026,CCTV,,,,,,,,
UNIT PENGELOLA KAWASAN PUSAT PENGEMBANGAN USAHA KECIL DAN MENENGAH SERTA PERMUKIMAN PULOGADUNG,UNIT PENGELOLA KAWASAN PUSAT PENGEMBANGAN USAHA KECIL DAN MENENGAH SERTA PERMUKIMAN PULOGADUNG — Provinsi DKI Jakarta,Provinsi DKI Jakarta,UNIT PENGELOLA KAWASAN PUSAT PENGEMBANGAN USAHA KECIL DAN MENENGAH SERTA PERMUKIMAN PULOGADUNG,"DKI Jakarta, Jakarta Timur (Kota)",PROVINCE,3,232484307,June 2026; May 2026,CCTV; DESKTOP; LAPTOP,,,,,,,,
UNIT PENGELOLA METROLOGI,UNIT PENGELOLA METROLOGI — Provinsi DKI Jakarta,Provinsi DKI Jakarta,UNIT PENGELOLA METROLOGI,"DKI Jakarta, Jakarta Utara (Kota)",PROVINCE,1,58934400,May 2026,IT_HARDWARE; LAPTOP; PRINTER,,,,,,,,
UNIT PENGELOLA MUSEUM KEBAHARIAN JAKARTA,UNIT PENGELOLA MUSEUM KEBAHARIAN JAKARTA — Provinsi DKI Jakarta,Provinsi DKI Jakarta,UNIT PENGELOLA MUSEUM KEBAHARIAN JAKARTA,"DKI Jakarta, Jakarta Utara (Kota)",PROVINCE,1,112135184,May 2026,OFFICE_FURNITURE,,,,,,,,
UNIT PENGELOLA MUSEUM KESEJARAHAN JAKARTA,UNIT PENGELOLA MUSEUM KESEJARAHAN JAKARTA — Provinsi DKI Jakarta,Provinsi DKI Jakarta,UNIT PENGELOLA MUSEUM KESEJARAHAN JAKARTA,"DKI Jakarta, Jakarta Barat (Kota)",PROVINCE,3,837673252,May 2026,CCTV; STORAGE,,,,,,,,
UNIT PENGELOLA PENANAMAN MODAL DAN PELAYANAN TERPADU SATU PINTU KABUPATEN - KEP. SERIBU,UNIT PENGELOLA PENANAMAN MODAL DAN PELAYANAN TERPADU SATU PINTU KABUPATEN - KEP. SERIBU — Provinsi DKI Jakarta,Provinsi DKI Jakarta,UNIT PENGELOLA PENANAMAN MODAL DAN PELAYANAN TERPADU SATU PINTU KABUPATEN - KEP. SERIBU,"DKI Jakarta, Adm. Kepulauan Seribu (Kab.)",PROVINCE,1,33230400,May 2026,PRINTER,,,,,,,,
UNIT PENGELOLA PENANAMAN MODAL DAN PELAYANAN TERPADU SATU PINTU KOTA - JAKBAR,UNIT PENGELOLA PENANAMAN MODAL DAN PELAYANAN TERPADU SATU PINTU KOTA - JAKBAR — Provinsi DKI Jakarta,Provinsi DKI Jakarta,UNIT PENGELOLA PENANAMAN MODAL DAN PELAYANAN TERPADU SATU PINTU KOTA - JAKBAR,"DKI Jakarta, Jakarta Barat (Kota)",PROVINCE,1,552050016,June 2026,PRINTER,,,,,,,,
UNIT PENGELOLA PENANAMAN MODAL DAN PELAYANAN TERPADU SATU PINTU KOTA - JAKTIM,UNIT PENGELOLA PENANAMAN MODAL DAN PELAYANAN TERPADU SATU PINTU KOTA - JAKTIM — Provinsi DKI Jakarta,Provinsi DKI Jakarta,UNIT PENGELOLA PENANAMAN MODAL DAN PELAYANAN TERPADU SATU PINTU KOTA - JAKTIM,"DKI Jakarta, Jakarta Timur (Kota)",PROVINCE,1,85769600,May 2026,IT_HARDWARE; PRINTER,,,,,,,,
UNIT PENGELOLA PENGUJIAN KENDARAAN BERMOTOR CILINCING,UNIT PENGELOLA PENGUJIAN KENDARAAN BERMOTOR CILINCING — Provinsi DKI Jakarta,Provinsi DKI Jakarta,UNIT PENGELOLA PENGUJIAN KENDARAAN BERMOTOR CILINCING,"DKI Jakarta, Jakarta Utara (Kota)",PROVINCE,1,77840000,May 2026,PRINTER,,,,,,,,
UNIT PENGELOLA PENGUJIAN KENDARAAN BERMOTOR JAGAKARSA,UNIT PENGELOLA PENGUJIAN KENDARAAN BERMOTOR JAGAKARSA — Provinsi DKI Jakarta,Provinsi DKI Jakarta,UNIT PENGELOLA PENGUJIAN KENDARAAN BERMOTOR JAGAKARSA,"DKI Jakarta, Jakarta Selatan (Kota)",PROVINCE,1,19218080,May 2026,PRINTER,,,,,,,,
"UNIT PENGELOLA PENGUJIAN, INSPEKSI DAN SERTIFIKASI PRODUK PERINDUSTRIAN, PERDAGANGAN, KOPERASI, USAHA KECIL DAN MENENGAH","UNIT PENGELOLA PENGUJIAN, INSPEKSI DAN SERTIFIKASI PRODUK PERINDUSTRIAN, PERDAGANGAN, KOPERASI, USAHA KECIL DAN MENENGAH — Provinsi DKI Jakarta",Provinsi DKI Jakarta,"UNIT PENGELOLA PENGUJIAN, INSPEKSI DAN SERTIFIKASI PRODUK PERINDUSTRIAN, PERDAGANGAN, KOPERASI, USAHA KECIL DAN MENENGAH","DKI Jakarta, Jakarta Pusat (Kota)",PROVINCE,1,50567104,June 2026,UPS,,,,,,,,
UNIT PENGELOLA PERPARKIRAN,UNIT PENGELOLA PERPARKIRAN — Provinsi DKI Jakarta,Provinsi DKI Jakarta,UNIT PENGELOLA PERPARKIRAN,"DKI Jakarta, Jakarta Timur (Kota)",PROVINCE,2,536075000,June 2026; May 2026,CAMERA_VIDEO; CCTV; PRINTER,,,,,,,,
UNIT PENGELOLA PUSAT KESENIAN JAKARTA TAMAN ISMAIL MARZUKI,UNIT PENGELOLA PUSAT KESENIAN JAKARTA TAMAN ISMAIL MARZUKI — Provinsi DKI Jakarta,Provinsi DKI Jakarta,UNIT PENGELOLA PUSAT KESENIAN JAKARTA TAMAN ISMAIL MARZUKI,"DKI Jakarta, Jakarta Pusat (Kota)",PROVINCE,1,68948992,May 2026,AUDIO,,,,,,,,
UNIT PENGELOLA RUMAH SUSUN I,UNIT PENGELOLA RUMAH SUSUN I — Provinsi DKI Jakarta,Provinsi DKI Jakarta,UNIT PENGELOLA RUMAH SUSUN I,"DKI Jakarta, Jakarta Pusat (Kota)",PROVINCE,1,220388784,June 2026,IT_HARDWARE,,,,,,,,
UNIT PENGELOLA RUMAH SUSUN II,UNIT PENGELOLA RUMAH SUSUN II — Provinsi DKI Jakarta,Provinsi DKI Jakarta,UNIT PENGELOLA RUMAH SUSUN II,"DKI Jakarta, Jakarta Utara (Kota)",PROVINCE,2,28528416,May 2026,CCTV; PRINTER,,,,,,,,
UNIT PENGELOLA RUMAH SUSUN III,UNIT PENGELOLA RUMAH SUSUN III — Provinsi DKI Jakarta,Provinsi DKI Jakarta,UNIT PENGELOLA RUMAH SUSUN III,"DKI Jakarta, Jakarta Utara (Kota) | DKI Jakarta, Jakarta Utara (Kota) | DKI Jakarta, Jakarta Utara (Kota)",PROVINCE,3,556258080,June 2026; May 2026,AUDIO; CCTV; IT_HARDWARE; OFFICE_FURNITURE; PRINTER,,,,,,,,
UNIT PENGELOLA RUMAH SUSUN V,UNIT PENGELOLA RUMAH SUSUN V — Provinsi DKI Jakarta,Provinsi DKI Jakarta,UNIT PENGELOLA RUMAH SUSUN V,"DKI Jakarta, Jakarta Barat (Kota)",PROVINCE,1,4902016,May 2026,DESKTOP; STORAGE,,,,,,,,
UNIT PENGELOLA RUMAH SUSUN VI,UNIT PENGELOLA RUMAH SUSUN VI — Provinsi DKI Jakarta,Provinsi DKI Jakarta,UNIT PENGELOLA RUMAH SUSUN VI,"DKI Jakarta, Jakarta Timur (Kota)",PROVINCE,2,136143840,May 2026,CCTV; PRINTER,,,,,,,,
UNIT PENGELOLA RUMAH SUSUN VII,UNIT PENGELOLA RUMAH SUSUN VII — Provinsi DKI Jakarta,Provinsi DKI Jakarta,UNIT PENGELOLA RUMAH SUSUN VII,"DKI Jakarta, Jakarta Timur (Kota)",PROVINCE,2,442466192,June 2026,IT_HARDWARE; OFFICE_FURNITURE,,,,,,,,
UNIT PENGELOLA RUMAH SUSUN VIII,UNIT PENGELOLA RUMAH SUSUN VIII — Provinsi DKI Jakarta,Provinsi DKI Jakarta,UNIT PENGELOLA RUMAH SUSUN VIII,"DKI Jakarta, Jakarta Timur (Kota)",PROVINCE,2,124079856,June 2026; May 2026,CCTV; STORAGE,,,,,,,,
UNIT PENGELOLA SISTEM PENGENDALIAN LALU LINTAS,UNIT PENGELOLA SISTEM PENGENDALIAN LALU LINTAS — Provinsi DKI Jakarta,Provinsi DKI Jakarta,UNIT PENGELOLA SISTEM PENGENDALIAN LALU LINTAS,"DKI Jakarta, Jakarta Pusat (Kota)",PROVINCE,1,7894241600,May 2026,CCTV,,,,,,,,
UNIT PENGELOLA TAMAN MARGASATWA RAGUNAN,UNIT PENGELOLA TAMAN MARGASATWA RAGUNAN — Provinsi DKI Jakarta,Provinsi DKI Jakarta,UNIT PENGELOLA TAMAN MARGASATWA RAGUNAN,"DKI Jakarta, Jakarta Selatan (Kota)",PROVINCE,2,450000000,May 2026,CCTV; IT_HARDWARE; LAPTOP,,,,,,,,
UNIT PENGELOLA TEKNOLOGI INFORMASI KEPENDUDUKAN,UNIT PENGELOLA TEKNOLOGI INFORMASI KEPENDUDUKAN — Provinsi DKI Jakarta,Provinsi DKI Jakarta,UNIT PENGELOLA TEKNOLOGI INFORMASI KEPENDUDUKAN,"DKI Jakarta, Jakarta Barat (Kota)",PROVINCE,7,3406885104,June 2026; May 2026,CAMERA_VIDEO; NETWORKING; PRINTER,,,,,,,,
UNIT PENGELOLA TERMINAL ANGKUTAN JALAN,UNIT PENGELOLA TERMINAL ANGKUTAN JALAN — Provinsi DKI Jakarta,Provinsi DKI Jakarta,UNIT PENGELOLA TERMINAL ANGKUTAN JALAN,"DKI Jakarta, Jakarta Timur (Kota)",PROVINCE,1,552659520,May 2026,DESKTOP; IT_HARDWARE; LAPTOP; PRINTER,,,,,,,,
UNIT PENYELENGGARA BANDAR UDARA AEK GODANG,UNIT PENYELENGGARA BANDAR UDARA AEK GODANG — Kementerian Perhubungan,Kementerian Perhubungan,UNIT PENYELENGGARA BANDAR UDARA AEK GODANG,"Sumatera Utara, Mandailing Natal (Kab.)",NATIONAL,2,56925000,June 2026; May 2026,CCTV,,,,,,,,
UNIT PENYELENGGARA BANDAR UDARA GUSTI SJAMSIR ALAM,UNIT PENYELENGGARA BANDAR UDARA GUSTI SJAMSIR ALAM — Kementerian Perhubungan,Kementerian Perhubungan,UNIT PENYELENGGARA BANDAR UDARA GUSTI SJAMSIR ALAM,"Kalimantan Selatan, Kota Baru (Kab.)",NATIONAL,2,35840000,May 2026,DESKTOP; IT_HARDWARE; PRINTER,,,,,,,,
UNIT PENYELENGGARA BANDAR UDARA RAHADI OESMAN DI KETAPANG,UNIT PENYELENGGARA BANDAR UDARA RAHADI OESMAN DI KETAPANG — Kementerian Perhubungan,Kementerian Perhubungan,UNIT PENYELENGGARA BANDAR UDARA RAHADI OESMAN DI KETAPANG,"Kalimantan Barat, Ketapang (Kab.)",NATIONAL,1,12696000,May 2026,PRINTER,,,,,,,,
UNIT PENYELENGGARA BANDAR UDARA RANAI NATUNA,UNIT PENYELENGGARA BANDAR UDARA RANAI NATUNA — Kementerian Perhubungan,Kementerian Perhubungan,UNIT PENYELENGGARA BANDAR UDARA RANAI NATUNA,"Kepulauan Riau, Natuna (Kab.)",NATIONAL,1,2000000,June 2026,UPS,,,,,,,,
UNIT PENYELENGGARA BANDAR UDARA SULTAN BANTILAN TOLITOLI,UNIT PENYELENGGARA BANDAR UDARA SULTAN BANTILAN TOLITOLI — Kementerian Perhubungan,Kementerian Perhubungan,UNIT PENYELENGGARA BANDAR UDARA SULTAN BANTILAN TOLITOLI,"Sulawesi Tengah, Toli-Toli (Kab.)",NATIONAL,2,10520000,June 2026; May 2026,PRINTER; UPS,,,,,,,,
UNIT PENYELENGGARA PELABUHAN DAERAH,UNIT PENYELENGGARA PELABUHAN DAERAH — Provinsi DKI Jakarta,Provinsi DKI Jakarta,UNIT PENYELENGGARA PELABUHAN DAERAH,"DKI Jakarta, Adm. Kepulauan Seribu (Kab.)",PROVINCE,1,210743456,May 2026,IT_HARDWARE; LAPTOP,,,,,,,,
UNIT PENYELENGGARA PELABUHAN KELAS III LABUHAN,UNIT PENYELENGGARA PELABUHAN KELAS III LABUHAN — Kementerian Perhubungan,Kementerian Perhubungan,UNIT PENYELENGGARA PELABUHAN KELAS III LABUHAN,"Banten, Pandeglang (Kab.)",NATIONAL,1,35000000,May 2026,PRINTER,,,,,,,,
UNIT PENYELENGGARA PELABUHAN KUALA MENDAHARA,UNIT PENYELENGGARA PELABUHAN KUALA MENDAHARA — Kementerian Perhubungan,Kementerian Perhubungan,UNIT PENYELENGGARA PELABUHAN KUALA MENDAHARA,"Jambi, Tanjung Jabung Timur (Kab.)",NATIONAL,2,113398000,May 2026,CCTV; IT_HARDWARE,,,,,,,,
UNIT PENYELENGGARA PELABUHAN KUALA SAMBOJA,UNIT PENYELENGGARA PELABUHAN KUALA SAMBOJA — Kementerian Perhubungan,Kementerian Perhubungan,UNIT PENYELENGGARA PELABUHAN KUALA SAMBOJA,"Kalimantan Timur, Kutai Kartanegara (Kab.)",NATIONAL,1,690000,May 2026,SCANNER,,,,,,,,
UNIT PENYELENGGARA PELABUHAN LABUHAN UKI INEBONTO,UNIT PENYELENGGARA PELABUHAN LABUHAN UKI INEBONTO — Kementerian Perhubungan,Kementerian Perhubungan,UNIT PENYELENGGARA PELABUHAN LABUHAN UKI INEBONTO,"Sulawesi Utara, Bolaang Mengondow (Kab.)",NATIONAL,1,25800000,May 2026,OFFICE_FURNITURE,,,,,,,,
UNIT PENYELENGGARA PELABUHAN MAJENE,UNIT PENYELENGGARA PELABUHAN MAJENE — Kementerian Perhubungan,Kementerian Perhubungan,UNIT PENYELENGGARA PELABUHAN MAJENE,"Sulawesi Barat, Majene (Kab.)",NATIONAL,2,1830000,June 2026,AUDIO; CAMERA_VIDEO,,,,,,,,
UNIT PENYELENGGARA PELABUHAN PULAU BUNYU,UNIT PENYELENGGARA PELABUHAN PULAU BUNYU — Kementerian Perhubungan,Kementerian Perhubungan,UNIT PENYELENGGARA PELABUHAN PULAU BUNYU,"Kalimantan Utara, Bulungan (Kab.)",NATIONAL,1,3050000,May 2026,SCANNER,,,,,,,,
UNIT PENYELENGGARA PELABUHAN SANANA,UNIT PENYELENGGARA PELABUHAN SANANA — Kementerian Perhubungan,Kementerian Perhubungan,UNIT PENYELENGGARA PELABUHAN SANANA,"Maluku Utara, Kepulauan Sula (Kab.)",NATIONAL,1,1500000,May 2026,CAMERA_VIDEO; CCTV,,,,,,,,
UNIVERSITAS CENDERAWASIH,"UNIVERSITAS CENDERAWASIH — Kementerian Pendidikan Tinggi, Sains, dan Teknologi","Kementerian Pendidikan Tinggi, Sains, dan Teknologi",UNIVERSITAS CENDERAWASIH,"Papua, Jayapura (Kota)",NATIONAL,16,2299635000,June 2026; May 2026,AUDIO; CAMERA_VIDEO; CCTV; IT_HARDWARE; LAPTOP; NETWORKING; OFFICE_FURNITURE; PRINTER; SCANNER; SERVER; UPS,,,,,,,,
UNIVERSITAS ISLAM NEGERI DATOKARAMA PALU 307267,UNIVERSITAS ISLAM NEGERI DATOKARAMA PALU 307267 — Kementerian Agama,Kementerian Agama,UNIVERSITAS ISLAM NEGERI DATOKARAMA PALU 307267,"Sulawesi Tengah, Palu (Kota)",NATIONAL,6,820000000,June 2026; May 2026,CCTV; IT_HARDWARE; OFFICE_FURNITURE; SERVER,,,,,,,,
UNIVERSITAS ISLAM NEGERI SUNAN GUNUNG JATI BANDUNG 423523,UNIVERSITAS ISLAM NEGERI SUNAN GUNUNG JATI BANDUNG 423523 — Kementerian Agama,Kementerian Agama,UNIVERSITAS ISLAM NEGERI SUNAN GUNUNG JATI BANDUNG 423523,"Jawa Barat, Bandung (Kota)",NATIONAL,1,205273000,May 2026,IT_HARDWARE,,,,,,,,
UNIVERSITAS JEMBER,"UNIVERSITAS JEMBER — Kementerian Pendidikan Tinggi, Sains, dan Teknologi","Kementerian Pendidikan Tinggi, Sains, dan Teknologi",UNIVERSITAS JEMBER,"Jawa Timur, Jember (Kab.)",NATIONAL,1,320000000,May 2026,CAMERA_VIDEO,,,,,,,,
UNIVERSITAS JENDERAL SOEDIRMAN,"UNIVERSITAS JENDERAL SOEDIRMAN — Kementerian Pendidikan Tinggi, Sains, dan Teknologi","Kementerian Pendidikan Tinggi, Sains, dan Teknologi",UNIVERSITAS JENDERAL SOEDIRMAN,"Jawa Tengah, Banyumas (Kab.)",NATIONAL,12,2202703000,June 2026; May 2026,CAMERA_VIDEO; CCTV; IT_HARDWARE; NETWORKING; OFFICE_FURNITURE,,,,,,,,
UNIVERSITAS LAMBUNG MANGKURAT,"UNIVERSITAS LAMBUNG MANGKURAT — Kementerian Pendidikan Tinggi, Sains, dan Teknologi","Kementerian Pendidikan Tinggi, Sains, dan Teknologi",UNIVERSITAS LAMBUNG MANGKURAT,"Kalimantan Selatan, Banjar Baru (Kota)",NATIONAL,5,562700000,May 2026,CCTV; IT_HARDWARE,,,,,,,,
UNIVERSITAS LAMPUNG,"UNIVERSITAS LAMPUNG — Kementerian Pendidikan Tinggi, Sains, dan Teknologi","Kementerian Pendidikan Tinggi, Sains, dan Teknologi",UNIVERSITAS LAMPUNG,"Lampung, Bandar Lampung (Kota)",NATIONAL,2,821771000,May 2026,IT_HARDWARE,,,,,,,,
UNIVERSITAS MALIKUSSALEH,"UNIVERSITAS MALIKUSSALEH — Kementerian Pendidikan Tinggi, Sains, dan Teknologi","Kementerian Pendidikan Tinggi, Sains, dan Teknologi",UNIVERSITAS MALIKUSSALEH,"Aceh, Aceh Utara (Kab.)",NATIONAL,1,1998500000,May 2026,IT_HARDWARE,,,,,,,,
UNIVERSITAS MATARAM,"UNIVERSITAS MATARAM — Kementerian Pendidikan Tinggi, Sains, dan Teknologi","Kementerian Pendidikan Tinggi, Sains, dan Teknologi",UNIVERSITAS MATARAM,"Nusa Tenggara Barat, Mataram (Kota)",NATIONAL,6,5972910000,May 2026,IT_HARDWARE; LAPTOP; NETWORKING; OFFICE_FURNITURE; PRINTER; UPS,,,,,,,,
UNIVERSITAS NEGERI GORONTALO,"UNIVERSITAS NEGERI GORONTALO — Kementerian Pendidikan Tinggi, Sains, dan Teknologi","Kementerian Pendidikan Tinggi, Sains, dan Teknologi",UNIVERSITAS NEGERI GORONTALO,"Gorontalo, Gorontalo (Kota)",NATIONAL,1,798400000,May 2026,OFFICE_FURNITURE,,,,,,,,
UNIVERSITAS NEGERI MEDAN,"UNIVERSITAS NEGERI MEDAN — Kementerian Pendidikan Tinggi, Sains, dan Teknologi","Kementerian Pendidikan Tinggi, Sains, dan Teknologi",UNIVERSITAS NEGERI MEDAN,"Sumatera Utara, Medan (Kota)",NATIONAL,1,467000000,June 2026,SERVER,,,,,,,,
UNIVERSITAS RIAU,"UNIVERSITAS RIAU — Kementerian Pendidikan Tinggi, Sains, dan Teknologi","Kementerian Pendidikan Tinggi, Sains, dan Teknologi",UNIVERSITAS RIAU,"Riau, Pekanbaru (Kota)",NATIONAL,5,3288243000,June 2026; May 2026,IT_HARDWARE; LAPTOP; OFFICE_FURNITURE; PRINTER,,,,,,,,
UNIVERSITAS SAM RATULANGI,"UNIVERSITAS SAM RATULANGI — Kementerian Pendidikan Tinggi, Sains, dan Teknologi","Kementerian Pendidikan Tinggi, Sains, dan Teknologi",UNIVERSITAS SAM RATULANGI,"Sulawesi Utara, Manado (Kota)",NATIONAL,12,7113061000,June 2026; May 2026,AUDIO; CCTV; DESKTOP; IT_HARDWARE; LAPTOP; NETWORKING; PRINTER; SCANNER,,,,,,,,
UNIVERSITAS SINGAPERBANGSA KARAWANG,"UNIVERSITAS SINGAPERBANGSA KARAWANG — Kementerian Pendidikan Tinggi, Sains, dan Teknologi","Kementerian Pendidikan Tinggi, Sains, dan Teknologi",UNIVERSITAS SINGAPERBANGSA KARAWANG,"Jawa Barat, Karawang (Kab.)",NATIONAL,1,388716000,May 2026,CAMERA_VIDEO,,,,,,,,
UNIVERSITAS TANJUNGPURA,"UNIVERSITAS TANJUNGPURA — Kementerian Pendidikan Tinggi, Sains, dan Teknologi","Kementerian Pendidikan Tinggi, Sains, dan Teknologi",UNIVERSITAS TANJUNGPURA,"Kalimantan Barat, Pontianak (Kota)",NATIONAL,6,329300000,June 2026; May 2026,CAMERA_VIDEO; CCTV; NETWORKING; OFFICE_FURNITURE,,,,,,,,
UOBK RSUD dr. Slamet Garut,UOBK RSUD dr. Slamet Garut — Kab. Garut,Kab. Garut,UOBK RSUD dr. Slamet Garut,"Jawa Barat, Garut (Kab.)",HOSPITAL,2,700000000,June 2026; May 2026,OFFICE_FURNITURE,,,,,,,,
UPT Asrama Haji Gorontalo,UPT Asrama Haji Gorontalo — Kementerian Haji Dan Umrah Republik Indonesia,Kementerian Haji Dan Umrah Republik Indonesia,UPT Asrama Haji Gorontalo,"Gorontalo, Gorontalo (Kab.)",NATIONAL,1,1259650000,May 2026,LAPTOP,,,,,,,,
UPT BALAI LATIHAN PENGEMBANGAN PRODUKTIVITAS TENAGA KERJA (BLP2TK ),UPT BALAI LATIHAN PENGEMBANGAN PRODUKTIVITAS TENAGA KERJA (BLP2TK ) — Provinsi Jawa Timur,Provinsi Jawa Timur,UPT BALAI LATIHAN PENGEMBANGAN PRODUKTIVITAS TENAGA KERJA (BLP2TK ),"Jawa Timur, Surabaya (Kota)",PROVINCE,2,3173300,June 2026; May 2026,DESKTOP; IT_HARDWARE,,,,,,,,
UPT BLK MADIUN,UPT BLK MADIUN — Provinsi Jawa Timur,Provinsi Jawa Timur,UPT BLK MADIUN,"Jawa Timur, Madiun (Kab.)",PROVINCE,4,136838000,May 2026,AUDIO; DESKTOP; LAPTOP; OFFICE_FURNITURE; SCANNER,,,,,,,,
UPT BLK TUBAN,UPT BLK TUBAN — Provinsi Jawa Timur,Provinsi Jawa Timur,UPT BLK TUBAN,"Jawa Timur, Tuban (Kab.)",PROVINCE,2,23440852,May 2026,DESKTOP; OFFICE_FURNITURE,,,,,,,,
UPT KESATUAN PENGELOLAAN HUTAN KETAPANG UTARA,UPT KESATUAN PENGELOLAAN HUTAN KETAPANG UTARA — Provinsi Kalimantan Barat,Provinsi Kalimantan Barat,UPT KESATUAN PENGELOLAAN HUTAN KETAPANG UTARA,"Kalimantan Barat, Ketapang (Kab.)",PROVINCE,1,1040000,June 2026,IT_HARDWARE,,,,,,,,
UPT KESATUAN PENGELOLAAN HUTAN MELAWI,UPT KESATUAN PENGELOLAAN HUTAN MELAWI — Provinsi Kalimantan Barat,Provinsi Kalimantan Barat,UPT KESATUAN PENGELOLAAN HUTAN MELAWI,"Kalimantan Barat, Melawi (Kab.)",PROVINCE,4,48096000,May 2026,DESKTOP; IT_HARDWARE,,,,,,,,
UPT KESATUAN PENGELOLAAN HUTAN SANGGAU BARAT,UPT KESATUAN PENGELOLAAN HUTAN SANGGAU BARAT — Provinsi Kalimantan Barat,Provinsi Kalimantan Barat,UPT KESATUAN PENGELOLAAN HUTAN SANGGAU BARAT,"Kalimantan Barat, Sanggau (Kab.)",PROVINCE,1,390000,May 2026,IT_HARDWARE,,,,,,,,
UPT KESELAMATAN KERJA (K2),UPT KESELAMATAN KERJA (K2) — Provinsi Jawa Timur,Provinsi Jawa Timur,UPT KESELAMATAN KERJA (K2),"Jawa Timur, Surabaya (Kota)",PROVINCE,1,723800,May 2026,IT_HARDWARE,,,,,,,,
UPT KPH Kulawi,UPT KPH Kulawi — Provinsi Sulawesi Tengah,Provinsi Sulawesi Tengah,UPT KPH Kulawi,"Sulawesi Tengah, Palu (Kota)",PROVINCE,1,2062500,June 2026,IT_HARDWARE,,,,,,,,
UPT LABORATORIUM KESEHATAN IKAN DAN LINGKUNGAN PASURUAN,UPT LABORATORIUM KESEHATAN IKAN DAN LINGKUNGAN PASURUAN — Provinsi Jawa Timur,Provinsi Jawa Timur,UPT LABORATORIUM KESEHATAN IKAN DAN LINGKUNGAN PASURUAN,"Jawa Timur, Pasuruan (Kab.)",PROVINCE,1,3993600,May 2026,IT_HARDWARE,,,,,,,,
UPT LABORATORIUM PENGUJIAN KONSTRUKSI,UPT LABORATORIUM PENGUJIAN KONSTRUKSI — Provinsi Jawa Timur,Provinsi Jawa Timur,UPT LABORATORIUM PENGUJIAN KONSTRUKSI,"Jawa Timur, Sidoarjo (Kab.)",PROVINCE,3,274882932,June 2026; May 2026,DESKTOP; OFFICE_FURNITURE,,,,,,,,
UPT Laboratorium Kesehatan,UPT Laboratorium Kesehatan — Provinsi Sulawesi Tengah,Provinsi Sulawesi Tengah,UPT Laboratorium Kesehatan,"Sulawesi Tengah, Palu (Kota)",PROVINCE,1,8000000,June 2026,CCTV,,,,,,,,
UPT Logam,UPT Logam — Kota Yogyakarta,Kota Yogyakarta,UPT Logam,"DI Yogyakarta, Yogyakarta (Kota)",LOCAL_AGENCY,2,11225000,May 2026,IT_HARDWARE,,,,,,,,
UPT P3 LLAJ TULUNGAGUNG,UPT P3 LLAJ TULUNGAGUNG — Provinsi Jawa Timur,Provinsi Jawa Timur,UPT P3 LLAJ TULUNGAGUNG,"Jawa Timur, Tulungagung (Kab.)",PROVINCE,1,1380000,May 2026,DESKTOP; IT_HARDWARE,,,,,,,,
UPT PELABUHAN PENGUMPAN REGIONAL BANYUWANGI,UPT PELABUHAN PENGUMPAN REGIONAL BANYUWANGI — Provinsi Jawa Timur,Provinsi Jawa Timur,UPT PELABUHAN PENGUMPAN REGIONAL BANYUWANGI,"Jawa Timur, Banyuwangi (Kab.)",PROVINCE,3,3375000,May 2026,OFFICE_FURNITURE,,,,,,,,
UPT PELABUHAN PERIKANAN PANTAI PONDOKDADAP,UPT PELABUHAN PERIKANAN PANTAI PONDOKDADAP — Provinsi Jawa Timur,Provinsi Jawa Timur,UPT PELABUHAN PERIKANAN PANTAI PONDOKDADAP,"Jawa Timur, Malang (Kab.)",PROVINCE,1,88500000,May 2026,IT_HARDWARE,,,,,,,,
UPT PELAYANAN PENDAPATAN DAERAH WILAYAH MEMPAWAH,UPT PELAYANAN PENDAPATAN DAERAH WILAYAH MEMPAWAH — Provinsi Kalimantan Barat,Provinsi Kalimantan Barat,UPT PELAYANAN PENDAPATAN DAERAH WILAYAH MEMPAWAH,"Kalimantan Barat, Mempawah (Kab.)",PROVINCE,1,650000,May 2026,IT_HARDWARE,,,,,,,,
UPT PELAYANAN SOSIAL TRESNA WERDHA JOMBANG,UPT PELAYANAN SOSIAL TRESNA WERDHA JOMBANG — Provinsi Jawa Timur,Provinsi Jawa Timur,UPT PELAYANAN SOSIAL TRESNA WERDHA JOMBANG,"Jawa Timur, Jombang (Kab.)",PROVINCE,1,1292000,June 2026,IT_HARDWARE,,,,,,,,
UPT PEMBIBITAN TERNAK DAN KESEHATAN HEWAN MADURA,UPT PEMBIBITAN TERNAK DAN KESEHATAN HEWAN MADURA — Provinsi Jawa Timur,Provinsi Jawa Timur,UPT PEMBIBITAN TERNAK DAN KESEHATAN HEWAN MADURA,"Jawa Timur, Pamekasan (Kab.)",PROVINCE,2,94415000,June 2026; May 2026,CCTV,,,,,,,,
UPT PENGAWASAN DAN SERTIFIKASI BENIH PERKEBUNAN,UPT PENGAWASAN DAN SERTIFIKASI BENIH PERKEBUNAN — Provinsi Kalimantan Barat,Provinsi Kalimantan Barat,UPT PENGAWASAN DAN SERTIFIKASI BENIH PERKEBUNAN,"Kalimantan Barat, Pontianak (Kota)",PROVINCE,2,13828000,June 2026,DESKTOP; IT_HARDWARE,,,,,,,,
UPT PENGAWASAN DAN SERTIFIKASI BENIH,UPT PENGAWASAN DAN SERTIFIKASI BENIH — Provinsi Kalimantan Barat,Provinsi Kalimantan Barat,UPT PENGAWASAN DAN SERTIFIKASI BENIH,"Kalimantan Barat, Pontianak (Kota)",PROVINCE,3,12404000,June 2026; May 2026,DESKTOP; IT_HARDWARE,,,,,,,,
UPT PENGELOLA KAWASAN KONSERVASI DI PERAIRAN,UPT PENGELOLA KAWASAN KONSERVASI DI PERAIRAN — Provinsi Kalimantan Barat,Provinsi Kalimantan Barat,UPT PENGELOLA KAWASAN KONSERVASI DI PERAIRAN,"Kalimantan Barat, Kubu Raya (Kab.) | Kalimantan Barat, Pontianak (Kota)",PROVINCE,3,160532000,June 2026,CAMERA_VIDEO; IT_HARDWARE,,,,,,,,
UPT PENGELOLAAN DAN PELAYANAN PERUMAHAN PERMUKIMAN,UPT PENGELOLAAN DAN PELAYANAN PERUMAHAN PERMUKIMAN — Provinsi Jawa Timur,Provinsi Jawa Timur,UPT PENGELOLAAN DAN PELAYANAN PERUMAHAN PERMUKIMAN,"Jawa Timur, Surabaya (Kota)",PROVINCE,1,8047800,May 2026,IT_HARDWARE,,,,,,,,
UPT PENGELOLAAN JALAN DAN JEMBATAN PACITAN,UPT PENGELOLAAN JALAN DAN JEMBATAN PACITAN — Provinsi Jawa Timur,Provinsi Jawa Timur,UPT PENGELOLAAN JALAN DAN JEMBATAN PACITAN,"Jawa Timur, Pacitan (Kab.)",PROVINCE,2,34823480,May 2026,CCTV,,,,,,,,
UPT PENGEMBANGAN TEKNIS DAN KETERAMPILAN KEJURUAN,UPT PENGEMBANGAN TEKNIS DAN KETERAMPILAN KEJURUAN — Provinsi Jawa Timur,Provinsi Jawa Timur,UPT PENGEMBANGAN TEKNIS DAN KETERAMPILAN KEJURUAN,"Jawa Timur, Surabaya (Kota)",PROVINCE,1,29200000,June 2026,IT_HARDWARE; NETWORKING,,,,,,,,
UPT PENGUJIAN DAN SERTIFIKASI MUTU BARANG,UPT PENGUJIAN DAN SERTIFIKASI MUTU BARANG — Provinsi Kalimantan Barat,Provinsi Kalimantan Barat,UPT PENGUJIAN DAN SERTIFIKASI MUTU BARANG,"Kalimantan Barat, Pontianak (Kota)",PROVINCE,1,724000,May 2026,IT_HARDWARE,,,,,,,,
UPT PENGUJIAN SERTIFIKASI MUTU BARANG - LEMBAGA TEMBAKAU DI JEMBER,UPT PENGUJIAN SERTIFIKASI MUTU BARANG - LEMBAGA TEMBAKAU DI JEMBER — Provinsi Jawa Timur,Provinsi Jawa Timur,UPT PENGUJIAN SERTIFIKASI MUTU BARANG - LEMBAGA TEMBAKAU DI JEMBER,"Jawa Timur, Jember (Kab.)",PROVINCE,1,320000,May 2026,NETWORKING,,,,,,,,
UPT PENGUJIAN SERTIFIKASI MUTU BARANG - LEMBAGA TEMBAKAU DI SURABAYA,UPT PENGUJIAN SERTIFIKASI MUTU BARANG - LEMBAGA TEMBAKAU DI SURABAYA — Provinsi Jawa Timur,Provinsi Jawa Timur,UPT PENGUJIAN SERTIFIKASI MUTU BARANG - LEMBAGA TEMBAKAU DI SURABAYA,"Jawa Timur, Surabaya (Kota)",PROVINCE,1,26000000,May 2026,CCTV,,,,,,,,
UPT PENILAIAN KOMPETENSI APARATUR SIPIL NEGARA PROVINSI KALIMANTAN BARAT,UPT PENILAIAN KOMPETENSI APARATUR SIPIL NEGARA PROVINSI KALIMANTAN BARAT — Provinsi Kalimantan Barat,Provinsi Kalimantan Barat,UPT PENILAIAN KOMPETENSI APARATUR SIPIL NEGARA PROVINSI KALIMANTAN BARAT,"Kalimantan Barat, Pontianak (Kota)",PROVINCE,7,103260000,June 2026; May 2026,DESKTOP; IT_HARDWARE,,,,,,,,
UPT PENINGKATAN TENAGA KESEJAHTERAAN SOSIAL MALANG,UPT PENINGKATAN TENAGA KESEJAHTERAAN SOSIAL MALANG — Provinsi Jawa Timur,Provinsi Jawa Timur,UPT PENINGKATAN TENAGA KESEJAHTERAAN SOSIAL MALANG,"Jawa Timur, Malang (Kota)",PROVINCE,1,1875200,May 2026,IT_HARDWARE,,,,,,,,
UPT PERIKANAN BUDIDAYA AIR PAYAU DAN LAUT,UPT PERIKANAN BUDIDAYA AIR PAYAU DAN LAUT — Provinsi Jawa Timur,Provinsi Jawa Timur,UPT PERIKANAN BUDIDAYA AIR PAYAU DAN LAUT,"Jawa Timur, Pasuruan (Kab.)",PROVINCE,1,2136000,May 2026,SCANNER,,,,,,,,
UPT PUSKESMAS CARENANG DINKES,UPT PUSKESMAS CARENANG DINKES — Kab. Serang,Kab. Serang,UPT PUSKESMAS CARENANG DINKES,"Banten, Serang (Kota)",HEALTH_UNIT,2,50000000,June 2026; May 2026,DESKTOP; OFFICE_FURNITURE,,,,,,,,
UPT PUSKESMAS DONOMULYO,UPT PUSKESMAS DONOMULYO — Kab. Malang,Kab. Malang,UPT PUSKESMAS DONOMULYO,"Jawa Timur, Malang (Kab.)",HEALTH_UNIT,1,6426900,May 2026,CCTV,,,,,,,,
UPT PUSKESMAS EMPAGAE,UPT PUSKESMAS EMPAGAE — Kab. Sidenreng Rappang,Kab. Sidenreng Rappang,UPT PUSKESMAS EMPAGAE,"Sulawesi Selatan, Sidenreng Rappang (Kab.)",HEALTH_UNIT,1,7600000,May 2026,IT_HARDWARE,,,,,,,,
UPT PUSKESMAS GRIBIG,UPT PUSKESMAS GRIBIG — Kab. Kudus,Kab. Kudus,UPT PUSKESMAS GRIBIG,"Jawa Tengah, Kudus (Kab.)",HEALTH_UNIT,1,42920000,May 2026,IT_HARDWARE,,,,,,,,
UPT PUSKESMAS GUNUNG SARI DINKES,UPT PUSKESMAS GUNUNG SARI DINKES — Kab. Serang,Kab. Serang,UPT PUSKESMAS GUNUNG SARI DINKES,"Banten, Serang (Kab.)",HEALTH_UNIT,1,21000000,May 2026,CCTV,,,,,,,,
UPT PUSKESMAS KARANGKETUG,UPT PUSKESMAS KARANGKETUG — Kota Pasuruan,Kota Pasuruan,UPT PUSKESMAS KARANGKETUG,"Jawa Timur, Pasuruan (Kota)",HEALTH_UNIT,2,51722100,June 2026,DESKTOP,,,,,,,,
UPT PUSKESMAS KEPANJEN,UPT PUSKESMAS KEPANJEN — Kab. Malang,Kab. Malang,UPT PUSKESMAS KEPANJEN,"Jawa Timur, Malang (Kab.)",HEALTH_UNIT,1,18000000,May 2026,DESKTOP,,,,,,,,
UPT PUSKESMAS KETAWANG,UPT PUSKESMAS KETAWANG — Kab. Malang,Kab. Malang,UPT PUSKESMAS KETAWANG,"Jawa Timur, Malang (Kab.)",HEALTH_UNIT,2,12000000,June 2026; May 2026,AUDIO; STORAGE,,,,,,,,
UPT PUSKESMAS PABUARAN DINKES,UPT PUSKESMAS PABUARAN DINKES — Kab. Serang,Kab. Serang,UPT PUSKESMAS PABUARAN DINKES,"Banten, Serang (Kab.)",HEALTH_UNIT,1,22150000,May 2026,CCTV,,,,,,,,
UPT PUSKESMAS PORIS GAGA,UPT PUSKESMAS PORIS GAGA — Kota Tangerang,Kota Tangerang,UPT PUSKESMAS PORIS GAGA,"Banten, Tangerang (Kota)",HEALTH_UNIT,1,9945000,June 2026,OFFICE_FURNITURE,,,,,,,,
UPT Panti Sosial Anak,UPT Panti Sosial Anak — Provinsi Sulawesi Tengah,Provinsi Sulawesi Tengah,UPT Panti Sosial Anak,"Sulawesi Tengah, Palu (Kota)",PROVINCE,1,550000,May 2026,IT_HARDWARE,,,,,,,,
UPT Proteksi Tanaman Pangan dan Hortikultura,UPT Proteksi Tanaman Pangan dan Hortikultura — Provinsi Sulawesi Tengah,Provinsi Sulawesi Tengah,UPT Proteksi Tanaman Pangan dan Hortikultura,"Sulawesi Tengah, Sigi (Kab.)",PROVINCE,1,1500000,May 2026,IT_HARDWARE,,,,,,,,
UPT Puskesmas Amahusu,UPT Puskesmas Amahusu — Kota Ambon,Kota Ambon,UPT Puskesmas Amahusu,"Maluku, Ambon (Kota)",HEALTH_UNIT,1,2397526,June 2026,STORAGE,,,,,,,,
UPT Puskesmas Babakan Sari,UPT Puskesmas Babakan Sari — Kota Bandung,Kota Bandung,UPT Puskesmas Babakan Sari,"Jawa Barat, Bandung (Kota)",HEALTH_UNIT,1,3000000,June 2026,IT_HARDWARE,,,,,,,,
UPT Puskesmas Belakang Soya,UPT Puskesmas Belakang Soya — Kota Ambon,Kota Ambon,UPT Puskesmas Belakang Soya,"Maluku, Ambon (Kota)",HEALTH_UNIT,3,6900000,June 2026,LAPTOP; OFFICE_FURNITURE,,,,,,,,
UPT Puskesmas Bontang Lestari,UPT Puskesmas Bontang Lestari — Kota Bontang,Kota Bontang,UPT Puskesmas Bontang Lestari,"Kalimantan Timur, Bontang (Kota)",HEALTH_UNIT,2,292648110,May 2026,DESKTOP; IT_HARDWARE,,,,,,,,
UPT Puskesmas Bontang Selatan 1,UPT Puskesmas Bontang Selatan 1 — Kota Bontang,Kota Bontang,UPT Puskesmas Bontang Selatan 1,"Kalimantan Timur, Bontang (Kota)",HEALTH_UNIT,1,1874740,May 2026,IT_HARDWARE,,,,,,,,
UPT Puskesmas Bontang Utara 1,UPT Puskesmas Bontang Utara 1 — Kota Bontang,Kota Bontang,UPT Puskesmas Bontang Utara 1,"Kalimantan Timur, Bontang (Kota)",HEALTH_UNIT,2,17850000,May 2026,DESKTOP; IT_HARDWARE,,,,,,,,
UPT Puskesmas Cempaka Arum,UPT Puskesmas Cempaka Arum — Kota Bandung,Kota Bandung,UPT Puskesmas Cempaka Arum,"Jawa Barat, Bandung (Kota)",HEALTH_UNIT,3,27766000,June 2026,DESKTOP; IT_HARDWARE; NETWORKING,,,,,,,,
UPT Puskesmas Cipaku,UPT Puskesmas Cipaku — Kota Bandung,Kota Bandung,UPT Puskesmas Cipaku,"Jawa Barat, Bandung (Kota)",HEALTH_UNIT,3,24411000,June 2026; May 2026,DESKTOP; IT_HARDWARE,,,,,,,,
UPT Puskesmas Danurejan I,UPT Puskesmas Danurejan I — Kota Yogyakarta,Kota Yogyakarta,UPT Puskesmas Danurejan I,"DI Yogyakarta, Yogyakarta (Kota)",HEALTH_UNIT,1,800000,May 2026,DESKTOP,,,,,,,,
UPT Puskesmas Gedangsari I,UPT Puskesmas Gedangsari I — Kab. Gunungkidul,Kab. Gunungkidul,UPT Puskesmas Gedangsari I,"DI Yogyakarta, Gunung Kidul (Kab.)",HEALTH_UNIT,1,1200000,June 2026,OFFICE_FURNITURE,,,,,,,,
UPT Puskesmas Gedongtengen,UPT Puskesmas Gedongtengen — Kota Yogyakarta,Kota Yogyakarta,UPT Puskesmas Gedongtengen,"DI Yogyakarta, Yogyakarta (Kota)",HEALTH_UNIT,5,38600000,May 2026,AUDIO; DESKTOP; OFFICE_FURNITURE,,,,,,,,
UPT Puskesmas Gladagsari,UPT Puskesmas Gladagsari — Kab. Boyolali,Kab. Boyolali,UPT Puskesmas Gladagsari,"Jawa Tengah, Boyolali (Kab.)",HEALTH_UNIT,2,94000000,June 2026,DESKTOP,,,,,,,,
UPT Puskesmas Gondokusuman II,UPT Puskesmas Gondokusuman II — Kota Yogyakarta,Kota Yogyakarta,UPT Puskesmas Gondokusuman II,"DI Yogyakarta, Yogyakarta (Kota)",HEALTH_UNIT,1,5000000,May 2026,PRINTER,,,,,,,,
UPT Puskesmas Kecamatan Bokat,UPT Puskesmas Kecamatan Bokat — Kab. Buol,Kab. Buol,UPT Puskesmas Kecamatan Bokat,"Sulawesi Tengah, Buol (Kab.)",HEALTH_UNIT,2,5769750,June 2026; May 2026,IT_HARDWARE,,,,,,,,
UPT Puskesmas Kecamatan Bukal,UPT Puskesmas Kecamatan Bukal — Kab. Buol,Kab. Buol,UPT Puskesmas Kecamatan Bukal,"Sulawesi Tengah, Buol (Kab.)",HEALTH_UNIT,1,12050000,May 2026,OFFICE_FURNITURE,,,,,,,,
UPT Puskesmas Kecamatan Tiloan,UPT Puskesmas Kecamatan Tiloan — Kab. Buol,Kab. Buol,UPT Puskesmas Kecamatan Tiloan,"Sulawesi Tengah, Buol (Kab.)",HEALTH_UNIT,1,7488000,June 2026,NETWORKING,,,,,,,,
UPT Puskesmas Klego 2,UPT Puskesmas Klego 2 — Kab. Boyolali,Kab. Boyolali,UPT Puskesmas Klego 2,"Jawa Tengah, Boyolali (Kab.)",HEALTH_UNIT,1,3210000,May 2026,IT_HARDWARE,,,,,,,,
UPT Puskesmas Kotagede I,UPT Puskesmas Kotagede I — Kota Yogyakarta,Kota Yogyakarta,UPT Puskesmas Kotagede I,"DI Yogyakarta, Yogyakarta (Kota)",HEALTH_UNIT,1,3500000,June 2026,OFFICE_FURNITURE,,,,,,,,
UPT Puskesmas Kotagede II,UPT Puskesmas Kotagede II — Kota Yogyakarta,Kota Yogyakarta,UPT Puskesmas Kotagede II,"DI Yogyakarta, Yogyakarta (Kota)",HEALTH_UNIT,1,12315000,May 2026,IT_HARDWARE,,,,,,,,
UPT Puskesmas Manggar,UPT Puskesmas Manggar — Kab. Belitung Timur,Kab. Belitung Timur,UPT Puskesmas Manggar,"Kep. Bangka Belitung, Belitung Timur (Kab.)",HEALTH_UNIT,2,75772700,May 2026,DESKTOP; PRINTER,,,,,,,,
UPT Puskesmas Mengger,UPT Puskesmas Mengger — Kota Bandung,Kota Bandung,UPT Puskesmas Mengger,"Jawa Barat, Bandung (Kota)",HEALTH_UNIT,1,78995820,May 2026,OFFICE_FURNITURE,,,,,,,,
UPT Puskesmas Mergangsan,UPT Puskesmas Mergangsan — Kota Yogyakarta,Kota Yogyakarta,UPT Puskesmas Mergangsan,"DI Yogyakarta, Yogyakarta (Kota)",HEALTH_UNIT,2,17000000,June 2026; May 2026,IT_HARDWARE; SERVER; STORAGE,,,,,,,,
UPT Puskesmas Moch. Ramdhan,UPT Puskesmas Moch. Ramdhan — Kota Bandung,Kota Bandung,UPT Puskesmas Moch. Ramdhan,"Jawa Barat, Bandung (Kota)",HEALTH_UNIT,1,26664000,May 2026,NETWORKING,,,,,,,,
UPT Puskesmas Pagarsih,UPT Puskesmas Pagarsih — Kota Bandung,Kota Bandung,UPT Puskesmas Pagarsih,"Jawa Barat, Bandung (Kota)",HEALTH_UNIT,4,165500000,June 2026,DESKTOP; IT_HARDWARE; OFFICE_FURNITURE,,,,,,,,
UPT Puskesmas Parijatah Kulon,UPT Puskesmas Parijatah Kulon — Kab. Banyuwangi,Kab. Banyuwangi,UPT Puskesmas Parijatah Kulon,"Jawa Timur, Banyuwangi (Kab.)",HEALTH_UNIT,1,50842600,May 2026,OFFICE_FURNITURE,,,,,,,,
UPT Puskesmas Pasawahan,UPT Puskesmas Pasawahan — Kota Bandung,Kota Bandung,UPT Puskesmas Pasawahan,"Jawa Barat, Bandung (Kota)",HEALTH_UNIT,2,18459600,June 2026; May 2026,AUDIO; DESKTOP,,,,,,,,
UPT Puskesmas Pasirkaliki,UPT Puskesmas Pasirkaliki — Kota Bandung,Kota Bandung,UPT Puskesmas Pasirkaliki,"Jawa Barat, Bandung (Kota)",HEALTH_UNIT,3,200000000,June 2026,DESKTOP; OFFICE_FURNITURE,,,,,,,,
UPT Puskesmas Paspan,UPT Puskesmas Paspan — Kab. Banyuwangi,Kab. Banyuwangi,UPT Puskesmas Paspan,"Jawa Timur, Banyuwangi (Kab.)",HEALTH_UNIT,3,73792400,June 2026; May 2026,DESKTOP; IT_HARDWARE; OFFICE_FURNITURE,,,,,,,,
UPT Puskesmas Playen I,UPT Puskesmas Playen I — Kab. Gunungkidul,Kab. Gunungkidul,UPT Puskesmas Playen I,"DI Yogyakarta, Gunung Kidul (Kab.)",HEALTH_UNIT,1,7000000,May 2026,SCANNER,,,,,,,,
UPT Puskesmas Sepanjang,UPT Puskesmas Sepanjang — Kab. Banyuwangi,Kab. Banyuwangi,UPT Puskesmas Sepanjang,"Jawa Timur, Banyuwangi (Kab.)",HEALTH_UNIT,1,18500000,June 2026,DESKTOP,,,,,,,,
UPT Puskesmas Simpang Pesak,UPT Puskesmas Simpang Pesak — Kab. Belitung Timur,Kab. Belitung Timur,UPT Puskesmas Simpang Pesak,"Kep. Bangka Belitung, Belitung Timur (Kab.)",HEALTH_UNIT,1,1443000,May 2026,NETWORKING,,,,,,,,
UPT Puskesmas Sindang Jaya,UPT Puskesmas Sindang Jaya — Kota Bandung,Kota Bandung,UPT Puskesmas Sindang Jaya,"Jawa Barat, Bandung (Kota)",HEALTH_UNIT,2,100000000,June 2026,DESKTOP; UPS,,,,,,,,
UPT Puskesmas Sukagalih,UPT Puskesmas Sukagalih — Kota Bandung,Kota Bandung,UPT Puskesmas Sukagalih,"Jawa Barat, Bandung (Kota)",HEALTH_UNIT,1,2467300,May 2026,IT_HARDWARE,,,,,,,,
UPT Puskesmas Sukajadi,UPT Puskesmas Sukajadi — Kota Bandung,Kota Bandung,UPT Puskesmas Sukajadi,"Jawa Barat, Bandung (Kota)",HEALTH_UNIT,1,47035000,June 2026,OFFICE_FURNITURE,,,,,,,,
UPT Puskesmas Tegalrejo,UPT Puskesmas Tegalrejo — Kota Yogyakarta,Kota Yogyakarta,UPT Puskesmas Tegalrejo,"DI Yogyakarta, Yogyakarta (Kota)",HEALTH_UNIT,1,5000000,May 2026,IT_HARDWARE,,,,,,,,
UPT Puskesmas Waihoka,UPT Puskesmas Waihoka — Kota Ambon,Kota Ambon,UPT Puskesmas Waihoka,"Maluku, Ambon (Kota)",HEALTH_UNIT,1,13047079,June 2026,DESKTOP,,,,,,,,
UPT Puskesmas Wirobrajan,UPT Puskesmas Wirobrajan — Kota Yogyakarta,Kota Yogyakarta,UPT Puskesmas Wirobrajan,"DI Yogyakarta, Yogyakarta (Kota)",HEALTH_UNIT,2,4500000,June 2026; May 2026,AUDIO; IT_HARDWARE,,,,,,,,
UPT Puskesmas Wonosari II,UPT Puskesmas Wonosari II — Kab. Gunungkidul,Kab. Gunungkidul,UPT Puskesmas Wonosari II,"DI Yogyakarta, Gunung Kidul (Kab.)",HEALTH_UNIT,5,39200000,June 2026; May 2026,OFFICE_FURNITURE,,,,,,,,
UPT REHABILITASI SOSIAL BINA NETRA MALANG,UPT REHABILITASI SOSIAL BINA NETRA MALANG — Provinsi Jawa Timur,Provinsi Jawa Timur,UPT REHABILITASI SOSIAL BINA NETRA MALANG,"Jawa Timur, Malang (Kota)",PROVINCE,1,4846400,May 2026,IT_HARDWARE,,,,,,,,
UPT REHABILITASI SOSIAL BINA RUNGU WICARA PASURUAN,UPT REHABILITASI SOSIAL BINA RUNGU WICARA PASURUAN — Provinsi Jawa Timur,Provinsi Jawa Timur,UPT REHABILITASI SOSIAL BINA RUNGU WICARA PASURUAN,"Jawa Timur, Pasuruan (Kab.)",PROVINCE,1,690000,June 2026,DESKTOP; IT_HARDWARE,,,,,,,,
UPT RSUD AWET MUDA NARMADA,UPT RSUD AWET MUDA NARMADA — Kab. Lombok Barat,Kab. Lombok Barat,UPT RSUD AWET MUDA NARMADA,"Nusa Tenggara Barat, Lombok Barat (Kab.)",HOSPITAL,6,112890750,June 2026,DESKTOP; OFFICE_FURNITURE,,,,,,,,
UPT RSUD JARAGA SASAMEH,UPT RSUD JARAGA SASAMEH — Kab. Barito Selatan,Kab. Barito Selatan,UPT RSUD JARAGA SASAMEH,"Kalimantan Tengah, Barito Selatan (Kab.)",HOSPITAL,3,149252250,May 2026,CCTV; DESKTOP; PRINTER; SCANNER,,,,,,,,
UPT SERTIFIKASI KOMPETENSI SUMBER DAYA MANUSIA,UPT SERTIFIKASI KOMPETENSI SUMBER DAYA MANUSIA — Provinsi Jawa Timur,Provinsi Jawa Timur,UPT SERTIFIKASI KOMPETENSI SUMBER DAYA MANUSIA,"Jawa Timur, Surabaya (Kota)",PROVINCE,1,8732100,May 2026,IT_HARDWARE,,,,,,,,
UPT SMP NEGERI 1,UPT SMP NEGERI 1 — Kota Mojokerto,Kota Mojokerto,UPT SMP NEGERI 1,"Jawa Timur, Mojokerto (Kota)",EDUCATION,1,98420496,June 2026,OFFICE_FURNITURE,,,,,,,,
UPT SMP NEGERI 2,UPT SMP NEGERI 2 — Kota Mojokerto,Kota Mojokerto,UPT SMP NEGERI 2,"Jawa Timur, Mojokerto (Kota)",EDUCATION,1,22514000,May 2026,OFFICE_FURNITURE,,,,,,,,
UPT SMP NEGERI 4,UPT SMP NEGERI 4 — Kota Mojokerto,Kota Mojokerto,UPT SMP NEGERI 4,"Jawa Timur, Mojokerto (Kota)",EDUCATION,1,32537600,May 2026,OFFICE_FURNITURE,,,,,,,,
UPT SMP NEGERI 7,UPT SMP NEGERI 7 — Kota Mojokerto,Kota Mojokerto,UPT SMP NEGERI 7,"Jawa Timur, Mojokerto (Kota)",EDUCATION,5,94753600,June 2026,AUDIO; CAMERA_VIDEO; OFFICE_FURNITURE,,,,,,,,
UPT Satuan Pendidikan SMPN 5,UPT Satuan Pendidikan SMPN 5 — Kota Blitar,Kota Blitar,UPT Satuan Pendidikan SMPN 5,"Jawa Timur, Blitar (Kota)",EDUCATION,2,22594200,June 2026; May 2026,CCTV; IT_HARDWARE,,,,,,,,
UPT. INSTALASI FARMASI DAN LOGISTIK KESEHATAN,UPT. INSTALASI FARMASI DAN LOGISTIK KESEHATAN — Provinsi Riau,Provinsi Riau,UPT. INSTALASI FARMASI DAN LOGISTIK KESEHATAN,"Riau, Pekanbaru (Kota)",PROVINCE,2,17690000,June 2026,DESKTOP; IT_HARDWARE,,,,,,,,
UPT. KESATUAN PENGELOLAAN HUTAN MANDAH,UPT. KESATUAN PENGELOLAAN HUTAN MANDAH — Provinsi Riau,Provinsi Riau,UPT. KESATUAN PENGELOLAAN HUTAN MANDAH,"Riau, Indragiri Hilir (Kab.)",PROVINCE,2,2880000,June 2026,DESKTOP; IT_HARDWARE,,,,,,,,
UPT. LABORATORIUM BAHAN KONSTRUKSI,UPT. LABORATORIUM BAHAN KONSTRUKSI — Provinsi Riau,Provinsi Riau,UPT. LABORATORIUM BAHAN KONSTRUKSI,"Riau, Pekanbaru (Kota)",PROVINCE,2,113550000,June 2026; May 2026,NETWORKING; OFFICE_FURNITURE,,,,,,,,
UPT. LABORATORIUM LINGKUNGAN,UPT. LABORATORIUM LINGKUNGAN — Provinsi Riau,Provinsi Riau,UPT. LABORATORIUM LINGKUNGAN,"Riau, Pekanbaru (Kota)",PROVINCE,1,45919000,May 2026,OFFICE_FURNITURE,,,,,,,,
UPT. PELAYANAN SOSIAL TRESNA WERDHA HUSNUL KHOTIMAH,UPT. PELAYANAN SOSIAL TRESNA WERDHA HUSNUL KHOTIMAH — Provinsi Riau,Provinsi Riau,UPT. PELAYANAN SOSIAL TRESNA WERDHA HUSNUL KHOTIMAH,"Riau, Pekanbaru (Kota) | Riau, Pekanbaru (Kota) | Riau, Pekanbaru (Kota)",PROVINCE,1,14869910,May 2026,IT_HARDWARE,,,,,,,,
UPT. PERBENIHAN TANAMAN HUTAN (PTH),UPT. PERBENIHAN TANAMAN HUTAN (PTH) — Provinsi Jawa Timur,Provinsi Jawa Timur,UPT. PERBENIHAN TANAMAN HUTAN (PTH),"Jawa Timur, Sidoarjo (Kab.)",PROVINCE,2,10234000,May 2026,PRINTER; SCANNER,,,,,,,,
UPT. Puskesmas Kedai Durian,UPT. Puskesmas Kedai Durian — Kota Medan,Kota Medan,UPT. Puskesmas Kedai Durian,"Sumatera Utara, Medan (Kota)",HEALTH_UNIT,1,67624774,May 2026,IT_HARDWARE,,,,,,,,
UPT. Puskesmas Sicanang,UPT. Puskesmas Sicanang — Kota Medan,Kota Medan,UPT. Puskesmas Sicanang,"Sumatera Utara, Medan (Kota)",HEALTH_UNIT,1,9455879,May 2026,IT_HARDWARE,,,,,,,,
UPT. Puskesmas Teladan,UPT. Puskesmas Teladan — Kota Medan,Kota Medan,UPT. Puskesmas Teladan,"Sumatera Utara, Medan (Kota)",HEALTH_UNIT,3,17389850,June 2026; May 2026,CCTV; DESKTOP; IT_HARDWARE; PRINTER,,,,,,,,
UPT. RUMAH SAKIT DAERAH,UPT. RUMAH SAKIT DAERAH — Kab. Labuhanbatu Selatan,Kab. Labuhanbatu Selatan,UPT. RUMAH SAKIT DAERAH,"Sumatera Utara, Labuhan Batu Selatan (Kab.)",HOSPITAL,2,122428786,May 2026,DESKTOP,,,,,,,,
UPT. TAMAN BUDAYA,UPT. TAMAN BUDAYA — Provinsi Jawa Timur,Provinsi Jawa Timur,UPT. TAMAN BUDAYA,"Jawa Timur, Surabaya (Kota)",PROVINCE,1,7300000,May 2026,DESKTOP; IT_HARDWARE,,,,,,,,
UPT. Wilayah Utara,UPT. Wilayah Utara — Kota Medan,Kota Medan,UPT. Wilayah Utara,"Sumatera Utara, Medan (Kota) | Sumatera Utara, Medan (Kota)",LOCAL_AGENCY,2,19102450,May 2026,OFFICE_FURNITURE,,,,,,,,
UPTD BALAI BENIH PERTANIAN,UPTD BALAI BENIH PERTANIAN — Provinsi Bangka Belitung,Provinsi Bangka Belitung,UPTD BALAI BENIH PERTANIAN,"Kep. Bangka Belitung, Bangka (Kab.)",PROVINCE,1,9719300,June 2026,DESKTOP,,,,,,,,
UPTD BALAI LABORATORIUM KESEHATAN DAERAH,UPTD BALAI LABORATORIUM KESEHATAN DAERAH — Provinsi Sulawesi Utara,Provinsi Sulawesi Utara,UPTD BALAI LABORATORIUM KESEHATAN DAERAH,"Sulawesi Utara, Manado (Kota)",PROVINCE,3,32015335,June 2026; May 2026,DESKTOP; IT_HARDWARE,,,,,,,,
UPTD BALAI PERLINDUNGAN DAN PENGUJIAN MUTU TANAMAN PANGAN DAN HORTIKULTURA,UPTD BALAI PERLINDUNGAN DAN PENGUJIAN MUTU TANAMAN PANGAN DAN HORTIKULTURA — Provinsi Sulawesi Utara,Provinsi Sulawesi Utara,UPTD BALAI PERLINDUNGAN DAN PENGUJIAN MUTU TANAMAN PANGAN DAN HORTIKULTURA,"Sulawesi Utara, Minahasa (Kab.)",PROVINCE,1,10500000,May 2026,CCTV,,,,,,,,
UPTD Balai pemuliaan ikan (BPI),UPTD Balai pemuliaan ikan (BPI) — Provinsi Bangka Belitung,Provinsi Bangka Belitung,UPTD Balai pemuliaan ikan (BPI),"Kep. Bangka Belitung, Bangka Selatan (Kab.)",PROVINCE,1,1262000,May 2026,IT_HARDWARE,,,,,,,,
UPTD INSTALASI FARMASI DAN PERBEKALAN KESEHATAN,UPTD INSTALASI FARMASI DAN PERBEKALAN KESEHATAN — Kota Balikpapan,Kota Balikpapan,UPTD INSTALASI FARMASI DAN PERBEKALAN KESEHATAN,"Kalimantan Timur, Balikpapan (Kota)",LOCAL_AGENCY,1,7300000,May 2026,DESKTOP; IT_HARDWARE,,,,,,,,
UPTD Instalasi Farmasi,UPTD Instalasi Farmasi — Kab. Gianyar,Kab. Gianyar,UPTD Instalasi Farmasi,"Bali, Gianyar (Kab.)",LOCAL_AGENCY,1,5000000,May 2026,IT_HARDWARE,,,,,,,,
UPTD Kecamatan Katingan Tengah Puskesmas Tumbang Samba,UPTD Kecamatan Katingan Tengah Puskesmas Tumbang Samba — Kab. Katingan,Kab. Katingan,UPTD Kecamatan Katingan Tengah Puskesmas Tumbang Samba,"Kalimantan Tengah, Katingan (Kab.)",HEALTH_UNIT,2,14651816,June 2026; May 2026,AUDIO; IT_HARDWARE,,,,,,,,
UPTD LABORATORIUM KESEHATAN DAERAH,UPTD LABORATORIUM KESEHATAN DAERAH — Kota Balikpapan,Kota Balikpapan,UPTD LABORATORIUM KESEHATAN DAERAH,"Kalimantan Timur, Balikpapan (Kota)",HEALTH_UNIT,4,13276400,June 2026; May 2026,DESKTOP; IT_HARDWARE; OFFICE_FURNITURE; PRINTER,,,,,,,,
UPTD Labkesda,UPTD Labkesda — Kota Bekasi,Kota Bekasi,UPTD Labkesda,"Jawa Barat, Bekasi (Kota)",HEALTH_UNIT,1,13182750,May 2026,CCTV,,,,,,,,
UPTD Laboratorium Kesehatan Daerah,UPTD Laboratorium Kesehatan Daerah — Kota Cilegon,Kota Cilegon,UPTD Laboratorium Kesehatan Daerah,"Banten, Cilegon (Kota)",HEALTH_UNIT,1,2840000,May 2026,IT_HARDWARE; PRINTER,,,,,,,,
UPTD Laboratorium Kesehatan,UPTD Laboratorium Kesehatan — Provinsi Sumatera Utara,Provinsi Sumatera Utara,UPTD Laboratorium Kesehatan,"Sumatera Utara, Medan (Kota)",PROVINCE,10,127026637,June 2026; May 2026,AUDIO; IT_HARDWARE; OFFICE_FURNITURE; PRINTER; SCANNER,,,,,,,,
UPTD Laboratorium Lingkungan,UPTD Laboratorium Lingkungan — Provinsi Nusa Tenggara Timur,Provinsi Nusa Tenggara Timur,UPTD Laboratorium Lingkungan,"Nusa Tenggara Timur, Kupang (Kota)",PROVINCE,1,4380000,June 2026,IT_HARDWARE,,,,,,,,
UPTD Laboratorium Pengujian Dan Penerapan Mutu Hasil Perikanan (LPPMHP),UPTD Laboratorium Pengujian Dan Penerapan Mutu Hasil Perikanan (LPPMHP) — Provinsi Bangka Belitung,Provinsi Bangka Belitung,UPTD Laboratorium Pengujian Dan Penerapan Mutu Hasil Perikanan (LPPMHP),"Kep. Bangka Belitung, Pangkal Pinang (Kota)",PROVINCE,1,1420000,June 2026,DESKTOP; IT_HARDWARE,,,,,,,,
UPTD METROLOGI LEGAL,UPTD METROLOGI LEGAL — Kota Batam,Kota Batam,UPTD METROLOGI LEGAL,"Kepulauan Riau, Batam (Kota)",LOCAL_AGENCY,2,70989300,May 2026,DESKTOP,,,,,,,,
UPTD MUSEUM,UPTD MUSEUM — Kota Surakarta,Kota Surakarta,UPTD MUSEUM,"Jawa Tengah, Surakarta (Kota)",LOCAL_AGENCY,1,11114000,May 2026,AUDIO,,,,,,,,
UPTD PASAR WILAYAH BANYUMAS TIMUR,UPTD PASAR WILAYAH BANYUMAS TIMUR — Kab. Banyumas,Kab. Banyumas,UPTD PASAR WILAYAH BANYUMAS TIMUR,"Jawa Tengah, Banyumas (Kab.)",LOCAL_AGENCY,2,18340000,June 2026; May 2026,DESKTOP; IT_HARDWARE; OFFICE_FURNITURE,,,,,,,,
UPTD PELAYANAN JASA KEBANDARUDARAAN NUSAWIRU,UPTD PELAYANAN JASA KEBANDARUDARAAN NUSAWIRU — Provinsi Jawa Barat,Provinsi Jawa Barat,UPTD PELAYANAN JASA KEBANDARUDARAAN NUSAWIRU,"Jawa Barat, Pangandaran (Kab.)",PROVINCE,2,1016960,June 2026; May 2026,DESKTOP; OFFICE_FURNITURE,,,,,,,,
UPTD PENGELOLA SARANA DAN PRASARANA PERHUBUNGAN,UPTD PENGELOLA SARANA DAN PRASARANA PERHUBUNGAN — Kab. Banyumas,Kab. Banyumas,UPTD PENGELOLA SARANA DAN PRASARANA PERHUBUNGAN,"Jawa Tengah, Banyumas (Kab.)",LOCAL_AGENCY,1,690000,June 2026,PRINTER,,,,,,,,
UPTD PUSKESMAS ADAN-ADAN,UPTD PUSKESMAS ADAN-ADAN — Kab. Kediri,Kab. Kediri,UPTD PUSKESMAS ADAN-ADAN,"Jawa Timur, Kediri (Kab.)",HEALTH_UNIT,1,5000000,June 2026,PRINTER,,,,,,,,
UPTD PUSKESMAS BADAS,UPTD PUSKESMAS BADAS — Kab. Kediri,Kab. Kediri,UPTD PUSKESMAS BADAS,"Jawa Timur, Kediri (Kab.)",HEALTH_UNIT,2,4800000,May 2026,OFFICE_FURNITURE,,,,,,,,
UPTD PUSKESMAS BALOI PERMAI,UPTD PUSKESMAS BALOI PERMAI — Kota Batam,Kota Batam,UPTD PUSKESMAS BALOI PERMAI,"Kepulauan Riau, Batam (Kota)",HEALTH_UNIT,4,251796000,June 2026; May 2026,DESKTOP; OFFICE_FURNITURE; PRINTER; SCANNER,,,,,,,,
UPTD PUSKESMAS BATU AJI,UPTD PUSKESMAS BATU AJI — Kota Batam,Kota Batam,UPTD PUSKESMAS BATU AJI,"Kepulauan Riau, Batam (Kota)",HEALTH_UNIT,1,3134000,June 2026,AUDIO,,,,,,,,
UPTD PUSKESMAS BOTANIA,UPTD PUSKESMAS BOTANIA — Kota Batam,Kota Batam,UPTD PUSKESMAS BOTANIA,"Kepulauan Riau, Batam (Kota)",HEALTH_UNIT,1,28380600,June 2026,OFFICE_FURNITURE,,,,,,,,
UPTD PUSKESMAS BULANG,UPTD PUSKESMAS BULANG — Kota Batam,Kota Batam,UPTD PUSKESMAS BULANG,"Kepulauan Riau, Batam (Kota)",HEALTH_UNIT,2,18713490,May 2026,DESKTOP; IT_HARDWARE,,,,,,,,
UPTD PUSKESMAS CAMPURDARAT,UPTD PUSKESMAS CAMPURDARAT — Kab. Tulungagung,Kab. Tulungagung,UPTD PUSKESMAS CAMPURDARAT,"Jawa Timur, Tulungagung (Kab.)",HEALTH_UNIT,1,1380000,June 2026,DESKTOP; IT_HARDWARE,,,,,,,,
UPTD PUSKESMAS GRAHA INDAH,UPTD PUSKESMAS GRAHA INDAH — Kota Balikpapan,Kota Balikpapan,UPTD PUSKESMAS GRAHA INDAH,"Kalimantan Timur, Balikpapan (Kota)",HEALTH_UNIT,1,10000000,May 2026,PRINTER,,,,,,,,
UPTD PUSKESMAS GUNUNG BAHAGIA,UPTD PUSKESMAS GUNUNG BAHAGIA — Kota Balikpapan,Kota Balikpapan,UPTD PUSKESMAS GUNUNG BAHAGIA,"Kalimantan Timur, Balikpapan (Kota)",HEALTH_UNIT,1,35000000,June 2026,AUDIO,,,,,,,,
UPTD PUSKESMAS GUNUNG SAMARINDA,UPTD PUSKESMAS GUNUNG SAMARINDA — Kota Balikpapan,Kota Balikpapan,UPTD PUSKESMAS GUNUNG SAMARINDA,"Kalimantan Timur, Balikpapan (Kota)",HEALTH_UNIT,2,116260000,June 2026,IT_HARDWARE; OFFICE_FURNITURE,,,,,,,,
UPTD PUSKESMAS GUNUNG SARI ILIR,UPTD PUSKESMAS GUNUNG SARI ILIR — Kota Balikpapan,Kota Balikpapan,UPTD PUSKESMAS GUNUNG SARI ILIR,"Kalimantan Timur, Balikpapan (Kota)",HEALTH_UNIT,1,600000,May 2026,STORAGE,,,,,,,,
UPTD PUSKESMAS KABIL,UPTD PUSKESMAS KABIL — Kota Batam,Kota Batam,UPTD PUSKESMAS KABIL,"Kepulauan Riau, Batam (Kota)",HEALTH_UNIT,4,20321900,May 2026,OFFICE_FURNITURE,,,,,,,,
UPTD PUSKESMAS KONUT,UPTD PUSKESMAS KONUT — Kab. Murung Raya,Kab. Murung Raya,UPTD PUSKESMAS KONUT,"Kalimantan Tengah, Murung Raya (Kab.)",HEALTH_UNIT,3,42000000,June 2026,DESKTOP; PRINTER; UPS,,,,,,,,
UPTD PUSKESMAS KRAS,UPTD PUSKESMAS KRAS — Kab. Kediri,Kab. Kediri,UPTD PUSKESMAS KRAS,"Jawa Timur, Kediri (Kab.)",HEALTH_UNIT,2,6500000,June 2026,IT_HARDWARE; PRINTER,,,,,,,,
UPTD PUSKESMAS MARGASARI,UPTD PUSKESMAS MARGASARI — Kota Balikpapan,Kota Balikpapan,UPTD PUSKESMAS MARGASARI,"Kalimantan Timur, Balikpapan (Kota)",HEALTH_UNIT,1,11000000,May 2026,OFFICE_FURNITURE,,,,,,,,
UPTD PUSKESMAS MARGO MULYO,UPTD PUSKESMAS MARGO MULYO — Kota Balikpapan,Kota Balikpapan,UPTD PUSKESMAS MARGO MULYO,"Kalimantan Timur, Balikpapan (Kota)",HEALTH_UNIT,1,8219295,June 2026,IT_HARDWARE,,,,,,,,
UPTD PUSKESMAS MOJO,UPTD PUSKESMAS MOJO — Kab. Kediri,Kab. Kediri,UPTD PUSKESMAS MOJO,"Jawa Timur, Kediri (Kab.)",HEALTH_UNIT,2,16000000,June 2026; May 2026,PRINTER; UPS,,,,,,,,
UPTD PUSKESMAS MUARA TUHUP,UPTD PUSKESMAS MUARA TUHUP — Kab. Murung Raya,Kab. Murung Raya,UPTD PUSKESMAS MUARA TUHUP,"Kalimantan Tengah, Murung Raya (Kab.)",HEALTH_UNIT,1,9000000,May 2026,OFFICE_FURNITURE,,,,,,,,
UPTD PUSKESMAS NGANCAR,UPTD PUSKESMAS NGANCAR — Kab. Kediri,Kab. Kediri,UPTD PUSKESMAS NGANCAR,"Jawa Timur, Kediri (Kab.)",HEALTH_UNIT,4,114000000,May 2026,AUDIO; OFFICE_FURNITURE; PRINTER,,,,,,,,
UPTD PUSKESMAS PAGUYANGAN,UPTD PUSKESMAS PAGUYANGAN — Kab. Brebes,Kab. Brebes,UPTD PUSKESMAS PAGUYANGAN,"Jawa Tengah, Brebes (Kab.)",HEALTH_UNIT,1,12000000,May 2026,IT_HARDWARE,,,,,,,,
UPTD PUSKESMAS PRAPATAN,UPTD PUSKESMAS PRAPATAN — Kota Balikpapan,Kota Balikpapan,UPTD PUSKESMAS PRAPATAN,"Kalimantan Timur, Balikpapan (Kota)",HEALTH_UNIT,1,18087300,May 2026,IT_HARDWARE; PRINTER,,,,,,,,
UPTD PUSKESMAS REMPANG CATE,UPTD PUSKESMAS REMPANG CATE — Kota Batam,Kota Batam,UPTD PUSKESMAS REMPANG CATE,"Kepulauan Riau, Batam (Kota)",HEALTH_UNIT,1,19244700,May 2026,OFFICE_FURNITURE,,,,,,,,
UPTD PUSKESMAS SAMBAU,UPTD PUSKESMAS SAMBAU — Kota Batam,Kota Batam,UPTD PUSKESMAS SAMBAU,"Kepulauan Riau, Batam (Kota)",HEALTH_UNIT,1,6686100,May 2026,IT_HARDWARE,,,,,,,,
UPTD PUSKESMAS SARIPOI,UPTD PUSKESMAS SARIPOI — Kab. Murung Raya,Kab. Murung Raya,UPTD PUSKESMAS SARIPOI,"Kalimantan Tengah, Murung Raya (Kab.)",HEALTH_UNIT,1,10000000,May 2026,PRINTER,,,,,,,,
UPTD PUSKESMAS SUMBER REJO,UPTD PUSKESMAS SUMBER REJO — Kota Balikpapan,Kota Balikpapan,UPTD PUSKESMAS SUMBER REJO,"Kalimantan Timur, Balikpapan (Kota)",HEALTH_UNIT,1,4375000,May 2026,CCTV,,,,,,,,
UPTD PUSKESMAS SUMBERGEMPOL,UPTD PUSKESMAS SUMBERGEMPOL — Kab. Tulungagung,Kab. Tulungagung,UPTD PUSKESMAS SUMBERGEMPOL,"Jawa Timur, Tulungagung (Kab.)",HEALTH_UNIT,1,1250000,May 2026,IT_HARDWARE,,,,,,,,
UPTD PUSKESMAS TANJUNG BUNTUNG,UPTD PUSKESMAS TANJUNG BUNTUNG — Kota Batam,Kota Batam,UPTD PUSKESMAS TANJUNG BUNTUNG,"Kepulauan Riau, Batam (Kota)",HEALTH_UNIT,1,3172800,May 2026,IT_HARDWARE; PRINTER,,,,,,,,
UPTD PUSKESMAS TANJUNG UNCANG,UPTD PUSKESMAS TANJUNG UNCANG — Kota Batam,Kota Batam,UPTD PUSKESMAS TANJUNG UNCANG,"Kepulauan Riau, Batam (Kota)",HEALTH_UNIT,1,52173200,June 2026,OFFICE_FURNITURE,,,,,,,,
UPTD PUSKESMAS TUMBANG LAHUNG,UPTD PUSKESMAS TUMBANG LAHUNG — Kab. Murung Raya,Kab. Murung Raya,UPTD PUSKESMAS TUMBANG LAHUNG,"Kalimantan Tengah, Murung Raya (Kab.)",HEALTH_UNIT,3,41500000,June 2026,LAPTOP; OFFICE_FURNITURE; PRINTER,,,,,,,,
UPTD Pasar Baru Cilegon,UPTD Pasar Baru Cilegon — Kota Cilegon,Kota Cilegon,UPTD Pasar Baru Cilegon,"Banten, Cilegon (Kota)",LOCAL_AGENCY,1,380000,June 2026,IT_HARDWARE,,,,,,,,
UPTD Pengelolaan Daerah Aliran Sungai Cibaliung-Cisawarna,UPTD Pengelolaan Daerah Aliran Sungai Cibaliung-Cisawarna — Provinsi Banten,Provinsi Banten,UPTD Pengelolaan Daerah Aliran Sungai Cibaliung-Cisawarna,"Banten, Lebak (Kab.)",PROVINCE,2,19751000,May 2026,AUDIO; IT_HARDWARE; PRINTER,,,,,,,,
UPTD Pengelolaan Jalan dan Jembatan Serang-Cilegon,UPTD Pengelolaan Jalan dan Jembatan Serang-Cilegon — Provinsi Banten,Provinsi Banten,UPTD Pengelolaan Jalan dan Jembatan Serang-Cilegon,"Banten, Serang (Kota)",PROVINCE,1,4140000,June 2026,DESKTOP; IT_HARDWARE,,,,,,,,
UPTD Pengelolaan Pendapatan Daerah Malingping,UPTD Pengelolaan Pendapatan Daerah Malingping — Provinsi Banten,Provinsi Banten,UPTD Pengelolaan Pendapatan Daerah Malingping,"Banten, Lebak (Kab.)",PROVINCE,1,3978000,May 2026,CCTV,,,,,,,,
"UPTD Pengujian Bahan, Konstruksi Bangunan dan Informasi Konstruksi","UPTD Pengujian Bahan, Konstruksi Bangunan dan Informasi Konstruksi — Provinsi Banten",Provinsi Banten,"UPTD Pengujian Bahan, Konstruksi Bangunan dan Informasi Konstruksi","Banten, Serang (Kota)",PROVINCE,3,47340000,June 2026; May 2026,DESKTOP; IT_HARDWARE,,,,,,,,
UPTD Perlindungan Sosial,UPTD Perlindungan Sosial — Provinsi Banten,Provinsi Banten,UPTD Perlindungan Sosial,"Banten, Serang (Kota)",PROVINCE,3,38864700,June 2026; May 2026,DESKTOP; OFFICE_FURNITURE,,,,,,,,
UPTD Puskesmas Abang I,UPTD Puskesmas Abang I — Kab. Karangasem,Kab. Karangasem,UPTD Puskesmas Abang I,"Bali, Karang Asem (Kab.)",HEALTH_UNIT,3,32415000,June 2026; May 2026,DESKTOP; IT_HARDWARE,,,,,,,,
UPTD Puskesmas Adiarsa,UPTD Puskesmas Adiarsa — Kab. Karawang,Kab. Karawang,UPTD Puskesmas Adiarsa,"Jawa Barat, Karawang (Kab.)",HEALTH_UNIT,2,55000000,May 2026,IT_HARDWARE,,,,,,,,
UPTD Puskesmas Ciampel,UPTD Puskesmas Ciampel — Kab. Karawang,Kab. Karawang,UPTD Puskesmas Ciampel,"Jawa Barat, Karawang (Kab.)",HEALTH_UNIT,1,37000000,May 2026,IT_HARDWARE,,,,,,,,
UPTD Puskesmas Cibeureum (BLUD),UPTD Puskesmas Cibeureum (BLUD) — Kota Tasikmalaya,Kota Tasikmalaya,UPTD Puskesmas Cibeureum (BLUD),"Jawa Barat, Tasikmalaya (Kota)",HEALTH_UNIT,1,1090000,June 2026,AUDIO,,,,,,,,
UPTD Puskesmas Cibitung,UPTD Puskesmas Cibitung — Kab. Sukabumi,Kab. Sukabumi,UPTD Puskesmas Cibitung,"Jawa Barat, Sukabumi (Kab.)",HEALTH_UNIT,1,36000000,June 2026,DESKTOP,,,,,,,,
UPTD Puskesmas Ciemas,UPTD Puskesmas Ciemas — Kab. Sukabumi,Kab. Sukabumi,UPTD Puskesmas Ciemas,"Jawa Barat, Sukabumi (Kab.)",HEALTH_UNIT,1,5000000,May 2026,IT_HARDWARE,,,,,,,,
UPTD Puskesmas Cihideung (BLUD),UPTD Puskesmas Cihideung (BLUD) — Kota Tasikmalaya,Kota Tasikmalaya,UPTD Puskesmas Cihideung (BLUD),"Jawa Barat, Tasikmalaya (Kota)",HEALTH_UNIT,1,16350600,May 2026,DESKTOP,,,,,,,,
UPTD Puskesmas Cilodong,UPTD Puskesmas Cilodong — Kota Depok,Kota Depok,UPTD Puskesmas Cilodong,"Jawa Barat, Depok (Kota)",HEALTH_UNIT,1,3000000,May 2026,NETWORKING,,,,,,,,
UPTD Puskesmas Cimuning,UPTD Puskesmas Cimuning — Kota Bekasi,Kota Bekasi,UPTD Puskesmas Cimuning,"Jawa Barat, Bekasi (Kota)",HEALTH_UNIT,2,35420000,June 2026; May 2026,DESKTOP; IT_HARDWARE; PRINTER,,,,,,,,
UPTD Puskesmas Dawan I,UPTD Puskesmas Dawan I — Kab. Klungkung,Kab. Klungkung,UPTD Puskesmas Dawan I,"Bali, Klungkung (Kab.)",HEALTH_UNIT,2,30000000,June 2026,DESKTOP; LAPTOP,,,,,,,,
UPTD Puskesmas Dawan II,UPTD Puskesmas Dawan II — Kab. Klungkung,Kab. Klungkung,UPTD Puskesmas Dawan II,"Bali, Klungkung (Kab.)",HEALTH_UNIT,1,17023600,June 2026,IT_HARDWARE,,,,,,,,
UPTD Puskesmas Depok Jaya,UPTD Puskesmas Depok Jaya — Kota Depok,Kota Depok,UPTD Puskesmas Depok Jaya,"Jawa Barat, Depok (Kota)",HEALTH_UNIT,1,1845000,May 2026,AUDIO,,,,,,,,
UPTD Puskesmas Depok Utara,UPTD Puskesmas Depok Utara — Kota Depok,Kota Depok,UPTD Puskesmas Depok Utara,"Jawa Barat, Depok (Kota)",HEALTH_UNIT,7,55181000,June 2026; May 2026,CCTV; DESKTOP; IT_HARDWARE; PRINTER,,,,,,,,
UPTD Puskesmas Harapan Mulya,UPTD Puskesmas Harapan Mulya — Kota Bekasi,Kota Bekasi,UPTD Puskesmas Harapan Mulya,"Jawa Barat, Bekasi (Kota)",HEALTH_UNIT,1,1332000,May 2026,NETWORKING,,,,,,,,
UPTD Puskesmas Harjamukti,UPTD Puskesmas Harjamukti — Kota Depok,Kota Depok,UPTD Puskesmas Harjamukti,"Jawa Barat, Depok (Kota)",HEALTH_UNIT,2,13470000,May 2026,DESKTOP; IT_HARDWARE; PRINTER,,,,,,,,
UPTD Puskesmas Jatiasih,UPTD Puskesmas Jatiasih — Kota Bekasi,Kota Bekasi,UPTD Puskesmas Jatiasih,"Jawa Barat, Bekasi (Kota)",HEALTH_UNIT,2,45800000,May 2026,DESKTOP; IT_HARDWARE,,,,,,,,
UPTD Puskesmas Jatibening Baru,UPTD Puskesmas Jatibening Baru — Kota Bekasi,Kota Bekasi,UPTD Puskesmas Jatibening Baru,"Jawa Barat, Bekasi (Kota)",HEALTH_UNIT,2,18000000,May 2026,DESKTOP; IT_HARDWARE,,,,,,,,
UPTD Puskesmas Jatirahayu,UPTD Puskesmas Jatirahayu — Kota Bekasi,Kota Bekasi,UPTD Puskesmas Jatirahayu,"Jawa Barat, Bekasi (Kota)",HEALTH_UNIT,1,45000000,June 2026,IT_HARDWARE,,,,,,,,
UPTD Puskesmas Jatisari,UPTD Puskesmas Jatisari — Kota Bekasi,Kota Bekasi,UPTD Puskesmas Jatisari,"Jawa Barat, Bekasi (Kota)",HEALTH_UNIT,1,5934000,June 2026,IT_HARDWARE,,,,,,,,
UPTD Puskesmas Kayungo,UPTD Puskesmas Kayungo — Kab. Paser,Kab. Paser,UPTD Puskesmas Kayungo,"Kalimantan Timur, Paser (Kab.)",HEALTH_UNIT,3,57198530,June 2026,DESKTOP; OFFICE_FURNITURE,,,,,,,,
UPTD Puskesmas Kecamatan Cilegon,UPTD Puskesmas Kecamatan Cilegon — Kota Cilegon,Kota Cilegon,UPTD Puskesmas Kecamatan Cilegon,"Banten, Cilegon (Kota)",HEALTH_UNIT,2,7357200,May 2026,DESKTOP; IT_HARDWARE,,,,,,,,
UPTD Puskesmas Kecamatan Ciwandan,UPTD Puskesmas Kecamatan Ciwandan — Kota Cilegon,Kota Cilegon,UPTD Puskesmas Kecamatan Ciwandan,"Banten, Cilegon (Kota)",HEALTH_UNIT,1,84000000,June 2026,IT_HARDWARE,,,,,,,,
UPTD Puskesmas Kecamatan Grogol,UPTD Puskesmas Kecamatan Grogol — Kota Cilegon,Kota Cilegon,UPTD Puskesmas Kecamatan Grogol,"Banten, Cilegon (Kota)",HEALTH_UNIT,1,96000000,June 2026,DESKTOP,,,,,,,,
UPTD Puskesmas Kecamatan Jombang,UPTD Puskesmas Kecamatan Jombang — Kota Cilegon,Kota Cilegon,UPTD Puskesmas Kecamatan Jombang,"Banten, Cilegon (Kota)",HEALTH_UNIT,1,175000000,June 2026,DESKTOP,,,,,,,,
UPTD Puskesmas Kemirimuka,UPTD Puskesmas Kemirimuka — Kota Depok,Kota Depok,UPTD Puskesmas Kemirimuka,"Jawa Barat, Depok (Kota)",HEALTH_UNIT,1,5000000,June 2026,IT_HARDWARE,,,,,,,,
UPTD Puskesmas Klari,UPTD Puskesmas Klari — Kab. Karawang,Kab. Karawang,UPTD Puskesmas Klari,"Jawa Barat, Karawang (Kab.)",HEALTH_UNIT,1,45000000,May 2026,IT_HARDWARE,,,,,,,,
UPTD Puskesmas Manggis II,UPTD Puskesmas Manggis II — Kab. Karangasem,Kab. Karangasem,UPTD Puskesmas Manggis II,"Bali, Karang Asem (Kab.)",HEALTH_UNIT,1,7147000,May 2026,IT_HARDWARE,,,,,,,,
UPTD Puskesmas Mangkubumi (BLUD),UPTD Puskesmas Mangkubumi (BLUD) — Kota Tasikmalaya,Kota Tasikmalaya,UPTD Puskesmas Mangkubumi (BLUD),"Jawa Barat, Tasikmalaya (Kota)",HEALTH_UNIT,1,9074200,May 2026,IT_HARDWARE,,,,,,,,
UPTD Puskesmas Margajaya,UPTD Puskesmas Margajaya — Kota Bekasi,Kota Bekasi,UPTD Puskesmas Margajaya,"Jawa Barat, Bekasi (Kota)",HEALTH_UNIT,1,1600000,June 2026,NETWORKING,,,,,,,,
UPTD Puskesmas Mustikajaya,UPTD Puskesmas Mustikajaya — Kota Bekasi,Kota Bekasi,UPTD Puskesmas Mustikajaya,"Jawa Barat, Bekasi (Kota)",HEALTH_UNIT,1,6500000,May 2026,STORAGE,,,,,,,,
UPTD Puskesmas Nalumsari II,UPTD Puskesmas Nalumsari II — Kab. Jepara,Kab. Jepara,UPTD Puskesmas Nalumsari II,"Jawa Tengah, Jepara (Kab.)",HEALTH_UNIT,1,1359000,June 2026,DESKTOP; IT_HARDWARE,,,,,,,,
UPTD Puskesmas Nusa Penida III,UPTD Puskesmas Nusa Penida III — Kab. Klungkung,Kab. Klungkung,UPTD Puskesmas Nusa Penida III,"Bali, Klungkung (Kab.)",HEALTH_UNIT,2,12810000,May 2026,IT_HARDWARE,,,,,,,,
UPTD Puskesmas Pabuaran,UPTD Puskesmas Pabuaran — Kab. Sukabumi,Kab. Sukabumi,UPTD Puskesmas Pabuaran,"Jawa Barat, Sukabumi (Kab.)",HEALTH_UNIT,1,12800000,June 2026,IT_HARDWARE,,,,,,,,
UPTD Puskesmas Padurenan,UPTD Puskesmas Padurenan — Kota Bekasi,Kota Bekasi,UPTD Puskesmas Padurenan,"Jawa Barat, Bekasi (Kota)",HEALTH_UNIT,3,72356000,June 2026; May 2026,DESKTOP; IT_HARDWARE,,,,,,,,
UPTD Puskesmas Pasir Gunung Selatan,UPTD Puskesmas Pasir Gunung Selatan — Kota Depok,Kota Depok,UPTD Puskesmas Pasir Gunung Selatan,"Jawa Barat, Depok (Kota)",HEALTH_UNIT,1,18700000,May 2026,IT_HARDWARE,,,,,,,,
UPTD Puskesmas Pasir Putih,UPTD Puskesmas Pasir Putih — Kota Depok,Kota Depok,UPTD Puskesmas Pasir Putih,"Jawa Barat, Depok (Kota)",HEALTH_UNIT,2,27979000,June 2026; May 2026,OFFICE_FURNITURE,,,,,,,,
UPTD Puskesmas Pondok Sukmajaya,UPTD Puskesmas Pondok Sukmajaya — Kota Depok,Kota Depok,UPTD Puskesmas Pondok Sukmajaya,"Jawa Barat, Depok (Kota)",HEALTH_UNIT,2,48434000,June 2026,AUDIO; IT_HARDWARE,,,,,,,,
UPTD Puskesmas Purabaya,UPTD Puskesmas Purabaya — Kab. Sukabumi,Kab. Sukabumi,UPTD Puskesmas Purabaya,"Jawa Barat, Sukabumi (Kab.)",HEALTH_UNIT,2,30000000,June 2026; May 2026,IT_HARDWARE,,,,,,,,
UPTD Puskesmas Ratu Jaya,UPTD Puskesmas Ratu Jaya — Kota Depok,Kota Depok,UPTD Puskesmas Ratu Jaya,"Jawa Barat, Depok (Kota)",HEALTH_UNIT,1,5000000,May 2026,CCTV,,,,,,,,
UPTD Puskesmas Rawatembaga,UPTD Puskesmas Rawatembaga — Kota Bekasi,Kota Bekasi,UPTD Puskesmas Rawatembaga,"Jawa Barat, Bekasi (Kota)",HEALTH_UNIT,3,47010960,June 2026,IT_HARDWARE,,,,,,,,
UPTD Puskesmas Rengasdengklok,UPTD Puskesmas Rengasdengklok — Kab. Karawang,Kab. Karawang,UPTD Puskesmas Rengasdengklok,"Jawa Barat, Karawang (Kab.)",HEALTH_UNIT,2,26400000,June 2026; May 2026,DESKTOP,,,,,,,,
UPTD Puskesmas Sekarwangi,UPTD Puskesmas Sekarwangi — Kab. Sukabumi,Kab. Sukabumi,UPTD Puskesmas Sekarwangi,"Jawa Barat, Sukabumi (Kab.)",HEALTH_UNIT,1,2400000,June 2026,IT_HARDWARE,,,,,,,,
UPTD Puskesmas Selat,UPTD Puskesmas Selat — Kab. Karangasem,Kab. Karangasem,UPTD Puskesmas Selat,"Bali, Karang Asem (Kab.)",HEALTH_UNIT,1,3000000,May 2026,NETWORKING,,,,,,,,
UPTD Puskesmas Suatang Baru,UPTD Puskesmas Suatang Baru — Kab. Paser,Kab. Paser,UPTD Puskesmas Suatang Baru,"Kalimantan Timur, Paser (Kab.)",HEALTH_UNIT,2,10935035,May 2026,DESKTOP; IT_HARDWARE; PRINTER,,,,,,,,
UPTD Puskesmas Tanah Baru,UPTD Puskesmas Tanah Baru — Kota Depok,Kota Depok,UPTD Puskesmas Tanah Baru,"Jawa Barat, Depok (Kota)",HEALTH_UNIT,2,61090000,June 2026; May 2026,DESKTOP,,,,,,,,
UPTD Puskesmas Tapos,UPTD Puskesmas Tapos — Kota Depok,Kota Depok,UPTD Puskesmas Tapos,"Jawa Barat, Depok (Kota)",HEALTH_UNIT,5,87230000,June 2026; May 2026,DESKTOP; IT_HARDWARE,,,,,,,,
UPTD Puskesmas Tawang (BLUD),UPTD Puskesmas Tawang (BLUD) — Kota Tasikmalaya,Kota Tasikmalaya,UPTD Puskesmas Tawang (BLUD),"Jawa Barat, Tasikmalaya (Kota)",HEALTH_UNIT,1,40838800,June 2026,DESKTOP,,,,,,,,
UPTD Puskesmas Tugu,UPTD Puskesmas Tugu — Kota Depok,Kota Depok,UPTD Puskesmas Tugu,"Jawa Barat, Depok (Kota)",HEALTH_UNIT,1,15000000,May 2026,IT_HARDWARE; LAPTOP,,,,,,,,
UPTD Puskesmas Upau,UPTD Puskesmas Upau — Kab. Tabalong,Kab. Tabalong,UPTD Puskesmas Upau,"Kalimantan Selatan, Tabalong (Kab.)",HEALTH_UNIT,1,1159950,May 2026,IT_HARDWARE,,,,,,,,
UPTD Puskesmas Wamolo,UPTD Puskesmas Wamolo — Kab. Buton Tengah,Kab. Buton Tengah,UPTD Puskesmas Wamolo,"Sulawesi Tenggara, Buton Tengah (Kab.)",HEALTH_UNIT,1,38602000,June 2026,DESKTOP,,,,,,,,
UPTD RSUD ARGA MAKMUR,UPTD RSUD ARGA MAKMUR — Kab. Bengkulu Utara,Kab. Bengkulu Utara,UPTD RSUD ARGA MAKMUR,"Bengkulu, Bengkulu Utara (Kab.)",HOSPITAL,3,26298000,May 2026,DESKTOP; IT_HARDWARE,,,,,,,,
UPTD RSUD Banten,UPTD RSUD Banten — Provinsi Banten,Provinsi Banten,UPTD RSUD Banten,"Banten, Serang (Kota)",PROVINCE,1,50000000,May 2026,CCTV; NETWORKING,,,,,,,,
UPTD RSUD Jati Sampurna,UPTD RSUD Jati Sampurna — Kota Bekasi,Kota Bekasi,UPTD RSUD Jati Sampurna,"Jawa Barat, Bekasi (Kota)",HOSPITAL,2,178800000,May 2026,DESKTOP; IT_HARDWARE,,,,,,,,
UPTD RSUD LAGITA,UPTD RSUD LAGITA — Kab. Bengkulu Utara,Kab. Bengkulu Utara,UPTD RSUD LAGITA,"Bengkulu, Bengkulu Utara (Kab.)",HOSPITAL,1,3000000,May 2026,PRINTER,,,,,,,,
UPTD RSUD Pondok Gede,UPTD RSUD Pondok Gede — Kota Bekasi,Kota Bekasi,UPTD RSUD Pondok Gede,"Jawa Barat, Bekasi (Kota)",HOSPITAL,7,913470000,June 2026; May 2026,CCTV; DESKTOP; IT_HARDWARE; NETWORKING; SERVER; UPS,,,,,,,,
UPTD RSUD Uwes Qorny Cilograng,UPTD RSUD Uwes Qorny Cilograng — Provinsi Banten,Provinsi Banten,UPTD RSUD Uwes Qorny Cilograng,"Banten, Lebak (Kab.)",PROVINCE,3,11544000,May 2026,DESKTOP; IT_HARDWARE,,,,,,,,
UPTD RSUD dr. Zubir Mahmud,UPTD RSUD dr. Zubir Mahmud — Kab. Aceh Timur,Kab. Aceh Timur,UPTD RSUD dr. Zubir Mahmud,"Aceh, Aceh Timur (Kab.)",HOSPITAL,2,150000000,May 2026,LAPTOP; SCANNER,,,,,,,,
UPTD RUMAH POTONG HEWAN DAN PUSAT KESEHATAN HEWAN,UPTD RUMAH POTONG HEWAN DAN PUSAT KESEHATAN HEWAN — Kota Surakarta,Kota Surakarta,UPTD RUMAH POTONG HEWAN DAN PUSAT KESEHATAN HEWAN,"Jawa Tengah, Surakarta (Kota)",LOCAL_AGENCY,1,1380000,June 2026,IT_HARDWARE,,,,,,,,
UPTD RUMAH SAKIT JIWA PROVINSI JAWA BARAT,UPTD RUMAH SAKIT JIWA PROVINSI JAWA BARAT — Provinsi Jawa Barat,Provinsi Jawa Barat,UPTD RUMAH SAKIT JIWA PROVINSI JAWA BARAT,"Jawa Barat, Bandung Barat (Kab.)",PROVINCE,2,627295472,June 2026,IT_HARDWARE; OFFICE_FURNITURE,,,,,,,,
UPTD RUMAH SAKIT UMUM DAERAH KESEHATAN KERJA PROVINSI JAWA BARAT,UPTD RUMAH SAKIT UMUM DAERAH KESEHATAN KERJA PROVINSI JAWA BARAT — Provinsi Jawa Barat,Provinsi Jawa Barat,UPTD RUMAH SAKIT UMUM DAERAH KESEHATAN KERJA PROVINSI JAWA BARAT,"Jawa Barat, Bandung (Kab.)",PROVINCE,1,48440000,May 2026,IT_HARDWARE,,,,,,,,
UPTD Rumah Sakit Khusus Mata,UPTD Rumah Sakit Khusus Mata — Provinsi Sumatera Utara,Provinsi Sumatera Utara,UPTD Rumah Sakit Khusus Mata,"Sumatera Utara, Medan (Kota)",PROVINCE,2,413260120,May 2026,IT_HARDWARE; OFFICE_FURNITURE,,,,,,,,
UPTD Rumah Sakit Umum Daerah,UPTD Rumah Sakit Umum Daerah — Kab. Karangasem,Kab. Karangasem,UPTD Rumah Sakit Umum Daerah,"Bali, Karang Asem (Kab.)",HOSPITAL,2,39000000,June 2026; May 2026,DESKTOP; IT_HARDWARE; OFFICE_FURNITURE,,,,,,,,
UPTD Rumah Sakit Umum Kusta Lau Simomo,UPTD Rumah Sakit Umum Kusta Lau Simomo — Provinsi Sumatera Utara,Provinsi Sumatera Utara,UPTD Rumah Sakit Umum Kusta Lau Simomo,"Sumatera Utara, Karo (Kab.)",PROVINCE,1,980360000,May 2026,OFFICE_FURNITURE,,,,,,,,
UPTD TK NEGERI 1,UPTD TK NEGERI 1 — Kota Bukittinggi,Kota Bukittinggi,UPTD TK NEGERI 1,"Sumatera Barat, Bukit Tinggi (Kota)",LOCAL_AGENCY,1,2695000,June 2026,IT_HARDWARE,,,,,,,,
UPTD TK NEGERI PEMBINA,UPTD TK NEGERI PEMBINA — Kota Bukittinggi,Kota Bukittinggi,UPTD TK NEGERI PEMBINA,"Sumatera Barat, Bukit Tinggi (Kota)",LOCAL_AGENCY,6,2275500,June 2026,NETWORKING; PRINTER,,,,,,,,
UPTD Teknologi Informasi dan Komunikasi Pendidikan,UPTD Teknologi Informasi dan Komunikasi Pendidikan — Provinsi Banten,Provinsi Banten,UPTD Teknologi Informasi dan Komunikasi Pendidikan,"Banten, Pandeglang (Kab.)",PROVINCE,2,44601000,June 2026,DESKTOP,,,,,,,,
UPTD UNIT PELAYANAN KRISIS DAN EPEDEMI KESEHATAN,UPTD UNIT PELAYANAN KRISIS DAN EPEDEMI KESEHATAN — Provinsi Kalimantan Selatan,Provinsi Kalimantan Selatan,UPTD UNIT PELAYANAN KRISIS DAN EPEDEMI KESEHATAN,"Kalimantan Selatan, Banjar Baru (Kota)",PROVINCE,4,10220000,May 2026,AUDIO; IT_HARDWARE; LAPTOP; PRINTER,,,,,,,,
UPTD-RUMAH SAKIT UMUM DAERAH,UPTD-RUMAH SAKIT UMUM DAERAH — Kota Balikpapan,Kota Balikpapan,UPTD-RUMAH SAKIT UMUM DAERAH,"Kalimantan Timur, Balikpapan (Kota)",HOSPITAL,2,43850000,May 2026,PRINTER,,,,,,,,
UPTD. Museum,UPTD. Museum — Provinsi Nusa Tenggara Timur,Provinsi Nusa Tenggara Timur,UPTD. Museum,"Nusa Tenggara Timur, Kupang (Kota)",PROVINCE,11,175251000,June 2026; May 2026,AUDIO; CCTV; IT_HARDWARE; LAPTOP; OFFICE_FURNITURE; PRINTER,,,,,,,,
UPTD. Puskesmas Abiansemal II,UPTD. Puskesmas Abiansemal II — Kab. Badung,Kab. Badung,UPTD. Puskesmas Abiansemal II,"Bali, Badung (Kab.)",HEALTH_UNIT,2,101133400,June 2026,IT_HARDWARE,,,,,,,,
UPTD. Puskesmas Abiansemal III,UPTD. Puskesmas Abiansemal III — Kab. Badung,Kab. Badung,UPTD. Puskesmas Abiansemal III,"Bali, Badung (Kab.)",HEALTH_UNIT,3,174693800,May 2026,DESKTOP; IT_HARDWARE,,,,,,,,
UPTD. Puskesmas Batunadua,UPTD. Puskesmas Batunadua — Kota Padangsidimpuan,Kota Padangsidimpuan,UPTD. Puskesmas Batunadua,"Sumatera Utara, Padang Sidempuan (Kota)",HEALTH_UNIT,2,48700000,May 2026,DESKTOP; IT_HARDWARE,,,,,,,,
UPTD. Puskesmas Kuta Selatan,UPTD. Puskesmas Kuta Selatan — Kab. Badung,Kab. Badung,UPTD. Puskesmas Kuta Selatan,"Bali, Badung (Kab.)",HEALTH_UNIT,2,319460400,June 2026; May 2026,DESKTOP; IT_HARDWARE,,,,,,,,
UPTD. Puskesmas Mengwi II,UPTD. Puskesmas Mengwi II — Kab. Badung,Kab. Badung,UPTD. Puskesmas Mengwi II,"Bali, Badung (Kab.)",HEALTH_UNIT,5,318066800,May 2026,DESKTOP; IT_HARDWARE; LAPTOP; OFFICE_FURNITURE; UPS,,,,,,,,
UPTD. Puskesmas Mengwi III,UPTD. Puskesmas Mengwi III — Kab. Badung,Kab. Badung,UPTD. Puskesmas Mengwi III,"Bali, Badung (Kab.)",HEALTH_UNIT,3,252979100,June 2026,DESKTOP; IT_HARDWARE,,,,,,,,
UPTD. Puskesmas Petang I,UPTD. Puskesmas Petang I — Kab. Badung,Kab. Badung,UPTD. Puskesmas Petang I,"Bali, Badung (Kab.)",HEALTH_UNIT,3,479392000,May 2026,DESKTOP; IT_HARDWARE,,,,,,,,
UPTD. Puskesmas Pijorkoling,UPTD. Puskesmas Pijorkoling — Kota Padangsidimpuan,Kota Padangsidimpuan,UPTD. Puskesmas Pijorkoling,"Sumatera Utara, Padang Sidempuan (Kota)",HEALTH_UNIT,1,73542000,June 2026,DESKTOP,,,,,,,,
UPTD. Taman Budaya,UPTD. Taman Budaya — Provinsi Nusa Tenggara Timur,Provinsi Nusa Tenggara Timur,UPTD. Taman Budaya,"Nusa Tenggara Timur, Kupang (Kota)",PROVINCE,1,800000,May 2026,OFFICE_FURNITURE,,,,,,,,
Unit Pelaksana Teknis Dinas Laboratorium Kesehatan Daerah,Unit Pelaksana Teknis Dinas Laboratorium Kesehatan Daerah — Kota Depok,Kota Depok,Unit Pelaksana Teknis Dinas Laboratorium Kesehatan Daerah,"Jawa Barat, Depok (Kota)",HEALTH_UNIT,6,31964000,June 2026; May 2026,DESKTOP; IT_HARDWARE; OFFICE_FURNITURE,,,,,,,,
Unit Pelaksana Teknis Dinas Pasar Sukatani,Unit Pelaksana Teknis Dinas Pasar Sukatani — Kota Depok,Kota Depok,Unit Pelaksana Teknis Dinas Pasar Sukatani,"Jawa Barat, Depok (Kota)",LOCAL_AGENCY,2,6410000,May 2026,DESKTOP; IT_HARDWARE,,,,,,,,
Unit Pelaksana Teknis Dinas Pusat Kesehatan Hewan,Unit Pelaksana Teknis Dinas Pusat Kesehatan Hewan — Kota Depok,Kota Depok,Unit Pelaksana Teknis Dinas Pusat Kesehatan Hewan,"Jawa Barat, Depok (Kota)",LOCAL_AGENCY,2,5680000,May 2026,DESKTOP; IT_HARDWARE,,,,,,,,
Unit Pelaksana Teknis Dinas Rumah Susun Sederhana Sewa,Unit Pelaksana Teknis Dinas Rumah Susun Sederhana Sewa — Kota Depok,Kota Depok,Unit Pelaksana Teknis Dinas Rumah Susun Sederhana Sewa,"Jawa Barat, Depok (Kota)",LOCAL_AGENCY,1,4000000,June 2026,UPS,,,,,,,,
Unit Pelaksana Teknis Dinas Taman Hutan Raya,Unit Pelaksana Teknis Dinas Taman Hutan Raya — Kota Depok,Kota Depok,Unit Pelaksana Teknis Dinas Taman Hutan Raya,"Jawa Barat, Depok (Kota)",LOCAL_AGENCY,1,50000000,May 2026,CCTV,,,,,,,,
Universitas Andalas,Universitas Andalas,Universitas Andalas,Universitas Andalas,"Sumatera Barat, Padang (Kota)",EDUCATION,4,701400000,May 2026,CCTV; IT_HARDWARE; PRINTER,,,,,,,,
Universitas Diponegoro,Universitas Diponegoro,Universitas Diponegoro,Universitas Diponegoro,"Jawa Tengah, Semarang (Kota)",EDUCATION,4,3506880000,May 2026,DESKTOP; IT_HARDWARE; LAPTOP; OFFICE_FURNITURE,,,,,,,,
Universitas Indonesia,Universitas Indonesia,Universitas Indonesia,Universitas Indonesia,"Jawa Barat, Depok (Kota)",EDUCATION,4,2492106040,June 2026; May 2026,IT_HARDWARE; NETWORKING; STORAGE,,,,,,,,
Universitas Islam Internasional Indonesia,Universitas Islam Internasional Indonesia — Kementerian Agama,Kementerian Agama,Universitas Islam Internasional Indonesia,"Jawa Barat, Depok (Kota)",NATIONAL,3,785000000,May 2026,CCTV; LAPTOP; NETWORKING,,,,,,,,
Universitas Negeri Yogyakarta,Universitas Negeri Yogyakarta,Universitas Negeri Yogyakarta,Universitas Negeri Yogyakarta,"DI Yogyakarta, Sleman (Kab.)",EDUCATION,2,2687632000,May 2026,OFFICE_FURNITURE,,,,,,,,
Universitas Pendidikan Indonesia UPI,Universitas Pendidikan Indonesia UPI — Universitas Pendidikan Indonesia,Universitas Pendidikan Indonesia,Universitas Pendidikan Indonesia UPI,"Jawa Barat, Bandung (Kota)",EDUCATION,1,2894405877,May 2026,SERVER,,,,,,,,
Universitas Sriwijaya,Universitas Sriwijaya,Universitas Sriwijaya,Universitas Sriwijaya,"Sumatera Selatan, Ogan Ilir (Kab.)",EDUCATION,1,20000000,June 2026,SERVER,,,,,,,,
Universitas Sumatera Utara,Universitas Sumatera Utara,Universitas Sumatera Utara,Universitas Sumatera Utara,"Sumatera Utara, Medan (Kota)",EDUCATION,1,3500000000,May 2026,NETWORKING,,,,,,,,
